# 日 12月 15 17:38:40 2024

# input dimensionality
5

# covariance function
CovSum(CovSEard, CovNoise)

# log-hyperparameter
0 0 0 0 0 0 -2.249110744 

# data (target value in first column) u v r tl tr
-0.46743502595315567 1.2607547223645856 0.0504939706512906 -0.543785984490856 0.421 0.0
-0.4124195079602244 1.2720800033502315 0.0630069153439516 -0.4485770295045804 0.381 0.0
-0.6581109135356056 1.23382941339019 0.0615324142166648 -0.4010340844361467 0.418 0.1259977295244385
-0.18202774247690012 1.1710060299481229 -0.0120346779828962 -0.0454262041101091 0.1807629979656416 0.2302683549184657
-0.4489586669621437 0.9652922500261424 -0.007354469867955 -0.0270029339076963 0.1939999999999999 0.237
-0.5397653091915411 0.6451990141144339 0.0210318557865918 -0.169625652113529 0.2019999999999999 0.185
-0.6947113919548875 1.2119660654976196 -0.0322789048645356 -0.3052455843671985 0.396 0.1019999999999999
-0.061294037162920034 1.2047598808069822 -0.0457890593851798 0.6211300138885798 -0.119 0.4499999999999999
-0.18969216271643607 0.7411848172208995 0.0612553152208883 -0.3845245036033927 0.24 -0.0469999999999999
-0.37533827315984536 0.8568800979132781 0.1350939610073147 -0.8914080125463646 0.362 -0.089
0.03434992682870619 0.9940213899497318 0.0337376748111975 0.0390152433649621 0.054 0.262
-0.30462347628882336 1.25766244387288 0.0767265991038014 -0.6758476963020768 0.427 -0.0569999999999999
-0.40627424673287615 0.9493999084124792 -0.0226012350151502 -0.2006351463086322 0.2600607890896487 0.1016373216891669
-0.15718928950925193 0.6768557574435518 0.0478198423134751 -0.2937496720318335 0.1879999999999999 0.0
-0.16391359096314062 0.8906866809358068 -0.0464170286241999 0.3175560889428216 0.0 0.288
-0.3337029261911273 0.9615722414202555 0.0494308014216475 -0.3448970516252865 0.283 0.0
0.2039472604521314 0.4173649599074974 0.1354296965109632 0.1131859588815962 -0.13 0.1929999999999999
-0.38467821292016424 0.9351627705146306 -0.02660701124442 -0.1860035142900884 0.243263840677444 0.1130352509688772
-0.13111359838810177 0.7937109563398941 0.0421700097198739 -0.4380518722844065 0.255 -0.0620178578562582
-0.38799828840165973 0.9938511645198588 -0.0106256184356716 -0.2378618777171159 0.264 0.0899999999999999
-0.16541854768417408 0.6800473978751344 0.0493236069662072 -0.3022208281761229 0.1899999999999999 0.0
-0.03877048731042221 1.2817974468726991 0.0101465527578439 0.3529232623037396 -0.0754239872133767 0.4499999999999999
-0.3000905275410404 0.6344815044536832 0.0406067374020118 -0.2982229156592847 0.2059972327914216 0.0
-0.7722979629694249 0.9741618430921676 0.0181916203546209 0.0974079685504642 0.293 0.2827306749566569
-0.23682141551034874 1.00234765643364 0.0311824343283858 -0.2717504536306247 0.279 0.0
-0.6394856861649245 1.41634967595076 -0.0128101231209563 0.1932589843661062 0.2769984940635757 0.4380015059364243
-0.18618307709475368 0.4737786160433087 0.07474653368786 -1.0090191661982908 0.284 -0.0969999999999999
-0.241960166452021 0.621928034385392 0.1271278762986288 -0.6650149836500628 0.2549050877386602 -0.0528101754773203
-0.9071449137752086 0.9557431466918156 -0.011480964868746 -0.1710472686929674 0.3209999999999999 0.248
-0.13937201670043198 0.905519453540548 -0.0535722580942113 0.501175599444263 -0.0666598956781565 0.3453319791356313
-0.11296779866377782 0.7157438857652691 0.0915658324431424 -0.6555559692779023 0.265 -0.075
-0.014174668508286636 0.7673702178765546 -0.0914903987697509 0.6650842843642621 -0.091 0.302
0.04240418443864219 0.2072828278527001 0.0086733096754434 -0.0222296367510104 0.0 0.0
-0.40776384327075643 1.266599642389249 0.0264861615198464 -0.49535762028147 0.404 0.0
-0.3097320750837407 0.595252068240118 -0.0871038415318498 0.3027964113578121 0.0939999999999999 0.2169999999999999
-0.5027976612288287 0.3351276692167981 0.0061095608833705 -0.2108296280356811 0.173 0.0889999999999999
-0.20471444849473275 0.8736490185627375 0.0771840139948546 -0.5030392834183633 0.27 -0.0469999999999999
-0.21520363591299496 0.6691425874227934 0.0064940082321677 0.0722238437629195 0.0729999999999999 0.175
0.15244864096717547 0.6909873245843837 -0.1137435504791269 0.4827661777644359 -0.081 0.2139999999999999
-0.3885521605176001 0.5568959724576208 -0.0267329389632661 -0.0626391610369905 0.2910221125697873 -0.0406107655459034
0.025194428168869853 0.1996478395755377 0.0054971586603246 -0.0180987110289187 0.0 0.0
-0.5418898423347485 1.4153841346970444 -0.0236271104246146 0.2418961467286257 0.266191052561762 0.4488089474382379
-0.30242705392803493 0.8155631899428663 0.0475209983527536 -0.4171614381595591 0.2630938352104327 0.0
-0.04415476150075204 1.0153628979129874 -0.0365124324781804 0.4437392435087681 -0.0548268698895267 0.3422614959116213
-0.03621669692457585 0.8283081488077557 -0.03932033760456 0.3731119461600192 -0.0979999999999999 0.301
-0.2228358199863667 1.2768419007386749 0.0156126076669985 -0.2472582851385721 0.2952917681340015 0.1779194757763755
-0.5035978914995942 1.1910950052503362 0.0344491390338539 -0.2636369323718598 0.345 0.134
-0.42727336636961044 0.6043637520305544 0.0148663651512319 -0.2311842532306576 0.1929999999999999 0.1119999999999999
-0.14865715117335476 0.7859268250175682 0.0741110138842273 -0.3080457647136527 0.2189999999999999 0.0
-0.20650071825827565 1.0221014471271517 0.0273955472674422 -0.4889681688192618 0.3631873573710634 -0.0800936786855317
-0.5537200241211204 1.150159085598841 0.0308115771424275 -0.2667184868947525 0.346 0.136
-0.9094034866992173 0.9316681995645418 0.0381215960884813 -0.2554648910235964 0.3379999999999999 0.185
-0.3375643211915247 0.7258382813895922 0.0799444355743403 -0.4893984539985405 0.264 0.0
-0.2050160935567069 1.0403467859963529 -0.0391893857611133 0.8607102629536348 -0.1119999999999999 0.4499999999999999
-0.31255938390340576 1.331029284629702 0.0243389379274382 0.234352386816107 0.1739492567607904 0.4157834159154677
-0.40397388646874033 1.0080908808852065 -0.0079319279204219 -0.0550053456103451 0.2189999999999999 0.2009999999999999
-0.5992444691613263 1.3381370439797102 -0.0034540898079119 -0.1945586428957225 0.3739160347482495 0.2181679305035009
-0.1923447565805525 0.6658204874091345 0.0318864504583405 -0.2918243699820982 0.2059999999999999 0.0
-0.15833836223515863 0.36563743480439 -0.1020365766178802 0.6036211203481855 0.1479443360137403 0.0
-0.19414943074107516 0.7124113890988572 0.0660903970678598 -0.2968516205253824 0.2089999999999999 0.0
0.5660620501793068 0.6380242524976296 0.030643543891906 0.2280338645835289 -0.1589999999999999 0.121
-0.18814595685784252 0.7373339685303341 -0.0267768071917409 0.357009544211499 0.0 0.2450430290554983
-0.47507131658311996 1.2543254517314593 0.0293161854714448 -0.4728220709231218 0.397 0.0
0.012175344157892842 0.184123414041764 0.0065120085637381 -0.0109432511606348 0.0 0.0
-0.3238013449989996 1.0200279165665564 0.0352702563773627 -0.2093917131541816 0.272 0.0879999999999999
-0.35577184416093255 1.1002536973946766 -0.0599087838928401 0.0936849535714028 0.365 -0.0519999999999999
0.1057509794664091 0.7158839359036888 0.0102946490922029 -0.0814646643899124 -0.0449999999999999 0.153
-0.12482165479728136 0.9666288436064694 -0.0229302865481858 0.3090763251314146 0.0 0.279
0.10486017868169106 0.3696997950047009 0.0979964062475192 0.3800993957240189 -0.151 0.2119999999999999
-0.29434849946082586 1.2478913311017623 0.0779363781438389 -0.6674165924010381 0.427 -0.063
-0.14130268424522585 0.7046531100316469 0.0967410720571952 -0.6791158801312276 0.266 -0.076
-0.33233365841008 1.242092707570137 0.0064922273677553 0.4967910062302386 0.0 0.4499999999999999
-0.5818646539462868 0.8721940289733755 0.1293223503125874 -0.900213411026094 0.362 0.0
-0.20839098095807307 1.0750287574330035 -0.020838475108599 0.3793572039598475 -0.0190551022623949 0.3361986656456609
0.09152734194268097 0.8189341002482289 -0.044786911125506 0.2043506359375495 -0.072 0.2079999999999999
0.06042915944371563 0.7378696342658823 -0.0466094053589531 0.0838661815944238 0.129 -0.0539999999999999
-0.6071595194571211 1.31207496195657 0.0106440371817131 0.0908215519635271 0.3075209865735138 0.2750065573207679
0.17958664135623303 0.8021546222539608 -0.0520868307717461 0.2497837056586513 -0.073 0.2099999999999999
-0.4554480862961474 0.5065061835336159 -0.0683034402694709 -0.3543213700073825 0.261 -0.065
0.17210478915375083 1.0475074567097673 -0.0121532920078671 0.5955164637573714 -0.0035601343779654 0.3333621777050837
0.6887462277423245 0.4485489914564492 -0.1629781594120785 0.8142814636569503 -0.209 0.2289999999999999
-0.010548872129061415 1.153091024512395 -0.0764119829236102 0.443623263136933 -0.0552189452874845 0.3953466027446961
-0.6827813867689048 1.0325153311949034 0.0653187626067933 -0.1135915338677052 0.2956827451352218 0.2765037247279531
-0.030839740942338878 0.5999793102459979 -0.0949590371508302 0.6755701984573687 -0.085 0.272
-0.1653487312983426 1.2819175139401515 0.0015454932951056 -0.1255367136829078 0.3234644003886028 0.1428505427622723
-0.08278063905930222 0.6083780405857113 0.0598564468498001 -0.6785256928416171 0.247 -0.1019999999999999
-0.4287214674993045 1.2578820682142613 0.0614525249570602 -0.395500848902718 0.4202866685307733 0.0488533258769068
-0.1077959898819536 1.088659165002239 0.1093730287550212 -0.6661581411010028 0.356 -0.119
-0.22426549068605306 1.1903099794125145 -0.0534328756354387 0.67185301198801 -0.1160697228728743 0.4499999999999999
-0.6189278628275185 1.1268586365747353 0.0125826600866283 -0.4088596824781041 0.384 0.166
-0.7172512706520773 1.0609999250746078 -0.0100253284441679 -0.4196009594210702 0.373 0.152
-0.7583840897342364 1.0017646621118264 0.0308813724490652 -0.2520751017555013 0.3433470637184974 0.2016529362815025
-0.6067321306484752 0.8847384105680042 0.1211517724439284 -0.8396915056347573 0.362 0.1049999999999999
-0.21881862625756643 0.8781664838486867 -0.0443396026618598 0.3781493136255664 0.0 0.302
-0.14513692501813447 0.7507120400936415 -0.0519863423990042 0.9716939669547178 -0.1473880983567516 0.376
-0.22332945437446128 0.8385448663223648 -0.0255763350787479 -0.073487854728765 0.2129999999999999 0.0
-1.0528844847557262 0.7354829465093657 -0.1016139971538378 0.4401191079325908 0.31 0.303
-0.553781943960634 0.8761241700825619 0.0013024602746314 0.0740645229129558 0.18600928344079 0.249
-0.041851874150868884 0.9870423257643524 -0.0945455938129581 0.5140737368638064 -0.0732950814584949 0.363
-0.10352794198853932 1.0211232527714351 0.015048101679865 -0.217961873383108 0.279 -0.084
-0.37676641177767367 0.9981776749600249 -0.009007730093986 -0.2423525522150478 0.266 0.0899999999999999
-0.09328125190811276 1.0624938365193648 -0.0308967551891031 0.724390623442496 -0.1029999999999999 0.419
0.6709253326102615 1.001108316870703 0.1515247560663299 -0.5828936545241908 0.0889999999999999 0.0
-0.30189333289118325 0.7180287233202864 0.0786930667767492 -0.5153302962683162 0.248 0.0
-0.7407149622531151 1.2004369281002718 0.032468279138799 0.0307364388116835 0.294 0.3216219643688173
-0.37329800511326283 1.3524507916399466 -0.0560213322316545 -0.0015670248236068 0.2066610145271322 0.3540779972391875
-0.15462314687137657 0.7484645566718522 -0.0346722932761018 0.332437819435997 0.0 0.2249999999999999
0.22634510729358404 0.5995014000360414 0.1204032012237378 -0.5930821256590989 0.0809999999999999 0.057
-0.4136990900187837 0.4694042021045633 0.0790804811033539 -0.4561392304461973 0.2158392615176151 0.0
-0.1637826614808291 1.1502285523492128 -0.0540086892454857 0.3546036409184439 0.0 0.358
-0.36600012701641815 0.8240229694188127 0.0630840718426663 -0.3792998253211272 0.3037284326370826 -0.0054024933422659
-0.3854913020314177 0.9798184811249084 -0.0173059996474871 -0.2334049914286326 0.2625205197928131 0.0926371411395275
-0.17079544870963415 0.869098212117925 0.0758353545511783 -0.498344642807279 0.2709857142857143 -0.0469999999999999
-0.18944988318992495 1.2660828791694794 0.0004651390955404 0.3312574341014751 0.0959999999999999 0.395
-0.44818614955500213 0.6289097347141468 0.0582787044843153 -0.3338091998761158 0.236 0.0849999999999999
-0.11059345689215294 0.8049025278951676 0.035276211947202 -0.4057836173338893 0.251031023128496 -0.06
-0.7425945008340418 0.9132586160417124 0.0683254427054073 -0.3477636612909398 0.2968410965304347 0.227945173478266
-0.17547892156928757 0.7205513896083404 0.0896155943312738 -0.6413171536408074 0.2640100973818646 -0.0740100973818646
-0.08500160889135522 1.076079958896371 -0.0068186411493865 0.0234661872230761 0.2510165677692262 0.0908840256154162
-0.17470542721950255 0.3724808930239131 -0.058765806247478 -0.0939397130685407 0.1801683795812317 -0.0539999999999999
-0.09500986212793938 0.7525941093848287 -0.0029291036734367 0.1198831804803564 0.0 0.1919999999999999
-0.40235835381875473 0.5790221944845512 -0.0075933188330957 -0.5684264796536144 0.266 -0.0517769140853302
-0.4750394395448221 0.8392979091515319 0.0696605274941602 -0.335239627592313 0.278 0.135
-0.12655234195009246 0.6668796108068833 0.0287695256545454 -0.3140414746347735 0.2289999999999999 -0.083
-0.6266028951360014 1.3306088913345258 -0.005825982480137 -0.1852118504392634 0.3669221714319859 0.2351556571360281
-0.10863624367495328 0.8666819888365023 0.1008396811921877 -0.6311518164822237 0.35 -0.175
-0.24777274133009564 0.7929172684041875 0.0358513438425582 -0.000842152166297 0.1159895203220781 0.1830104796779219
0.17005919049482177 0.4227135278698277 0.0259368367418573 -0.0354586501820308 0.0 0.0
-0.5340616177253599 0.8224841890480572 0.0146144126145555 -0.0197630774324453 0.2209999999999999 0.2049999999999999
-0.8402932011692665 0.9319643176571544 -0.0001133552737077 -0.5154502335509856 0.378 0.146
0.7010777911569932 0.5133915301721486 -0.1643678848723671 0.7671852643997875 -0.206 0.2269999999999999
-0.389008091216283 1.0370097469525892 0.0385928699920614 -0.0688733060524762 0.25 0.1536639926954934
-0.23170914907605367 1.1733861500854543 -0.0069589518177644 0.4473324267104304 0.0 0.4074336912612644
-0.8174187288559515 0.4631978383009125 -0.1125385754130314 0.1065738080791046 0.238 0.1569520916641033
-0.16374052097804181 0.7460024327609153 -0.0390007208405523 0.3378516883884189 0.0 0.2329999999999999
-0.20661386767438783 1.2261121156653798 -0.0154451585632164 -0.2645671049292442 0.252 0.2199999999999999
-0.12229620709552136 0.5712377129204448 0.0274110865598871 -0.2868197290195415 0.138017986444998 0.0
-0.16551543299802796 0.8301332404834189 -0.0048094763646004 -0.2350581919274416 0.2249999999999999 -0.0479999999999999
-0.6512033550349239 1.3654314304558834 0.0076324016582152 -0.1225136255981031 0.3364126515127679 0.309215962125741
-0.042403589525901175 0.586952458578553 0.0048404557249467 -0.2768082973211566 0.161 -0.0489926412872841
0.14995356043345454 0.520437371074762 -0.0405405183165523 0.7647368234901697 0.1052891299344135 0.142944127835246
0.030529634946495632 0.9915089533614498 -0.0993024614764954 0.8026405283217426 -0.1214984081516358 0.4063180371046942
-0.20351962877056984 0.6894118387689568 0.050641257776877 -0.2946139997857503 0.2039999999999999 0.0
-0.10201856030388257 1.0929515931908722 -0.0296369428195854 0.7156396421418929 -0.1029999999999999 0.4243292139170734
-0.4042228737142084 1.2381678406514416 0.0215664340372351 0.5312365432105002 0.0 0.4499999999999999
-0.35346654038732384 1.0332892258867026 0.0368047346086458 -0.2232615904807771 0.259 0.2239999999999999
-0.7193696399226768 0.6134598676925551 0.0830591895308344 -0.2495286985504262 0.2239999999999999 0.2159999999999999
-0.28186138412884865 0.997885677282314 -0.0153040718060758 0.1019092611372787 0.1189544562230074 0.266
0.136366769639914 0.7903855563402876 -0.0582192789988572 0.2781489301750071 0.0830719311362895 0.0
-0.14377337507769594 0.7846107449787043 0.0478855711377632 -0.466868204814272 0.256 -0.064
-0.6851724155974281 1.254747723359847 0.0382849980661863 -0.503084623429964 0.3915060881374424 0.1535909372465263
-0.8023681985257236 0.9782598470310614 0.0930062320744855 -0.4655554863797686 0.356 0.2309999999999999
0.01576615981578877 0.5457629345165288 -0.0856153298736195 0.623949187855956 -0.074 0.235
-0.5485081598830299 1.039520423788318 0.0005528234635954 -0.0451479633222829 0.2367114892839746 0.2223461397954213
-0.18055561997667557 0.7812731649759211 -0.0024747066643224 0.1735121101018976 0.055 0.2059999999999999
0.05241665189074207 0.721626062467832 -0.0404811156083944 0.0265634144755012 0.1339428350073324 -0.0529999999999999
-0.32894304841540434 1.2501566710897474 0.016917371419092 0.5221611249726026 0.0 0.4499999999999999
0.29039376142219686 0.3337468282240701 -0.0408250210700223 0.4988710609783237 -0.138 0.125
-0.07569328336763492 0.8463664692097764 -0.0494101412271123 0.7075904651234728 -0.1079999999999999 0.369
-0.39461701728830567 1.2730011439842213 0.0668011040748281 -0.4649076145370641 0.381 0.0
-0.486364036771918 1.293845400987254 0.0465857302920069 -0.3708060473532335 0.417 0.0595681169115188
-0.22035156653718135 0.9508721588825478 -0.0389480908003356 0.2278796156494769 0.061 0.281
-0.16844729616020127 0.7736557305085237 0.0776049732396368 -0.2855066936641037 0.2109999999999999 0.0
-0.17464559881255504 0.943665815916143 -0.0402946341231506 0.2568343462962459 0.0499405149842717 0.282
-0.30483118347764626 0.8710008795008982 0.0060721398467591 -0.016966518836001 0.1569867245188384 0.1800132754811616
-0.3188535012664573 0.7216637968629465 0.0817896034739752 -0.5099009351822886 0.2529810751586556 0.0
-1.0388357866015296 0.810765245736752 -0.038574831801662 -0.0732200781595275 0.3159999999999999 0.236
-0.31781008578129155 1.227342942079903 0.0633544235183534 -0.6239321700922078 0.406 -0.067
-0.03665647903092539 0.7631825186138602 -0.0399935057922283 0.9465760353160118 -0.15 0.375
-0.6094014184276042 1.3099454391036145 0.0550882794464941 -0.2150380923495709 0.359 0.1929999999999999
0.1785641524026066 0.4410510300584672 -0.0882696156668302 0.7735617867359924 -0.148 0.242
-0.25818410140248327 1.2046853366256325 0.0318305714654841 -0.2805151341233688 0.3291476146601195 0.0494389451951324
-0.08466909902074993 0.9710016370668612 0.0372470437728509 0.0995181878217665 0.0 0.269
-0.672438629031662 1.2330680121027615 -0.0177726063864125 0.141756244857144 0.2697126702797715 0.364
-0.6102213814558999 0.7614953581914063 0.0464585100201639 -0.3067980963375904 0.28 0.161
-0.19050242818730134 0.6898257265750026 0.0499807263457821 -0.3141160806828046 0.2071034609269903 0.0
-0.9086511715065915 0.9166277613411564 -0.0178241354286433 -0.1407078872533061 0.3199999999999999 0.242
-0.18332391199651576 1.039870372147674 -0.0372660158002797 0.8844765346897774 -0.1122711559775933 0.4499999999999999
-0.38252387484549843 0.67194237592017 0.0021741363103455 0.0964337988161164 0.1071352211016291 0.178
-0.5570126957632349 0.8341077643795768 0.0316524616088975 -0.236953641138731 0.2590654049840049 0.1748691900319901
-0.257945471063985 1.1152971658812465 -0.0794179817279091 0.586385991446852 0.257 0.156
-0.3469366773175331 0.788767438315662 -0.0095000634816317 0.2573204647881622 0.0879999999999999 0.259
-0.31575999978741165 0.7353247403689586 0.0129997357469169 -0.1740068430627996 0.1899765654479375 0.1170117172760312
-0.5395445349686367 1.0686182900099632 0.0326284443862471 -0.1346710326926823 0.2822951807228916 0.2024096385542168
-0.5552495674202851 0.9033941768893368 -0.0951860891899016 0.9465223902191832 0.0 0.423
-0.23499326023667444 0.8230057916487297 0.0599084835778704 -0.3090860494938714 0.2269999999999999 0.0
-0.41866392029128896 0.8611090117845459 -0.0228038195103167 -0.21003097865865 0.228895754629777 0.120930503086518
-0.40731511597330017 0.7183512586554057 -0.0074137089583981 0.0767188723996838 0.145070178323467 0.1870701783234671
-0.3867216839611842 1.0931055867448745 0.0315986653698656 -0.0674327029718676 0.2326867109291685 0.237
0.02531318773908331 0.6222247467597991 -0.0111698907735899 -0.2422903778510122 0.16 -0.0489999999999999
-0.10527661642970365 1.0872995087171624 -0.0912065044391484 0.5138008886399376 0.0 0.359
-0.529068318117718 1.004224241450815 0.049615688398797 0.0521904810098824 0.2149999999999999 0.27
-0.19347624116970774 0.8045096126508594 0.0739281129808847 -0.2998853802312741 0.2249999999999999 0.0
-0.17085356943291607 0.569805416312248 0.0227669165699291 -0.3117026289688432 0.142 0.0
-0.41112663415951656 0.995328715584285 0.01163476006898 -0.2184043082275733 0.2794736268526591 0.1560527462946818
-0.2313507108207058 1.0382182001142823 -0.0379329952524897 0.8256179133037046 -0.1103651356717405 0.4499999999999999
-0.660956902892258 0.442308557913891 -0.0518008806278784 0.0700780210644931 0.269 0.0
-0.47138721779753867 1.1608595383802165 0.0918242448611093 -0.6949210864601083 0.4064170695947843 -0.05191948716349
-0.12207647886096074 0.3900314074119248 -0.0388596099944722 -0.3236701250332134 0.174 -0.0569999999999999
-0.3630248481011322 1.3447546652023243 0.0269279157280507 -0.5042831170227988 0.415 0.0
-0.21951789514293107 0.4315618260924495 0.069450742693426 -0.5120975997468351 0.1820207130447447 0.0
-0.6334745066609004 1.2349325007625398 0.0599768902753987 -0.2083299413986942 0.351 0.242
-0.34672837800345246 0.8388262403185737 -0.0217707924789356 0.1958205578450373 0.2982643362999143 -0.0075860177994856
-0.3705888493775844 1.238571081482965 0.0934467581997288 -0.7455279149427391 0.4499999999999999 -0.0963475510572925
-0.09510467626413055 1.0323491168837249 -0.0302666209770124 0.7972189489429353 -0.1193243368328745 0.421
0.208305701602311 0.4639657246186983 -0.0917651539130445 0.7354995011723421 -0.146 0.2410080434463525
-0.4712657408763721 1.3235846740574204 0.0333365473734835 -0.5085812721925251 0.419 0.047
-0.20414168354083828 0.6532537282133738 0.0751441027813419 -0.6211053694115758 0.251 -0.063
-0.2894688490252917 0.8211994299133656 0.0531478769819127 -0.3869223073860536 0.256 0.0
0.5572158505372216 0.3517461010352509 -0.1014914992820887 0.6619378948361733 -0.2028403215769379 0.18
0.06188118170991519 0.8517321578915935 -0.0418536871925444 0.1704893112318029 -0.0550024924829878 0.2159999999999999
-0.24423845786431198 1.1585604863763406 0.1365040027471515 -0.700813420832652 0.397 -0.087
-0.2790702463823602 1.1959478960467504 0.121540214929894 -0.676930624458149 0.396 -0.088
-0.09826079285139677 0.9861341121979486 -0.0164480028828486 0.2825788262964515 0.0 0.278
0.638045373406626 0.6829858585532911 -0.142672239873905 0.5601465732436185 -0.198 0.2239999999999999
0.4388380128851266 0.6740280569861423 0.0422822512603171 0.1629003288012777 -0.151 0.119
-0.02977905219295418 0.6495428411969613 -0.0477764206998281 0.3667619611567214 -0.077 0.235
0.04556690639075267 0.9214343426203616 -0.0120661918068704 -0.0775011092501838 0.070976766313367 0.1969999999999999
-0.41986397220297844 1.2734071945671457 0.0698274563933542 -0.4622652980022387 0.381 0.0
0.046429468941225904 0.836745703320602 -0.0498639685501298 0.2089749683210187 -0.066 0.2159999999999999
-0.7220467063796754 1.0824336705398157 -0.012388022634104 -0.4061877426631615 0.373 0.153
-0.19388291529425672 1.2165474883028176 -0.0067114160992469 0.0434151202596722 0.136 0.346
0.06331389657454833 0.5295736053968101 0.1404294782399075 -0.4839243205041468 0.0 0.1100127600666091
-0.2067421731020147 0.8696901848452236 -0.0197473284862979 0.1481456203266967 0.0729999999999999 0.2299999999999999
-0.7231097523164975 1.2155688463920962 -0.019292269666375 0.13095771451952 0.2693437353079455 0.363
-0.4828210768893526 1.1644090602383728 0.0044855914672592 0.2449785065111021 0.1677883387595412 0.3771551389576908
-0.4945476516067182 1.3502816138896905 -0.0233151065311385 0.1068336127820048 0.256 0.37
-0.15781679825975892 0.3896774635001311 -0.0061033993029292 -0.4129391498097669 0.1784947250049359 -0.0523263000065812
0.21913405053902768 0.3855379205573673 0.0749027260354309 0.3033236516042525 -0.1331307631160572 0.1730747217806041
-0.18788804505475043 0.6920359758634818 0.0520402462148416 -0.3000010047253234 0.2049999999999999 0.0
-0.6608753569885273 0.8438946460464237 0.0498510968027542 0.0114960482963545 0.2239999999999999 0.252
-0.10943252697764694 0.3945565932846984 -0.1072254957188694 0.4347565915808353 0.1300328494433298 0.0
-0.390524775004224 1.0387340435223609 0.0376225616722624 -0.0856536672618857 0.252 0.1473128755106945
-0.20979427384120175 1.0772132846645524 -0.0836711708937929 0.3344984640878113 0.0 0.345
-0.5028905826231789 1.0917693929807335 0.0282603726315398 -0.1040881241017086 0.2742728929780401 0.2229999999999999
-0.12005263508369612 0.6855895558836947 -0.0539332839454439 0.3229241473302319 0.0 0.2159999999999999
0.09874398502769582 0.1783246080485628 0.0117171143439708 0.945684049401839 -0.1629999999999999 0.2089999999999999
-0.046690008842734665 0.7187051455268941 -0.0429127675692855 0.5001042864052889 -0.072 0.266
-0.2003157794717325 0.8576295236102941 -0.0278620781272304 0.1602483873716691 0.1560921779414385 0.135692740195205
-0.24674650516955499 0.7193854920033309 0.0749420632596353 -0.5067496044548024 0.243 -0.0469999999999999
-0.25562904972806333 0.8204283572570459 0.0629996178609811 -0.3120925470789044 0.2279999999999999 0.0
-0.3858510738804055 0.9715393247997348 0.0974313468035436 -0.332227866433552 0.1928557331237446 0.1752371554158298
-0.8037607009430453 0.3723181353573344 -0.0366059234703168 0.4496899664363549 0.185 0.2039999999999999
0.04255777149767992 0.9979117025019352 -0.1092340884791451 0.527964956948036 -0.116722728355365 0.366
-0.2939409244643021 1.0852642370952663 0.1482301202259206 -0.7255176989310289 0.394 -0.081
-0.4934002107162039 0.8289670522799115 0.0806461634820383 -0.3974513821500975 0.278 0.134
-0.35729067510140156 0.7638993749556672 -0.0095888671817489 0.0380474678929018 0.163 0.1889999999999999
-0.4038264514800516 0.4157372579173999 0.0055639806793697 -0.4467744567057338 0.1980190370867727 0.0
-0.393794296924892 0.8948077060710486 -0.0170861609284322 -0.209888990141051 0.2260939316262223 0.1200313105420741
-0.30861911929443875 0.5741117589206055 0.0773145429909376 -0.1892679748590545 0.162 0.1190455620635278
-0.7068992357971604 0.6786122509449457 0.0659728759513601 -0.494758358989013 0.276 0.14
-0.33489116525072693 0.6734451368142167 -0.0042263438905052 0.3170811249654117 0.0629999999999999 0.255
0.09006564181499699 0.2497927536903647 0.0194360531399122 0.7796045415230632 -0.1589999999999999 0.2079999999999999
-0.5739009635594772 1.1429666451106122 0.0090739737206596 -0.3635660117768766 0.386 0.152
-0.24587205781832877 0.4681733233590476 0.0446081526851149 -0.9154892621083814 0.279 -0.0999999999999999
-0.4398862246946045 0.949891283020794 0.0008860755350613 -0.048467175597298 0.2049958221367906 0.2290041778632092
-0.32316556630332616 0.5867839373911126 0.067212998853984 -0.136148780325069 0.16 0.129074791368511
-0.5479230748257646 0.9798250981959116 0.0484865924102496 0.0395747548009883 0.2199999999999999 0.2640317361292789
-0.35500538702094464 0.6817559541392894 -0.0053815795215898 0.3153349401517772 0.0629999999999999 0.255
-0.2700136875708359 0.716936063118497 0.0579531316044745 -0.3635101676212235 0.2299999999999999 0.0
-0.5128758080939622 1.402909121674078 -0.0380776354057503 0.2504175575981843 0.2493566379239307 0.4499999999999999
-0.16012997767335613 0.3730292639970672 -0.0914180865834394 0.354529551217231 0.168353209227782 -0.0486245581051301
0.01759458336964337 0.5831866159993138 -0.0726394782566689 0.5827713791870145 -0.077 0.235
-0.30422234876954724 1.021793004361905 0.0466575063972205 -0.1225199057981156 0.1919999999999999 0.238
0.021523872379621833 0.839200571912679 -0.069684722972526 0.9640750913126108 -0.1428768405472926 0.408
-0.6755943048241653 1.3563512845422896 -0.0008139699673127 0.0546783233421363 0.297 0.361
-0.3268615612885717 0.9950869350237144 -0.0245476189523434 0.1357970053026467 0.1109999999999999 0.269
-0.3414107630789909 1.1268685647567924 -0.0065012500103184 0.0411343322159997 0.1624345595467338 0.2526982574862204
-0.14424705057100917 0.4117846871331816 -0.0782006717670305 -0.5796810347271142 0.252 -0.138
-0.17829515130973528 0.7076018670264597 0.0612529793340972 -0.289018784122364 0.2029999999999999 0.0
-0.29349386612355755 0.850752478956176 0.0819500836382081 -0.4244547383951705 0.271 0.0
0.15035991005763083 0.3986102830944468 0.0282304443096804 0.5024832616673113 -0.144 0.2239999999999999
0.10327437573655618 0.609782012660678 -0.1554748828353862 0.5378119984981511 -0.085 0.2209999999999999
-0.31279698207728135 1.1933510947328214 0.0356963808476977 -0.2922347784012688 0.3303483985206469 0.0340288856516973
-0.4618975856135399 1.2515990697535668 0.0428107837639999 -0.5109790691568669 0.421 0.0
-0.3227729432763715 0.7329892591863783 0.021757367635326 -0.4170699896726935 0.2522135430551853 0.0
-0.7919996991599554 1.2037187358255723 0.0037577688097903 -0.0657390121175525 0.3199999999999999 0.279
-0.377314699212683 0.743584019645937 0.0363454579901031 -0.4051887497288479 0.258 0.0
-0.19559487570419698 0.701825020070208 0.0594561909153019 -0.2965708058059001 0.2029999999999999 0.0
-0.36009074151122755 1.042801571888634 0.0353124823584886 -0.1553583926269932 0.262 0.124
-0.3271137970661453 1.2391144046654718 0.0524641986986199 -0.5867443603310696 0.407 -0.062
-0.07388932551369187 1.017444796990915 -0.0375265636174071 0.8471147398343483 -0.127 0.422
-0.22006822996461173 0.7453306881918849 0.0642862407170632 -0.3692100466015948 0.235 0.0
-0.9117699028028659 0.8429535749501398 0.0107202939582556 -0.5801379180188335 0.3730237498182875 0.1350237498182875
-0.40349161574875003 1.3612218991689802 -0.0289371371718492 0.2447320320465514 0.203017647418294 0.4499999999999999
-0.43966686107692 0.134317007485536 0.007715045582634 0.91781145276859 0.1208277041800643 0.179
-0.26747579554217693 0.8721180292882388 -0.0006028314534598 -0.0084213689872556 0.1479750592393269 0.190008313586891
-0.2459452344498858 0.6382016205172275 0.0487323915217507 -0.5439481428913149 0.241 -0.062
-0.5585520549819445 1.305412459206711 0.0414295332276165 -0.5110263574793805 0.416 0.0748579051873913
-0.5592469182680115 0.8406818813370046 0.0066206657444987 0.0596175001246415 0.182 0.24
-0.44471772614263383 1.2513177305393035 0.0453301768162471 -0.4956172445298082 0.4206451262557698 0.0
-0.09008588318142885 0.5704562359843722 0.0127734764099454 -0.3126962361841759 0.147 -0.0459999999999999
0.033095701851155734 0.697648118778832 -0.1039254201253833 0.7479956527525458 -0.1049999999999999 0.306
0.00933266215099593 0.8801311288269213 -0.0478440996385967 0.5742039384190717 -0.077 0.301
-0.7733044938268163 1.3794949610202116 0.0517977709836158 0.1291133229738933 0.3754028484231943 0.3713743641912512
-0.31795279526736664 1.188394601172782 0.0203326156055585 0.4752016575521915 0.0 0.4209553253033985
0.10090160726721309 0.4057076088203455 0.0298186341201236 -0.0328364494418315 0.0 0.0
-0.4408588813693681 0.9919394335155696 0.0120757093518946 -0.2314223933411376 0.2856199253102036 0.1496900373448982
-0.29990007511547456 0.5606887069314584 0.1126307481772557 -0.3318049005960586 0.1570762184967248 0.1010762184967247
-0.6226659340118679 0.6638319923725952 0.0206580269885843 -0.1493635077329362 0.1980066683620129 0.1999799949139611
-0.19468348350085485 0.773667471782103 -0.0074908867593571 0.0288274387234116 0.1155974307610313 0.1899194861522062
-0.73499891624909 1.3399631689787257 -0.0078575663877939 -0.1763190195216696 0.3404116446852185 0.3016178750980847
-0.5422092710274795 0.992228441348067 0.0497099567966189 0.0441180211583181 0.2179481041411846 0.268
-0.6102862291820199 1.3174940297425255 -0.0074956767198953 -0.181451360122904 0.35 0.2468949362501235
-0.08738056908241379 0.1111020394462558 0.0003669476008498 0.959404608103003 -0.151 0.2059999999999999
-0.7400891016515576 1.2274588508284443 0.0074713412420992 -0.0807312615106017 0.3306823192511393 0.285
-1.249761983391725 0.6924528232745654 0.1793776174908712 -1.1500190485300017 0.408 0.1634386585731007
-0.32372159318317717 1.1884740418623638 0.0389197524439668 -0.307506396767469 0.3315491823811743 0.0186188261082622
-0.5686160549352259 0.5712282751433669 -0.0454114008469613 -0.2503140198636996 0.265 0.0
-0.355535391608941 1.0013809977377923 -0.0083192073768148 -0.2463101509283704 0.266 0.0899999999999999
-0.1679094111132684 0.6820783935083876 0.109664855087896 -0.7013512116168519 0.269 -0.079
-0.27407155165124153 0.7342905922742003 0.0702298300598777 -0.3530078330566996 0.235 0.0
-0.6280884196072933 1.1831563788246844 -0.0156061139773255 -0.2922886865094777 0.392 0.122
-0.25532574191357793 0.7212694484963953 0.0604147807821393 -0.3677073503757828 0.2309999999999999 0.0
-0.1998623404331601 0.850667027417211 0.0784167543224775 -0.4883151061614553 0.271 -0.0459999999999999
-0.5611676759684503 0.9566666482692676 0.0259330048540062 -0.1406717615459788 0.2762759383777343 0.173
-0.641142515048978 1.1455972121528106 -0.0103903834434857 0.1501354395698217 0.255 0.345
-0.1699846625528978 0.8149373180093866 0.0614556260686432 -0.2255282234476407 0.155886977136802 0.1230807306165699
-0.17981321257989125 1.0337921665197745 0.0056566341691247 -0.1548931004776341 0.2720469377172598 0.0
-1.0597575742220955 0.7105823865265923 -0.0752663614819865 -0.0207960127278744 0.3080010608333029 0.2269999999999999
-0.4257698360647 0.9567668393639732 0.0162033487435555 -0.2242930429502205 0.269 0.124
-0.33963648430368143 0.7577253837853363 0.0046813280308579 0.2582844975989058 0.0769999999999999 0.256
0.07426250360996978 0.523341069059391 -0.0890496626293916 0.6326848222497653 -0.0920099927617822 0.2380014275373974
-0.9854322421289541 1.2094696773924465 0.028796713356796 0.2103842754988954 0.3064207278000742 0.42
-0.4581838922303949 1.2606388549285232 0.0256185968819885 -0.474650996946437 0.3924505452391736 0.0
-0.7147792168714018 1.0490713552179725 0.048327863447278 -0.0879435582334334 0.2952830616954076 0.2846972352441454
-0.5173514142257751 0.8978898313544258 0.0138740408304272 -0.0490397448808749 0.2279427608481954 0.2039999999999999
-0.1277786002705994 0.9660224406168504 0.0727551031329604 -0.4987232788963869 0.282 -0.0830062601028655
-0.03376553348089284 0.99488665264403 -0.0508460230497932 0.8985585465299074 -0.144 0.422
0.3058455622787659 0.6114695614921489 0.177777222341309 -0.7906750913478545 0.1159999999999999 0.0
-0.4963782432144337 0.7919074437259813 0.0917173404042424 -0.5481439220502896 0.279 0.0900543807843991
-0.2278845415336206 0.9586805383608084 -0.0395335479896913 0.2186466276235854 0.0719999999999999 0.279
-0.0036003898581349336 0.6073308642235785 -0.1180231391510245 0.7996233963589169 -0.1119999999999999 0.311
-0.1350988690036803 0.371736697835234 -0.0693237179339086 0.0547013193762118 0.1767558998936678 -0.0525027230278466
0.20885575962666325 0.4784739582798847 0.1080917391335035 -0.0895189640934345 -0.0899331613642877 0.153
0.094478708530088 0.500958060945879 0.1766212864477858 -0.4839224245226839 0.0 0.1140826316380374
-0.6360731907944639 1.081260290595393 0.0020126830202055 -0.0164553286097796 0.2529540798304486 0.269
-0.4567048290618203 1.26135414465643 0.0470743403101349 -0.4911691891789815 0.4021062852657776 0.0983899106914226
-0.06975671706715536 1.0550896976476678 -0.0253524847319689 0.3981134756804638 -0.050350623628183 0.3398096873417134
-0.4256868414136361 0.8626840851210431 0.0337693144561875 -0.2295893013151491 0.2510811399096413 0.1099999999999999
-0.49110130504740557 1.1411806866105012 0.0203559041772963 0.1965413184054178 0.186 0.3189497404019354
-0.30092451981895474 0.6704988768035366 0.0507990122054539 -0.3367768091232813 0.2219999999999999 0.0
-0.7300879649480041 0.8779631955255328 0.0206562905425752 -0.2706788260229321 0.3169999999999999 0.181
-0.8006046910772413 0.9724252582344636 0.0347973946094831 -0.2522831837428367 0.347 0.1889999999999999
0.22785054842168861 1.045329830811372 0.0207182410626754 0.0427669656284411 -0.077 0.186
-0.5054827255664596 1.0047657445483429 0.0007836892643149 0.0948305005550769 0.1959999999999999 0.265
-0.10827913266065803 0.9912885157504288 -0.0482951591561367 0.4770601490425055 -0.0568162992525232 0.3438530394020185
-0.20474614217283804 1.1064136447848698 -0.0310611499900266 0.8118254102654217 -0.0683626063984511 0.430965900995198
-0.44756083019074744 1.2659686648726094 0.0601199001726616 -0.4930676271809427 0.4127064823941127 0.0431888841363189
-0.12413623042186961 1.2115888366098693 -0.0189130233904803 0.4303907501084388 -0.0653866094480496 0.4186133905519503
-0.14997347890694068 0.935457125075206 0.0437215128750561 -0.4107450015121274 0.27 -0.0499999999999999
0.11419626455050819 0.2021430208555191 -0.0114789003695074 0.8098175246728555 -0.148 0.1929999999999999
-0.2659377115174566 1.1904149331761051 0.1256499855435037 -0.8429053089991948 0.4499999999999999 -0.1196228996639462
-0.19653992535006992 0.633759772131109 0.1169273885406759 -0.6615463062206066 0.254 -0.063
-0.1544490684185723 0.3835114529362727 -0.0059422100187759 -0.3737010757887245 0.174 -0.0559999999999999
-0.2241725992894017 0.749857205265078 0.0705090671505887 -0.2977214339774595 0.2100772569217495 0.0
-0.24491753235994618 0.8278534408961512 0.0524186874406159 -0.3654215868984477 0.243 0.0
0.14465198041263005 0.5416621683878965 -0.1047851049485334 0.7864391060702024 -0.1150691731910866 0.2660115288651811
0.17182807989109095 0.6546978708480847 -0.1052670936727033 0.93401860175627 -0.147150053067816 0.3515311215062097
-0.35126107726330624 0.7077686740287628 -0.0110267241843572 0.2940400836147852 0.0750711437729653 0.254
-0.7966482591539453 0.4477478733296713 -0.0643884910433409 0.1177527894776291 0.2219999999999999 0.144
-0.43873057115199066 1.3267662576477912 0.0256238713335097 -0.4984883454774749 0.419 0.0
-0.21994268103565306 0.8908117183626051 0.1452306939293581 -0.8183611641368856 0.358 -0.1139999999999999
-0.41255866346849857 1.3443757343371885 0.0070691553089702 -0.5013120279324091 0.419 0.0
-0.10942188054232194 0.9118166956963824 -0.0149778201944339 0.3362748168635392 0.0 0.28
0.4694533618102392 0.7137875079671663 0.0608065443347955 0.082743857325256 -0.133 0.1149999999999999
-0.3661905694173284 1.1856853510573693 0.041531057656094 -0.3169310584833758 0.3327499662417017 0.0032087665648271
-0.6240705582218187 1.3022664027037454 -0.0019023707429616 -0.193867771469772 0.344 0.2320251171336701
-0.8240527035729328 0.8420098067682396 0.0007331415886336 -0.2604090140921734 0.3129999999999999 0.173
-0.22771289383309634 1.1801758528281614 0.0194872117604869 0.150032395896844 0.15 0.3219999999999999
-0.5641328918619681 1.3116172442361067 -0.0007635670881145 -0.2588285242701395 0.365 0.2009999999999999
-0.029051536444965054 0.7060001729343356 -0.0995713218921912 0.740325748817838 -0.1019999999999999 0.304
-0.7628540905386838 0.913331606450392 0.0048775289016563 0.2698106239180186 0.272 0.3091136054841897
-0.05611015613269932 0.7117345970111676 -0.0473297654207024 0.5213116867325501 -0.075 0.268
-0.1361260521142882 0.8476764514460604 -0.0425930200489605 0.3606795374929235 0.0 0.291
0.0971192905583107 0.626661964516509 -0.1543942969235742 0.55491991349875 -0.0848959427122397 0.2208959427122397
-0.11288409696856738 0.7696999255214163 -0.009178090077244 0.2218831872050032 0.0 0.2079999999999999
0.047981851439181655 0.6068479331484479 -0.0628726793458858 0.5224326504561734 -0.077 0.235
-0.29677798855720416 1.2071569398323927 0.1107328196744385 -0.8201749390241145 0.4499999999999999 -0.1183756447860827
-0.2907057546083336 1.3161760769385504 -0.0256542288306564 0.1967110139938943 0.1791622071872982 0.383
-0.7359021723078757 0.3712114961023838 -0.0697849936759361 0.2231494826349242 0.1879999999999999 0.139
0.36855447481791703 0.6337758485718352 -0.0198237087802027 0.2586327218697541 -0.1820223343798434 0.179
-0.3370307257325633 1.2411522449968806 0.0034479371312791 0.4974947862406211 0.0 0.4499999999999999
-0.1792286215978589 0.7858487254597388 0.1159607229256689 -0.6398932205304362 0.279 -0.0769714659374628
-0.19568438008621736 0.7336897892438183 0.069180745613405 -0.2631754809706527 0.2089999999999999 0.0
-0.6498628397907826 0.1962356353123144 -0.1207428751820917 0.4913856869852541 0.167 0.173
-0.46243153697158923 0.8508044017069557 0.0336815826210216 -0.2329210355525833 0.250013598367411 0.1109864016325889
-0.3060311757963863 1.1983370046881132 0.1173718833966115 -0.8273570070412062 0.4499999999999999 -0.12
-0.7787642753071977 1.1221324699701472 -0.0113665955290958 -0.3773538727466772 0.374 0.1549025907975827
-0.6562678600634153 1.0787151884505384 0.0054128944372245 0.1025660239564928 0.2512039097843674 0.3244078195687349
-0.606341104841166 1.2946055349298324 0.004379537781651 -0.2668187373507897 0.365 0.1939999999999999
-0.5441807664057552 1.2227440211209937 -0.0065452292406432 -0.3924740976064882 0.376 0.126
-0.45864038122224615 1.3005359720954133 0.0402069128690567 -0.5299412086161529 0.416 0.0
-0.3704409605711545 0.9226982454431206 -0.0265517235995002 -0.1749100441331548 0.2313699667650788 0.12
0.005482010037036744 0.6196888986243876 0.0507571905219536 -0.6134463015551296 0.2468164942825078 0.0
0.2884007645890885 0.6881640262140687 0.0064904547064406 0.0480547614472573 -0.142 0.173
-0.12814625651527134 1.0571830312941597 -0.0051283941943883 -0.0528135400215837 0.2610106615260538 0.0
0.008815655041493065 0.8809394673382517 -0.084235348575055 0.9336560215267709 -0.1410757188989257 0.408
-0.6338242597376575 0.7531496748675336 0.0664884114505843 -0.0741262810659809 0.2239999999999999 0.2389988489731629
-0.4301488135321496 1.2684253660465394 0.0208745303791039 -0.489384613217594 0.408 0.0
-0.2145344577973296 0.8232027988723971 0.0598517416467116 -0.3131085460355137 0.2219999999999999 0.0
-0.5242068917747456 1.1439580136213665 0.0263248002527428 -0.2601903730258678 0.3436114173821358 0.14
-0.09558591713330511 0.5729702334800649 0.0801596150750842 -0.7655212645611527 0.253 -0.1079999999999999
-0.35021081421251377 0.7654932386157044 0.0026937305627808 0.2623171131989406 0.0719999999999999 0.256
-0.0918186940900878 0.7194403275000765 -0.0457577968228151 0.3011353466950953 0.0 0.2059999999999999
-0.2018362529219786 0.7781200137349037 0.083602195528512 -0.2847865610626475 0.2159999999999999 0.0
-0.7000739727261718 0.6110460980636957 -0.0275706334907945 0.1442876058307943 0.2129420602043634 0.2039999999999999
-0.029689972374840057 0.6988266665328595 -0.0545863985253825 0.564532537367365 -0.076 0.268
-0.08340604950510033 0.8881899730234042 -0.073081792128344 0.6218413781506539 -0.0916399228783779 0.366
-0.2767932857119537 1.3046716415358677 0.0469141289579587 -0.3367744771426678 0.375 0.0
-0.5076911722014787 1.239752930511298 0.0178123917886649 -0.4458746338142615 0.4013821726336439 0.0
-0.11498358115512808 0.8277820538164824 -0.0448345616108855 0.7545869551030654 -0.11063480044171 0.37
-0.8627490169169216 1.0455793912061475 0.0397391204953522 -0.3756370374127422 0.418 0.1899999999999999
-0.6705860086720339 1.4102553828532434 -0.0089763177824058 0.1755229612510568 0.2824022148144826 0.4325977851855174
-0.13056860216701383 1.1718499915930596 -0.005277469366127 0.4506484354038629 -0.0489999999999999 0.41
-0.8389101796896314 1.0935720178655477 -0.0171380009661901 -0.1060756818902715 0.3419999999999999 0.306
-0.24346712537475668 1.1590109474085886 -0.0332430752525326 0.3181333811718683 0.0 0.356
-0.14434909725770606 0.3758077381876531 -0.0551604195699568 -0.1957652920095893 0.1805684432968844 -0.0539999999999999
-0.24948119730028862 0.7934682594519086 0.0429170267307191 -0.0443923512905363 0.1259927845912262 0.1720072154087738
-0.18727041544758238 0.6948268413187235 0.0534175912130817 -0.301366275090185 0.2049999999999999 0.0
-0.5063391865425215 0.6926446710661109 -0.0137279493731219 -0.4200325698696112 0.257 0.0709999999999999
-0.4257328728190002 1.2528976271928909 0.0480202957392627 -0.4761377871530944 0.4207781309999686 0.0
-0.5804034625536714 1.175326054963696 -0.0257786807130104 0.1700121309536887 0.2616523916116871 0.349
-0.1600640629333705 0.4062873109156794 0.0270743685312959 -0.4945671033111403 0.1748635223503878 -0.0472952835255816
-0.20214629793614547 0.948238001819534 0.1636595211696773 -0.8052815393157514 0.356 -0.1149999999999999
-0.2001911829566938 0.712927905903028 0.0620630418116547 -0.2934653616761601 0.2049999999999999 0.0
-0.14999195171965463 0.7519569261685188 -0.0321371870956257 0.3217818221406816 0.0 0.2209999999999999
-0.35629705574797776 0.481395838789852 0.0859964365823865 -0.958458526676346 0.2479838980753591 0.0
-0.5449416262403495 1.159206505410953 0.0276190226781785 -0.273065217277714 0.347 0.136
-0.4128007412841517 1.361397189617097 0.0420855464969476 -0.184510315890252 0.4014271273226351 0.2052914907094594
-0.6693052775043329 0.5091675011865077 -0.1169074762496486 0.0522686489592991 0.243 0.141
-0.13930454563613415 1.099506336353549 -0.0824050662253021 0.50256051643786 -0.0600002677694802 0.36
-0.348785552047981 1.2356033106207234 0.0950899127753574 -0.7534201382638389 0.4499999999999999 -0.0989999999999999
-0.0900818105370671 0.8211656992114962 -0.0430493338311594 0.745103731149797 -0.1135766138038865 0.37
-0.4214983729417676 0.6992695044786493 0.0145038604691741 -0.184076741151658 0.1890835664824788 0.1159999999999999
-0.0979121663832383 0.9899089672099334 0.1575458995513727 -0.8067376665234138 0.356 -0.1169999999999999
-0.17045059889226555 0.8979616113388325 -0.0543513907398879 0.516168219424028 -0.0726774592796178 0.3465354918559235
-0.18271019929090748 1.097357940070253 -0.0059239041277814 0.3455624313981987 0.0 0.3282393082754556
-0.44414806172327737 1.2027564242570512 0.0134497149067549 -0.3030932588442547 0.351 0.1159999999999999
-0.5992866349719739 1.1494504999876347 -0.009552689662157 -0.3665733464118784 0.3720757612816436 0.158
-0.2972710393432543 0.6851594705301174 0.0540044030923868 -0.3433509466260124 0.2239999999999999 0.0
-0.318539529837063 0.6456340244986302 -0.005933797063379 0.285969141397286 0.0 0.255
-0.5605165456305561 1.2345988727513473 -0.0089088876211128 -0.3671547075265967 0.3683312861961433 0.1546687138038567
-0.3030524792061384 1.299879491639287 -0.035729535984665 0.2183975988659298 0.1665552587814343 0.383
-0.1328658325064258 0.9255913426560458 0.0834896600963277 -0.5232565493816582 0.2770098072527337 -0.079
0.1226164208184144 0.7931961274603688 -0.0725824550801473 0.3350214371586568 -0.0811999959960761 0.2179999999999999
0.030497593759576946 0.4734783664045975 0.044218792698142 -0.0307826751121914 0.0 0.0
-0.2624400975243013 0.6699032899047609 0.004386875500264 0.0846656543357695 0.075005997303226 0.177
-0.4009469792967013 1.0905586045728344 0.0302818304266681 -0.0458304076577034 0.2255310108679469 0.241
-0.3131038962072119 1.194054511120815 0.0974033035266294 -0.6693687584881858 0.407 -0.076
-0.8626394045664565 0.762494539426964 0.0307807771151791 -0.6619077302915624 0.366 0.12
-0.30384617898771893 0.9968520677525716 -0.0251293412056189 0.1479227465282543 0.1079999999999999 0.269
0.45496711688325253 0.3738590397123953 -0.042498793533016 0.4669915200458487 -0.1619999999999999 0.126
-0.21446881996224132 0.6689331791191399 0.0175138893751076 0.0198449935459804 0.0899844572896595 0.1680051809034468
-0.5434082447808852 1.325218557689671 0.021273237633576 0.2419064522103934 0.2353713681211638 0.414
-0.3103964616695043 1.224670066579117 0.1017119250693934 -0.796472073408915 0.4499999999999999 -0.1083595102096658
-0.20862003488034908 1.0766438403252203 -0.0187425043522682 0.367909012592732 -0.0086232618071322 0.3349949917469768
-0.2634323128651439 1.2163832872964973 0.1036735050119014 -0.6074594566410965 0.396 -0.088
-0.13226430386808152 1.008242068370289 0.0211656437924491 -0.2646811845781351 0.281 -0.086
-0.6991107678835551 0.5827870933041996 0.0888168166959504 -0.3402878394181535 0.2239999999999999 0.2080311238773951
0.007639205987349795 0.7468051493495553 0.1698007765242674 -0.8618106845489899 0.293 -0.0999999999999999
0.02905350256006911 0.9460954429680298 -0.0963001695062398 0.8786107291745648 -0.1302914145009238 0.4071174013182658
0.1427778514371547 0.905110869004874 -0.1304729167361596 0.6860439953805466 -0.135 0.367
0.2819935942421281 0.5657825318278804 0.1369897540181585 -0.6030584511160325 0.0 0.091003781285637
-0.46606296201452624 1.03017746748525 0.0297325842960893 -0.2507226799497563 0.302 0.2159999999999999
-0.5371445102337258 0.7878709059509642 0.0113935628788044 -0.0001856532557343 0.1838865553232589 0.233113444676741
-0.19009909708663453 0.809116917942196 0.0760066216682678 -0.308156720486289 0.2239999999999999 0.0
-0.13342493900350583 0.661446530657391 0.0285626710029672 -0.3454497343307062 0.2319266267149332 -0.0859266267149332
-0.11331385038597319 0.7453059983021535 -0.0121197644932334 0.1727061493182189 0.0 0.1929999999999999
-0.6645167505205363 1.2453622743293649 -0.0186455295257443 0.1359350874975169 0.2696381653055477 0.366
-0.2535638446437821 0.4149742228633633 -0.0505380216361435 -0.7323748111495624 0.2520337705041953 -0.0928649179832187
-0.39059359119703263 0.9969430769123484 0.0098217600343763 -0.1608726203651126 0.2426941057789306 0.1872647355526732
0.09443893283581584 0.5057317980464524 -0.1529400853743723 0.6208687779221725 -0.107090965402904 0.224090965402904
-0.859841850017431 1.3505018221546388 0.012038819579943 -0.0211466584951832 0.3105790485805859 0.3870642086664984
-0.42078103975001335 1.0259874079046214 0.0331250774239442 -0.016196742636906 0.247 0.1966193958283384
-0.409540153579091 1.3353844652123483 -0.0138182052993813 0.1521154674494089 0.2269999999999999 0.377
-0.13343540747220994 0.9273903105466498 -0.0472817262839251 0.3037256492531983 0.0 0.283
-0.20881926022974895 1.192495987645703 0.0401563929875348 -0.3742751385439675 0.3399999999999999 -0.065
0.07122143376672718 0.6192756714127141 0.1209138558460612 -0.6476636276172214 0.1894560094622872 0.0
-0.13763758054947117 0.6763853002197144 0.1096935989722404 -0.7048136296489433 0.269 -0.079
-0.2504457302033902 0.6021187640396564 0.0202937349962072 -0.4037996152670151 0.2219999999999999 -0.0519999999999999
-0.575619726840424 0.9557852910544566 0.0149891115782002 0.099355656845245 0.239 0.263
-0.23558991596878132 0.9952159792132502 0.0014536591405644 -0.2552447340364752 0.269 0.0629999999999999
-0.2076883016326203 0.7803245741224266 0.0674092424687436 -0.3056981253330266 0.2119999999999999 0.0
-0.1293917591823246 0.6735891867311633 -0.0584730798071796 0.3340436038651965 0.0 0.2199999999999999
-0.18038040609885453 0.9591949766096486 0.1644182500300451 -0.8241157213131565 0.356 -0.1149999999999999
-0.6464107691220589 1.1963174785854138 -0.0258582615484601 -0.2935602461405778 0.396 0.1109999999999999
-0.552092705278977 1.319928673746375 0.0548778065494242 -0.2273441198775344 0.362 0.178
0.122656248278456 0.2623554771045248 0.0041413975482931 0.6785246041810625 -0.148 0.1939999999999999
-0.19935739792189544 0.8409667567301753 -0.0292739197201201 -0.014496103989469 0.2080277606538468 0.0
-0.540622064424261 0.7440239480178363 0.0587512187083341 -0.4876835520956759 0.277 0.1079763835244862
-0.09080438890733622 0.8505693329560295 0.1364060622562834 -0.6972217273791904 0.3070484215777097 -0.1009999999999999
-0.26022601062447803 1.1885499210849864 0.1273063672938173 -0.688750341826998 0.396 -0.086
-0.3369475076133577 0.6090990788969141 0.0391138749861719 -0.0989731631706473 0.158 0.139
-0.2187308290520823 0.4090245354216192 -0.0714971394016383 -0.6322625191566211 0.2510304707623171 -0.1258781169507316
0.0137793959047261 0.86565827775994 -0.0533872393434702 0.5971978110282614 -0.0797878248272115 0.301
0.10565771462730994 0.242332081708865 0.0173973812429364 0.8045919091837668 -0.1589999999999999 0.2079999999999999
-0.22330574087828237 0.6143059174918306 0.1283285389250548 -0.7528716836251175 0.257 0.0
-0.31186466628648435 0.7886905088108711 0.1003552066717552 -0.607135929920081 0.284 0.0
0.06217592343079392 0.6953653737407126 -0.1210308158603655 0.9244084018422706 -0.1753423247591952 0.3653315350481609
0.11494666220445593 0.9291549348253196 -0.1255464971806061 0.6665641087717851 -0.133 0.367
-0.11549684866820398 0.9398889444888168 -0.0204036298629026 0.3183220159230378 0.0 0.279
-0.6659785152445741 1.0621038266281184 0.013289423850581 0.0753639068175107 0.245 0.3169999999999999
-0.2818656892992133 0.7886186417268101 -0.0320829488517189 0.0168672706306635 0.2006610420619777 0.1051768612626652
-0.33999006446362223 1.125567450034581 -0.0053397503182143 0.0548299390928459 0.1586351700868706 0.2580973898765523
-0.5606487236114377 0.78238797906805 0.0058835134735559 -0.0165769458689976 0.2159999999999999 0.2039999999999999
-0.1228483267748004 1.1944599294518283 -0.0061350932510009 -0.0823249691817652 0.2033807824477297 0.2198601709090093
-0.15801200282557493 0.9331149293956944 0.0757882958420636 -0.4962346616534128 0.276 -0.0758926312638
-0.251571202606512 0.7448404369312337 0.0643750696910011 -0.3728408671836395 0.2339999999999999 0.0
-0.13875074079602867 0.8261567542804127 0.000215637546322 -0.2634820980630538 0.2330248129651197 -0.0539999999999999
-0.5871701332710599 1.1694827137830672 -0.0206472296820999 0.171250317480707 0.2563709918591128 0.348
-0.33797683091287944 0.8717787678779727 -0.0165406144454572 0.2509968777693706 0.0809999999999999 0.283
-0.39166969941489493 0.9165538126111143 -0.0222824514339224 -0.1828645464019078 0.2299730009682614 0.12
-0.0275121557972291 0.5641898886491917 0.1226110716198931 -0.5052216494941695 0.0666105067172896 0.078087215245327
-0.010339487873449738 1.1841351673816345 -0.007574456333603 0.5924706372595608 -0.0992386587489242 0.4499999999999999
-0.0701045305361736 0.9993636715443311 -0.0087500102103213 0.2686615166229072 0.0 0.278
-0.1322689139873301 1.1849916378959895 -0.022080291960589 0.1758752829681389 0.0516681729576466 0.354
-0.161114575354675 0.950036774911434 0.0572083435772839 -0.4454388741903414 0.275 -0.071
0.002168499352872555 0.6356685764950863 -0.0147297980324012 -0.2181530382827857 0.159 -0.0529860514167462
-0.37091763066885 1.2458275180228624 0.018631072279445 0.5284825230638287 0.0 0.4499999999999999
-0.6540926099266908 1.1876277418451435 -0.004924333952559 -0.3463336071119579 0.372 0.163
0.20352512371160258 0.4045171527047597 0.0734017906800106 0.2147137206340616 -0.124 0.165
0.03914630052018753 0.5693152987336287 -0.0959199701543387 0.7043311950931106 -0.0531151103094213 0.2343178576384071
-0.22477158199396108 0.7937811414929915 0.0846653366279672 -0.3204553792260265 0.2229999999999999 0.0
-0.14262542385555022 0.795267560519434 0.1212387872492188 -0.6369205864193997 0.2809882228265216 -0.081
-0.614246728796457 0.7627199697358924 0.0132977345653941 -0.0303694456564733 0.1849979490766871 0.2320020509233129
-0.28743207294511075 0.8769542223235427 -0.014854212014365 0.25460464511287 0.0750016257330313 0.285
-0.41636729469674894 1.0102701227167166 -0.0069667456625863 -0.0459523880303952 0.2246852869170597 0.2009999999999999
-0.6817811150646752 0.2235621808897182 -0.0245691109384841 0.7409562753473252 0.1360343970805186 0.2039999999999999
0.09216019480858262 0.537825119518947 -0.1507676065245324 0.5618045287418992 -0.091 0.2219999999999999
-0.3870309931985294 1.3317366322002078 0.0305426111787592 -0.5025258900525386 0.419 0.0
-0.7022764910842594 1.0933033949761597 -0.0026300830162339 0.1228269226188387 0.255 0.3333855610503586
-0.40184235495407505 0.9016044978750024 -0.0161610113360279 -0.2002145142610656 0.2271790693746267 0.12
0.05045231003303785 1.1331464560218478 -0.0758700282591956 0.4944323314900708 -0.0749895413397045 0.3965448206872548
-0.7619478569274829 1.1464078005458502 -7.531798993814797e-05 -0.0208561508317102 0.300363342692389 0.269
-0.469727078490334 1.2419491812360288 0.0626286068922139 -0.6586814575163891 0.4499999999999999 -0.076
-0.2537909012904649 1.1014188288073503 0.1565661251844744 -0.729248593310598 0.396 -0.086
-0.19711870380877183 0.7091979728455825 0.0626856135633517 -0.2864721187243923 0.2029999999999999 0.0
0.009483158739601594 0.9276580565935784 -0.092175056002084 0.9163508267118392 -0.1346879176755678 0.4075170834250516
-0.10089048781918075 0.9956883348391108 -0.0932719182818397 0.4957651892131881 -0.066 0.362
-0.45556803238696153 1.1055267520299346 -0.0214253675097311 0.1705684795921069 0.1863154873618997 0.2865355069981614
-0.34906324934854793 0.8082726146584086 0.0449084333902741 -0.424815557263837 0.267 0.0
-0.30160193642819855 0.5545361869539169 0.0824954625528287 -0.8199775457771298 0.2657947001107363 -0.0843079498338956
-0.2301400571591583 0.4276536973295605 0.0659421198038952 -0.5305041426660073 0.1776572412429908 0.0
-0.3630307074169936 0.8162656284107691 -0.0133723506162204 -0.2456666150311884 0.2239151226549987 0.1132086740416631
-0.18836374503497066 0.7237801217458324 0.0743219535944745 -0.4677955644038812 0.242 -0.0489999999999999
-1.2359341886699382 0.6664889590423719 -0.1022077288663765 0.6529971680096684 0.284 0.304
-0.8276026592640129 1.192787683885559 0.0836330256077856 -0.6065739856332888 0.3994836873638344 0.1726468137254902
-0.6260587061111678 1.259687745695511 0.0238352726162549 -0.1939398264227969 0.3538096552952703 0.2731903447047297
-0.25841055024693693 0.7420782926380297 0.063865818059529 -0.3765511062766122 0.2349734936412515 0.0
-0.5301032439049025 0.9031179788570398 0.007323070279975 -0.1431522846844891 0.2319999999999999 0.2199999999999999
-0.40531480097994677 0.8708656562624068 0.032684086255879 -0.2255286173443952 0.252 0.1089999999999999
-0.03852251287253916 0.4561587393661355 -0.1008763620755099 -0.0808676699948081 0.249 -0.1609999999999999
-0.6858624945184832 1.185970635126134 -0.022661167444636 0.1463219495145488 0.269 0.3574109018983277
-0.5725576579122849 1.132962369700221 0.0229976072367055 -0.2442705434107528 0.3409999999999999 0.1423766934455874
-0.49660386645718146 1.1954535946002955 0.031099163074992 -0.2731988719899996 0.346 0.133
-0.4763866963847585 1.106465657572206 0.0255171286959938 0.1699373698764882 0.1739588819339521 0.3000411180660479
0.13525311738504076 0.3316183598828752 -0.012757191967219 0.6794839980782569 -0.149 0.238
-0.46773799159445684 1.2023130372293789 0.0139367674964285 -0.3164166679769295 0.358 0.0999999999999999
-0.17412017761391452 0.9707779742482572 0.1615577337834522 -0.8268115464947239 0.356 -0.1159999999999999
-0.3104979225218196 1.3129838742836857 0.0463596383169868 -0.3136107684172974 0.375 0.0739999999999999
-0.392373776044983 1.2728344431457332 0.0608722662122325 -0.4351608194169091 0.38 0.0
-0.5562183729099024 0.9426396287604716 0.0257687156681162 -0.1537459879783947 0.277 0.172
-0.12663203632631126 0.3914822527792937 -0.0497208985867038 -0.2795729631900787 0.1740290209299059 -0.0579999999999999
-0.22657578515474008 0.6305492775295111 -0.0187846527811877 0.2090218851460862 0.0 0.25
-0.4341184582483526 0.9623669125762088 -0.0203040217838517 -0.2227536125850957 0.2617269815398252 0.0970016015309614
-0.4547216406897159 0.7106473025203631 -0.0010943864497431 -0.4332545503719601 0.254 0.0819999999999999
-0.20920099269481907 0.8843199881570237 -0.0414081264521538 0.4016633092199513 0.0 0.3149999999999999
-0.3632314118445934 1.0436487788960995 0.0376039161852782 -0.1356025618142134 0.26 0.126
-0.17250095428249623 0.6417318457667193 0.1259405520507817 -0.7448838522770626 0.269 -0.076
-0.1495585326807125 0.3905706889047384 -0.0571599288206594 -0.2229447781324178 0.176 -0.0579999999999999
-1.0407141734425152 0.8637642755969049 -0.0269261290620801 -0.1085685247122336 0.3189999999999999 0.239
-0.6297014860177952 0.7731447419425772 -0.047767526626965 -0.1801304847222217 0.2560180035799026 0.1560180035799026
-0.21122585541316186 0.5962480614118058 0.0227244354242562 -0.2549202228063501 0.17 0.0
-0.1581705934308797 0.664092343280019 -0.0458385781443459 0.3344601614549517 0.0 0.2259999999999999
-0.28408173580222185 0.6063645720545529 0.0305456264857809 -0.2617978064822002 0.1897656533074101 0.0
-0.27740231686249617 0.9892573032465743 0.0225985717163487 -0.2818320031435279 0.266 0.0
-0.5623749694897562 0.8055446127786536 0.0095895880020157 0.0199831342324614 0.1809707416511781 0.2341170333952874
-0.29213843363286585 0.7877480440658121 -0.0076281466960241 -0.2032324348532122 0.2144999226329995 0.0831663314096649
-0.961090133504392 0.8682784452381136 -0.009574701650237 0.3768179146794846 0.2603023958302485 0.3223488020848757
-0.12400762495350048 0.9108860872700562 -0.0466523780409725 0.3042877182529888 0.0 0.2850078484223878
-0.9325259182979151 1.13285346147351 0.005022954492749 0.2655909019295715 0.295 0.42
-0.1802261286023299 1.3027682762068142 0.0175097662747855 -0.3149235468280893 0.3263640799936175 0.1657030112845606
-0.18756120773022467 0.8867675697833173 0.0767669977580253 -0.4911188877124241 0.27 -0.0469999999999999
-0.37001313036304495 1.0424684388149272 0.0404044061719809 -0.1359751215611924 0.255 0.133
-0.57344307158812 1.167376085434988 0.0305868239788068 -0.2866589145974066 0.347 0.136
-0.4855358487151529 1.3197729935481584 0.0213017846355195 -0.4064634701048932 0.411 0.1119999999999999
-0.2533038834261214 0.8820090242789868 -0.0468422247938741 0.4022398117508715 0.0 0.3169999999999999
0.2918621703233182 0.8499810640133199 -0.094746668499248 0.410773074075615 -0.178 0.2129999999999999
-0.6912777073814058 0.2975889188713577 -0.0603810300446997 0.4165491194879946 0.168 0.138
-0.31890108643045867 1.0150155675418089 0.039040229471237 -0.221373084510349 0.273 0.0773739803677588
-0.5027522498907333 0.5505481651136946 0.0678715777113756 -0.4229784639987229 0.237 0.0849999999999999
0.009362681011425567 0.9512696802207488 -0.0626719160418229 0.950311746371614 -0.1643835526098855 0.423
0.2644660300274815 0.677354689032877 -0.0929507769623675 0.7044119866875412 -0.1260060933281913 0.267
0.24674267413007434 0.2748058777196453 -0.0222442360092077 0.7785989010214467 -0.1569999999999999 0.245
-0.7387174609907282 0.3251826041921055 -0.020794410876076 0.4739311461841085 0.2470685329553508 0.1147944011339475
-0.3172904892851547 0.994593805695199 -0.0227154794743847 0.1249398592899284 0.1139999999999999 0.268
0.18357053560546954 0.4226978215402956 -0.1458814543170277 0.7465963118085898 -0.1219738075781686 0.2269999999999999
0.29799970802325326 1.007023006931827 -0.0058314219745434 0.5041795685713079 0.0411828241352912 0.2602979330503166
-0.17887783531977397 0.7313697332997621 0.0747211803090066 -0.4389926317872785 0.242 -0.0489999999999999
-0.37223543033023 0.8033903227871086 -0.0107403436260607 0.260170026210654 0.0930084284882904 0.2660252854648712
-0.6164195281847107 0.8151848889805213 -0.0337022200765602 -0.2022808268430594 0.261 0.156
-0.11018426468557663 0.6491639039043703 0.0410058206422678 -0.466307582367185 0.2369324523201681 -0.09
-0.24586930364731474 1.0849782001091552 0.0252803058611325 0.017126274015991 0.1418875596012137 0.2567041467995954
0.01399880197167025 0.3650437070593529 -0.1357620218480695 0.7853023969816031 -0.0824382588937016 0.2259999999999999
-0.40793709683532686 1.3481325193396103 -0.0125470940481703 0.2685266314531209 0.156560804436585 0.4499999999999999
-0.16504396671057353 0.3870120560279034 -0.0684944420434877 -0.036875358373308 0.177 -0.0589832440836068
-0.16270956589443997 0.8738174416546858 -0.042028886498118 0.3245143395379997 0.0 0.2890139905805992
-0.20854947869631824 0.7135908650333962 0.0620843435688784 -0.2843526799944381 0.2049999999999999 0.0
-0.07720016128347162 0.9292138254271562 -0.0160847933539632 0.4573562970193691 -0.077 0.302
-0.5141764828906681 0.5449725091288132 0.0964541426188548 -0.5076745038759352 0.2219999999999999 0.155
-0.3432399083807697 0.4813083142587283 -0.0387721194935643 0.6336396262614012 0.1762451112749356 0.0773847985966791
-0.7137007483020885 1.00065582838911 0.0195706374551512 0.0642438363582205 0.294 0.273
0.4050030021012252 0.5774631326642723 0.1775263029237087 -0.698554256418403 0.0 0.047
-0.3984234937146258 1.285642779159901 -0.0346638203017048 0.2289339690176503 0.158 0.384
-0.44629097217102065 0.6553899193095989 0.0526218138490615 -0.3293329923425159 0.238 0.0819999999999999
-0.32920779004696143 1.017463783140885 0.0368565802807868 -0.2108204031619164 0.273 0.0863765486482021
-0.6110491206519253 0.8377678084205932 0.0139190156603093 -0.029223899360064 0.2209999999999999 0.2049999999999999
-0.14702063083520844 0.8801572733665779 -0.0447440591353277 0.3216844724611218 0.0 0.288
0.23848016619700263 0.5534451032415387 0.0656479235022261 -0.0747759316755354 0.0 0.0
-0.22078957354880968 0.9972692783846748 0.0350439024433124 -0.2849740028948853 0.274 0.0
-0.5399083457598486 0.889496393081055 0.0056961521490739 -0.1789652947348129 0.249 0.1999999999999999
-0.28182410459604457 1.2841232233077728 0.0589969847008073 -0.6431708894680627 0.4275877752569065 -0.0569999999999999
-0.19497744065276268 0.6500344866956723 0.101857365736179 -0.65789544754643 0.252 -0.0649506623334663
-0.5744930816594396 1.0200642210878732 0.0246679552108094 -0.1330325040321228 0.28 0.187
-0.10459584781552289 0.7135513963090853 -0.0518087008345799 0.3058900632334969 0.0 0.2069999999999999
-0.4192283785219675 0.8848082674492547 0.0307053161223452 -0.2370298907809336 0.2570849696991756 0.1109999999999999
-0.2109502855488743 1.3059878693581348 -0.0032909428766176 0.4088838854337138 0.025649765715149 0.4499999999999999
-0.1862818961461743 0.980822915177314 0.0183559291685373 -0.3172808206865334 0.274 -0.050024907767085
0.343311438585423 0.946309466726542 -0.0381990425308649 0.2233187290263763 -0.137 0.2009999999999999
-0.10951034663383874 1.0892592400478391 -0.0197147939895953 0.6698915181847487 -0.0939999999999999 0.417
-0.38253218080913726 0.2200968955111334 0.008437848095673 -0.082829379166748 0.1330880769712252 0.0580880769712252
-0.791448991953112 1.2020453860599172 0.0145966030962177 -0.1261401555378523 0.3329999999999999 0.3179999999999999
-0.6318431489288551 0.3378806826094983 -0.0675510084293174 0.2976482406577523 0.179 0.138
-0.057650588431514826 1.0834101224212604 -0.0313196204536476 0.7281016154388895 -0.1059999999999999 0.424
-0.17736578628695598 0.5718482133055331 0.017820871219658 -0.2491813913263085 0.157015719372799 0.0
0.014622076002591688 0.6595338147924725 0.1825599809238315 -0.8795986754165876 0.2648184892897407 -0.0718444193912063
-0.4943065111904077 1.1093516899756817 -0.0212502547004855 0.16438294247797 0.1977210782578494 0.2881362916853122
-0.33253811561495317 1.0036479797837483 0.0300052260481365 -0.2460085914851216 0.2766726108137367 0.0669999999999999
-0.7594661797152846 1.300968420976384 -0.0222482200936786 -0.1610896647729633 0.3444106378576693 0.2940197880704284
-0.7496263065523423 1.2680817597493137 0.0335177395298832 -0.4827372594424982 0.3809058910091073 0.2087919638016299
0.12118578815727143 0.3956174480936242 0.0323560876117579 -0.0272461693701168 0.0 0.0
-0.85439376686264 1.139690148548996 0.0296514828720359 -0.4321970870308844 0.418 0.183765022896483
-0.0061523599248103356 0.6176021072310975 -0.1227384842944017 0.7974758837162256 -0.1119999999999999 0.31
-0.4576363172120512 1.343956387684705 0.0344309709094632 -0.4762133803481779 0.412 0.0
-0.28408040372003285 0.9944649131377288 0.0038249189144262 -0.1651793879738178 0.255 0.0679999999999999
-0.01396939902862715 0.69029154539219 -0.0579890496859908 0.5839376910312388 -0.077 0.2690232670769852
0.040480874587977 0.6525484706916467 -0.0190242572306881 -0.17336791814931 0.159 -0.0529999999999999
-0.1177500020155986 0.7403179190419588 -0.026234250621872 0.2233713536073611 0.0 0.1969999999999999
-0.3637651971283029 1.0424358902397568 0.0322877486576466 -0.1640869925031267 0.264 0.119
-0.3860186830062673 0.9841847507745266 -0.0136605321782451 -0.2311327718543429 0.2629172889193071 0.0904549109438106
-0.7249285964916596 0.189189808649039 -0.0028368105333279 0.7995303927483131 0.1939999999999999 0.172
-0.3198181515154275 0.747344920888235 -0.0522024924192441 0.9826963264513822 -0.089756846473029 0.375
-0.15199198629034683 0.3907777998860686 -0.1010650694116026 0.3442555259854161 0.1402561805737368 0.0
-0.36751422177394133 1.0433618915187055 0.0389746537484143 -0.1342111876181144 0.2576842832469775 0.127
-0.316931250678274 1.1145280686632648 -0.0089533642856109 0.1204035404033116 0.1557335242774145 0.2720322354048668
-0.78924951640446 1.070373682638758 0.0503173803487023 -0.2667930470850008 0.347 0.2674476265822785
-0.17616263568317359 0.8637421541532833 -0.0367751174682917 0.3358862131391197 0.0 0.291
-0.05809553264451872 0.7223553761210287 0.1778651874503255 -0.8645541607624259 0.293 -0.0970940442960373
0.605837098853021 0.4266118855976974 -0.0369999201192065 0.4218476301436815 -0.176 0.124
0.035450292481211676 0.8394415449335476 -0.0607515454980474 0.5006624096235885 0.0528229469760989 0.2232727107267384
-0.6059273890233352 1.2562756804218291 0.0154671547656061 -0.099649449780374 0.3369999999999999 0.2633936612292997
0.07110664489626717 0.3004217681995275 0.0587110168313833 0.6623462373978952 -0.155 0.2089999999999999
-0.3568498668076414 0.7734810163628594 -0.0013307659096537 0.2634253940640342 0.0799789156626505 0.256
-0.3159654741625073 0.785022481985973 -0.0052464236024892 -0.2503555952075496 0.2163027026872137 0.0909783783112598
-0.3534616350488151 0.5926535423211822 0.05826468657303 -0.1223790014061436 0.159 0.1340202717402053
-0.3065827071341243 1.2114151573123368 0.0881624101002949 -0.6694310348263716 0.407 -0.076
-0.49407642112460626 0.3869870094894027 0.0075247418631414 -0.239990872140961 0.181 0.0959999999999999
-0.1480486893800581 0.6682054578677575 -0.0567340199207323 0.3314568372630102 0.0 0.2209999999999999
-0.07392870395396711 0.3527376958621859 -0.1267085703015104 0.7931953947837042 -0.0479999999999999 0.2189999999999999
-0.09146614379663687 0.9362059488735835 -0.0568802284545997 0.5205250637306974 -0.0637301036956022 0.345
-0.15938924515070507 0.8526423831906886 -0.0294211228843934 0.1083269908801199 0.185052244413684 0.0768432667589479
-0.40935957116476684 1.229994493534965 0.0256171608173127 0.5255944078947052 0.0 0.4499999999999999
-0.14033497313007126 0.4141552702201745 -0.0808135667192202 -0.5259006027475829 0.252 -0.150961873487729
-0.2537626000141835 0.6437423220392239 0.059066801609824 -0.5745677013351287 0.246 -0.063
-0.4384595245634615 1.2855510540674706 0.0542672571528599 -0.5444241795727829 0.428 -0.0569999999999999
-0.41465914202310383 1.2266798237931715 0.018464198393639 -0.3668904699739474 0.376 0.0799999999999999
-0.2635160277134474 0.6277271381008688 0.0315429926069334 -0.4926605951665565 0.2329999999999999 -0.0579999999999999
-0.7667757615296089 0.3299115414043735 -0.0301096756847457 0.5456349816457868 0.177 0.2029999999999999
-0.45493679953009347 0.9873242661916412 0.0148228826602359 -0.2385365841596464 0.2893475109146325 0.1346524890853675
-0.39495240485943994 0.7527996885218425 -0.048049758973143 0.9257873360639904 0.1234688517756181 0.3229062296448763
-0.2139508248152544 0.7931659116923876 0.086846687402159 -0.3135053977706641 0.2199999999999999 0.0
-0.3761423256783647 0.7949069408474153 -0.0102413212370432 0.2605857149177516 0.0909999999999999 0.261
-0.17468582945620925 0.8281790329914281 0.071059380423799 -0.3160852903496811 0.177 0.0959999999999999
-0.10401791347754097 1.0413818276243072 0.0084909899548012 0.1466828071024335 0.0 0.2693796860385753
-0.1425263508606478 1.043710416343424 -0.0325400162384059 0.8018005101076062 -0.1079999999999999 0.427
-0.1594030927916279 0.9875094185270044 0.0226828154533096 -0.3180292818321957 0.27 -0.0539999999999999
-0.6462108622245805 0.405923164291433 -0.0434055707376435 0.1699604156512315 0.268 0.0
0.1306580791324019 0.5575019636321872 -0.1507614472657787 0.5383838716609346 -0.09 0.2209999999999999
-0.02684536462619347 0.8652242231833722 -0.0826813927356818 0.9464110643136122 -0.1416760927817147 0.408
-0.4711675827820194 1.2948361189152886 0.0445166270130052 -0.3477102456624652 0.417 0.0685836178377662
-0.3532868975370085 1.3273706202573263 -0.0049724769090704 0.3389771281395061 0.0886216300849297 0.4499999999999999
-0.5876191210699555 0.8779064055169654 0.016157247405326 -0.0486304699980545 0.2229999999999999 0.2039999999999999
-0.388562340027363 1.2170843951194972 0.020105803002054 -0.3794113109882175 0.362 0.0
-0.5622433841433472 0.7814376101369963 0.040153703388201 -0.2909138673127325 0.279 0.162
-0.6569845725595114 1.2642115017592563 0.002750723647729 -0.2926688981272415 0.37 0.181
-0.42937059133866473 1.3126860912920233 -0.0001890405454695 -0.2417137757430541 0.3274553138542068 0.2187723430728965
-0.2739580378314632 0.5692841133665791 0.0916688258917091 -0.2698852871987008 0.16 0.1119999999999999
0.10602093125514744 0.5749001335233226 -0.1065546242456325 0.7608142054796291 -0.1248617805436954 0.267
-0.195231025232262 0.6383030605198234 0.110881767050482 -0.6696349564329419 0.2520233607421463 -0.064
-0.35323564483541015 0.781537531232121 -0.006003357969529 0.2596797532317338 0.0849736864661009 0.2569736864661009
-0.13941914624900797 0.8717998210058977 -0.0587522932024908 0.5950785452267576 -0.0521678452462787 0.3306678722366515
-0.8915394502380414 1.0317680691172215 0.0468236387192272 -0.5595005295704112 0.367 0.168
-0.84229924657236 1.1141257472880255 0.0208340675615245 -0.1521602691855172 0.3409999999999999 0.29
-0.19631792435810258 1.0641628167738546 -0.0882407882061563 0.3831976738587467 0.0 0.356
-0.28997287432543595 0.995004445958433 0.0396955051613227 -0.5757899835767419 0.356 -0.063
-1.0528309265139746 0.8939527026559837 -0.0484954360938718 0.007987429970946 0.3369999999999999 0.302
-0.10106452386786868 0.9552429392439103 0.086068331377348 -0.5337254731899319 0.282 -0.083
-0.34773601952507116 1.2138292323598296 0.0846746804946865 -0.6586073520658589 0.406 -0.076
-0.22137700776102887 0.6171871315992248 0.1274634273577133 -0.7722673576634311 0.268 -0.0679477265151663
-0.16861792868454795 0.672946156594477 0.044029233931257 -0.2884618471070845 0.187 0.0
-0.13866654996467775 0.9551680623249756 0.0161154809517199 0.2793604114285567 -0.0499999999999999 0.297
-0.04008167810470531 0.6626311356166938 -0.0495671640829061 0.3320422830543312 -0.062 0.235
-0.2638945683564886 0.8224218348366724 -0.0042992838446436 0.8957706767783454 -0.1451106121273554 0.4134759766260095
0.006367566857644058 0.1847601707275284 0.0065582799709247 -0.0115634793619938 0.0 0.0
-0.4289484768702012 1.2198622558479448 0.0278871919992676 0.5129747688327245 0.0 0.4499999999999999
-0.20224715148365324 0.6889260504679301 0.1076098836890027 -0.6947825502525378 0.267 -0.076
-0.7370857429151978 1.0272804095289547 0.0069872457980536 -0.2101466165096407 0.3209999999999999 0.252
-0.22770055698770997 0.8002400217678302 0.0671150276269416 -0.3006849418754475 0.2249999999999999 0.0
-0.5653779241610357 0.9891562938486492 0.0545997712288785 -0.1136302126620641 0.2329999999999999 0.2532255538579068
-0.7499169659751781 0.3194417033860839 -0.1688348936241316 0.8848145587470952 0.1909999999999999 0.2269999999999999
-0.40460199444159795 1.2414884598775653 0.017006549122205 0.4868859574996606 0.0 0.4499999999999999
-0.2636691437961236 1.3036877923951231 0.0560532629742158 -0.5118705329899481 0.4275843187660669 -0.0559999999999999
-0.13545793115567584 1.1224485643808972 -0.0116197462073182 0.5848858192189877 -0.067 0.412
-0.42757139786251175 0.971361433877294 -0.018963867177118 -0.231724214253117 0.2621237506663192 0.0948193713352444
-0.4435587337784852 0.9780922949791976 0.0252890966034218 -0.266510350459594 0.2883195465596532 0.1216804534403468
-0.018408686862644297 0.7728990149275958 -0.0316330620188354 0.918269139787854 -0.15 0.374
-0.314565788750214 1.0941333461178888 -0.000972648145303 0.1205541725675317 0.2260060119837535 0.2209579161137249
-0.3007855962475048 0.8445790103072582 0.0847541345421653 -0.4758687186938886 0.271 0.0
-0.16026731509153458 0.8689019104441298 -0.0395932425784386 0.3303929226971014 0.0 0.291
-0.9276021814369217 1.0589885413218556 -0.0244626440455468 -0.0888970742530265 0.344 0.304
0.4431261314075985 1.250807288295857 0.0612049500150794 -0.4173999341058977 0.1039136041978456 0.1280370267723518
-0.12370759033194512 1.2228322287511637 -0.0198504166500691 0.3972710942264616 -0.0499999999999999 0.418
-0.5499657221912313 0.9896359277292198 0.0026070339205414 0.0963775470155881 0.1949999999999999 0.264
-0.24034423532648508 0.6247163039968625 -0.0246163836486897 0.1944625539983078 0.0 0.249
-0.2556808491931384 0.99278436941193 -0.0346141893513404 0.1818917423211175 0.0989421912892604 0.2709855478223151
-0.20345100558783136 0.9657733800591672 0.0307426515136999 -0.3728255987214034 0.274 -0.0598871778504747
-0.1069891812731405 1.024139320663601 -0.0330812230695591 0.8261640220535958 -0.1238863830696879 0.422
-0.21856141117090333 0.8235828638812512 0.0611073497822372 -0.3325321852104057 0.2229999999999999 0.0
-0.39880925564539593 0.7307285668248675 0.0726628026271703 -0.4803074828389027 0.2750063038284716 0.0
-0.32907953712396854 1.2810408472241293 -0.0129721234044513 0.2563696915880348 0.1192158096206868 0.392
-0.1953656359893352 0.7884669617987442 0.0134386149505878 0.1058607966044489 0.0789761753310587 0.2020238246689411
-0.668866739349328 0.2298357687157589 -0.1191679091881194 0.3986492516582355 0.1790184877648613 0.173
-0.19376006631333875 0.6282025254443023 0.1280720063679044 -0.672341234106841 0.255 -0.0599849305018539
-0.2837006779099871 0.4605055794804809 0.0108985207848893 -0.8888621665340668 0.259 -0.0619267519289715
-0.10389968287833673 1.1136853182825086 -0.0242679998967775 0.6840419189261924 -0.0969999999999999 0.423
-0.39321720150826245 1.247243311906827 0.0819769724351743 -0.7320346198742511 0.4499999999999999 -0.08
-0.47574062834937036 0.5514700433084299 -0.0577768821817412 -0.2028150953820292 0.253 0.0
0.27772584675182177 0.8268778194959628 -0.054008074992628 0.3310953786806234 0.0510483225607879 0.0988308710372422
-0.22480740195966797 0.4663746396714796 0.0212428066902454 -0.9125022640343174 0.265 -0.073
0.007028645855725046 0.2124470673440875 0.011819670629502 -0.0275556180614468 0.0 0.0
-0.23315848988579801 0.4339497250906559 0.0726924418802731 -0.4933956424508803 0.1863841848464987 0.0
-0.18326282592950438 0.7365530492315563 0.071132365401828 -0.2775342050933223 0.2089999999999999 0.0
-0.7274054381544048 1.0488024172204744 0.0142415401296532 -0.2154228627579232 0.3209999999999999 0.254
0.08296535706823538 0.5136708087475607 -0.1079930212366819 0.8203458387114584 0.0 0.185784121581974
-0.4327064011256532 0.9190055679062076 0.0288060467142751 -0.2307555797603259 0.267 0.1149999999999999
-0.2683636877852247 0.79174655492934 -0.0428063173816453 0.1680450138124301 0.165110023783086 0.1354255844513731
-0.519912292499769 1.1319344127702795 0.0233122086775558 0.1962896652502496 0.185 0.3179999999999999
-0.49788804733267966 1.373432095278907 -0.0476942173870882 0.0016986761050531 0.2980388153094971 0.3320174871204916
-0.24225597339857408 0.7949906680673912 0.0470798552330189 -0.0831342114492835 0.131 0.1630208394539436
-0.1714487172991508 0.3703159541240938 -0.062260502383368 -0.0314707973155737 0.1795567967822965 -0.0537954446687522
-0.5099870340300816 1.3778899541041834 -0.0287939036116638 -0.0119131663101772 0.308045395226864 0.3262136707684189
-0.2865983271674799 0.8699967071680639 0.022345547824705 -0.094553744702303 0.1500022199503432 0.173
-0.4230365237716027 0.6825164973148509 -0.0005958909305352 0.110331080259804 0.1402255761409851 0.178
-0.0029047738892629127 0.9645214708787048 -0.0573689145920991 0.9426555529002398 -0.1569999999999999 0.422
0.02404333868131603 0.4121674770737126 -0.1155779413957471 0.6083701028543151 0.1089999999999999 0.0
-0.1987814696094492 0.7000765314406276 0.0572319928654852 -0.2985773787600171 0.2029999999999999 0.0
0.08769539576261531 0.4844813458758881 -0.1110800201469354 0.4974981606939865 0.1585917919799499 -0.0731835839598997
-0.6030636596237571 1.3013731711412388 0.0570784431755049 -0.2129923739398498 0.359 0.2049999999999999
-0.6711340663655652 0.6837100584913228 -0.0720654969192615 -0.133846616726506 0.243 0.137
-0.20143742858740543 0.9528476617306988 0.0356022793905762 0.1892867972540458 0.0 0.284
-0.5635726290809484 0.9140133939323124 -0.0129660580891828 -0.1644019729513636 0.262 0.1800091142744168
0.02285541902509486 0.1940336246940965 0.0099388190896269 -0.0194310784655199 0.0 0.0
-0.4243773256483352 0.7309255834148061 0.0466165530769608 -0.2908843016010613 0.24 0.1099999999999999
-0.49625732324161786 1.0048872122287815 0.0373495497163984 -0.6278243393453485 0.3728827410716927 -0.0606482232150782
-0.23194172571483263 1.3251558171450577 0.0405863991598549 -0.5182527200718259 0.391 0.062
-0.28177404834679787 0.5660554221318993 0.1011830452494861 -0.3050350325068526 0.161 0.1060885658986861
-0.7837451918659721 1.3329078763972535 0.0191098139427947 -0.1128117985169985 0.3257597935051267 0.3577014520361366
-0.09336205589294932 1.0614578610129133 0.0054956932873288 -0.3897429430867824 0.374 -0.088
-0.17270774951778645 0.8340426929104227 -0.0078253215974659 0.8978961376276329 -0.1465104626070505 0.4140759125458788
-0.39439648677695227 0.9948948930353648 0.0074140443658316 -0.0628057634723127 0.249 0.166
-0.4427861176553449 1.2285053834105262 -0.010017542545709 -0.0108134061334074 0.253 0.3329999999999999
-0.22957134029760684 0.3137269762458952 -0.1611100288483609 0.9295696391600856 0.0669999999999999 0.2259999999999999
-0.07411308355777857 1.0868967018571354 -0.0079641578011975 -0.2807392257277655 0.375 -0.08
-0.5512905040206517 1.0616318211922402 0.0017389216188478 -0.0527506955524822 0.2440167159216845 0.2476443787710873
0.42330090339071536 1.3133665498287794 0.0503088568001343 -0.50730657286761 0.2672878197896576 0.0951499326758615
-0.5190322060561092 1.202923351591229 0.0151764291257637 0.3026203137245667 0.1174660712915035 0.4018002551607842
-0.3894223510250261 1.3267100930387814 0.0014737606068628 0.06701031791982 0.3179207485416255 0.2306075735338294
-0.22863845470600053 0.7943245802223915 0.0731406281633189 -0.3337388011746055 0.2249999999999999 0.0
-0.38326436524781404 0.8210566889601935 -0.0137704126662933 0.2514735309377843 0.0949999999999999 0.275
-0.7755488709187408 0.9900323788835426 0.0844600986107047 -0.2067291855971588 0.2962412037997163 0.2579398100141833
-0.620112088221576 1.3025523722139492 0.002496489099178 -0.2611217798492243 0.366 0.1959999999999999
-0.47527210692800415 1.3250564934742726 0.0539441151250967 -0.2365814993293352 0.371 0.153
-0.5042644196498747 0.7443425893906797 -0.0099333895550473 0.0513404650925396 0.1919999999999999 0.1879999999999999
-0.30625816377376935 1.200616371743438 0.0949081897911387 -0.6722531240003318 0.407 -0.076
-0.24467967861131035 1.0170991734388597 0.0450279252954767 -0.0747034813751678 0.166 0.243
-0.5402527790620526 0.7450041704728138 0.0145935702249995 -0.0535127092311105 0.186 0.2239999999999999
0.18682194975525368 0.7066361884175734 -0.1203911448737515 0.501035361391643 -0.1049122268010891 0.2209999999999999
0.09999330045488697 0.9720591906707606 -0.0985525272852876 0.8354179827130004 -0.1258949113262798 0.40671771921148
-0.2859786175160228 0.988971773132824 0.0243288149065467 -0.2870058971265454 0.267 0.0
-0.14263674524550463 0.7505821871473017 -0.0332115741520468 0.3247077933587067 0.0 0.2248987607193741
-0.5955060225709063 0.8292209379503545 0.0336100327575326 -0.2613065645886318 0.279 0.166
-0.299804482041619 1.1823534802243116 -0.0639719462195804 0.7160039097263495 0.0 0.4173163162386532
0.10408026384713664 0.4915923082499419 0.0554847625417139 -0.0570124934732627 0.0 0.0
0.18264747399599213 0.4570451660561185 0.0996020821146557 0.0211716803981415 -0.1030351798056696 0.1560087949514174
-0.20517465134637702 0.6512395174293167 0.0979064425599907 -0.6437944166605374 0.252 -0.064
0.1054270531867596 0.6320087791607472 -0.1375288762476799 0.5117222367268218 -0.0720709498753807 0.2119999999999999
-0.31675262505687085 0.5892424119344309 -0.1002262850547637 0.3564862921384032 0.0939999999999999 0.2169999999999999
0.024506884038798804 0.20973351625658 0.0105402364823143 -0.0242140938666332 0.0 0.0
-0.18828378671850388 1.2071664201021002 0.0209711139202766 0.4358698974946119 0.0192220973458154 0.4192967525361287
-0.7191552813392144 1.0858971783886031 0.0290055683851426 -0.221223195992452 0.3209999999999999 0.256
-0.6633840262390311 1.3289636588227545 -0.0072954530422496 0.0222689196377685 0.301 0.354
-0.5986206142629413 1.277696620367389 0.0035687298753535 -0.286138089734137 0.3671102764903308 0.1878897235096691
0.5023773362047423 0.7287489421737653 -0.1370253261374573 0.4995773685068844 -0.195 0.2229999999999999
-0.47037562373179354 1.0191913317402408 0.034159471919537 -0.0017398061328403 0.247 0.2083959170099004
-0.20002058985536086 0.6883508600460139 0.0492120294599471 -0.2987020483638293 0.2039999999999999 0.0
-0.1626568164106157 0.9789664914302256 0.0237449910121549 -0.337131225724798 0.27 -0.0529823396495678
-0.6117390619117358 1.2514107451170955 0.044505806138001 -0.277705722849781 0.37 0.244
-0.6061578769524811 0.8948408605017135 0.0262078391009989 -0.2072951351402374 0.279 0.169
-0.41179747047509263 1.2241519415790971 0.0223030068516389 0.3735835011404699 0.0838716939825058 0.4161978454360689
-0.20483891317484293 0.4119813846593589 0.0452607507729821 -0.5234706218819561 0.174 -0.0290778500597724
-0.4730554621929173 1.0209240096782977 0.0595015632576068 -0.6425240004299756 0.3259999999999999 0.0
-0.5714609495765288 0.9105560728399495 0.0151428673660881 -0.0465215057549106 0.2300158998779959 0.2049999999999999
-0.6567428098293426 1.3378935766466575 -0.0054772757356712 0.0307576578968211 0.3 0.356
-0.17990652338376822 1.1368555894078052 -0.0113992609275344 0.538881083088314 -0.063 0.412
0.11415015311725396 1.0461996151734692 -0.1097438132807843 0.497882588126519 -0.0969999999999999 0.365
-0.38499528979691666 0.7931498010959297 -0.0086701625365003 -0.2679210257016252 0.2185121624464873 0.0982004512402427
-0.16077018972121215 0.6649340202724271 -0.043047583868796 0.3405752693441078 0.0 0.2249999999999999
-0.3506770023593919 0.7940099546496224 0.040786981696838 -0.4331308365149249 0.266 0.0
0.21710953021805895 0.2116709419858367 0.0186683180868081 0.883120828179737 -0.1619999999999999 0.2089999999999999
-0.2534201889934429 1.226200656397153 0.0940728756126792 -0.5718467438100839 0.396 -0.087
-0.20010818244731055 0.8557527657724799 0.0771947963335459 -0.4878340842051759 0.271 -0.0459999999999999
-0.190230982463655 1.1014111646107698 -0.0367906452535177 -0.0974714387820984 0.373 -0.065
-0.16834890388012336 0.7516024899961518 0.0779407029500594 -0.5670131504818939 0.257 -0.072
-0.4500184841223531 0.570072993502768 0.0652002622380004 -0.4015275295147277 0.2339999999999999 0.0849999999999999
-0.23847668404461064 0.9820936629429442 0.0135216484937956 -0.2986840709517534 0.2739950151998641 0.0
-0.7541356910906183 1.263249128067784 0.0094893922231062 -0.0341228803245375 0.312 0.3379999999999999
-1.037954524350595 1.3062391842869132 0.0455465298960635 0.141029804315866 0.3352284236054971 0.419
0.07527028749477138 0.386847936077897 0.0342482398846903 -0.0180980170494565 0.0 -0.0459999999999999
0.600582752119353 0.590412017479699 0.0172131871149058 0.2871597054640699 -0.1709999999999999 0.123
-0.7565795965734545 1.035241828570773 0.0286220044350759 0.0188523782791338 0.2393418933925596 0.3033418933925597
-0.14651533698817776 0.9025340830760068 -0.0464031757106937 0.3062817637842238 0.0 0.2850427670515184
-0.8051388278208482 1.002675266410363 -0.0041089160907475 -0.4616304859566178 0.377 0.1499073578205949
0.03790875138934391 1.0121290092352215 -0.0963600877077155 0.7583357385273249 -0.1172221722114157 0.4056724935627014
-0.22860670570054142 0.5756293169402127 0.0205612098838035 -0.2505893496097056 0.163 0.0
-0.2766476620623759 0.3049803975626598 -0.0978292786574389 0.4759728854256776 0.1510007171029043 0.0
0.34461988803947685 0.9126929784679998 -0.0548512156124374 0.2860739774191637 -0.149 0.2049999999999999
-0.5342224041184163 0.970986321272453 0.0283956280277547 -0.133939959465583 0.277 0.1747344139293794
0.23137698680291585 0.796410839819457 -0.1375288735034015 0.8397760973895319 -0.1639999999999999 0.367
0.0027417976984833725 0.7565942749273832 -0.0973785626856739 0.6741455661881285 -0.0939999999999999 0.303
-0.3454056808782269 0.5611740485894308 0.0067887193583516 -0.3772623878166653 0.2129999999999999 0.0
0.1805264369999371 0.9552688167033812 -0.0012509474802018 -0.1134347156799514 0.0788953753444208 0.1620149463793684
-0.21854533681696875 1.1397227563214185 0.1440054838191044 -0.7127046224744363 0.396 -0.088
0.09940607062461138 0.5099554610983941 -0.0920878050327163 0.6474448214025929 -0.1089999999999999 0.239
0.228680696876023 0.3232881216927908 0.0336072188353434 0.4677462695243857 -0.142 0.179
-0.21812036777664523 0.66563132303147 0.0326742115099072 -0.2909240330738198 0.1994025646545096 0.0
-0.5696300232229667 1.061601489169796 0.0037667012101715 0.1117090383654075 0.2040120563425115 0.2930120563425116
-0.23400529447214935 0.8455888644605271 0.0825840198475051 -0.4914675937088493 0.27 -0.0449999999999999
0.02647067834798622 0.4674554448011548 0.0352479519472215 -0.0099201115597882 0.0 0.0
-0.4605776683987428 0.94202381702251 -0.0031529334215825 -0.0838871815407107 0.2209101085028889 0.2239550542514444
0.01708591245359825 0.6670878531370065 -0.0238570485680133 -0.1234537014999484 0.1560097306277441 -0.0529999999999999
0.18775665390304064 0.6920797397691278 0.0595991947474295 -0.0765449670096959 0.0 0.0
-0.3948635524470534 0.9886281968751534 -0.0118050580938378 -0.2336513760698323 0.263 0.0899999999999999
-0.0034574155456468247 0.6245718417019471 -0.0850381166011583 0.6697027277067303 -0.083 0.2729791807228915
-0.6479394278181383 1.2460316636607434 0.012699142760164 -0.0910275151255069 0.3329999999999999 0.2813322445856874
-0.2582603142081463 0.7196904244755806 0.058855308863755 -0.3668982337905523 0.2309999999999999 0.0
-0.16515472690067812 1.1220183009203188 -0.0295236739365799 0.7908781866319275 -0.0969891453152084 0.4499999999999999
-0.1735953453041117 0.7466936499304824 0.0727878366375042 -0.2869347771984217 0.2089999999999999 0.0
-0.4247136283075223 0.1175606111551259 0.00584959803607 0.96746386050595 0.0502510958517543 0.1879163013827485
-0.7849001788215992 1.032728482992448 -0.0069620898363882 -0.4389832789817965 0.376 0.151
-0.38431892415621727 0.2392323900416653 0.0081161937756802 -0.1148324050938053 0.1382866016295809 0.0632149512221856
-0.6409970587534197 0.8378624770709332 -0.0234768760868017 -0.1998807397070863 0.263 0.1560104349936298
-0.07747458363675519 0.9354797315234752 -0.0134051365322362 -0.1199950178280103 0.127 0.1929999999999999
0.08991529198093096 0.7657095072504948 -0.0654765448393758 0.556230841557679 -0.1050136328611226 0.2780136328611227
-0.40817968352941714 0.829444957004766 -0.0142215497207687 0.2505452851764301 0.0910878317334838 0.2798828910220214
-0.4898662680909771 1.3961829660589276 -0.0416238236022092 0.2492411855872579 0.2405661906165914 0.4499999999999999
-0.610661773776755 1.2556491819082691 0.035149187634983 -0.2345104506651617 0.36 0.263
-0.4331813880007218 0.8314031043150504 0.0363474904491321 -0.2275674298092993 0.244 0.1079999999999999
-0.2734207665616756 0.455840914708723 0.004581805058183 -0.8607523195515165 0.2629564475310458 -0.0769346712965687
-1.0832074076719822 1.1638909468870742 0.0121696941123996 0.2328283970411145 0.3014009417982248 0.42
-0.2738313957260441 0.9711773678207846 0.0390075525075898 -0.3112703343871253 0.276 0.0
-0.011328171748663518 0.6803231858950527 -0.0623865193429712 0.6049178608905373 -0.079 0.27
-0.3806374241488819 1.2407271085353098 0.091978126882107 -0.7428927988590509 0.4499999999999999 -0.0893948632918246
-0.6571768330822292 0.5617175612358352 0.0255607013709003 -0.282268842787719 0.2009999999999999 0.1700106162610047
0.003091093256265831 0.1967365266963059 0.0053293152554135 -0.0206861869981597 0.0 0.0
-0.46701400084864453 1.1278038560854151 0.0260688280409303 0.193054193385753 0.1710798198071373 0.306
-0.509546008738484 1.0858396494274822 0.0286645163460262 -0.1182751952828196 0.2782803658675151 0.2167196341324849
-0.11979835633385005 0.894801462952255 -0.0577673848748148 0.546086114173664 -0.0748319239358378 0.3480084563849727
-0.42035377369933236 0.8228423109451172 0.0376473142067129 -0.2229004368132371 0.243 0.1069999999999999
-0.6781768307541602 1.2190606330109843 0.0546108576965187 -0.4140582271655228 0.419 0.1484310805416526
-0.21226935165305938 0.9907615427273754 0.0403746984148493 -0.2903738668353927 0.2723439629838054 0.0
0.07264578779361597 0.7438982231404382 -0.0892649353204242 0.4210857911934936 -0.077 0.2129999999999999
-0.4490351050955499 1.2926612372992292 0.0467899451249867 -0.4322518370937019 0.418 0.0
-0.48598426095405545 1.2207650133115036 0.0080625601821118 -0.4196246932039993 0.378 0.0989999999999999
-0.7828402388047562 1.1674853407967185 0.0084037470715526 -0.0868437021858126 0.3209999999999999 0.3199999999999999
-0.04015221706444305 0.7625576012783845 -0.0017215521388294 0.0726960201445099 0.0 0.1900728834539929
0.19183869488333838 0.2674307309786985 0.0242222974627001 0.7407562080909519 -0.1589999999999999 0.2079999999999999
-0.3367980877443899 0.5218165509790955 -0.0121802997962628 -0.3383418540561184 0.1961046159561623 0.0
-0.35141517972847036 0.8011568584855616 0.0430163260586537 -0.4289043968602877 0.266 0.0
-0.10031603685770829 0.9637222824567993 -0.0603679047228328 0.5045086484568042 -0.0615863066621002 0.3447643844436833
-0.46638525252237883 0.5674488843837093 0.01391900512463 -0.2418069502994906 0.1939999999999999 0.1079999999999999
-0.19592586535536305 0.9519505283894394 0.0261210025213214 0.2361408075890648 0.0 0.289
-0.21714178003362394 0.7388169139970977 -0.0312484799347297 0.367185212568529 0.0 0.252
-0.4932396515820736 0.9802634683410878 0.0148858814174605 -0.0548838638854146 0.241 0.1989999999999999
-0.4469247282898514 0.9798488953857304 -0.0092310214319139 0.0343307365675297 0.177 0.249
-0.5838803164997319 1.3180408778383172 -0.0234581255482587 -0.4282743991591088 0.416 0.062
0.20546343586816063 0.4776285514191652 0.0544651661681814 0.2876704363229019 -0.1507675087543772 0.2205350175087543
-0.30657665946959023 0.1058589682398967 0.0028846930936723 0.9809435218428364 0.0 0.192033163767179
-0.1612228914739422 1.1057515611631854 -0.0138504004727974 0.6296865035528479 -0.076 0.417
-0.37046868492735197 1.2892794461747354 0.0555668883847215 -0.5263397419674153 0.428 -0.0569999999999999
-0.4042907173809118 0.9780277336180984 0.0129447996113665 -0.2030613549554376 0.2609141475211608 0.1300858524788392
-0.7320993989391544 0.6265754535470309 0.199515964514091 -1.160459079659073 0.3962185073680875 0.0
-0.14188700645178742 0.6642263445594005 -0.0540392927339109 0.320260191140387 0.0 0.2219999999999999
-0.6149338085104739 1.103229021808092 0.0220573175999261 -0.1475591721449832 0.3359999999999999 0.155
0.06980176704788899 0.53641371146956 0.0832263098014814 -0.4880016452672495 0.0 0.0940638578802064
-0.36170981951822334 1.2738252663506355 0.070870650812968 -0.4597986077761803 0.382 0.0
0.19682673434833708 0.295846404354479 -0.0219681614676326 0.7710863423101993 -0.154 0.242
0.21019816463706986 1.1814663593300627 0.1291148034836762 -0.8515022923032761 0.4022930667800936 -0.091812845597618
-0.6587329454442292 1.1308551310325852 0.0391063417342855 -0.2064976005242505 0.3219999999999999 0.252
-0.39115519710188673 0.6765377868069342 0.0134854118846398 -0.1928947665091833 0.184 0.1159999999999999
-0.08119384551305453 1.0264072110520222 -0.031749276509305 0.4228897592577587 -0.0538321552080284 0.3414657241664227
-0.40561233650339146 0.7128205121728262 0.0151648337881778 -0.1805192620561878 0.1919999999999999 0.1159999999999999
-0.27507130726756923 1.2285064587760606 -0.0111683233707029 0.0017088157792681 0.186 0.3399999999999999
-0.679836357627302 0.4964866241963947 0.0287884655539197 -0.3804043683418315 0.2009999999999999 0.153
-0.95222099803977 1.0031781114836338 0.0831619392767452 -0.3927806691007957 0.355 0.248
-0.49334952745790694 1.3217330698023677 0.0227311747854372 -0.4217368956562867 0.412 0.1069999999999999
0.1491154712315257 0.727349371464729 -0.0758858452127014 0.6293618219384159 -0.1119999999999999 0.2779868149324861
-0.3340363287450354 1.123916217113212 -0.0056074745537536 0.0768141182867586 0.15733367764309 0.2628313535522323
-0.00519757929566822 0.5912813819217745 -0.0682138238165464 0.9900590184927948 -0.097909715037281 0.3293129201997487
-0.4646193915647845 1.2140693164114222 0.0197524961829543 0.3293494819330423 0.1062679455218376 0.4065994519192125
0.04525162567040164 0.4202576935502493 -0.0843241303319652 0.7962007545641716 -0.139181830698904 0.241
-0.039380496779175544 0.9150825642331072 -0.0838996139215426 1.0053541767213672 -0.1788391340828998 0.423
-0.17962898806397787 0.8806049051563397 0.0774883067917147 -0.5000643389359034 0.27 -0.0469999999999999
-0.3168085707155699 1.17375522703011 0.0874203172968711 -0.6772811263543962 0.407 -0.074
-0.12913038297826585 0.3735544105198854 -0.076683975712653 0.1386899400800314 0.1739550030050392 -0.0512100013869411
-0.10251624786379088 1.0167674650441276 0.0012960598457699 0.2329210822583764 0.0 0.2766633012379643
-0.14092588158708397 1.2060173253972908 -0.085022191435663 0.3897879676390527 0.0026919675755342 0.3915444362564481
-0.2114595758158 0.7974715009033275 0.0740676021832365 -0.3099804506486419 0.2229999999999999 0.0
0.21881354497330419 0.7054489121415765 -0.0837761174356579 0.6660525581686334 -0.12 0.269
-0.4769696483368313 0.5077885129739674 -0.0665405179396099 -0.0712645824565436 0.271 -0.067
-0.34877327009272485 0.6419722213824801 0.0189763879889785 -0.0581563371457389 0.1438430744595676 0.153
-0.32678232429847465 0.4668867619371725 0.0783004585972566 -0.9998749562717454 0.2829970527856257 -0.06997936949938
-0.3104212556011643 0.998695996601428 -0.0092654837397121 0.0720543731212822 0.1299473518903851 0.2630175493698716
-0.5273163782316392 0.9784035375798508 0.0246751515620697 0.0721392982659732 0.243 0.2593039286142053
-0.11855370523822129 0.7791146217735887 -0.0050236571714751 0.1839405590073198 0.049 0.2069999999999999
-0.4201734768297083 1.267723179608524 0.0238576648676358 -0.4753726916093314 0.3925540783686526 0.0
-0.48245467616725657 0.5147171439142174 0.0734655581810022 -0.450400912476773 0.2339999999999999 0.0789999999999999
-0.3934754748147484 1.3264592289200607 0.0330796220852294 -0.4999796744936803 0.419 0.0
-0.5377505334411292 0.8564164504292626 0.1331061403307217 -0.918437683174044 0.362 0.0
-0.6074141021433932 1.3284034416882904 -0.0203206152642254 -0.442620281628983 0.418 0.057
-0.1677530466076238 1.0782818648738868 0.0230635333675148 0.0508026814155471 0.1169999999999999 0.261
-0.15131469143296217 0.7596466813253705 0.0717419292882459 -0.3120648333698455 0.2099999999999999 0.0
-0.19240211025750353 0.7657610532179949 0.0802458767632433 -0.3070541165231978 0.2109999999999999 0.0
-0.018915474228403673 0.93731729474142 -0.0699352543890627 0.9740104940566424 -0.1693961631338878 0.423
-0.4985396302085854 1.345942530624053 -0.002227766491628 -0.2050594437390401 0.3899095945769782 0.1537232433841742
-0.14689144953260458 0.6797125758507878 -0.05449244084316 0.3353625797892618 0.0 0.2169999999999999
-0.3276913013166749 1.033636953235778 0.0304558268766357 -0.1829115688460398 0.269 0.0983167558799675
-0.5466090297052362 1.3153910754970934 0.0194661210858379 -0.3801800719368193 0.411 0.1159999999999999
-0.13968919540502056 0.7768493170864739 0.0527321635864817 -0.4935503786632499 0.256 -0.065
-0.2938858893079521 0.6044083746581598 -0.0520957101183025 0.1974884539972746 0.0669999999999999 0.236
-0.40826077349177203 0.8531135109000015 -0.0220470113182358 -0.2170328826219013 0.2282977509693933 0.1205318339795955
0.06939189505133392 0.8074837913057756 -0.0642098489050403 0.2921452397265807 -0.076 0.2169999999999999
-0.40850001602635744 0.7063484003375468 -0.0053949309461729 0.0955072772193523 0.1479180229382851 0.1830819770617149
-0.13314376860277033 1.143093359722022 -0.053819892840773 0.0867234367039659 0.0709999999999999 0.3139999999999999
-0.570718812256864 0.7279168411410964 0.0646268960774023 -0.3985274592399048 0.28 0.153
-0.047224752947326865 0.7716735343218265 -0.0036139776492325 0.0386274106128399 0.0726828441597139 0.1899999999999999
0.16010167947227094 1.1696411464284735 -0.0712037808811598 0.7019640955229571 0.182 0.3239999999999999
-0.4913295958539199 1.3150322898822462 0.0395579917383936 -0.462947268741412 0.422 0.0
-0.19918954370198305 0.8161701444842324 0.0701380097230002 -0.3336543836822978 0.2209999999999999 0.0
-0.44776546288082697 1.1235819749096012 -0.0082911567827906 0.1122743695268592 0.2127010342452202 0.2956701141507343
-0.5736846575103827 0.3840889075385729 -0.0917751650627263 -0.0595999971998958 0.265 -0.0577401273151481
0.1006099347634426 0.7849887076994785 -0.0603340532809782 0.5331374793974557 -0.0960503369005152 0.2769748315497424
-0.15997372094394446 1.0373012435473257 -0.0361408664742955 0.8929862915192255 -0.1129999999999999 0.4499999999999999
-0.4553826853765397 1.3196599198676382 0.0318123032408633 -0.4927158150417974 0.424 0.0
-0.05818794464697685 0.8800243448478231 -0.0661436050985238 0.6349237153620189 -0.0966098321342925 0.366
-0.21358905770279546 0.8341517072218793 0.05266392766457 -0.3407581958994522 0.3046712346030249 -0.0460274076181492
-0.034633546447868646 0.7442316507575348 -0.0974612875035072 0.6848538716023056 -0.0949999999999999 0.303
-0.3272350188720896 1.2411913531096717 0.00407551782474 0.5075815851530473 0.0 0.4499999999999999
-0.404134987623852 1.2687193295997543 0.0232806961264003 -0.4907268868864469 0.407 0.0
-0.43056881994061214 0.987965143623622 -0.0140067584825192 0.0384785362460723 0.1729612469074715 0.2530193765462642
-0.25656217280887406 1.3234331354270703 0.0175902237999778 -0.3579268013914592 0.3574363918532336 0.1534865467927458
-0.4815740314393824 0.7010679589871311 0.0483966668079978 -0.3152309589814391 0.239 0.1060026618191261
-0.8287701833552585 1.1197298288345108 -0.0076534517578895 -0.1199773114921026 0.3349999999999999 0.31
-0.03532084120298484 0.5215941392236235 0.1049291400013218 -0.3069655599708502 -0.0877871870842907 0.1610297496674326
0.22296699654928087 0.2229563607104472 -0.0084219374918906 0.7895150657347905 -0.149 0.1929999999999999
-0.03369883770050208 1.1278289398144556 -0.0699072739235987 0.4086818837136894 -0.066 0.36
-0.4092798365409389 1.2724710283130518 0.068315934039067 -0.4668885109774975 0.381 0.0
-0.37911935812935393 0.8839188326207124 -0.0208128345690051 -0.2156961630877577 0.2272983503840233 0.1204327834613411
0.18823248478467336 0.5104155567284092 0.0624989550820742 -0.0670561803926155 0.0 0.0
-0.31830399137941834 1.292883979707063 0.0482719076810597 -0.3691763451888652 0.376 0.0
0.18169402745427665 0.3020694974820017 0.0367893608343411 0.5236877436189967 -0.1419719542693819 0.1820280457306181
-0.6349164350933956 1.3227520760607274 -0.006545042325578 -0.1808035545401166 0.36 0.247
-0.6779514091269778 1.3460137612295917 0.000524589535572 0.0478470874683231 0.3 0.358
-0.2646873415377837 1.1392564926050632 -0.0113950442872003 0.0146598112927863 0.1700333384664601 0.2418999927055566
-0.14004751161762585 0.9595197577689362 0.0380191684079169 0.1452691137505406 0.0 0.274
-0.5486841734095771 1.3936460575302008 0.0387635599199721 0.0703317329459914 0.3814258434118396 0.317870782940802
-1.0076815451177046 0.9842925367334736 -0.024626632614642 -0.0861235100552222 0.3409999999999999 0.303
0.08033271936797037 0.7764964085183376 -0.0641516632640752 0.3220376467617265 -0.073 0.2109999999999999
0.012677912930495472 0.6811221209739394 -0.1161032764798661 0.9214908568609664 -0.17674550239132 0.3650508995217359
-0.3986264729186084 1.0058496219933457 -0.0070233787420121 -0.0623849073618286 0.2169999999999999 0.2006689488395464
