time,u,v,r,throttle_left,throttle_right
1733714788.7466788,0.6260480779155922,0.0031216417061812217,-0.06921236962080002,0.3759999999999999,0.29400000000000004
1733714788.8466787,0.644537637738186,0.006938127271866598,-0.07073917181090549,0.3779999999999999,0.29400000000000004
1733714788.9466786,0.6603486464396509,0.00877082420249643,-0.07155109110414193,0.3879999999999999,0.29400000000000004
1733714789.0466785,0.6778148255556015,0.009326285107515245,-0.06915790603450998,0.3899999999999999,0.28600000000000003
1733714789.1466784,0.6905282633688025,0.007266857880943504,-0.0709737736391463,0.3879431400912428,0.28800000000000003
1733714789.2466784,0.7062654573062235,0.001183116332910876,-0.08418356810560118,0.3899999999999999,0.28001554327590794
1733714789.3466783,0.7204401360972976,-0.0035198940474361904,-0.11084912408401373,0.3899999999999999,0.276
1733714789.4466782,0.7326644989345834,-0.0018108947548624937,-0.13449235098657294,0.3879999999999999,0.28400000000000003
1733714789.546678,0.7407206263395153,0.002146760947948478,-0.1413118265606379,0.3879999999999999,0.28400000000000003
1733714789.646678,0.7511254902343603,0.009740360804245713,-0.1495078910616597,0.3919999999999999,0.28200000000000003
1733714789.7466779,0.7615918598511818,0.015468603886389145,-0.16095797113451518,0.4019196300231235,0.2839598150115618
1733714789.8466778,0.7769909795607364,0.020788931580031922,-0.161976718608704,0.3879999999999999,0.29600000000000004
1733714789.9466777,0.7895615348081616,0.022933070256909452,-0.14723099290484368,0.4018943561773772,0.30000000000000004
1733714790.0466776,0.8117794853842135,0.022546871159372893,-0.11891188291122701,0.3959999999999999,0.30600000000000005
1733714790.1466775,0.8278812288014237,0.018792289881375025,-0.10292242856293206,0.3981182231158772,0.3118817768841228
1733714790.2466774,0.8433744080044971,0.012902465627519236,-0.09830893284062459,0.4039999999999999,0.30201817220026766
1733714790.3466773,0.8518006004536781,0.007608070284547107,-0.10018823124762502,0.4079426108374383,0.30200000000000005
1733714790.4466772,0.8595695889436126,0.0020227194349310626,-0.10183058172470026,0.4119999999999999,0.30000000000000004
1733714790.546677,0.8665928830619316,-0.0019833418695715784,-0.10560801290767786,0.4159999999999999,0.29800000000000004
1733714790.646677,0.8728640264785602,-0.005301943796350175,-0.11536805882279232,0.4159999999999999,0.2999958204001353
1733714790.746677,0.8806190954712155,-0.009440082712202163,-0.12334609223660764,0.4059999999999999,0.30800000000000005
1733714790.8466768,0.8879412099439276,-0.011424805716046128,-0.1165929115527959,0.4079999999999999,0.30800000000000005
1733714790.9466767,0.8962692223318353,-0.013015378377413586,-0.10440261192683668,0.4139999999999999,0.30800000000000005
1733714791.0466766,0.902620729651487,-0.013775096420452593,-0.10896540412273652,0.4157108294096341,0.31000000000000005
1733714791.1466765,0.9076075737701097,-0.012917390855385548,-0.12469822502140589,0.4059999999999999,0.30400000000000005
1733714791.2466764,0.9105326754372188,-0.010293067689498723,-0.13027968340362353,0.4179999999999999,0.29600000000000004
1733714791.3466763,0.9147494568639457,-0.008311141894082885,-0.1294862806317186,0.41409076823757257,0.3058184635248548
1733714791.4466763,0.9200699285578661,-0.006409237596690118,-0.11949777409132746,0.4179532330336211,0.31800000000000006
1733714791.5466762,0.9262187505500727,-0.005811618634841168,-0.10694375580212966,0.42999999999999994,0.30600000000000005
1733714791.646676,0.9344691884508336,-0.006922397853913538,-0.10408784391936286,0.4139999999999999,0.3100605208424877
1733714791.746676,0.9413472714366101,-0.010616040685042785,-0.11294615882040193,0.4020142235505258,0.31099288822473714
1733714791.8466759,0.9429445149373151,-0.01145916318850237,-0.11484483577070692,0.3954888842693864,0.3165555786530676
1733714791.9466758,0.9435097725312669,-0.012558870198248837,-0.10778632695503317,0.39468897504896555,0.3205551247551717
1733714792.0466757,0.9470195649015163,-0.013664047552357991,-0.10005774840166294,0.39388906582854477,0.32455467085727585
1733714792.1466756,0.9492475875058521,-0.014850945044247795,-0.09343172677061481,0.39308915660812394,0.32855421695938003
1733714792.2466755,0.9513060561301212,-0.01627617983412731,-0.09095161383028418,0.3922892473877031,0.33255376306148415
1733714792.3466754,0.9537870201068093,-0.01845988223595177,-0.09200360834659137,0.39097843523727716,0.3319568704745546
1733714792.4466753,0.9541486797585572,-0.021778817133959107,-0.09024512168672635,0.3893782391376192,0.32875647827523874
1733714792.5466752,0.9515340954587207,-0.02400609911126607,-0.08115296194102768,0.3877780430379613,0.32555608607592285
1733714792.646675,0.9471710686552383,-0.025562088592903476,-0.06969621156851535,0.38617784693830337,0.322355693876607
1733714792.746675,0.9451166742778481,-0.02650126351502725,-0.07064847376214341,0.3845776508386455,0.31915530167729117
1733714792.846675,0.9447631447562758,-0.02549354633783738,-0.07699490599138498,0.38629985817699025,0.3177444602025567
1733714792.9466748,0.9459783314262544,-0.02545109766945045,-0.08094075123938284,0.3898989400219765,0.3173445622197804
1733714793.0466747,0.9495263955983011,-0.02763752536279596,-0.07688684637440302,0.39349802186696275,0.3169446642370042
1733714793.1466746,0.953789542423051,-0.030659769121919193,-0.07752155217159151,0.39709710371194906,0.31654476625422795
1733714793.2466745,0.9604277286256938,-0.0350851866703179,-0.08168446618915887,0.4006961855569353,0.31614486827145166
1733714793.3466744,0.9608517161344374,-0.03719121091989309,-0.08588355338486355,0.41041546295334086,0.3190601683466695
1733714793.4466743,0.9612952546603626,-0.036076607569139045,-0.09391578789869394,0.4236112848898901,0.3238586490508692
1733714793.5466743,0.9619841370081306,-0.035537102169840545,-0.09971879195353224,0.4368071068264393,0.32865712975506894
1733714793.6466742,0.9635227604495943,-0.03566363533283804,-0.1044897648745194,0.4500029287629885,0.33345561045926864
1733714793.746674,0.9681892702794355,-0.03709141535713275,-0.1122691872949746,0.4631987506995377,0.33825409116346833
1733714793.846674,0.9798065581538532,-0.03986777466505377,-0.11625185177682658,0.44076931807776826,0.3542515718471494
1733714793.9466739,0.9885879753534668,-0.04143195661131632,-0.11408554781736882,0.3979641336527896,0.3766542851910634
1733714794.0466738,0.9931451647889357,-0.04016293742370538,-0.10077041173767408,0.355158949227811,0.39905699853497745
1733714794.1466737,0.9940234862460765,-0.04046469890165223,-0.09319486306590678,0.3123537648028324,0.4214597118788914
1733714794.2466736,0.9850993805693026,-0.03774544708642083,-0.07740683520648664,0.26954858037785373,0.4438624252228055
1733714794.3466735,0.9743486415129977,-0.03748249081750336,-0.04119843245774345,0.17224457471993287,0.4683001470963373
1733714794.4466734,0.9539596803846944,-0.037664595920601354,0.018386657493393497,0.043851615318045184,0.4938987433633804
1733714794.5466733,0.9373882148191017,-0.040630777530504585,0.09532106679205932,-0.0845413440838425,0.5194973396304234
1733714794.6466732,0.9163159820482121,-0.04736584039740944,0.16681688006444134,-0.21293430348573023,0.5450959358974665
1733714794.746673,0.8844110968644726,-0.0529572012925946,0.22476399092542254,-0.34132726288761794,0.5706945321645096
1733714794.846673,0.8380237044823452,-0.06683487115298548,0.3562235760612358,-0.3831647020299684,0.5794910212663126
1733714794.946673,0.8058532673004254,-0.08384670599763742,0.45739830948336263,-0.37556782822604057,0.5786913503395833
1733714795.0466728,0.7706447347046258,-0.11186628575446009,0.5680846483104397,-0.36797095442211275,0.577891679412854
1733714795.1466727,0.7541727891958382,-0.12443334661714266,0.6165672750082141,-0.36037408061818493,0.5770920084861249
1733714795.2466726,0.7281380545235673,-0.1436068482698199,0.6755069356876949,-0.35277720681425706,0.5762923375593956
1733714795.3466725,0.6943758300481389,-0.1542374425787177,0.6952928068860883,-0.2517812757665773,0.5706703017857834
1733714795.4466724,0.6643558468086267,-0.1633358334480299,0.6981856216925116,-0.09696658529455388,0.5622695046283867
1733714795.5466723,0.6462692227527864,-0.16754207210895447,0.6899281477801887,0.05784810517746952,0.55386870747099
1733714795.6466722,0.629031610384393,-0.1741008471138869,0.6589672323182015,0.21266279564949297,0.5454679103135934
1733714795.7466722,0.6302684814081438,-0.17861822253662515,0.6200523551159779,0.3674774861215163,0.5370671131561968
1733714795.846672,0.6442332556214123,-0.1727743483096612,0.5153655395449627,0.42679410896413245,0.5332379702825093
1733714795.946672,0.6559891359741424,-0.16292410014904365,0.4186622865592802,0.4311949588528886,0.5320377384946667
1733714796.0466719,0.6684537369173174,-0.14031775895219017,0.31032387719971544,0.4355958087416447,0.5308375067068242
1733714796.1466718,0.6853095970237332,-0.11500227984548086,0.22674118672872945,0.4399966586304009,0.5296372749189816
1733714796.2466717,0.694996027314764,-0.10103150119767072,0.2040428161245373,0.44439750851915705,0.528437043131139
1733714796.3466716,0.7121777194965139,-0.08450952443172662,0.16668828764216664,0.45490031474335685,0.5285085894139061
1733714796.4466715,0.7281221817795442,-0.06602662275182257,0.13839368097580676,0.4688974314234199,0.5293084246527668
1733714796.5466714,0.7498234004485603,-0.05301612535203069,0.11353761830945229,0.482894548103483,0.5301082598916276
1733714796.6466713,0.7702872783308908,-0.04295483723749204,0.08590140961835241,0.496891664783546,0.5309080951304884
1733714796.7466712,0.7951744469743377,-0.03075972635740088,0.04428644270940674,0.510888781463609,0.5317079303693492
1733714796.846671,0.812391539251749,-0.020981980732116347,0.033562895672115206,0.5154918285973566,0.5314918285973567
1733714796.946671,0.8307829990463061,-0.014798634501816212,0.0412466059194571,0.5146913541488244,0.5306913541488244
1733714797.046671,0.8509994779163533,-0.011487437107939778,0.04115358106932074,0.513890879700292,0.529890879700292
1733714797.1466708,0.8711967428522889,-0.01555443312394681,0.019779485105543428,0.5130904052517598,0.5290904052517598
1733714797.2466707,0.8904386569396093,-0.01579132967189699,0.0017415734621619241,0.5122899308032275,0.5282899308032275
1733714797.3466706,0.9097057430207098,-0.011419625643711432,-0.0010378735625812467,0.5127644309695228,0.5295288619390457
1733714797.4466705,0.9249597054593762,-0.005869897892286385,0.007988357441190995,0.5139629719060267,0.5319259438120535
1733714797.5466704,0.9391507516351401,-0.00480040821450401,0.005807263901216809,0.5151615128425306,0.5343230256850612
1733714797.6466703,0.9605581435210336,-0.006984029117041942,-0.009095673320316506,0.5163600537790345,0.536720107558069
1733714797.7466702,0.9764875885931465,-0.009015773081033043,-0.010547494475320964,0.5175585947155383,0.5391171894310767
1733714797.8466702,0.9924050554769067,-0.012089467012123694,-0.005480223986305526,0.5195171796430559,0.5417700429168986
1733714797.94667,1.00538833096777,-0.012387861719066657,-0.01105294408711333,0.5219188653982149,0.5445720096312506
1733714798.04667,1.0158526226351783,-0.009362569955287618,-0.019911578692185548,0.5243205511533737,0.5473739763456028
1733714798.1466699,1.0291093963636881,-0.0009052265099426561,-0.02209944193963922,0.5267222369085327,0.5501759430599549
1733714798.2466698,1.0401632558410738,0.0028058198086884493,-0.01804010759740191,0.5291239226636917,0.5529779097743069
1733714798.3466697,1.048073049871121,0.002655036542345157,-0.014425256437945365,0.5561664747743895,0.5672102591094006
1733714798.4466696,1.057114500802446,1.63319533470738e-05,-0.013444983870970633,0.5973589911186057,0.5880064809530825
1733714798.5466695,1.0686020170254567,8.78660739720606e-05,-0.007646471497943918,0.6385515074628217,0.6088027027967644
1733714798.6466694,1.0852254359916655,3.290641939983439e-05,-0.004641247395133517,0.6797440238070379,0.6295989246404463
1733714798.7466693,1.120038721261339,0.0008396075907448146,-0.019894549146982004,0.720936540151254,0.6503951464841282
1733714798.8466692,1.1721072246032844,0.005039000534594732,-0.05140416666408995,0.749696443220564,0.68869017832756
1733714798.946669,1.2512533216725408,0.014822396045610139,-0.05612151857363288,0.771288916768873,0.7370733135006227
1733714799.046669,1.3268530080191414,0.01773711399823575,-0.04009962207674013,0.792881390317182,0.7854564486736855
1733714799.146669,1.4174823775370993,0.013991374532020403,-0.025419000111986292,0.814473863865491,0.8338395838467482
1733714799.2466688,1.4710080732668445,0.010035246912686216,-0.0035585468725015967,0.8360663374138,0.8822227190198109
1733714799.3466687,1.526516504248462,0.003428274021340363,0.012464679906780273,0.8510850178103945,0.8999999999999999
1733714799.4466686,1.559318027003541,5.799965161102955e-05,0.011790889931107447,0.8622853382544383,0.8999999999999999
1733714799.5466685,1.611057945131242,-0.0018856218065790092,-0.017516948142055518,0.8734856586984822,0.8999999999999999
1733714799.6466684,1.6476610410596508,-0.0042240042750070865,-0.05570991235270075,0.884685979142526,0.8999999999999999
1733714799.7466683,1.664491709609564,-0.00746161545784862,-0.0645296692570823,0.8958862995865698,0.8999999999999999
1733714799.8466682,1.6695228637770796,-0.011358407201905965,-0.058482100035850124,0.8999999999999999,0.8999999999999999
1733714799.9466681,1.6772581900042667,-0.017551276494947685,-0.04074907887511661,0.8999999999999999,0.8999999999999999
1733714800.046668,1.6825021084777956,-0.028543453454733646,-0.011301221831643045,0.8999999999999999,0.8999999999999999
1733714800.146668,1.6811068352754588,-0.04321398515476841,-0.01208686916602736,0.8999999999999999,0.8999999999999999
1733714800.2466679,1.6776407973429024,-0.05242380730802509,-0.02119285531423505,0.8999999999999999,0.8999999999999999
1733714800.3466678,1.6676702663214502,-0.05936890271003047,-0.032746722058589445,0.8655186593491252,0.8875765757949053
1733714800.4466677,1.6562314998804801,-0.05335334558583446,-0.03926518971280113,0.8111305372595832,0.8679808553361733
1733714800.5466676,1.642558876385512,-0.047447415637365986,-0.03667139880821263,0.7567424151700413,0.8483851348774414
1733714800.6466675,1.6239928620740107,-0.041844207936108255,-0.02412050994828399,0.7023542930804992,0.8287894144187093
1733714800.7466674,1.598753165289757,-0.04468847926002573,-0.014180243210060124,0.6479661709909572,0.8091936939599773
1733714800.8466673,1.5012457294461254,-0.05491701644675633,0.03366324216992541,0.509756956350673,0.7561713256948005
1733714800.9466672,1.3762031154978687,-0.07241921676739395,0.08367789577415938,0.3229280030522337,0.6837601039667116
1733714801.046667,1.1831656694447503,-0.09247432614373964,0.09282100694763898,0.1360990497537944,0.6113488822386226
1733714801.146667,1.0692577240924968,-0.09762236798121375,0.04594429739741094,-0.050729903544644905,0.5389376605105338
1733714801.246667,0.9899224120449356,-0.09349317741236847,0.05551677015443889,-0.2375588568430842,0.4665264387824448
1733714801.3466668,0.9449709450746214,-0.09155069338581193,0.1128410669361645,-0.2912977668499609,0.4308744759758377
1733714801.4466667,0.90918313630688,-0.09312094519209335,0.21472974591064684,-0.2680960298866043,0.41647339786065096
1733714801.5466666,0.8988640617602992,-0.10236263794291275,0.29266745252980353,-0.24489429292324771,0.40207231974546415
1733714801.6466665,0.8970018178968476,-0.12259510701625811,0.37898339933990954,-0.22169255595989112,0.38767124163027733
1733714801.7466664,0.9013518461163808,-0.13547790945397822,0.3995689876365669,-0.19849081899653453,0.3732701635150905
1733714801.8466663,0.9114656298119124,-0.15130701482869194,0.4253793948149829,-0.19963119270951468,0.38092607442592774
1733714801.9466662,0.9176296728869845,-0.16638709039766325,0.44089884270108454,-0.2148212984794969,0.40131279532774594
1733714802.0466661,0.9180986330928106,-0.1797057902138625,0.43706837625824857,-0.23001140424947913,0.42169951622956414
1733714802.146666,0.9099010841324644,-0.191024026497993,0.42562847844963975,-0.24520151001946136,0.4420862371313824
1733714802.246666,0.8860628471438238,-0.1971388970820042,0.4207152863034427,-0.2603916157894436,0.4624729580332006
1733714802.3466659,0.84848375786206,-0.1973108986961337,0.4343562649302394,-0.27878785204975964,0.4781624587551657
1733714802.4466658,0.800155137759012,-0.20336844150435252,0.4906188643385643,-0.29906070427177445,0.49110257719474965
1733714802.5466657,0.7341380679681438,-0.20829136759670983,0.5967127472636737,-0.3193335564937893,0.5040426956343336
1733714802.6466656,0.6791351103755792,-0.2070731359742914,0.6546831542022259,-0.3396064087158041,0.5169828140739176
1733714802.7466655,0.621803879007206,-0.20359484035990344,0.6896865544644692,-0.35987926093781897,0.5299229325135015
1733714802.8466654,0.5783303133118802,-0.20224431456956485,0.7028504870723008,-0.362,0.534
1733714802.9466653,0.5322057147894838,-0.20093875930742142,0.7142005369835636,-0.362,0.534
1733714803.0466652,0.47752129364236723,-0.19066701199458727,0.7212479979299299,-0.364,0.538
1733714803.146665,0.4376697746400818,-0.17667738727758603,0.7373771403742762,-0.3621568073676132,0.538
1733714803.246665,0.40839563382804434,-0.15355223003024418,0.7598115436244218,0.0,0.4365248844884488
1733714803.346665,0.40671768954536064,-0.13530996489627162,0.7365425878359011,0.1224525814719884,0.49374209691199805
1733714803.4466648,0.4214997815442482,-0.11085876855487581,0.6929348162466211,0.268,0.502
1733714803.5466647,0.45836226171840466,-0.09308529533780108,0.6712341505487138,0.44399999999999995,0.5
1733714803.6466646,0.5218211373571195,-0.08319241818625,0.5968368617626258,0.498,0.5
1733714803.7466645,0.5871818737491987,-0.0837448053890477,0.4325808408256532,0.536,0.504
1733714803.8466644,0.6397705541313402,-0.0940203046687903,0.29034904130304023,0.5820000000000001,0.5
1733714803.9466643,0.6886870340407144,-0.10121665336554589,0.15669106278222872,0.5860000000000001,0.498
1733714804.0466642,0.726527354222329,-0.10126001690221278,0.02850332705800403,0.5780000000000001,0.502
1733714804.1466641,0.7546053553276796,-0.09140910632696911,-0.07366669591821763,0.5780000000000001,0.502
1733714804.246664,0.7722095045402609,-0.06962807746366416,-0.16001005407687566,0.5860000000000001,0.492
1733714804.346664,0.7818858050651142,-0.03865981961247411,-0.22015057643401784,0.6120000000000001,0.486
1733714804.4466639,0.7974130324721644,0.0016820026063938554,-0.26156477322558164,0.6439999999999999,0.43999999999999995
1733714804.5466638,0.8217922091153254,0.04931510885706063,-0.2780258138641558,0.6659999999999999,0.42199999999999993
1733714804.6466637,0.8453448347536289,0.07916960428935718,-0.2629277910720614,0.76,0.09200000000000008
1733714804.7466636,0.867905889147738,0.09608756764957288,-0.3074274458046361,0.774,0.0
1733714804.8466635,0.9108878042411394,0.10338701929207975,-0.3617897580512171,0.78,0.0
1733714804.9466634,0.9611446205013199,0.0988523460123132,-0.37118347312830685,0.784,0.0
1733714805.0466633,1.0117938599540413,0.08812808593384967,-0.36251801407284356,0.776,0.0
1733714805.1466632,1.0717071741729174,0.07001261655723305,-0.3633035443502884,0.768,0.0
1733714805.246663,1.1129415488569363,0.05713316554376506,-0.36065344871675087,0.766,0.0
1733714805.346663,1.1578690150419162,0.046155375479048945,-0.3586457510016986,0.764,-0.11199999999999999
1733714805.446663,1.184305715665017,0.03802270399213203,-0.3683278630416294,0.77,-0.19599999999999995
1733714805.5466628,1.1992948829110524,0.03286013408607038,-0.40905421866888997,0.78,-0.19999999999999996
1733714805.6466627,1.2020750350871197,0.039341231167044244,-0.4818777123439831,0.798,-0.22599999999999998
1733714805.7466626,1.1975421518571367,0.05063517351582675,-0.5466761668675215,0.798,-0.22399999999999998
1733714805.8466625,1.183199891901064,0.06999559729250149,-0.6038061549412034,0.7781634203507638,-0.20396627064306685
1733714805.9466624,1.1648821400681555,0.08446698443041721,-0.6412725282985601,0.784,-0.236
1733714806.0466623,1.1440796314204056,0.0982777195444929,-0.6758480668242911,0.794,-0.2376034487763811
1733714806.1466622,1.1269391488827034,0.11103721654957832,-0.7100921380566314,0.797792634730539,-0.2693779041916168
1733714806.2466621,1.0992630375332424,0.12149133357401103,-0.7552305463582164,0.798,-0.2719516346036239
1733714806.346662,1.078982346324054,0.1273777882180857,-0.8020839855495933,0.782,-0.258
1733714806.446662,1.0467665910529926,0.13117772854261575,-0.8548362115950604,0.782,-0.256
1733714806.5466619,1.0183947786263423,0.137119120773033,-0.8699576141456373,0.786,-0.254
1733714806.6466618,0.9972223805238141,0.14264749614297279,-0.8874130947976194,0.786,-0.254
1733714806.7466617,0.9850763200059318,0.1434536174132979,-0.9079153328185718,0.776,-0.248
1733714806.8466616,0.971612427476037,0.1441990781624483,-0.918342461942128,0.776,-0.248
1733714806.9466615,0.9620806608383051,0.1418104505791124,-0.9216618946499142,0.7777752585025539,-0.246
1733714807.0466614,0.9542001753549734,0.14000347217395342,-0.9257675515999692,0.7685906495360457,-0.23829532476802284
1733714807.1466613,0.9333500902234375,0.14385582001313962,-0.9163332254854281,0.478,0.0
1733714807.2466612,0.90044777010183,0.15151039178689502,-0.8385894599575849,0.4621468930034813,0.09757589574540199
1733714807.346661,0.8754044739690049,0.1517077658870788,-0.707837922840872,0.532,0.23399999999999999
1733714807.446661,0.8673216621578653,0.14057793317284614,-0.5907311783852126,0.526,0.28
1733714807.546661,0.8776272589538596,0.12929009530534297,-0.4875025699801719,0.45599999999999996,0.31600000000000006
1733714807.6466608,0.8843022034987853,0.12350482438214172,-0.36542978042441976,0.4119999999999999,0.3380000000000001
1733714807.7466607,0.8812547313123713,0.11434646135111384,-0.24892632151999783,0.3740000000000001,0.3460000000000001
1733714807.8466606,0.8740842133883386,0.1065367910328157,-0.1673770560968473,0.3740000000000001,0.3460000000000001
1733714807.9466605,0.8643088987237597,0.0957461544211741,-0.09636178350039114,0.3580000000000001,0.3480000000000001
1733714808.0466604,0.851153315145671,0.0791784660573004,-0.0336704593905179,0.3700000000000001,0.3540000000000001
1733714808.1466603,0.8459690558105633,0.060636697760717076,0.0016785855293467112,0.3680000000000001,0.3779999999999999
1733714808.2466602,0.841887487381012,0.03333184537610221,0.0333194006225918,0.3700000000000001,0.3799999999999999
1733714808.3466601,0.8402290501153362,0.011930232575901954,0.046499956329112586,0.3740000000000001,0.3839999999999999
1733714808.44666,0.8431671970751896,-0.012315806078168635,0.048717704829397905,0.37019705812291576,0.38780294187708425
1733714808.54666,0.8555644491589,-0.026808277937506585,0.024098060820392404,0.3640000000000001,0.3939999999999999
1733714808.6466599,0.8723422397860162,-0.02703125529958868,-0.011215145414968845,0.3700000000000001,0.4119999999999999
1733714808.7466598,0.8954920334321207,-0.020664220925825087,-0.03674260537232364,0.4004063164833847,0.4477968417583076
1733714808.8466597,0.9253170662748282,-0.0066287699565966965,-0.050903316143100785,0.3779999999999999,0.4656227260602827
1733714808.9466596,0.9484272658503576,0.008616448533155017,-0.04016761534865055,0.3779999999999999,0.47
1733714809.0466595,0.9639526386942169,0.021205356086534972,-0.019979152072486014,0.3779999999999999,0.47
1733714809.1466594,0.9717357680434322,0.028122038475728105,0.0007768885644189828,0.3779999999999999,0.48
1733714809.2466593,0.9736746548756298,0.0305085383756316,0.028539845559123953,0.3520000000000001,0.506
1733714809.3466592,0.9711410711005053,0.025372456549164507,0.06891076127617042,0.32600000000000007,0.524
1733714809.446659,0.9660079846926418,0.01884786606353235,0.09953892007415166,0.31000000000000005,0.538
1733714809.546659,0.9561495717064465,0.008502728695538381,0.13542929104406257,0.30600000000000005,0.5397842804828429
1733714809.646659,0.9484768898947159,0.0005896241424615793,0.15926786600659568,0.27,0.554
1733714809.7466588,0.9405265174761336,-0.007627433506993853,0.17618928742639803,0.22399999999999998,0.558
1733714809.8466587,0.9312190176168794,-0.01648929279258504,0.1935428417082124,0.19199999999999995,0.5680000000000001
1733714809.9466586,0.9276451802058111,-0.0242107517290537,0.21239669677825956,0.0,0.5960000000000001
1733714810.0466585,0.9231216198160617,-0.03422757322204087,0.2630983746343559,0.0,0.6100000000000001
1733714810.1466584,0.9307151308943916,-0.04259768630634003,0.2938737773544052,0.0,0.6220000000000001
1733714810.2466583,0.939196021545315,-0.04907654690758345,0.31590021670198803,0.0,0.6319999999999999
1733714810.3466582,0.9470765011958503,-0.05182132114088424,0.32843494919014377,-0.07840994020926755,0.6376002028614135
1733714810.4466581,0.9549043525119653,-0.050907854016037195,0.33879807928639555,-0.19399999999999995,0.6419999999999999
1733714810.546658,0.9574750645540739,-0.0499226531075425,0.3514136430003255,-0.19999999999999996,0.6419999999999999
1733714810.646658,0.9487126172187634,-0.05034892733563629,0.39288147486940345,-0.22399999999999998,0.6439999999999999
1733714810.7466578,0.940980679956175,-0.05257939136194271,0.4481310281774359,-0.25,0.6459999999999999
1733714810.8466578,0.9236210777673529,-0.05871119375021823,0.5537070105203258,-0.252,0.6439999999999999
1733714810.9466577,0.905247095569063,-0.06476854090017471,0.6204050085201541,-0.258,0.6439999999999999
1733714811.0466576,0.8809882537163026,-0.0784754479676732,0.6707487084519077,-0.262,0.6439999999999999
1733714811.1466575,0.8571395904858371,-0.09024355243611444,0.695968271986208,-0.27,0.6439999999999999
1733714811.2466574,0.8257639209523657,-0.10394810011985899,0.7198292750190936,-0.274,0.6439999999999999
1733714811.3466573,0.7955572844354699,-0.10732018061885114,0.7461723452891004,-0.28400000000000003,0.6459999999999999
1733714811.4466572,0.7681382916454197,-0.10691395597248339,0.7710369553954189,-0.28800000000000003,0.6459999999999999
1733714811.546657,0.7380462346288565,-0.1064966735856492,0.8051262442776947,-0.28800000000000003,0.6459999999999999
1733714811.646657,0.71648831114491,-0.10869064592274517,0.8147207316007485,-0.28800000000000003,0.6459999999999999
1733714811.746657,0.6828689831742061,-0.11231317558375388,0.818249986342537,-0.28600000000000003,0.6439999999999999
1733714811.8466568,0.6593572729983264,-0.11452742584498003,0.8481054914968824,-0.28,0.6459999999999999
1733714811.9466567,0.6349047070899126,-0.11432921826190341,0.8963075253895865,-0.28,0.6439999999999999
1733714812.0466566,0.614581194810974,-0.10994365715460366,0.9289126750477773,-0.274,0.6439999999999999
1733714812.1466565,0.5998959870612481,-0.09979993771939724,0.9443611481646743,-0.258,0.6459999999999999
1733714812.2466564,0.5875324919354593,-0.09161189003513862,0.9608277015972652,-0.23399999999999999,0.6399999999999999
1733714812.3466563,0.574143364141731,-0.08417980068515074,0.9773244835865927,0.0,0.524
1733714812.4466562,0.5575593507437607,-0.08261743130848656,0.9343591783715864,0.0,0.44399999999999995
1733714812.5466561,0.5339230371175767,-0.08142689246305748,0.8324149362163406,0.29000000000000004,0.10400000000000009
1733714812.646656,0.49110878548130277,-0.08372969759848684,0.6944263395170122,0.29000000000000004,0.10400000000000009
1733714812.746656,0.46603334147471787,-0.08807863577921507,0.5622473371595699,0.3320000000000001,0.0
1733714812.8466558,0.47221826287536156,-0.09330930237480212,0.4522042181935836,0.51,-0.09799999999999998
1733714812.9466558,0.502691118008192,-0.09630875729496485,0.30636718919535383,0.524,-0.10799999999999998
1733714813.0466557,0.5272236679908535,-0.08828124873032575,0.10180158750962226,0.548,-0.10999999999999999
1733714813.1466556,0.5450557374194902,-0.06470407606883832,-0.09424212358157719,0.558,-0.10799999999999998
1733714813.2466555,0.5581441793730717,-0.0377296462591285,-0.2196628548830445,0.5720000000000001,-0.10599999999999998
1733714813.3466554,0.57063910119821,-0.019046361362412972,-0.28454295456688505,0.5860000000000001,-0.10599999999999998
1733714813.4466553,0.5877593228536446,-0.0011506904701784402,-0.34160916882155057,0.6020000000000001,-0.10999999999999999
1733714813.5466552,0.6082243399977304,0.006760275935698337,-0.3997802450534694,0.6279999999999999,-0.11599999999999999
1733714813.646655,0.6284535665145403,0.0070457974373311525,-0.4488614818803252,0.6419999999999999,-0.11599999999999999
1733714813.746655,0.6497535165505063,0.0070407315166053945,-0.5158815021981651,0.6499999999999999,-0.11599999999999999
1733714813.846655,0.6667783894283414,0.010797099132319079,-0.5810945177545985,0.6519999999999999,-0.11599999999999999
1733714813.9466548,0.6833855786905036,0.02208945667371987,-0.6575729893366122,0.6519999999999999,-0.11399999999999999
1733714814.0466547,0.6920214568394158,0.038129560889628246,-0.7083302620207239,0.6519999999999999,-0.11399999999999999
1733714814.1466546,0.6997897835444856,0.05188731742822003,-0.7268371304577271,0.6519999999999999,-0.11399999999999999
1733714814.2466545,0.7093078637864397,0.06836655537901035,-0.7376001658282786,0.6519999999999999,-0.11399999999999999
1733714814.3466544,0.7225663486398574,0.08404930424697357,-0.7450770097856189,0.6539999999999999,-0.11399999999999999
1733714814.4466543,0.7311806091710974,0.09430751391770956,-0.7444838979821905,0.698,-0.13
1733714814.5466542,0.7476148779110281,0.09818112485065081,-0.7515537384822758,0.698,-0.128
1733714814.6466541,0.759060756410793,0.09862687077825363,-0.7707539572491976,0.698,-0.122
1733714814.746654,0.7709814496488437,0.09865828284012557,-0.7867607322907632,0.698,-0.11599999999999999
1733714814.846654,0.7837761122061617,0.10378247035604166,-0.797587104164324,0.698,-0.10999999999999999
1733714814.9466538,0.7947835363932273,0.10926141467331658,-0.7914972420217007,0.7,-0.10599999999999998
1733714815.0466537,0.8065099422229411,0.11127744030310216,-0.7743385479083125,0.7,-0.09799999999999998
1733714815.1466537,0.822787107573356,0.10967143962533138,-0.7621483791773714,0.7,0.0
1733714815.2466536,0.8408301710805677,0.10740154953727274,-0.7438473663072163,0.7,0.0
1733714815.3466535,0.8569659590868134,0.10553440844825138,-0.7074670514968456,0.6839999999999999,0.0
1733714815.4466534,0.8722872732805849,0.10642859928453008,-0.6579547266207431,0.6759999999999999,0.0
1733714815.5466533,0.8682339135660171,0.10462495696036903,-0.612077868294589,0.41999999999999993,0.19199999999999995
1733714815.6466532,0.8398621325200687,0.10403039731520884,-0.511106872776613,0.4179999999999999,0.30400000000000005
1733714815.746653,0.8455441597029442,0.09636390232718407,-0.39780749528926435,0.42999999999999994,0.3799999999999999
1733714815.846653,0.8576916976522755,0.083225314549568,-0.2830923788089032,0.4139999999999999,0.4139999999999999
1733714815.946653,0.8732116984844039,0.06470556098374307,-0.1808545842299008,0.4099999999999999,0.42999999999999994
1733714816.0466528,0.8833406959672426,0.05360806392013713,-0.13092911342237132,0.4099999999999999,0.44599999999999995
1733714816.1466527,0.8933246973750589,0.0436435271938283,-0.08714838590782353,0.3959999999999999,0.45599999999999996
1733714816.2466526,0.8982610411042499,0.04060709035474784,-0.05691059432583748,0.3919999999999999,0.46399999999999997
1733714816.3466525,0.9053906513718549,0.037225038495732374,-0.02412569900588601,0.3919999999999999,0.46399999999999997
1733714816.4466524,0.9142671861702057,0.031703446669166205,-0.004918950920394809,0.3819999999999999,0.486
1733714816.5466523,0.9212932017360499,0.024272053698480917,0.011241110522455047,0.3819999999999999,0.486
1733714816.6466522,0.927412815447697,0.018834133335699388,0.024227469353189653,0.3799999999999999,0.486
1733714816.7466521,0.9322751523367199,0.015621229771878168,0.0297614817169457,0.32000000000000006,0.5
1733714816.846652,0.9333649025204428,0.016532083935486136,0.045999024569951044,0.31000000000000005,0.506
1733714816.946652,0.9358008844212128,0.017812288016094645,0.07108428536532768,0.29200000000000004,0.516
1733714817.0466518,0.9404115012397615,0.015728833037069675,0.10385330415502253,0.28400000000000003,0.524
1733714817.1466517,0.9460483128098595,0.011766612828666582,0.1298002891992802,0.28400000000000003,0.534
1733714817.2466516,0.9564027641752247,0.004890938177446738,0.15662999442326347,0.28200000000000003,0.538
1733714817.3466516,0.9659657430932042,-0.003478817008306157,0.1676724470336786,0.27,0.54
1733714817.4466515,0.9709979093698556,-0.0052568851322673475,0.16913854803501965,0.252,0.542
1733714817.5466514,0.9748859516009476,-0.0035761512076933045,0.17494099703750401,0.252,0.542
1733714817.6466513,0.9780772818325837,0.001099014303646555,0.18411636785384894,0.25,0.544
1733714817.7466512,0.9796147623394972,0.004258090923203838,0.19163186994471793,0.248,0.544
1733714817.846651,0.9825681987170787,0.003241164644475066,0.1998359711020785,0.248,0.544
1733714817.946651,0.9855880092990928,-0.001124200576041637,0.2060526946015193,0.244,0.546
1733714818.046651,0.9814899387642567,-0.007208946237210606,0.21881542578332885,0.0,0.5900000000000001
1733714818.1466508,0.9794994337122941,-0.010675506945632799,0.2567960270649084,0.0,0.5980000000000001
1733714818.2466507,0.978408175789799,-0.015058072744630413,0.29178721242908356,-0.10399999999999998,0.6000000000000001
1733714818.3466506,0.9703597553139593,-0.01853133483683257,0.3143809026144488,-0.134,0.6020000000000001
1733714818.4466505,0.9581190350726163,-0.0238327220817248,0.3568605847015788,-0.138,0.6020000000000001
1733714818.5466504,0.9427005236109803,-0.03297685254041635,0.41148743277440614,-0.138,0.6020000000000001
1733714818.6466503,0.9303354846659421,-0.03995476749576848,0.44029679381059067,-0.14400000000000002,0.6040000000000001
1733714818.7466502,0.9144328633750157,-0.04662428055994735,0.46828842499265394,-0.14400000000000002,0.6040000000000001
1733714818.8466501,0.9012059949409869,-0.05089332365365469,0.49811563613500676,-0.14400000000000002,0.6040000000000001
1733714818.94665,0.8855464203156804,-0.06186589744977451,0.5361150830415705,-0.14600000000000002,0.6020000000000001
1733714819.04665,0.8715924811545127,-0.07148786876620054,0.5514182986130258,-0.15530555174777247,0.6040000000000001
1733714819.1466498,0.8549748712104658,-0.07932713516781278,0.5665937208843375,-0.15800000000000003,0.6040000000000001
1733714819.2466497,0.8369437819012616,-0.08511789143904597,0.6012604670364642,-0.18400000000000005,0.6040000000000001
1733714819.3466496,0.8193779191285587,-0.09007757788044696,0.6363822744471204,-0.17200000000000004,0.6020000000000001
1733714819.4466496,0.8062943185545111,-0.09453949685632657,0.6554600526195468,-0.12,0.5960000000000001
1733714819.5466495,0.7913985032537716,-0.09871337313103606,0.6661776342240695,0.0,0.5880000000000001
1733714819.6466494,0.7846955218647736,-0.09706526187913089,0.6480278708676617,0.0,0.558
1733714819.7466493,0.7732180124560691,-0.09113197711196111,0.6008187835054797,0.17399999999999993,0.44199999999999995
1733714819.8466492,0.7517484982349725,-0.08485632882365274,0.5246375414953854,0.3660000000000001,0.248
1733714819.946649,0.7470941546351328,-0.07835778541747968,0.3597601282677308,0.3819999999999999,0.22799999999999998
1733714820.046649,0.7433125911028956,-0.06636846636689264,0.2107880564258005,0.3819999999999999,0.22799999999999998
1733714820.146649,0.7427534090649974,-0.052311129295372016,0.10370246719986002,0.6020000000000001,0.0
1733714820.2466488,0.7606122277486008,-0.04396054578687258,-0.008475673811162933,0.6160000000000001,0.0
1733714820.3466487,0.7799147383734997,-0.02814025811423989,-0.16491647980242516,0.6160000000000001,0.0
1733714820.4466486,0.7911385796044809,-0.016796901514682827,-0.2423144944036652,0.6459999999999999,-0.10399999999999998
1733714820.5466485,0.7996844061426605,-0.006125092223630662,-0.3174248050344902,0.6479999999999999,-0.10199999999999998
1733714820.6466484,0.8037376079477578,0.0044252716639412125,-0.3777223667857755,0.6479999999999999,-0.09599999999999997
1733714820.7466483,0.8093395959042611,0.018804879299988753,-0.43695946227112636,0.6479999999999999,0.0
1733714820.8466482,0.8186407634488524,0.029121869263759204,-0.4677464751462682,0.6479999999999999,0.0
1733714820.9466481,0.8329561449728824,0.03769442738789093,-0.4927663795243444,0.6479999999999999,0.0
1733714821.046648,0.8396236808109877,0.04011430676843117,-0.5119609941877162,0.6499999999999999,0.0
1733714821.146648,0.8475263704454171,0.04113763800743175,-0.5170973568159519,0.6499999999999999,0.0
1733714821.2466478,0.8554608774112458,0.041864042680127375,-0.5104793942051851,0.6519999999999999,0.0
1733714821.3466477,0.8695974663955398,0.043041703699330164,-0.5131460397915716,0.6519999999999999,0.0
1733714821.4466476,0.88075200970575,0.04350113624113482,-0.5204212888665902,0.6659999999999999,0.0
1733714821.5466475,0.894978789834799,0.04216654893287739,-0.5231310966389944,0.6659999999999999,0.0
1733714821.6466475,0.9041896211033595,0.04116193825429466,-0.5150433902483148,0.6679999999999999,0.0
1733714821.7466474,0.913894554300753,0.04003265983729343,-0.5020919900375602,0.6719999999999999,0.0
1733714821.8466473,0.9283736250350586,0.03702134588422997,-0.4864339000904093,0.6779999999999999,0.0
1733714821.9466472,0.9477163784977926,0.029623214508319066,-0.48524311953556615,0.696,0.0
1733714822.046647,0.9584057290145092,0.02714134470128386,-0.48989801647121645,0.702,0.0
1733714822.146647,0.9764592734550637,0.025151388036052606,-0.49884722204852633,0.704,0.0
1733714822.246647,0.9919932375841127,0.027942163193802792,-0.5035512638569768,0.702,0.0
1733714822.3466468,1.0055012122328586,0.033060836393828445,-0.5022472584372152,0.696,0.0
1733714822.4466467,1.0141303891735085,0.03767477701501172,-0.49373646464713633,0.698,0.0
1733714822.5466466,1.0198909664350444,0.03848752324068682,-0.4870220606937054,0.698,0.0
1733714822.6466465,1.0262534214831445,0.03642188155477336,-0.47951500070972314,0.698,0.0
1733714822.7466464,1.0312245366494575,0.03398042194218215,-0.47720858670611216,0.698,0.0
1733714822.8466463,1.036802004089124,0.03148076575264242,-0.4797782092794407,0.698,0.0
1733714822.9466462,1.0415846600748064,0.029506737741264964,-0.4864641323259033,0.702,0.0
1733714823.046646,1.04855595426998,0.029873631641171662,-0.49086741932172023,0.7,0.0
1733714823.146646,1.0525415994630323,0.03257457421738231,-0.49118454091088504,0.704,0.0
1733714823.246646,1.059613018341277,0.034385560271991605,-0.48958073726600027,0.706,0.0
1733714823.3466458,1.066841192296241,0.03334567351734888,-0.49814765615115664,0.702,0.0
1733714823.4466457,1.0711327298958173,0.034776660690199294,-0.5045152065016563,0.702,0.0
1733714823.5466456,1.0729423616483416,0.03674060680070235,-0.4905531487961439,0.69,0.0
1733714823.6466455,1.0737021254878436,0.038525201088608386,-0.4824077477876713,0.688,0.0
1733714823.7466455,1.0761347111298263,0.03717240271000276,-0.4846624378720523,0.688,0.0
1733714823.8466454,1.0784676052727609,0.03809978519548192,-0.48726959824571775,0.688,0.0
1733714823.9466453,1.0794468075596295,0.040623579107920284,-0.48147435948390305,0.6439999999999999,0.0
1733714824.0466452,1.0758022965044451,0.045843227655707225,-0.46037639575615463,0.6619999999999999,0.0
1733714824.146645,1.0743781281597307,0.04984913458259963,-0.4474357144000846,0.6559999999999999,0.0
1733714824.246645,1.0614593711765017,0.052354224890070265,-0.4452470923631849,0.28800000000000003,0.28200000000000003
1733714824.3466449,1.008899393979802,0.057349110560687755,-0.3806136378381329,0.0,0.44799999999999995
1733714824.4466448,0.9895536634814716,0.05807349794235197,-0.2464679510314173,0.0,0.478
1733714824.5466447,0.9735353600202596,0.04052197393170306,-0.04956903861195362,-0.19799999999999995,0.544
1733714824.6466446,0.9537139429034188,0.016519330150872466,0.10027817355896569,-0.242,0.5800000000000001
1733714824.7466445,0.9275866089818761,-0.006559613463449963,0.2054081674091041,-0.252,0.5920000000000001
1733714824.8466444,0.9080510650874196,-0.024834109865498284,0.2771567470443004,-0.25,0.5920000000000001
1733714824.9466443,0.8854167919759773,-0.04707702580099885,0.3511589382237894,-0.25,0.5920000000000001
1733714825.0466442,0.8568813453162673,-0.06429988470456466,0.4300996393667231,-0.246,0.5920000000000001
1733714825.146644,0.8371180470553291,-0.07429656406972476,0.4721644314546585,-0.242,0.5880000000000001
1733714825.246644,0.8165121895796559,-0.08326129302291388,0.5162786209675542,-0.21199999999999997,0.5760000000000001
1733714825.346644,0.7943565730520563,-0.0937824400474517,0.5640605390393708,-0.18000000000000005,0.5740000000000001
1733714825.4466438,0.7691514089387662,-0.10532317574885335,0.5889238394088819,-0.20999999999999996,0.5820000000000001
1733714825.5466437,0.7492770566345832,-0.11414709132319807,0.6130088179767076,-0.21599999999999997,0.5820000000000001
1733714825.6466436,0.7305239781310572,-0.12437332972417911,0.6476455695879779,-0.20399999999999996,0.5720000000000001
1733714825.7466435,0.7074873181774958,-0.13838576898505395,0.6719018937900394,-0.20199999999999996,0.5700000000000001
1733714825.8466434,0.6889451338092277,-0.14933083248433332,0.6843010133160462,-0.236,0.5900000000000001
1733714825.9466434,0.6661335992910777,-0.156825304503985,0.7070842470466442,-0.252,0.5860000000000001
1733714826.0466433,0.6452333329364455,-0.15431499072717583,0.713604756864072,-0.28800000000000003,0.5820000000000001
1733714826.1466432,0.6198539287144856,-0.1490580802320843,0.7125006088295427,-0.28800000000000003,0.5820000000000001
1733714826.246643,0.5963919260112823,-0.1426227566089601,0.717659883555473,-0.28800000000000003,0.5740000000000001
1733714826.346643,0.5727833747103247,-0.1369688877432403,0.733031772822065,-0.28800000000000003,0.5740000000000001
1733714826.4466429,0.5483445459282504,-0.13176675132086427,0.7788358597930866,-0.28200000000000003,0.5820000000000001
1733714826.5466428,0.5359671239192861,-0.12705664188676027,0.8326746387408752,-0.278,0.5760000000000001
1733714826.6466427,0.5266290269487912,-0.1242579383806745,0.8694222578181692,-0.28,0.5760000000000001
1733714826.7466426,0.5216158558542123,-0.12871480493943724,0.8786261852745954,-0.26,0.536
1733714826.8466425,0.5067198492537679,-0.1347117265928134,0.8821734947105809,-0.26,0.536
1733714826.9466424,0.4889033788597211,-0.1394493345951238,0.8804643964583206,-0.252,0.552
1733714827.0466423,0.4669350399364774,-0.1349589857513468,0.8826160114153787,-0.11599999999999999,0.54
1733714827.1466422,0.4593587877317713,-0.12038072679017255,0.8588864605841804,0.0,0.45599999999999996
1733714827.246642,0.44134883523079976,-0.10180775432392572,0.774947215217794,0.29000000000000004,0.258
1733714827.346642,0.43015602940449404,-0.08930646243788681,0.6843712486041951,0.32400000000000007,0.20999999999999996
1733714827.446642,0.43543943510791866,-0.07661697967755358,0.5125239760101041,0.502,0.0
1733714827.5466418,0.4579279803887161,-0.07059559640972592,0.3504454486866356,0.512,0.0
1733714827.6466417,0.48827373095416066,-0.06512712253522687,0.17481261166385753,0.6759999999999999,-0.122
1733714827.7466416,0.5377857146759045,-0.06553023064350386,0.03319935388091141,0.6799999999999999,-0.13
1733714827.8466415,0.5921947449994965,-0.06039842545517568,-0.21452776885171096,0.6859999999999999,-0.16600000000000004
1733714827.9466414,0.6120559153036512,-0.053549404767315865,-0.3201352208873789,0.688,-0.15800000000000003
1733714828.0466413,0.6287528828718684,-0.027570955449998172,-0.4780502094533752,0.6859999999999999,-0.15200000000000002
1733714828.1466413,0.6474588700301034,-0.0011589191156598162,-0.6051589813519265,0.6699999999999999,-0.15000000000000002
1733714828.2466412,0.6595896224896097,0.015001761119817079,-0.659261351265277,0.6739999999999999,-0.15000000000000002
1733714828.346641,0.6697722522855222,0.03045761237821286,-0.6927290064654716,0.6739999999999999,-0.138
1733714828.446641,0.6775880829535577,0.04164228490104981,-0.7071805561032515,0.6679999999999999,-0.132
1733714828.5466409,0.686916806680816,0.05408504178360311,-0.7368663595990238,0.6699999999999999,-0.126
1733714828.6466408,0.6901935256951893,0.0616007369213785,-0.7614551070978076,0.6499999999999999,-0.11399999999999999
1733714828.7466407,0.6906615717386397,0.0687573235382565,-0.7793138135622487,0.6499999999999999,-0.11399999999999999
1733714828.8466406,0.6921037176649006,0.0754733325600331,-0.7907540196846625,0.6439999999999999,-0.10999999999999999
1733714828.9466405,0.7005439861434591,0.08678720312033601,-0.7959166043013434,0.6419999999999999,-0.11199999999999999
1733714829.0466404,0.7104270498187278,0.09639517536026326,-0.7951248759591294,0.6559999999999999,-0.12
1733714829.1466403,0.7214528515495806,0.10139116534374441,-0.7971001926325539,0.6804683796785169,0.0
1733714829.2466402,0.7456822489865204,0.10368030670931853,-0.7823137728964279,0.6739999999999999,0.0
1733714829.34664,0.7564299817350518,0.103903781393409,-0.7650950725689395,0.6479999999999999,0.0
1733714829.44664,0.764914882436358,0.10360765344157258,-0.7291406877143207,0.6459999999999999,0.0
1733714829.54664,0.7680103057307689,0.10201737673060761,-0.6923821867354911,0.5920000000000001,0.21599999999999997
1733714829.6466398,0.7757685368119622,0.09945393068414383,-0.6277565815083498,0.5189900524507144,0.2820066316995237
1733714829.7466397,0.782765190292475,0.09421215831803402,-0.5229779339868759,0.44787661608953966,0.3305198334893137
1733714829.8466396,0.7835038876362055,0.08779072550019171,-0.4264124580814016,0.3937809234518904,0.3549199628304011
1733714829.9466395,0.7864094619687747,0.07684586400342508,-0.3188091891143094,0.38698177612134566,0.372517755921223
1733714830.0466394,0.7933135010129979,0.06592561777027979,-0.24422436131473726,0.3801826287908009,0.39011554901204487
1733714830.1466393,0.8080679134940214,0.053918052827123406,-0.16969940082649948,0.3733834814602561,0.4077133421028667
1733714830.2466393,0.8212972472263443,0.04443806555432199,-0.11549994625693413,0.3665843341297113,0.42531113519368857
1733714830.3466392,0.8324141056986015,0.03659061130906404,-0.07074864190335864,0.3654888375548699,0.4377072106270008
1733714830.446639,0.8435491852444029,0.031750613427343234,-0.02982971637229969,0.36789056342134613,0.4469138264484933
1733714830.546639,0.85292419237803,0.027605221926571503,-0.006855474960954292,0.3702922892878224,0.4561204422699858
1733714830.6466389,0.8663123695665969,0.024606894741113005,0.012387322788550113,0.3726940151542987,0.46532705809147834
1733714830.7466388,0.8788388338742678,0.021493640848280957,0.027114755422722143,0.3750957410207749,0.47453367391297085
1733714830.8466387,0.8914368441207748,0.01932494289762202,0.04331393369595589,0.3762492116630977,0.47849842332619563
1733714830.9466386,0.9036127396259636,0.01643228577804716,0.05186754882156558,0.37664891205219164,0.4792978241043835
1733714831.0466385,0.9126585977875734,0.014337452881556422,0.05141869498014864,0.37704861244128557,0.4800972248825714
1733714831.1466384,0.9209184339777412,0.012485482721911627,0.0544475517244458,0.3774483128303795,0.48089662566075925
1733714831.2466383,0.9314836300731499,0.009684931970544545,0.05920118940389586,0.3778480132194735,0.4816960264389471
1733714831.3466382,0.9426006124228746,0.006461576311511811,0.061191660576643485,0.3760165048988187,0.4862149270900101
1733714831.446638,0.9546972749575717,0.003634286516229104,0.0645078917146252,0.3728160195952751,0.4930159583600403
1733714831.546638,0.9653318326672401,0.0024639084609859993,0.07235859613375993,0.36961553429173155,0.4998169896300705
1733714831.646638,0.9785735948334637,0.0013208774932060156,0.08091468172383026,0.36641504898818794,0.5066180209001008
1733714831.7466378,0.9862153965334644,-0.002314838852959923,0.08150571064817264,0.36321456368464433,0.513419052170131
1733714831.8466377,0.9940235915405721,-0.00506690947429727,0.07844246939930054,0.36125687244298493,0.5189725102280607
1733714831.9466376,0.9985915432854028,-0.006559432987185432,0.07816309137309008,0.3600592577928139,0.523762968828745
1733714832.0466375,1.00448435548485,-0.005921767924572276,0.08313722880478207,0.3588616431426428,0.5285534274294291
1733714832.1466374,1.0145592269144583,-0.003832033773575639,0.08565328814685705,0.35766402849247175,0.5333438860301134
1733714832.2466373,1.0258187277329582,-0.002011226062690913,0.0839699835055731,0.3564664138423007,0.5381343446307976
1733714832.3466372,1.034467608968283,-0.0031255516376189605,0.08983221984275926,0.35208570665670585,0.5436696500093384
1733714832.4466372,1.0417793935526438,-0.006739482312557601,0.10436120821054116,0.34567458812054197,0.549680073636992
1733714832.546637,1.0493255043740002,-0.011901038697718911,0.11290865667285893,0.3392634695843781,0.5556904972646457
1733714832.646637,1.0572328173984458,-0.014142529582148879,0.11269502106202359,0.33285235104821426,0.5617009208922993
1733714832.7466369,1.0622017114015379,-0.012724375790917248,0.11164877388700371,0.32644123251205037,0.5677113445199529
1733714832.8466368,1.064778568216508,-0.011693226740789391,0.11859117550857742,0.3083889012655523,0.5739647234881138
1733714832.9466367,1.0658414291377853,-0.014199799647169253,0.14009208702988213,0.28317794965173343,0.5803675048503535
1733714833.0466366,1.0653972467616692,-0.017791531733197405,0.15934102160529331,0.25796699803791456,0.5867702862125932
1733714833.1466365,1.0631705665548337,-0.024232840501307966,0.17819201181259758,0.2327560464240957,0.5931730675748329
1733714833.2466364,1.0605380934191226,-0.027038108721864185,0.1943230187619792,0.20754509481027683,0.5995758489370726
1733714833.3466363,1.0583522252352047,-0.027950574856530814,0.21370419806750032,0.173403345695671,0.6057267658036862
1733714833.4466362,1.0544757074219537,-0.026953699509137848,0.2325560222376651,0.13382012536468574,0.6117242234295931
1733714833.546636,1.0492268533452331,-0.027896016398403792,0.24997943135522896,0.0942369050337005,0.6177216810555
1733714833.646636,1.043902356102708,-0.03108660581845013,0.26557240014332206,0.05465368470271523,0.6237191386814067
1733714833.746636,1.0368400451784354,-0.03677547879220884,0.2770618075888485,0.015070464371729986,0.6297165963073136
1733714833.8466358,1.027181266718583,-0.04248428121248262,0.30263065854380305,0.0,0.6332383762620194
1733714833.9466357,1.0203094214395079,-0.047875081585748436,0.3283512157705152,0.0,0.6352381073617642
1733714834.0466356,1.0156000091571256,-0.05271282801605482,0.3431657957712418,0.0,0.637237838461509
1733714834.1466355,1.0128227407054164,-0.05532208954242557,0.34647275864361526,0.0,0.6392375695612539
1733714834.2466354,1.0101896087748534,-0.055756631958066905,0.35437879467083333,0.0,0.6412373006609987
1733714834.3466353,1.0055455345232118,-0.05575002739578775,0.3616296702148274,0.0,0.6439798388885205
1733714834.4466352,1.000856322059042,-0.0567932977041529,0.3761992266435697,0.0,0.6471803592983433
1733714834.5466352,0.997839952736101,-0.058137815396577995,0.38966691181543683,0.0,0.6503808797081659
1733714834.646635,0.9958117465235642,-0.060337539006159034,0.39830931438671474,0.0,0.6535814001179887
1733714834.746635,0.9920277722071532,-0.059933987487321656,0.3979703338434676,0.0,0.6567819205278115
1733714834.8466349,0.9876736294082096,-0.056439703906047294,0.39349674772969506,0.0,0.6587420758128414
1733714834.9466348,0.9848310524973194,-0.05277308258481848,0.3946785384015569,0.0,0.6599401083693469
1733714835.0466347,0.9818003813867247,-0.04982299173936462,0.4019120615046416,0.0,0.6611381409258523
1733714835.1466346,0.9791269710409521,-0.04959961575432207,0.4030288360385233,0.0,0.6623361734823577
1733714835.2466345,0.9751170521473184,-0.051901287675284076,0.40241424684600385,0.0,0.6635342060388633
1733714835.3466344,0.9704969528248866,-0.05417321005977168,0.40464700506873885,0.04189668252877497,0.6625299409639026
1733714835.4466343,0.9638213907565542,-0.05550270248513804,0.405307303023995,0.11044481697089487,0.660124743264179
1733714835.5466342,0.9724004112797956,-0.05478737573676981,0.38623350612202983,0.17899295141301474,0.6577195455644556
1733714835.646634,0.9852549416242635,-0.0483065938785741,0.33350605810809875,0.24754108585513465,0.6553143478647321
1733714835.746634,0.9949698698358613,-0.042082556497109756,0.30034375767070937,0.3160892202972545,0.6529091501650085
1733714835.846634,1.006155487220371,-0.03644095759298661,0.2649320049569695,0.3561740466513654,0.6492646576637715
1733714835.9466338,1.018920884513377,-0.029408266178076695,0.23494183985415285,0.3789616811419596,0.644867043990148
1733714836.0466337,1.0303677114083316,-0.023700635229094286,0.21879698007840376,0.4017493156325538,0.6404694303165246
1733714836.1466336,1.0404408220584007,-0.02179343936851017,0.20665543692957186,0.424536950123148,0.6360718166429011
1733714836.2466335,1.0479378883757289,-0.02010626147358897,0.19382728153833856,0.44732458461374225,0.6316742029692777
1733714836.3466334,1.058839425938401,-0.018184276154328285,0.1839484518230137,0.46913310399829045,0.5930786321557493
1733714836.4466333,1.0652962312137573,-0.01677958166492597,0.16343533462790336,0.49033971731880244,0.5334600399905366
1733714836.5466332,1.0667163443230474,-0.014949270743790068,0.11225696111583794,0.5115463306393144,0.4738414478253238
1733714836.6466331,1.0667684131091648,-0.011060490013887724,0.05620191266133094,0.5327529439598263,0.41422285566011097
1733714836.746633,1.0638488759170988,-0.006948072268444783,-0.01039319504271669,0.5539595572803383,0.3546042634948982
1733714836.846633,1.0633938069728184,-0.00436957739014146,-0.05382650742708217,0.5629931701531019,0.3310068298468982
1733714836.9466329,1.0662691928362622,-0.0021448355556627826,-0.0829538210337817,0.5645928589340558,0.3294071410659444
1733714837.0466328,1.0709264096732425,-0.0009982792853304428,-0.11087940202386025,0.5661925477150096,0.32780745228499053
1733714837.1466327,1.0799289366342943,-7.009953621866464e-06,-0.131228008351011,0.5677922364959634,0.3262077635040367
1733714837.2466326,1.0881189015766408,0.0006760702738755635,-0.1410467695183955,0.5693919252769173,0.32460807472308284
1733714837.3466325,1.0968085273582093,-0.00013771753392680233,-0.14882232290650188,0.5750613959204035,0.3183059295895462
1733714837.4466324,1.1022349406801288,-0.0013489600414941477,-0.15123956490779825,0.5832265265027772,0.3091201576843758
1733714837.5466323,1.109919504508267,-0.002745496497894028,-0.16200756366628016,0.5880000000000001,0.30200000000000005
1733714837.6466322,1.1165344457151836,-0.003006986860114908,-0.17177919533129268,0.5900000000000001,0.29000000000000004
1733714837.746632,1.117043691509349,-0.004289506678821347,-0.18390913328558145,0.6020000000000001,0.20199999999999996
1733714837.846632,1.1125191670487036,-0.0076651668416293185,-0.20795334694908682,0.6060000000000001,0.12461791735134811
1733714837.946632,1.1034673354070834,-0.00858731740969136,-0.24852356034900372,0.6140000000000001,0.0
1733714838.0466318,1.0972900224797306,-0.007025663492992538,-0.28036652849599397,0.6165222588879896,0.0
1733714838.1466317,1.0926987921098468,-0.0031957797005948566,-0.3033960051093935,0.6200000000000001,0.0
1733714838.2466316,1.0924977076134146,0.0015202258053656893,-0.33355465328725964,0.6299999999999999,0.0
1733714838.3466315,1.0913995582850404,0.004624590284136057,-0.3463328734067987,0.6359999999999999,0.0
1733714838.4466314,1.0897919916651162,0.00802416542440476,-0.3507738107126895,0.6399999999999999,0.0
1733714838.5466313,1.0891710879057306,0.00980976585421304,-0.3585400931219196,0.6419999999999999,0.0
1733714838.6466312,1.0896558219912513,0.00870634853983879,-0.37152691062841103,0.6439999999999999,0.0
1733714838.7466311,1.0949616514198337,0.006125928244509891,-0.3785418606401253,0.6519999999999999,0.0
1733714838.846631,1.1013734809152647,0.003597468991365419,-0.385966268243617,0.6486915995082638,0.0
1733714838.946631,1.10133642774194,0.003357606048119471,-0.3904371970756256,0.6339999999999999,0.0
1733714839.0466309,1.09916339401941,0.004173979396995175,-0.3921561915266937,0.6359999999999999,0.0
1733714839.1466308,1.0954060722261938,0.004580603424429661,-0.4004812493665407,0.6379999999999999,0.0
1733714839.2466307,1.0935280228632074,0.006133878703053074,-0.40785386763252407,0.6439999999999999,0.0
1733714839.3466306,1.093382492978881,0.00933202711265436,-0.4097764333745112,0.6519999999999999,0.0
1733714839.4466305,1.0934453612643331,0.011468969189512627,-0.40936634104306757,0.6479999999999999,0.0
1733714839.5466304,1.0903715415383466,0.014425647601704273,-0.4052830830249141,0.6479999999999999,0.0
1733714839.6466303,1.0868850363970184,0.01687279549473783,-0.400216837342796,0.6519999999999999,0.0
1733714839.7466302,1.0858256985994517,0.01917472411919956,-0.3950139087926551,0.6519999999999999,0.0
1733714839.84663,1.086706350785668,0.01952401609460294,-0.3923178233047529,0.6519999999999999,0.0
1733714839.94663,1.086649627017252,0.020168290808168465,-0.39222503473425724,0.6519999999999999,0.0
1733714840.04663,1.0882458117252205,0.019806044993303823,-0.39724338577825546,0.6559999999999999,0.0
1733714840.1466298,1.0897048519309531,0.017435864642118673,-0.3996789622367866,0.6559999999999999,0.0
1733714840.2466297,1.0921773208846834,0.015706439378833537,-0.3998915884270199,0.6599999999999999,0.0
1733714840.3466296,1.0947854577749405,0.01476295846348748,-0.4007689498885713,0.6539999999999999,0.0
1733714840.4466295,1.0930006595106132,0.017144602451320108,-0.4015083564530285,0.6479999999999999,0.0
1733714840.5466294,1.0901330518836279,0.01881746130407173,-0.39906951996226864,0.6459999999999999,0.0
1733714840.6466293,1.0877464494016862,0.02055297435016822,-0.3969911441848481,0.6499999999999999,0.0
1733714840.7466292,1.0856918869589998,0.021245582910354444,-0.398633714242734,0.6519999999999999,0.0
1733714840.8466291,1.0864125824759194,0.022609287114583477,-0.39148398447124966,0.6579999999999999,0.0
1733714840.946629,1.0861151858154725,0.023561668160364105,-0.38493837194444397,0.6619999999999999,0.0
1733714841.046629,1.0864038472946738,0.02496643920304373,-0.387833536468882,0.6539999999999999,0.0
1733714841.1466289,1.0842097677105098,0.02625180531842317,-0.3953647756671603,0.6539999999999999,0.0
1733714841.2466288,1.0830402281361737,0.028479309030371852,-0.3986388931736225,0.6539999999999999,0.0
1733714841.3466287,1.079338618426596,0.030674159597721896,-0.4010079473081449,0.6539999999999999,0.0
1733714841.4466286,1.077422894072429,0.03226290454004579,-0.398849421079952,0.6579999999999999,0.0
1733714841.5466285,1.0766429290749246,0.03185102564994223,-0.39971342548087846,0.6519999999999999,0.0
1733714841.6466284,1.0756622883339182,0.03040918792890959,-0.4062844436813688,0.6439999999999999,0.0
1733714841.7466283,1.0739470957599004,0.028194523294608424,-0.41012836124434054,0.6459999999999999,0.0
1733714841.8466282,1.0742255671719616,0.027841933886002177,-0.4057902969065167,0.6499999999999999,0.0
1733714841.946628,1.0732950475481446,0.027402394915194188,-0.3981725776299872,0.6539999999999999,0.0
1733714842.046628,1.0744048725761766,0.027855713565520548,-0.4030255752592116,0.6499999999999999,0.0
1733714842.146628,1.0738385077880426,0.02974672289918469,-0.41356665900415823,0.6514767400568181,0.0
1733714842.2466278,1.0747132790995313,0.03198621714681393,-0.4191378529337504,0.6505333621514805,0.0
1733714842.3466277,1.0724700885296867,0.034662309500284275,-0.42068482348548253,0.6519999999999999,0.0
1733714842.4466276,1.0712618666536133,0.03668628865636642,-0.41437885751071607,0.6499999999999999,0.0
1733714842.5466275,1.0660918639749692,0.03585257923908211,-0.40318152691791764,0.6499999999999999,0.0
1733714842.6466274,1.0628234929661349,0.03376452402093944,-0.3938234861533942,0.6499999999999999,0.0
1733714842.7466273,1.0601415929041376,0.030173841257879787,-0.39468055890899456,0.65051582278481,0.0
1733714842.8466272,1.0582648246844328,0.025704825932301317,-0.4029781619214648,0.6499999999999999,0.0
1733714842.9466271,1.0589756616852448,0.022734792311833046,-0.41194197695968043,0.6539999999999999,0.0
1733714843.046627,1.062608112878915,0.020261837174921877,-0.41863150839052277,0.6479999999999999,0.0
1733714843.146627,1.0641924851146252,0.020831341033636003,-0.41413905110126303,0.6479999999999999,0.0
1733714843.2466269,1.0653284975583726,0.023759238863147927,-0.4106227471429431,0.6593333081342606,0.0
1733714843.3466268,1.0694151963517207,0.027551069733063607,-0.41281939504511633,0.6639999999999999,0.0
1733714843.4466267,1.0718692262600606,0.031463376085934455,-0.4135581973599944,0.6639999999999999,0.0
1733714843.5466266,1.0711020272637706,0.031937897796428215,-0.40646108128543557,0.6639999999999999,0.0
1733714843.6466265,1.072036358769383,0.029900838783442282,-0.3994466115329419,0.6734536781015465,0.0
1733714843.7466264,1.0758461636201442,0.023186557759641607,-0.40283396639580904,0.688,0.0
1733714843.8466263,1.07851912203123,0.017295213444522516,-0.41215365039858276,0.688,0.0
1733714843.9466262,1.081703189408611,0.010652274849529686,-0.4164117197543863,0.6859999999999999,0.0
1733714844.046626,1.0845115762880333,0.008651785870080697,-0.42051365683107034,0.6859999999999999,0.0
1733714844.146626,1.0855788935149298,0.008912515213109156,-0.427247102716899,0.6859999999999999,0.0
1733714844.246626,1.0873509341821337,0.01248846090086856,-0.4272378109075101,0.6859999999999999,0.0
1733714844.3466258,1.0925094619261018,0.014442500017684127,-0.42667780329535226,0.7,0.0
1733714844.4466257,1.1003891679239122,0.01580963082278424,-0.43295388811875146,0.7014402092902989,0.0
1733714844.5466256,1.107436969121872,0.01626766453446582,-0.44497918159748734,0.704,0.0
1733714844.6466255,1.1113277418044993,0.012793832218297791,-0.4475489376105165,0.708,0.0
1733714844.7466254,1.112985410610938,0.008956845402422342,-0.44599601623708135,0.71,0.0
1733714844.8466253,1.112350066619922,0.008478331700604833,-0.4435808507101317,0.716,0.0
1733714844.9466252,1.1134269885926629,0.009181214331521099,-0.4407369059834857,0.718,0.0
1733714845.0466251,1.1158080909049524,0.010649955873236458,-0.4429215635819985,0.738,-0.09141869682104152
1733714845.146625,1.1164128141252394,0.01262964243184287,-0.45908294137319405,0.7413675910280622,-0.10136759102806213
1733714845.246625,1.1163461229583418,0.01760941424597215,-0.48642945896494294,0.744,-0.10799999999999998
1733714845.3466249,1.1156488001171423,0.023064146438461178,-0.5131693560678069,0.7426099731130638,-0.10799999999999998
1733714845.4466248,1.1163378009300688,0.027946648936386275,-0.529078386932843,0.744,-0.10944705397610217
1733714845.5466247,1.119602583480835,0.03048755575164645,-0.5399887941167576,0.742,-0.10854634087626383
1733714845.6466246,1.121334086865804,0.033080884570283076,-0.563848808354814,0.7305405801079696,-0.10399999999999998
1733714845.7466245,1.1222439552554944,0.03284489959172675,-0.5858234072147369,0.7207734263926586,-0.10599999999999998
1733714845.8466244,1.1201231890160819,0.03614519851617318,-0.5808743445600554,0.718,-0.10599999999999998
1733714845.9466243,1.1190996583027455,0.03865202358596888,-0.5691841633929166,0.718,-0.10744070806938605
1733714846.0466242,1.1175366008748124,0.040173799661537266,-0.5660509467189464,0.7152805653710247,-0.10599999999999998
1733714846.146624,1.1129228779240379,0.04112861788258558,-0.577257518795341,0.714,-0.10599999999999998
1733714846.246624,1.1089417860764341,0.04510792808070349,-0.5799588752143893,0.728,-0.12
1733714846.346624,1.109831100673927,0.04672461919827327,-0.5729973137770097,0.73,-0.128
1733714846.4466238,1.1085127204417449,0.04705256055390223,-0.5716085894972174,0.73,-0.128
1733714846.5466237,1.104769449624319,0.05022803452954904,-0.5736430839471811,0.74,-0.17938888726848481
1733714846.6466236,1.1000621995211164,0.05479848448944548,-0.5823207704130184,0.744,-0.18257840319952603
1733714846.7466235,1.09524966314297,0.06175582272209941,-0.6071423287696778,0.742566804055477,-0.17656680405547703
1733714846.8466234,1.0906370891406492,0.06855572320454614,-0.6311292726559777,0.742,-0.17475542812604392
1733714846.9466233,1.0891723154644426,0.07050345879678646,-0.6527895115494917,0.740619790114874,-0.17400000000000004
1733714847.0466232,1.0882759797200978,0.07253850348492139,-0.6592243171690356,0.7345680501500341,-0.1665680501500342
1733714847.1466231,1.083104089572461,0.07686879564349158,-0.6565196337548137,0.742,-0.16800000000000004
1733714847.246623,1.0775383906225673,0.07867687557135987,-0.6558943053972273,0.74,-0.16662572331921496
1733714847.346623,1.0731249601499464,0.07867987694200688,-0.6467221929371155,0.74,-0.16400000000000003
1733714847.4466228,1.071338664452942,0.08417482554558367,-0.6618342609065975,0.736,-0.16200000000000003
1733714847.5466228,1.0674708021579697,0.08905373482725938,-0.6626570359336346,0.736,-0.16000000000000003
1733714847.6466227,1.0630967026565823,0.09511662085844313,-0.66378635767368,0.736,-0.16000000000000003
1733714847.7466226,1.0561087100873912,0.09698957953936643,-0.653270406002863,0.736,-0.15000000000000002
1733714847.8466225,1.0488146060226442,0.09144489624142627,-0.6302862162358689,0.73,-0.14
1733714847.9466224,1.0464684545757408,0.0867233857558456,-0.6215888519992631,0.736,-0.14200000000000002
1733714848.0466223,1.0452741888539019,0.0840897257898464,-0.6209181976602763,0.7283776054289869,-0.11475521085797381
1733714848.1466222,1.0460727060373118,0.08590760783066709,-0.6181456817961781,0.5797802631578948,0.0
1733714848.246622,1.0118369567683783,0.09154450362278589,-0.5509404089061224,0.25188294801817507,0.2955495099019804
1733714848.346622,0.9612531927334632,0.09465258133253071,-0.45800134438397544,0.0,0.4315396102113642
1733714848.446622,0.9093529024259555,0.09386493158532094,-0.3310133454622574,0.0,0.46799999999999997
1733714848.5466218,0.9095341125905784,0.08565951712892135,-0.19953340137395828,-0.1544642638617756,0.4722789545759156
1733714848.6466217,0.9022781413601306,0.06427813504638809,-0.04452097058884542,-0.21599999999999997,0.482
1733714848.7466216,0.886488313196352,0.04232822305804054,0.06970854625209127,-0.28626830571886697,0.486
1733714848.8466215,0.8495134382416405,0.014633949668701551,0.188718903380705,-0.32199999999999995,0.5
1733714848.9466214,0.7990584067848641,-0.019274424740624903,0.33244746025328015,-0.36,0.518
1733714849.0466213,0.764117966071046,-0.042188565220497735,0.4308606661303712,-0.3672562046582665,0.52
1733714849.1466212,0.7168550552936859,-0.06660644836417391,0.528024346299471,-0.39,0.518
1733714849.2466211,0.6828206285418124,-0.08392888084709824,0.591371946307945,-0.396,0.516
1733714849.346621,0.6266956809722749,-0.10460107606329129,0.6845775051545837,-0.396,0.5
1733714849.446621,0.5769406884510777,-0.12036857953426432,0.7524844953303472,-0.3846704884667571,0.496
1733714849.5466208,0.5237926509398475,-0.13693564343082654,0.797574302425458,-0.3853792798372114,0.496
1733714849.6466208,0.4581618992763535,-0.15550708150105688,0.8200519447548317,-0.386,0.496
1733714849.7466207,0.3939353733226329,-0.17155501652597976,0.8581681716391799,-0.386,0.496
1733714849.8466206,0.3381029759627084,-0.17965649825430113,0.8979268686328573,-0.378,0.496
1733714849.9466205,0.280881059795898,-0.18230780405751193,0.941304330153951,-0.36909252405625464,0.484
1733714850.0466204,0.22721975176001902,-0.17551795328792533,0.9712458218240109,-0.354,0.46199999999999997
1733714850.1466203,0.17491107300386505,-0.16562958249629442,0.9970965454407623,-0.3647942352593865,0.46679423525938646
1733714850.2466202,0.1345377897342554,-0.15434909185409856,1.0072290618271147,-0.363418578017148,0.46799999999999997
1733714850.34662,0.08650755205402479,-0.14272655580093563,1.0040506478421738,-0.34755432624864346,0.4672228368756782
1733714850.44662,0.042476727121410054,-0.13325535069911648,1.00498098195158,-0.29586041748245434,0.46799999999999997
1733714850.54662,0.01742044702920755,-0.120654092227613,0.9945596813182055,-0.13700189123919812,0.47926078733742616
1733714850.6466198,0.02067610560271619,-0.10791955930864254,0.9646563026631618,0.12488344342637966,0.486
1733714850.7466197,0.04143180893777158,-0.09515192748903203,0.9056957042451177,0.3022115106779795,0.482778848932202
1733714850.8466196,0.08878528259161865,-0.07820360236052633,0.8211287951668741,0.3959999999999999,0.478
1733714850.9466195,0.13463068491937116,-0.06485610764591741,0.7559614276438701,0.42199999999999993,0.474
1733714851.0466194,0.19105248254565005,-0.053154269383792876,0.6750360192562124,0.42799999999999994,0.472
1733714851.1466193,0.24644458776875355,-0.04702884279003773,0.5755818557951916,0.44599999999999995,0.46399999999999997
1733714851.2466192,0.30963317745514785,-0.04051505087005609,0.447822186664849,0.453276883996613,0.461276883996613
1733714851.3466191,0.36232534849274556,-0.036615610627952,0.36355548086566986,0.45799999999999996,0.45999999999999996
1733714851.446619,0.4126818343708406,-0.036305865669225314,0.299112119274666,0.46199999999999997,0.43399999999999994
1733714851.546619,0.47092667416565687,-0.04193415491342368,0.23661086455321934,0.476,0.4292208766256106
1733714851.6466188,0.5199965367874746,-0.047968478438792775,0.19233903956688328,0.48532389821808314,0.43199999999999994
1733714851.7466187,0.5746421922908578,-0.04898701481404121,0.13019722599027161,0.4983566566002969,0.43399999999999994
1733714851.8466187,0.6220473770615201,-0.037955899125002336,0.08961234002153844,0.5322009736612159,0.43599999999999994
1733714851.9466186,0.6751767601397947,-0.01132646118581013,0.04017481024376318,0.548,0.443056744130687
1733714852.0466185,0.7170934916200568,0.016782677585184445,-0.018021780819656108,0.5606782755231008,0.43799999999999994
1733714852.1466184,0.7577583393460733,0.03683428096472135,-0.05907038012441741,0.5680000000000001,0.43799999999999994
1733714852.2466183,0.8038457416177003,0.04688548884421502,-0.09028849401268783,0.5872253784873204,0.44122537848732024
1733714852.3466182,0.8442405096684066,0.0460406071867542,-0.09972773895640925,0.5920000000000001,0.45999999999999996
1733714852.446618,0.8912732543372742,0.03855476194499589,-0.10289776840656036,0.6013499392466587,0.47
1733714852.546618,0.9299674819432172,0.03413321216317909,-0.11041052115243918,0.6100000000000001,0.472
1733714852.646618,0.9590554964252561,0.03601179301174374,-0.12750990510991936,0.6120000000000001,0.484
1733714852.7466178,0.9850592508548615,0.0423446439982474,-0.15369314177440743,0.5927831581211519,0.4992168418788482
1733714852.8466177,1.0094810481738696,0.05679681012157443,-0.1652311784884827,0.5328218356970833,0.5215890821514584
1733714852.9466176,1.015953594740391,0.06402850933726467,-0.13007980934774627,0.45557814111062006,0.5524062453969657
1733714853.0466175,1.0188666310859236,0.06868986610224997,-0.0686790041186191,0.28994935958254275,0.5767421726755219
1733714853.1466174,1.010238177789326,0.06876988331286166,0.0014112385411680555,0.0,0.6176397831011052
1733714853.2466173,0.9945386867561447,0.06571068896530273,0.09576548061972787,-0.1055696053678276,0.6399999999999999
1733714853.3466172,0.9857614548018846,0.05332583727270852,0.1840755395194775,-0.19399999999999995,0.6479999999999999
1733714853.4466171,0.9714190439378126,0.03526846715202772,0.26381362011525006,-0.27,0.6559999999999999
1733714853.546617,0.9545356905487548,0.015649335586960453,0.3485530846201162,-0.2853562490842491,0.6566437509157508
1733714853.646617,0.9366603584204667,-0.0013672290036191312,0.43479831823042786,-0.29508192022928115,0.6572974171756115
1733714853.7466168,0.9105836206878557,-0.017451612002412045,0.525944604801096,-0.36,0.6639999999999999
1733714853.8466167,0.8873302196549164,-0.029487398386999757,0.599358017790051,-0.36,0.6639999999999999
1733714853.9466166,0.8640382556381188,-0.047394710955954295,0.6631231964651899,-0.35,0.6619999999999999
1733714854.0466166,0.8419524423153317,-0.06718775722663473,0.7301697571152098,-0.3631973619040171,0.6699999999999999
1733714854.1466165,0.8245227837701454,-0.0824499011608801,0.7666932013134571,-0.368,0.6679999999999999
1733714854.2466164,0.8104022133930638,-0.10329498725319691,0.7865221274389513,-0.3813938874944633,0.6666061125055366
1733714854.3466163,0.7875275875855967,-0.11581952999141615,0.7803185622466395,-0.3931629500791776,0.6659999999999999
1733714854.4466162,0.7574200456571023,-0.13080542120343253,0.8076147261130853,-0.3933113240539974,0.6739999999999999
1733714854.546616,0.7295837880625232,-0.14683495070912111,0.8476084073860174,-0.3973128230199749,0.6739999999999999
1733714854.646616,0.7124413199782719,-0.16108624396497787,0.8659272507721686,-0.398,0.6739999999999999
1733714854.746616,0.6934917909152728,-0.17108589519146325,0.8493142223821186,-0.396,0.6728118443407675
1733714854.8466158,0.6674794754780373,-0.16896085612137848,0.7854827985869499,-0.396,0.6739999999999999
1733714854.9466157,0.6477687819555916,-0.16012470770884818,0.7595296974640021,-0.404,0.6739999999999999
1733714855.0466156,0.6174057359038972,-0.14052317577716808,0.7822480622543867,-0.404,0.6686358813600192
1733714855.1466155,0.6011576423374354,-0.13592588116288715,0.8187272660062184,-0.3654552719506734,0.6692723640246632
1733714855.2466154,0.5788883039423934,-0.13873679839296105,0.8656448303809995,-0.32288445436784813,0.6692788864080379
1733714855.3466153,0.5614833945815159,-0.13655554764733693,0.9252081942809456,-0.04830446844614432,0.6699999999999999
1733714855.4466152,0.5685079627374039,-0.13292821592711163,0.9394190672604613,0.0,0.6679999999999999
1733714855.5466151,0.5820500646140544,-0.13178491987455773,0.8984899226548037,0.14626298303899274,0.6719999999999999
1733714855.646615,0.5947086842577453,-0.12601430309646486,0.8425920564916283,0.29499766546402695,0.6706252918169966
1733714855.746615,0.610045099924289,-0.11989549399194899,0.7333054494744297,0.36118015993655417,0.661180159936554
1733714855.8466148,0.6426369932880622,-0.11161980391705599,0.6108356346869072,0.41894187046823145,0.660882266191471
1733714855.9466147,0.6766163608867404,-0.09607199256472188,0.47413573061757486,0.43799999999999994,0.6579999999999999
1733714856.0466146,0.710473802116092,-0.07707333739477155,0.35544202511790396,0.4670023359649901,0.6559999999999999
1733714856.1466146,0.7561940648245813,-0.056349755303815696,0.2343805255626232,0.534,0.6479999999999999
1733714856.2466145,0.7917360089351207,-0.03851363463480584,0.1538090909145207,0.5780000000000001,0.6439999999999999
1733714856.3466144,0.8324384506017453,-0.0194016279934172,0.10724201323230637,0.5860000000000001,0.6459999999999999
1733714856.4466143,0.881534932618784,-0.004705973185373148,0.08004294595557254,0.5860000000000001,0.6459999999999999
1733714856.5466142,0.9250795306983454,0.002701321409377362,0.04442749931433321,0.6060000000000001,0.6379999999999999
1733714856.646614,0.9617618940853683,0.0075923336394824415,0.02623361470762639,0.6060000000000001,0.6433615057903259
1733714856.746614,0.9878496815997282,0.0018774289865178748,0.024451699868914357,0.6120000000000001,0.6459999999999999
1733714856.846614,1.0196272108736635,-0.004782743837927103,8.242773645132173e-05,0.5967978974468999,0.6552021025531001
1733714856.9466138,1.0423356575921616,-0.002343751600112058,-0.01248538721316175,0.5154850543892258,0.6719586215302111
1733714857.0466137,1.0582506846398987,0.0024883903943447,0.0025754013219042764,0.31001098599285914,0.6926654460007934
1733714857.1466136,1.0604286256092101,0.004428524559000862,0.04467160414354862,0.268,0.698
1733714857.2466135,1.0472804872389774,0.00850767985641239,0.13111456335510802,0.0,0.718
1733714857.3466134,1.0440456124676856,0.008057422685895838,0.20154757197812098,-0.18927818350816625,0.7382950471384943
1733714857.4466133,1.0369830508270734,0.00473141435157623,0.28120790463117884,-0.248,0.742
1733714857.5466132,1.0252474977863995,-0.0021956220782487186,0.33761481027217544,-0.29800000000000004,0.742
1733714857.6466131,1.0096130427081116,-0.015826564732368955,0.4338720270499391,-0.29170838356164386,0.742
1733714857.746613,0.9940784243599018,-0.034120692981880446,0.5114428579759922,-0.20258387395736788,0.74
1733714857.846613,0.9862836149537957,-0.05548691760480801,0.5857018124469505,-0.10675297981026513,0.742
1733714857.9466128,0.9874248375901522,-0.07184473678747881,0.6125093575271456,0.0,0.7347117549419043
1733714858.0466127,0.9909092163473706,-0.08183840024309964,0.5881702682110658,0.13436063085497446,0.724
1733714858.1466126,0.9891037452470656,-0.08488652568792471,0.5340511378705417,0.3112858696440224,0.7251607337055028
1733714858.2466125,0.9937491000051023,-0.08200287993388526,0.4992744715785415,0.4169437861818968,0.7167640534545258
1733714858.3466125,1.023586486591599,-0.0712801989546826,0.41010686742005803,0.4334943454603648,0.7128352181798784
1733714858.4466124,1.044118960705167,-0.05915371116730825,0.3160800944243684,0.5165315167775881,0.688
1733714858.5466123,1.058279127645897,-0.05216404212611179,0.25115291833752956,0.5760000000000001,0.6679999999999999
1733714858.6466122,1.0787092841530073,-0.04434360321091407,0.1635146693139586,0.5894980988593157,0.6536292775665399
1733714858.746612,1.090798250540343,-0.03679417284755895,0.10961236011188619,0.6132281443978224,0.6299999999999999
1733714858.846612,1.1065287064815141,-0.027901514600553914,0.04587518790851211,0.624769637359344,0.6299999999999999
1733714858.946612,1.118477217905371,-0.01869841419181247,0.007536231455640153,0.6240000000000001,0.6339999999999999
1733714859.0466118,1.131893470874636,-0.009002945117334286,-0.017852189188427417,0.6291784411941493,0.6339999999999999
1733714859.1466117,1.148816378959496,-0.005987568512075101,-0.02610213268425458,0.6339999999999999,0.6339999999999999
1733714859.2466116,1.166092593988023,-0.008240022234005063,-0.03121414233039329,0.6399999999999999,0.6352228778615099
1733714859.3466115,1.1830209846681252,-0.010355521409071798,-0.040707919717721766,0.6379999999999999,0.6379999999999999
1733714859.4466114,1.2009554924245114,-0.012585246148667163,-0.045460441909214826,0.6399999999999999,0.6339999999999999
1733714859.5466113,1.2164469899164672,-0.014076424655828222,-0.050220666697455216,0.6399999999999999,0.6379999999999999
1733714859.6466112,1.2268764624448092,-0.012673090618626702,-0.05267677235077868,0.6399999999999999,0.6379999999999999
1733714859.746611,1.2337444730041809,-0.009891282917217874,-0.06359604943306489,0.6479999999999999,0.6399999999999999
1733714859.846611,1.2443059470147064,-0.006710415397635939,-0.0722531843088636,0.6479999999999999,0.6399999999999999
1733714859.946611,1.257072705858443,-0.00423445324719229,-0.0681707454545714,0.6646012155212715,0.6419999999999999
1733714860.0466108,1.2709414207513665,-0.003400562669464104,-0.07031835036651501,0.6759999999999999,0.6399999999999999
1733714860.1466107,1.2844353883876427,-0.003992870777607424,-0.08337448050755357,0.6679999999999999,0.6391329574447978
1733714860.2466106,1.2958601466146487,-0.004838571494601109,-0.09277930722408931,0.6627651117289671,0.6399999999999999
1733714860.3466105,1.3060338708149128,-0.008203722563785059,-0.09178649855440058,0.6439999999999999,0.6410600581016185
1733714860.4466105,1.3115274019788778,-0.012719028216801773,-0.08951579248213418,0.6306934886499401,0.6439999999999999
1733714860.5466104,1.3156970489448292,-0.017382355182099966,-0.08277288606048887,0.602782683328756,0.6399999999999999
1733714860.6466103,1.3153813168537407,-0.02075235049554687,-0.05934350291318165,0.6252552257157913,0.6032134199894609
1733714860.7466102,1.314782797686532,-0.024907656300823807,-0.027965256649057264,0.6279999999999999,0.5048602046830627
1733714860.84661,1.3046813178634173,-0.02800868480285236,-0.043256660517463685,0.6279999999999999,0.46199999999999997
1733714860.94661,1.28972828666508,-0.028437519652836498,-0.06968857931131638,0.6128904169079329,0.34869875506658954
1733714861.0466099,1.2698645616745003,-0.02300414333744848,-0.09219339224919265,0.5849082334446847,0.29581646688936925
1733714861.1466098,1.2438502396886544,-0.01629414936246469,-0.1292426551852575,0.5617171332927572,0.2648585666463786
1733714861.2466097,1.2201408454139115,-0.012175062461807041,-0.147013422054726,0.542,0.26
1733714861.3466096,1.1940267450915663,-0.012978116221767066,-0.15764508630793855,0.534,0.27399391291246045
1733714861.4466095,1.1751690215184094,-0.015640866430969562,-0.16038747119200644,0.5287916362308255,0.28520836376917463
1733714861.5466094,1.1632381297374748,-0.019887197159575567,-0.15786655022427284,0.4797325605464707,0.32226743945352937
1733714861.6466093,1.1546251269013417,-0.02166485036343314,-0.15008227408504754,0.474,0.3420000000000001
1733714861.7466092,1.1491267325756052,-0.02199092443259767,-0.13739204734070015,0.474,0.3574947398050738
1733714861.846609,1.1459960179285051,-0.02158658792018948,-0.12703620196465773,0.4811397665202956,0.3600000000000001
1733714861.946609,1.1455444717537995,-0.022169000138994654,-0.12107936220120945,0.4848417782026769,0.3634746653919695
1733714862.046609,1.145446285155844,-0.024151714656422955,-0.11763885936581775,0.45999999999999996,0.3879999999999999
1733714862.1466088,1.1387023373988108,-0.02739830240097479,-0.10590323246203974,0.4099999999999999,0.4139999999999999
1733714862.2466087,1.129494963382312,-0.030497125937435074,-0.08494811876102373,0.4079999999999999,0.4139999999999999
1733714862.3466086,1.1246644854310637,-0.03129054201432975,-0.06890796097855056,0.4019999999999999,0.4139999999999999
1733714862.4466085,1.1210838945033799,-0.031249627852116924,-0.06280430670936535,0.39486790570693536,0.4251320942930645
1733714862.5466084,1.1147279028136228,-0.030804872270497594,-0.0633910933122331,0.3899999999999999,0.44329085640887766
1733714862.6466084,1.1096994885740405,-0.026373019950606334,-0.05290151996335911,0.3827899007487375,0.4704201985025248
1733714862.7466083,1.1077213413837774,-0.022893655668547515,-0.0375279916823761,0.3799999999999999,0.476
1733714862.8466082,1.1050042527631045,-0.021559753554600637,-0.018014333562085105,0.38499786228284094,0.4860042754343179
1733714862.946608,1.1019864594762765,-0.019023860445726792,-0.006741274695111146,0.36276055915526767,0.5172394408447324
1733714863.046608,1.099737267601922,-0.015618839270527431,0.010424685438887839,0.3517295921131034,0.5271352039434484
1733714863.1466079,1.0958654841101991,-0.01642936977124832,0.03767099338047819,0.26422268125021164,0.5402539026785412
1733714863.2466078,1.0847447661200775,-0.018544690342769392,0.07357480882000215,0.10727627064690703,0.5640000000000001
1733714863.3466077,1.0643993667846032,-0.02262895522416736,0.12042705792344642,0.0,0.5800000000000001
1733714863.4466076,1.0456808502327943,-0.029481736265202764,0.19371159266289634,0.0,0.6200000000000001
1733714863.5466075,1.037409731260816,-0.037162530650859796,0.23668897400814198,-0.102117500980264,0.6451762514703959
1733714863.6466074,1.02963498381443,-0.04609120346926643,0.28229540670711606,-0.10999999999999999,0.6739999999999999
1733714863.7466073,1.0216633402646669,-0.056146542620082986,0.33135687543040154,-0.10799999999999998,0.6759999999999999
1733714863.8466072,1.0094367045823596,-0.06422688454664482,0.3784081449834422,-0.10317497805792705,0.6759999999999999
1733714863.946607,0.9988990844964808,-0.0702366732407297,0.40810100085170226,-0.10799999999999998,0.6784055604850635
1733714864.046607,0.991203147701323,-0.07220330727821211,0.4262323243965805,-0.10455611534955135,0.6799999999999999
1733714864.146607,0.9861164552728595,-0.0725386539262941,0.4402358685119367,-0.09599999999999997,0.6779999999999999
1733714864.2466068,0.9761023006247455,-0.07393358241936929,0.4673980560069986,-0.1334382003772329,0.6819999999999999
1733714864.3466067,0.9640163487024939,-0.0731371434317896,0.48105105610032856,-0.14618347590571454,0.6830917379528572
1733714864.4466066,0.9509890955240394,-0.07451646070513043,0.5037078360891659,-0.13879880392994448,0.6839999999999999
1733714864.5466065,0.9377436183686253,-0.0785225631958124,0.5304911295009715,-0.1286736101625461,0.6819999999999999
1733714864.6466064,0.9238525080379817,-0.08064020855696942,0.5491367736148594,-0.12,0.6839999999999999
1733714864.7466063,0.9160966028955219,-0.07886746271345003,0.5461827752020298,-0.09399999999999997,0.6759999999999999
1733714864.8466063,0.9081090561222742,-0.07558762851707734,0.5254576780080145,0.1968560221745724,0.6659999999999999
1733714864.9466062,0.9015513125672109,-0.07256856641949079,0.5080006754682991,0.26021590948172096,0.6628920452591395
1733714865.046606,0.8968438626178656,-0.0688239790833677,0.49555304526245125,0.27,0.6566910185587486
1733714865.146606,0.9112348883435641,-0.063976321608067,0.4305509530455618,0.2577384232811345,0.6571307883594327
1733714865.2466059,0.9176456967690393,-0.055355393663446335,0.3562384725999206,0.24289872689347622,0.6528987268934762
1733714865.3466058,0.9201845762611999,-0.04550886887789088,0.3070561672562056,0.242,0.6519999999999999
1733714865.4466057,0.9217206851140735,-0.03236367049906022,0.2714919643271471,0.28836648086813693,0.6479999999999999
1733714865.5466056,0.9256161478233677,-0.02037011259303555,0.24337085607027145,0.29600000000000004,0.6459999999999999
1733714865.6466055,0.9325876454318126,-0.006834127310069809,0.22421893117588138,0.31000000000000005,0.6419999999999999
1733714865.7466054,0.9438364286861026,0.0028677171556882493,0.22346604900378478,0.30600000000000005,0.6408676305791674
1733714865.8466053,0.9570108379518105,0.00845044840273418,0.2325612370056729,0.29986780524344575,0.6399999999999999
1733714865.9466052,0.9700648354657724,0.009274153439294433,0.22785872449369685,0.2872543549973957,0.6399999999999999
1733714866.046605,0.9759433971368667,0.00829132714209072,0.20870203227147374,0.29200000000000004,0.6370155023152807
1733714866.146605,0.9817475155695145,0.009648503008201406,0.1830512582589657,0.29800000000000004,0.6329465437452173
1733714866.246605,0.9870014957774371,0.010462324236957105,0.18597621012332421,0.29121431846235235,0.6312143184623522
1733714866.3466048,0.9993503369442567,0.012189663366594246,0.21275603126251383,0.29000000000000004,0.6106491251431464
1733714866.4466047,1.0039710610728638,0.010731643841010368,0.21661456771008272,0.3031499814746203,0.5434000741015191
1733714866.5466046,1.0036439312582057,0.007597731866364575,0.19671462543662271,0.3032366648461679,0.5367633351538322
1733714866.6466045,1.0059675867944975,0.007514086599571581,0.16266510218694627,0.3144500192435535,0.5250999615128932
1733714866.7466044,1.0086368924752793,0.012228731717379869,0.1264782023428989,0.32600000000000007,0.5071119735973597
1733714866.8466043,1.0110075758520838,0.015962141758235786,0.10723309553590327,0.3410657384987894,0.5109780871670703
1733714866.9466043,1.0163767216449142,0.019650431132134476,0.09530218947594464,0.38116927026265524,0.49483072973734465
1733714867.0466042,1.0217876465130618,0.020286681770370466,0.08537809723330637,0.3796890916409498,0.481155454179525
1733714867.146604,1.0279004914285643,0.019137349027850085,0.07363100915008844,0.3759999999999999,0.4709301782820097
1733714867.246604,1.032525921246235,0.016368708181052485,0.07094365293829473,0.3779999999999999,0.4588237443576699
1733714867.3466039,1.0360727105202836,0.012633486017121344,0.06337111231728118,0.3789613644481485,0.45703863555185137
1733714867.4466038,1.038299382945671,0.012369550830636827,0.06204846595886146,0.3779999999999999,0.45599999999999996
1733714867.5466037,1.0382842194114885,0.012930825480609878,0.0637447797397546,0.3720000000000001,0.45199999999999996
1733714867.6466036,1.0353523524958483,0.010905522710351601,0.06261600105120087,0.3740000000000001,0.44999999999999996
1733714867.7466035,1.0343223415509062,0.00925181212765242,0.04868897920554899,0.3720000000000001,0.45399999999999996
1733714867.8466034,1.0336849053990678,0.008420534682435647,0.03869870530239376,0.3791322789446505,0.4468296189549783
1733714867.9466033,1.0315550569450747,0.007305587544581681,0.03182728144781199,0.38114704999339494,0.44118826001849376
1733714868.0466032,1.029015174019585,0.009002700668433587,0.030888970717509585,0.3831618210421394,0.4355469010820093
1733714868.146603,1.0279896289459776,0.01045793507756726,0.03626895054821662,0.3851765920908839,0.4299055421455248
1733714868.246603,1.0310809978542679,0.009242308786403117,0.03355079634072625,0.3871913631396283,0.4242641832090403
1733714868.346603,1.035984792606532,0.006305414254599566,0.024675767945061055,0.39254519557628686,0.41410571294644893
1733714868.4466028,1.040445214425568,0.004299773642462944,0.011222903251301689,0.400137657962531,0.4009188045913934
1733714868.5466027,1.0400123268058328,0.002823084787384095,0.0017463935263297699,0.4077301203487751,0.38773189623633786
1733714868.6466026,1.0374248930580434,0.004528188540889359,-0.0012854729597889193,0.4153225827350192,0.3745449878812823
1733714868.7466025,1.036254836092963,0.005329195053410016,-0.007726635740927223,0.4229150451212633,0.36135807952622684
1733714868.8466024,1.0350327922408418,0.00437064899673471,-0.02201892929324192,0.4117355208014584,0.34815453644080224
1733714868.9466023,1.0363819039849433,0.002514433548943326,-0.030818144521644976,0.38770837906205946,0.3349396084841328
1733714869.0466022,1.0393544362310898,0.0030307987927913568,-0.03512234486514637,0.36368123732266044,0.32172468052746334
1733714869.1466022,1.0384331827729028,0.005060560778937356,-0.03763101730589711,0.3396540955832615,0.3085097525707938
1733714869.246602,1.0341818358681016,0.006674398186210147,-0.03402242362721281,0.31562695384386247,0.2952948246141244
1733714869.346602,1.0243337274377302,0.00826628000179125,-0.032647865575152424,0.31798437216930314,0.28424750135873456
1733714869.4466019,1.008150306623668,0.008080818601185301,-0.018261584965140482,0.33798065352746554,0.27464928630681656
1733714869.5466018,0.9986837818108644,0.005008662073239943,-0.006576182571951887,0.35797693488562793,0.26505107125489863
1733714869.6466017,0.9921574537505791,0.0006142374209668164,-0.012310451402231254,0.3779732162437903,0.25545285620298064
1733714869.7466016,0.9921919442000621,-0.003988277846755147,-0.03170302536423033,0.39796949760195266,0.24585464115106268
1733714869.8466015,0.9917196437614335,-0.0026566044623762574,-0.058665701433813534,0.40791569549168083,0.23840807095309832
1733714869.9466014,0.9880844010981903,8.611154160754378e-05,-0.07435876760529368,0.4111170571561324,0.23240551783225155
1733714870.0466013,0.9819517061626768,0.00589405236436543,-0.09232809406096049,0.414318418820584,0.22640296471140478
1733714870.1466012,0.9749151545692766,0.010232506553070723,-0.09978028953365985,0.41751978048503563,0.220400411590558
1733714870.246601,0.9674625925924907,0.012528226489417827,-0.09994289523580092,0.42072114214948725,0.21439785846971124
1733714870.346601,0.9646689719123416,0.011258967455815791,-0.10645901029766099,0.42632225002252244,0.20911849998498494
1733714870.446601,0.9650521638452033,0.009773228746214564,-0.11946539704459246,0.4335196794507266,0.20432021369951553
1733714870.5466008,0.9657141683299987,0.00852552644066776,-0.131222831714892,0.44071710887893073,0.1995219274140461
1733714870.6466007,0.9640019357524958,0.01073255400538819,-0.13863551177716732,0.44791453830713485,0.19472364112857668
1733714870.7466006,0.9605735703511482,0.013905165561252252,-0.14389170233722712,0.45511196773533896,0.18992535484310727
1733714870.8466005,0.9585630025520016,0.015555348067009879,-0.15341142483209055,0.4570421831496243,0.18991563370075132
1733714870.9466004,0.9576403347449831,0.015936739659385732,-0.1607049382290115,0.4554424653876959,0.19311506922460805
1733714871.0466003,0.9568570837893965,0.015013471453487755,-0.16021838296394467,0.45384274762576754,0.1963145047484648
1733714871.1466002,0.9561156711610842,0.013214071897265225,-0.15186589578240156,0.4522430298638392,0.19951394027232155
1733714871.2466002,0.9575112145436019,0.00896677885424905,-0.1466820397498638,0.4506433121019108,0.2027133757961783
1733714871.3466,0.9601750245292101,0.006149864160798693,-0.14419528926698294,0.45119564559187936,0.20328261264487232
1733714871.4466,0.9600281580576647,0.00507229512879507,-0.14913072980547926,0.4531955244824598,0.20208268531052404
1733714871.5465999,0.9585984116870587,0.006804181265524448,-0.16396557436921624,0.4551954033730403,0.20088275797617572
1733714871.6465998,0.9569754393071391,0.009169182765561104,-0.17358930706158407,0.45719528226362083,0.19968283064182743
1733714871.7465997,0.9552178011599876,0.011977843284548772,-0.17587184371060577,0.45919516115420134,0.19848290330747914
1733714871.8465996,0.9563359629512003,0.014149627357359428,-0.17435242674082885,0.4603943644464165,0.19878872889283303
1733714871.9465995,0.958150118054183,0.013470181769539364,-0.1764818413171305,0.46105432654143386,0.20010865308286774
1733714872.0465994,0.9591602989699239,0.012306671614580381,-0.18255009049452892,0.4617142886364512,0.20142857727290245
1733714872.1465993,0.9586502667071397,0.010761633374654382,-0.19389444211372878,0.46199999999999997,0.20199999999999996
1733714872.2465992,0.9551151195575831,0.010212620521421134,-0.20385705399221904,0.46399999999999997,0.19999999999999996
1733714872.346599,0.9519516453245508,0.011568442921996859,-0.21622150599666046,0.46799999999999997,0.19799999999999995
1733714872.446599,0.950478007679507,0.012798421620838184,-0.2292165437757282,0.472,0.19199999999999995
1733714872.546599,0.9497502981193683,0.01581342366473656,-0.2316272347729268,0.47283536168060225,0.19199999999999995
1733714872.6465988,0.950211945860741,0.020467428328867915,-0.22636642044612187,0.472,0.19199999999999995
1733714872.7465987,0.9501639138005659,0.025445496794582963,-0.21633676205222205,0.472,0.18999999999999995
1733714872.8465986,0.9507509503237414,0.028876949331973056,-0.20362890186624097,0.472,0.18799999999999994
1733714872.9465985,0.9492588533976404,0.02856982917917106,-0.19462167732205374,0.4729189240267103,0.1870810759732896
1733714873.0465984,0.9479793239893805,0.025569794409548572,-0.18858621189888225,0.472,0.18599999999999994
1733714873.1465983,0.9478383871465574,0.020832059765107915,-0.18762802747395305,0.4768911044314157,0.1811088955685842
1733714873.2465982,0.948628228025142,0.015979265485777477,-0.18999915669445958,0.484,0.17399999999999993
1733714873.3465981,0.9463387475816745,0.011556205895681505,-0.197057437456307,0.484,0.17599999999999993
1733714873.446598,0.943406104070018,0.009523879389701721,-0.20610884799458468,0.484,0.17799999999999994
1733714873.546598,0.9392110532166538,0.009895995799197308,-0.20958460660523243,0.486,0.18399999999999994
1733714873.6465979,0.935052781409623,0.011850477748977227,-0.21782318118466587,0.492,0.18199999999999994
1733714873.7465978,0.9306155327538627,0.014311690197104997,-0.22568002716704344,0.492,0.18199999999999994
1733714873.8465977,0.9264993051981961,0.018301162340128112,-0.23036254914145016,0.492,0.18199999999999994
1733714873.9465976,0.9250297644365898,0.02129805346390574,-0.22978412095259354,0.494,0.17896190784504148
1733714874.0465975,0.9261281190973396,0.023378180966427117,-0.23281875640798777,0.496,0.17599999999999993
1733714874.1465974,0.9271115021083923,0.025389988309051988,-0.23613274482673371,0.498,0.17199999999999993
1733714874.2465973,0.9282186452184955,0.02752185682730899,-0.2348328016066163,0.502,0.16799999999999993
1733714874.3465972,0.9318261663388241,0.02788538465264889,-0.22955461192475574,0.506,0.15799999999999992
1733714874.446597,0.9357040360797862,0.028419764731809034,-0.2242314774217814,0.508,0.15599999999999992
1733714874.546597,0.9381233870655986,0.026023113406618645,-0.2242039390950237,0.508,0.15599999999999992
1733714874.646597,0.9398401670708875,0.022573171745361657,-0.2272679794480635,0.514,0.1450109225340278
1733714874.7465968,0.9394253971168969,0.0182291898021697,-0.23474247519842964,0.5270360792162646,0.1299999999999999
1733714874.8465967,0.9377948275463984,0.016056050615674108,-0.2450292755853916,0.53,0.1279999999999999
1733714874.9465966,0.9334136673517037,0.01532478070913319,-0.25900663272659147,0.53,0.1279999999999999
1733714875.0465965,0.9291326975683609,0.01647272102548403,-0.269621239874302,0.532,0.1259999999999999
1733714875.1465964,0.9256821510054718,0.0190945650804035,-0.2783718537073101,0.532,0.12400000000000011
1733714875.2465963,0.9227518086434606,0.023000860579723215,-0.28461446823392783,0.532,0.12400000000000011
1733714875.3465962,0.9195664854242955,0.024407621224454404,-0.2895170261919729,0.532,0.12330777600296328
1733714875.4465961,0.9177037107841719,0.02454933871201912,-0.2941656723595386,0.534,0.1180000000000001
1733714875.546596,0.9170658016846621,0.02522981012272285,-0.30352263908338867,0.536,0.11098286177872436
1733714875.646596,0.9174925946649488,0.026933453246771936,-0.31459340200100866,0.538,0.1060000000000001
1733714875.7465959,0.9187451003945156,0.028471719442181333,-0.3200284565104977,0.538,0.1060000000000001
1733714875.8465958,0.9199990047688301,0.030699054185790484,-0.3221985824567131,0.538,0.1060000000000001
1733714875.9465957,0.9211461056335463,0.03174918981591142,-0.3201864134529235,0.538,0.1060000000000001
1733714876.0465956,0.9220680014631677,0.03223543050025137,-0.3168408299384846,0.538,0.1080000000000001
1733714876.1465955,0.9216298003663301,0.03253445417450086,-0.3153272804779151,0.538,0.1080000000000001
1733714876.2465954,0.9212957039742807,0.03252819336926174,-0.31327262322509,0.536,0.1080000000000001
1733714876.3465953,0.9189630078412582,0.03045173973458639,-0.31185836639473735,0.5372065090824406,0.1080000000000001
1733714876.4465952,0.9161372604769815,0.026187527065341623,-0.3108475890362,0.538,0.1080000000000001
1733714876.546595,0.9142794102110865,0.022005676529972564,-0.3097091551046195,0.538,0.1080000000000001
1733714876.646595,0.9106776891101438,0.02227934764786374,-0.30619147485184,0.54,0.1080000000000001
1733714876.746595,0.9064623295421069,0.024946715023712023,-0.2956600405567766,0.54,0.1080000000000001
1733714876.8465948,0.9022474720343705,0.025838329217365872,-0.2914469254697657,0.5430537319785073,0.14126865989253595
1733714876.9465947,0.9041749183680768,0.021091784933911457,-0.29640863863410943,0.546,0.2047615786628221
1733714877.0465946,0.9126507062559306,0.01777172326439914,-0.2915857029086404,0.5345621639672734,0.3188756720654534
1733714877.1465945,0.927395962391189,0.013707492908333056,-0.2597311598982938,0.5019092310145081,0.341045384492746
1733714877.2465944,0.9346961283382669,0.010675651822659773,-0.22445116423399347,0.4830723715509039,0.3589276284490962
1733714877.3465943,0.9436342865473861,0.007844045641579577,-0.18621237265548565,0.47,0.3700000000000001
1733714877.4465942,0.9500878916440545,0.007776867379750283,-0.16496007343972197,0.45599999999999996,0.3799999999999999
1733714877.5465941,0.954081915672508,0.007578725484379274,-0.14598049898247734,0.44700303742637537,0.3869969625736245
1733714877.646594,0.95585342393016,0.0075404132820336405,-0.13053711049272726,0.43999999999999995,0.3939999999999999
1733714877.746594,0.9574372472860042,0.005958856600070362,-0.10855081323438126,0.4271565954152509,0.39884340458474893
1733714877.8465939,0.9571481088715157,0.0020565489743503956,-0.08989965068659511,0.4179999999999999,0.4059999999999999
1733714877.9465938,0.9554428569142147,-0.005133378587587409,-0.07880879554859133,0.3978644651212821,0.41613553487871774
1733714878.0465937,0.9515677719304407,-0.009674501841816171,-0.07048832943107944,0.35604311514026704,0.4349892212149332
1733714878.1465936,0.9451064364222501,-0.012208718305066176,-0.05240044960531866,0.30132584132039075,0.45667415867960925
1733714878.2465935,0.9402785861251791,-0.013209926823837335,-0.018350328501587996,0.2547962465775273,0.4820582152635636
1733714878.3465934,0.9377053805785254,-0.013019230434988201,0.012277049406388692,0.23209624893214942,0.49
1733714878.4465933,0.9364003890447912,-0.01090366897362267,0.0546682068281285,0.22599999999999998,0.492
1733714878.5465932,0.9364489774848621,-0.011182701869973161,0.08037568194353363,0.22399999999999998,0.496
1733714878.646593,0.93657177737686,-0.012522515083708071,0.1063223879865573,0.22399999999999998,0.496
1733714878.746593,0.9367974055862252,-0.015473743779376175,0.12581442015604724,0.2191939328277356,0.49987071144817624
1733714878.846593,0.9367841433670281,-0.020590684201508468,0.1399097222460496,0.20716732593664572,0.504
1733714878.9465928,0.93597558293342,-0.023089244341976206,0.14559271355710116,0.19298382935240765,0.508
1733714879.0465927,0.933103207384526,-0.024484970369653813,0.15572645687717487,0.17311136426614113,0.5128886357338588
1733714879.1465926,0.9308357450479042,-0.025964158551943884,0.16513132533996558,0.16199999999999992,0.516
1733714879.2465925,0.9286776752837961,-0.02600845998832673,0.17483674124090445,0.15599999999999992,0.518
1733714879.3465924,0.9252153068953274,-0.02454058672669317,0.18860492321497163,0.15599999999999992,0.5170902176209592
1733714879.4465923,0.9204955150181137,-0.02382273044780258,0.202875142345964,0.1499999999999999,0.52
1733714879.5465922,0.9147770298129292,-0.02533984902755164,0.21370975636663497,0.1419999999999999,0.522
1733714879.6465921,0.9093433720979336,-0.027390793898059686,0.2189935124859849,0.13593466362987378,0.524
1733714879.746592,0.8997473571937759,-0.029767570177345527,0.22261175122961854,0.1259999999999999,0.526
1733714879.846592,0.8926943097213299,-0.029347002624863033,0.2275543456241597,0.1259999999999999,0.526
1733714879.9465919,0.8817491006325492,-0.02957878940372538,0.23677074534579812,0.09703473338458321,0.53
1733714880.0465918,0.8719808101356612,-0.027390690705902842,0.24466312189362913,0.0,0.538
1733714880.1465917,0.8665710896380232,-0.026850219622467923,0.2583410150957804,0.0,0.538
1733714880.2465916,0.8624432847591427,-0.025234716209035727,0.27163320759163395,0.0,0.5477087305094376
1733714880.3465915,0.8599784683440873,-0.024091391351295774,0.2865497082328626,0.0,0.56
1733714880.4465914,0.8579501928772498,-0.022817854681279802,0.3003976232830853,0.0,0.5680000000000001
1733714880.5465913,0.858341112260798,-0.02404277047154224,0.31251894113295514,0.0,0.5780000000000001
1733714880.6465912,0.8570873361538822,-0.025273509542428216,0.3277340772498497,0.0,0.5800000000000001
1733714880.746591,0.8550356217812931,-0.025912016626212158,0.33640044636590666,0.0,0.5780000000000001
1733714880.846591,0.8520600656284083,-0.026075078038477063,0.34402451172144244,-0.04047144474014254,0.5800000000000001
1733714880.946591,0.8481314765228126,-0.024679326831554858,0.34577404173525966,-0.09599999999999997,0.5820000000000001
1733714881.0465908,0.8436121293134796,-0.023690701862949307,0.35361220332484083,-0.09599999999999997,0.5840000000000001
1733714881.1465907,0.8393100776312228,-0.025069436790089328,0.3612971462956273,-0.09599999999999997,0.5840000000000001
1733714881.2465906,0.828024647024552,-0.026436407395647,0.3888197718698218,-0.11685808459989012,0.5908580845998902
1733714881.3465905,0.8206056778722429,-0.026344258941074967,0.4055806061598512,-0.11702518486179704,0.5910251848617971
1733714881.4465904,0.8135478853060923,-0.026417919968629928,0.42426831884225247,-0.10999999999999999,0.5860000000000001
1733714881.5465903,0.806493752104738,-0.029032456226869646,0.43753480291540026,-0.11199999999999999,0.5868871456899569
1733714881.6465902,0.8011747038162172,-0.030631050343190448,0.4459513269861782,-0.11701314495678725,0.5900000000000001
1733714881.7465901,0.7954930886737107,-0.033666890368743284,0.45923629690863793,-0.124,0.5920000000000001
1733714881.84659,0.7904888720727714,-0.03604458651355239,0.4735384034446337,-0.13487696381288616,0.5940000000000001
1733714881.94659,0.78438630380837,-0.04015019725230881,0.49052003838894676,-0.14583281038411997,0.59891640519206
1733714882.0465899,0.7746095438619216,-0.0458799180906803,0.515006103772259,-0.15200000000000002,0.5960000000000001
1733714882.1465898,0.7632382618877676,-0.05230647781954491,0.5423028213293368,-0.12053156227150864,0.5871328905678772
1733714882.2465897,0.7543162951338862,-0.054954759237834126,0.5622238406509745,0.0,0.5888448565598369
1733714882.3465896,0.7553669465694907,-0.05310089762988243,0.5608294869539674,0.0,0.5900000000000001
1733714882.4465895,0.7557904109165454,-0.048682142982526544,0.5283536310210611,0.0,0.5880000000000001
1733714882.5465894,0.7577075259692219,-0.04479638279552838,0.4899147973620263,0.0,0.5900000000000001
1733714882.6465893,0.7595578727613225,-0.042917870765763304,0.4645698249355279,0.14414366831300598,0.5820000000000001
1733714882.7465892,0.7628305624509751,-0.03927197503696792,0.4392237761526635,0.21761267478845342,0.5808063373942268
1733714882.846589,0.7736019115800468,-0.03540665526198642,0.4078111400966019,0.2349352259408777,0.5780000000000001
1733714882.946589,0.7876133885879968,-0.02642127223904539,0.35020585581305885,0.2552304598176158,0.5631923850455961
1733714883.046589,0.7985024050482982,-0.01692910424976515,0.29436026914840113,0.28800000000000003,0.56
1733714883.1465888,0.8082309075788819,-0.010458164949436362,0.2558514048735282,0.28800000000000003,0.56
1733714883.2465887,0.8162777799932599,-0.0050209967170083995,0.24191297078037777,0.2968560046224493,0.5588560046224493
1733714883.3465886,0.8242950190441151,-0.0017203031902058128,0.23717274732348473,0.306817147037308,0.56
1733714883.4465885,0.8362749910831403,0.0013361073288291766,0.22558411801340386,0.31405087499667056,0.56
1733714883.5465884,0.849114577737751,0.003066715498342456,0.2108522263486317,0.32000000000000006,0.56
1733714883.6465883,0.8630051950797453,0.004468616029793864,0.19337366603092773,0.32200000000000006,0.56
1733714883.7465882,0.8731723409251345,0.005775582501960115,0.18541476146898936,0.3470003721424775,0.558
1733714883.8465881,0.8962465191699976,0.008462718771067284,0.1521169962779693,0.3460000000000001,0.558
1733714883.946588,0.9098728483728922,0.008835701252599299,0.12490638862125314,0.3588774844764525,0.554
1733714884.046588,0.9288650678415497,0.010578059564227088,0.10184296024755406,0.37484458768964707,0.552
1733714884.1465878,0.9477212482851262,0.011532034855148662,0.08656263074205205,0.3920265251989389,0.5399734748010611
1733714884.2465878,0.9613949067984009,0.011691276348994398,0.07307585200192769,0.42191128201606803,0.5160887179839319
1733714884.3465877,0.9750905031682929,0.011635906007350996,0.048740622646966256,0.45799999999999996,0.482
1733714884.4465876,0.9824166913057026,0.013272983007510092,0.025998361081043562,0.4659369553523399,0.4385043571812802
1733714884.5465875,0.9861889307419922,0.014267776398327024,0.006954288691951714,0.4848972870339942,0.33041085186402314
1733714884.6465874,0.9854829094353343,0.014144430454203778,-0.01655317144857924,0.5018983122141016,0.28210168778589834
1733714884.7465873,0.9877236000314226,0.014370289490065895,-0.04931848737030805,0.508,0.258
1733714884.8465872,0.9930792493307289,0.014832251429251231,-0.07983888559868649,0.508,0.252
1733714884.946587,0.9979552354449169,0.013066571323422349,-0.0855065260839833,0.5145666270700859,0.22217629795262384
1733714885.046587,1.00069316934749,0.009610616974151115,-0.09574119266434282,0.5486450147626619,0.12070997047467646
1733714885.146587,1.0006630838698676,0.006203727894199465,-0.14163886612620288,0.556838247604874,0.0
1733714885.2465868,0.998622020463571,0.0056602035737124586,-0.18523335828613274,0.5658425031651294,0.0
1733714885.3465867,1.001144721328691,0.007205263525894886,-0.22957341213617447,0.562,0.0
1733714885.4465866,1.0050240285816834,0.011942742009937283,-0.2751924067924488,0.56,0.0
1733714885.5465865,1.0054482066225585,0.016810699305688508,-0.30354686634323247,0.56,0.0
1733714885.6465864,1.0056656684761407,0.020606222165908843,-0.3160380080482575,0.56,0.0
1733714885.7465863,1.0049633845780332,0.02246690197216357,-0.3232690669244345,0.558784316069454,0.0
1733714885.8465862,1.0032093428608948,0.024770634517516772,-0.33425215223050386,0.5588207641346765,0.0
1733714885.9465861,1.0007143978832607,0.028159464223011448,-0.34474143876224017,0.558,0.0
1733714886.046586,0.998994266329958,0.03027244230573391,-0.34983810255527575,0.558,0.0
1733714886.146586,0.9974366440853265,0.034275674195661625,-0.3551580570769524,0.5570712537214688,0.0
1733714886.2465858,0.9969283127899403,0.03693845385235222,-0.3558221829035863,0.56,0.0
1733714886.3465858,0.9975083700894678,0.038736333797407194,-0.357116723660787,0.56,0.0
1733714886.4465857,0.9967220327302163,0.0376167691857085,-0.3498673570138017,0.562,0.0
1733714886.5465856,0.9942421101986294,0.03462521727607033,-0.3433386411217744,0.5640000000000001,0.0
1733714886.6465855,0.990637720214634,0.0335423730494523,-0.3427706711324217,0.5640000000000001,0.0
1733714886.7465854,0.985896881693393,0.033044192974241215,-0.3415064762096339,0.5689663910717486,0.0
1733714886.8465853,0.9829930217969398,0.03399192250299347,-0.3409636524298647,0.5689284962545658,0.0
1733714886.9465852,0.9796545819643271,0.03319434222631524,-0.3428181586519014,0.5849448014166456,0.0
1733714887.046585,0.9782508413283886,0.03271298209093769,-0.3461557009008825,0.588914225443163,0.0
1733714887.146585,0.9778439007440475,0.03250601149802463,-0.3483604570208651,0.5920000000000001,0.0
1733714887.246585,0.98149400556566,0.031044397564712365,-0.35190262787944987,0.5920000000000001,0.0
1733714887.3465848,0.9827361203654188,0.028574703037021382,-0.3568832660986046,0.5920000000000001,0.0
1733714887.4465847,0.984655231439365,0.027250628294010627,-0.36463989529961166,0.6180000000000001,0.0
1733714887.5465846,0.9918127166323438,0.026304783712867187,-0.3770966897004833,0.6235844309445729,0.0
1733714887.6465845,0.9982457677810224,0.026858899986767316,-0.38508493172235053,0.6200000000000001,0.0
1733714887.7465844,1.0003396246263883,0.027351347695568972,-0.3863703300377605,0.6200000000000001,0.0
1733714887.8465843,1.001067482016826,0.027896971263469923,-0.3838987781852833,0.6200000000000001,0.0
1733714887.9465842,1.002822321737516,0.028892535319642455,-0.38583837368191537,0.6180000000000001,0.0
1733714888.0465841,1.0035609017558118,0.03056307075783382,-0.39293170793442733,0.6120000000000001,0.0
1733714888.146584,1.0039928956663524,0.03215161386871163,-0.3968960630228543,0.6120000000000001,0.0
1733714888.246584,1.0051023851641299,0.03590348484430447,-0.3964488585137533,0.6100000000000001,0.0
1733714888.3465838,1.0035934628530407,0.03829676791095298,-0.3929171295741492,0.6100000000000001,0.0
1733714888.4465837,1.0057077774803067,0.03868380331764638,-0.39062688537083656,0.6120000000000001,0.0
1733714888.5465837,1.008187419654494,0.037565449517012635,-0.39412721667400136,0.6120000000000001,0.0
1733714888.6465836,1.0100150476978105,0.037528296756113126,-0.3979429959540185,0.6160441713312242,0.0
1733714888.7465835,1.014411658985075,0.038155194790574574,-0.3983056861664597,0.6299999999999999,0.0
1733714888.8465834,1.016486451819025,0.04010351107917712,-0.39873186845137953,0.6200000000000001,0.0
1733714888.9465833,1.0153000211334575,0.042361694911646916,-0.3992932108181225,0.6299999999999999,0.0
1733714889.0465832,1.01490131501044,0.04309220496373113,-0.403828342550602,0.6279999999999999,0.0
1733714889.146583,1.0143723613353581,0.04367067047388781,-0.4101415346871535,0.6309127782766201,0.0
1733714889.246583,1.0143021308164775,0.045028419828506534,-0.41507839579763217,0.6370690023499251,0.0
1733714889.346583,1.0149554061199069,0.04710265168745072,-0.4231927739750907,0.6339999999999999,0.0
1733714889.4465828,1.0148617436979135,0.05145176558979876,-0.42537459801024985,0.6299999999999999,0.0
1733714889.5465827,1.012046759100134,0.05586393785946842,-0.42302021941749135,0.6259999999999999,0.0
1733714889.6465826,1.0088742814831415,0.058859246498596494,-0.41752198865407447,0.6279999999999999,0.0
1733714889.7465825,1.0073474015492963,0.05795800665879979,-0.41355595302214293,0.6279999999999999,0.0
1733714889.8465824,1.0056226907090258,0.056590313311571626,-0.4123634620962427,0.6279999999999999,0.0
1733714889.9465823,1.0056154472943586,0.051856664810880373,-0.4099294675112248,0.6250276997400688,0.0
1733714890.0465822,1.0075722018279962,0.04574139483030824,-0.41166972282222386,0.6279999999999999,0.0
1733714890.1465821,1.008427459467797,0.04247027841875704,-0.4184637359541369,0.6220000000000001,0.0
1733714890.246582,1.0062068648675362,0.043307974146598816,-0.41542188685834686,0.6220000000000001,0.0
1733714890.346582,1.0031696124253398,0.04623515562550156,-0.40462019985719955,0.6240000000000001,0.0
1733714890.4465818,1.0033257560264381,0.04793984073201229,-0.4022951980641638,0.6299999999999999,0.0
1733714890.5465817,1.00412925786992,0.050000026268368164,-0.3968651472610183,0.6299999999999999,0.0
1733714890.6465816,1.0028069298999558,0.049562015041417634,-0.393019583414872,0.6319999999999999,0.0
1733714890.7465816,1.0014000598548698,0.04709734070475404,-0.38864036126767243,0.6299999999999999,0.0
1733714890.8465815,1.001325076372954,0.04297286137137902,-0.3827655930608691,0.6299999999999999,0.0
1733714890.9465814,1.003892368446333,0.037529841425292816,-0.3838548964172705,0.6299999999999999,0.0
1733714891.0465813,1.0079816642208217,0.03405791190243191,-0.39628919096705356,0.6299999999999999,0.0
1733714891.1465812,1.008159406837851,0.031093652566598753,-0.40485753776031996,0.0,0.2564150920724564
1733714891.246581,0.9404692566445909,0.03481092137764142,-0.3548964184772773,-0.19064687844965045,0.3896617196124125
1733714891.346581,0.902610961524103,0.03477051541718194,-0.2447194185688594,-0.2641742767925529,0.43533942143404225
1733714891.446581,0.8743039700809084,0.026263970920564397,-0.07054826374591112,-0.2770707048816168,0.45599999999999996
1733714891.5465808,0.8411111395833527,0.011111476282465328,0.06416400037043167,-0.28400000000000003,0.45759072387344196
1733714891.6465807,0.8111443121158703,-0.006956737327374819,0.15743116033588342,-0.28302097278000893,0.46302097278000887
1733714891.7465806,0.7696123817672603,-0.026705816344855516,0.23719875619608238,-0.2770588358623582,0.46599999999999997
1733714891.8465805,0.7335562055414374,-0.04119425959425764,0.2972533138319976,-0.26792245488137956,0.46199999999999997
1733714891.9465804,0.6912744844132717,-0.05760941679379419,0.36472299861109253,-0.274,0.46399999999999997
1733714892.0465803,0.6581410332818389,-0.06873832257831647,0.4249470630471122,-0.272,0.46199999999999997
1733714892.1465802,0.6106950857513769,-0.07923336471911084,0.514574220080414,-0.272,0.46199999999999997
1733714892.2465801,0.566385872980386,-0.08858505055486778,0.5540468502752774,-0.272,0.46199999999999997
1733714892.34658,0.5221331441900905,-0.10451618251195119,0.5573353922630021,-0.27,0.44799999999999995
1733714892.44658,0.48728875116478876,-0.11915844093913777,0.5587054943657577,-0.27,0.44799999999999995
1733714892.5465798,0.4454045236844568,-0.1342487144531187,0.5697274212040628,-0.264,0.44599999999999995
1733714892.6465797,0.41356936044279613,-0.13961480117555986,0.5819652501141149,-0.262,0.44599999999999995
1733714892.7465796,0.3773570459267257,-0.13608671500347827,0.5956772497550816,-0.262,0.44522543485773525
1733714892.8465796,0.33701566537322114,-0.12583968541108453,0.6313718814331643,-0.268,0.44399999999999995
1733714892.9465795,0.3013933538120841,-0.11539638610217942,0.6878173545005195,-0.2729105729715043,0.43799999999999994
1733714893.0465794,0.2854064854339356,-0.11365439061698443,0.7209316100778027,-0.27743375098153017,0.44199999999999995
1733714893.1465793,0.2573591316999764,-0.11241130146939222,0.7779459760670512,-0.278,0.44599999999999995
1733714893.2465792,0.2365968898637821,-0.11148043886893018,0.796762136113986,-0.278,0.44599999999999995
1733714893.346579,0.21390473027432277,-0.11680690110316395,0.8192934509804861,-0.278,0.44599999999999995
1733714893.446579,0.19161282500338958,-0.1159929860379103,0.843464013436977,-0.254,0.44599999999999995
1733714893.546579,0.16582278178189833,-0.10619382502463624,0.8609072374990304,-0.254,0.44599999999999995
1733714893.6465788,0.14611171604217826,-0.09319744463881104,0.8741564804256147,-0.2456009829519275,0.44799999999999995
1733714893.7465787,0.12744997420161644,-0.07519804284146585,0.8982064771467708,-0.24608212862646953,0.4470410643132347
1733714893.8465786,0.1157841940254323,-0.063516625362883,0.9235593392455229,-0.236,0.44599999999999995
1733714893.9465785,0.10709553619111829,-0.05229545022325638,0.9462730537696281,-0.238,0.44399999999999995
1733714894.0465784,0.0940378204807375,-0.04392316061327561,0.9650426594118924,-0.22323658821360534,0.4427634117863946
1733714894.1465783,0.08203126270584883,-0.03603645794181364,0.9995246916185648,-0.14400000000000002,0.43599999999999994
1733714894.2465782,0.07881879620398559,-0.03142245327863925,1.0115719930243992,0.17500528586183844,0.37731551127042945
1733714894.3465781,0.09601154802223037,-0.02831934742749285,0.9650365394429611,0.3320000000000001,0.3500000000000001
1733714894.446578,0.12128223112869699,-0.026607626089930395,0.8823912675160606,0.3660000000000001,0.3500000000000001
1733714894.546578,0.15235038523303238,-0.021708399429155367,0.7746854346203624,0.3660000000000001,0.3500000000000001
1733714894.6465778,0.18472458545635823,-0.0160969682659221,0.6401292523620329,0.3698608425826471,0.3500000000000001
1733714894.7465777,0.23337876358403198,-0.008735905911100602,0.51206697887504,0.3819999999999999,0.3520000000000001
1733714894.8465776,0.26986178682636225,-0.012758008098921886,0.45458011272747717,0.392917983644061,0.35290983197033854
1733714894.9465775,0.3287806819581405,-0.022134240944428698,0.3961321131571277,0.6519999999999999,0.32200000000000006
1733714895.0465775,0.4188313315643392,-0.03529972855251169,0.26632581819807905,0.6339999999999999,0.31600000000000006
1733714895.1465774,0.4837334801040912,-0.03911464884421858,0.1193852491592217,0.6348679049547991,0.30713209504520084
1733714895.2465773,0.5407627673496317,-0.037324764243777966,-0.025426565376003962,0.6339999999999999,0.28400000000000003
1733714895.3465772,0.5972503790235714,-0.024694209427882596,-0.16558726590692954,0.6339999999999999,0.2496564464248827
1733714895.446577,0.6350898040780729,-0.012835693880814939,-0.23836928194590343,0.6359999999999999,0.236
1733714895.546577,0.66847162871784,-0.0009306762011263802,-0.29573448326124985,0.6359999999999999,0.20799999999999996
1733714895.646577,0.702725508251336,0.012083509670001264,-0.3504271265755921,0.6279999999999999,0.21199999999999997
1733714895.7465768,0.7280728136278254,0.02040692333425356,-0.37975747376493224,0.6160000000000001,0.21799999999999997
1733714895.8465767,0.7566819696038865,0.02973380340307925,-0.38433838058372627,0.6160000000000001,0.21799999999999997
1733714895.9465766,0.7838091689764656,0.03507841069135307,-0.3766225315708751,0.6168348165055267,0.21127530582412224
1733714896.0465765,0.8045387682165374,0.036696989515224175,-0.3737568487088995,0.6120000000000001,0.22599999999999998
1733714896.1465764,0.8423690286206061,0.039111024488861876,-0.38434877113027627,0.6160000000000001,0.23399999999999999
1733714896.2465763,0.8636072036235708,0.046470653019385896,-0.3911150276685575,0.6180000000000001,0.23476367339603424
1733714896.3465762,0.8891375195939916,0.05638839667598585,-0.3917693183976532,0.6180000000000001,0.24
1733714896.446576,0.9059551973757248,0.061272787581709856,-0.37683300008877096,0.6160000000000001,0.242
1733714896.546576,0.9219160139991078,0.06139020761426185,-0.3522342176657289,0.6100000000000001,0.244
1733714896.646576,0.9322278207944731,0.059088633678734834,-0.33284754804668354,0.5860000000000001,0.252
1733714896.7465758,0.9396934894763961,0.053941073292417735,-0.31519184321821386,0.5880000000000001,0.2588824796392273
1733714896.8465757,0.9474729177677785,0.048441375316604494,-0.30279007125796614,0.5940000000000001,0.26611923053284986
1733714896.9465756,0.9572082583137445,0.04427973651811276,-0.29729650682005554,0.5900000000000001,0.28
1733714897.0465755,0.9681000146917081,0.04122577018012201,-0.29598866801796825,0.5880000000000001,0.28800000000000003
1733714897.1465755,0.9784911303037145,0.03949510943091857,-0.2874607767450054,0.5900000000000001,0.31000000000000005
1733714897.2465754,0.986527035230962,0.03959592482944579,-0.275260135224554,0.5880000000000001,0.31000000000000005
1733714897.3465753,0.9967841497709744,0.04103639769569628,-0.26249759909359316,0.548,0.45999999999999996
1733714897.4465752,1.0117838501880234,0.04523212862457779,-0.23502503347178383,0.552,0.46399999999999997
1733714897.546575,1.0302464235475302,0.04435160588392613,-0.17491596052203853,0.552,0.46399999999999997
1733714897.646575,1.0441043768873588,0.04145017769957312,-0.1419873042254184,0.544,0.46511218328983095
1733714897.7465749,1.0556474045089788,0.03501841041997292,-0.11497771178229821,0.54,0.46799999999999997
1733714897.8465748,1.066701455669289,0.02943998500182522,-0.09983401073600802,0.538,0.46799999999999997
1733714897.9465747,1.078031671260413,0.02316897641483827,-0.09184254524778226,0.53,0.4787466252538526
1733714898.0465746,1.0880052284775237,0.020091918180910294,-0.0848570580629942,0.526,0.486
1733714898.1465745,1.1014330883275312,0.016799533516176697,-0.07816481328909441,0.526,0.486
1733714898.2465744,1.1081847780091953,0.0154459383466275,-0.07633819780944635,0.526,0.486
1733714898.3465743,1.1128859362572694,0.012725555236912541,-0.0736872687830592,0.526,0.488
1733714898.4465742,1.1178677318458934,0.010521134683432628,-0.06476067877499761,0.526,0.484
1733714898.546574,1.126421942091021,0.007409019905884837,-0.06375177744346232,0.526,0.48
1733714898.646574,1.13075925586634,0.004685653061762669,-0.06530039527924462,0.524,0.478
1733714898.746574,1.1348795147354414,0.002354251012019554,-0.06321581875591205,0.522,0.478
1733714898.8465738,1.1414244481163305,0.000911744169691252,-0.06441195829825615,0.506,0.482
1733714898.9465737,1.1448024659712834,-0.0004439375449232304,-0.06422427241157908,0.47432803355948,0.486
1733714899.0465736,1.1439183164250737,-0.0004421287835426438,-0.05444428327478369,0.45199999999999996,0.494
1733714899.1465735,1.144339673415019,-0.0011102128399926472,-0.03146768138372182,0.42199999999999993,0.498
1733714899.2465734,1.1421894522365754,-0.0008111121508685115,-0.009738908600119169,0.3959999999999999,0.5
1733714899.3465734,1.1409756699603761,-0.0015217493990670682,0.003382079101158482,0.3959999999999999,0.5
1733714899.4465733,1.1413839133734038,-0.0034510303113996755,0.009108838794982019,0.3859999999999999,0.504
1733714899.5465732,1.1397164039835581,-0.003977958690088332,0.017023121255014373,0.3799999999999999,0.504
1733714899.646573,1.1386932566184456,-0.004533271791278209,0.028435465993764668,0.3759999999999999,0.506
1733714899.746573,1.1363340817429848,-0.006985641050615322,0.029537802638996025,0.3700000000000001,0.498
1733714899.8465729,1.1318912415460356,-0.011495009324764879,0.027204990794378662,0.3400000000000001,0.3919999999999999
1733714899.9465728,1.1105596771343051,-0.017554667486028318,0.016338248234653147,0.23477458627756873,0.22143354440059954
1733714900.0465727,1.0563276976009288,-0.0227137178728156,0.0014883688682075366,0.0,0.0
1733714900.1465726,1.0078327503706346,-0.02474206872343792,-0.0007952666939859293,0.0,0.0
1733714900.2465725,0.9636172463023047,-0.023428244358773023,-0.004465723617472804,0.0,0.0
1733714900.3465724,0.9318177079873695,-0.020871168133747075,-0.0013266405063783121,0.0,0.15799999999999992
1733714900.4465723,0.9082545371440801,-0.018204969496117065,0.004520586864402462,0.0,0.18790717299578052
1733714900.5465722,0.8992092544344246,-0.019221517882184173,0.015134592607365879,-0.18799999999999994,0.31000000000000005
1733714900.646572,0.8855585152449209,-0.022007561801769417,0.05251197976681495,-0.20799999999999996,0.31200000000000006
1733714900.746572,0.8652196372494958,-0.028019279503440783,0.09683102312270785,-0.21999999999999997,0.31400000000000006
1733714900.846572,0.8368143738948672,-0.04158658554309816,0.1677933517447035,-0.258,0.31600000000000006
1733714900.9465718,0.7992813931438403,-0.05958239813850165,0.248288456049004,-0.29600000000000004,0.44599999999999995
1733714901.0465717,0.7734451507767178,-0.06891498626938004,0.3315632405494647,-0.29600000000000004,0.4488301187980433
1733714901.1465716,0.7494671473080441,-0.0757634782146179,0.3910967737845795,-0.248,0.45999999999999996
1733714901.2465715,0.7207143952615195,-0.08721104506348981,0.45124852892979994,-0.23399999999999999,0.486
1733714901.3465714,0.6960863746084403,-0.09503839718048787,0.4943644525171656,-0.21399999999999997,0.478
1733714901.4465714,0.6643431114513143,-0.10710651672628681,0.5220014794790866,-0.18999999999999995,0.482
1733714901.5465713,0.6390506290470296,-0.11835160560727247,0.5336922907662172,-0.17000000000000004,0.486
1733714901.6465712,0.6143971604120765,-0.12971831951973248,0.5356357477052225,-0.12,0.496
1733714901.746571,0.5926076536240097,-0.139857893874358,0.5279675535314928,-0.09399999999999997,0.5
1733714901.846571,0.5797974860491345,-0.14174486105049336,0.5063196029152369,0.0,0.49260343549184377
1733714901.9465709,0.5699297832959543,-0.13773645918415148,0.4849775739040127,0.0,0.49
1733714902.0465708,0.5591744973694492,-0.12831772363111013,0.4655543452738849,0.238,0.43799999999999994
1733714902.1465707,0.5521852001919313,-0.12095035972567383,0.4487918066151429,0.278,0.4059999999999999
1733714902.2465706,0.5639266198188786,-0.11345454295695762,0.3966127504141504,0.29800000000000004,0.3959999999999999
1733714902.3465705,0.5804283624118526,-0.10875294424845398,0.33457006350484564,0.3360000000000001,0.3979999999999999
1733714902.4465704,0.6044470574014154,-0.10277836504157353,0.27342088885391563,0.3580000000000001,0.4028895506078404
1733714902.5465703,0.629942661814332,-0.0953764243317618,0.2136116324103832,0.3600000000000001,0.4099999999999999
1733714902.6465702,0.6508599181510388,-0.08786655816984462,0.1593751523084077,0.3759999999999999,0.4079999999999999
1733714902.74657,0.6673836674738312,-0.07956847098848076,0.1123058050073666,0.38057485830547877,0.4139999999999999
1733714902.84657,0.6839151499350392,-0.0690925872310418,0.06193117361270358,0.3799999999999999,0.4079999999999999
1733714902.94657,0.7006641349609855,-0.05523027042171673,0.018664399387120216,0.3779999999999999,0.40735675371031366
1733714903.0465698,0.7145653514735187,-0.04131299431995929,-0.01408996351040371,0.3779999999999999,0.4059999999999999
1733714903.1465697,0.7259921944734594,-0.029153415207643845,-0.033728898147948015,0.3779999999999999,0.4059999999999999
1733714903.2465696,0.7353148029431785,-0.018654410375066145,-0.04581901615390682,0.3799999999999999,0.4059999999999999
1733714903.3465695,0.7488065816944589,-0.008224562162631429,-0.06420041370204053,0.3939999999999999,0.4159999999999999
1733714903.4465694,0.7620955224208064,-0.0018190524941536636,-0.079474695418504,0.4039999999999999,0.41999999999999993
1733714903.5465693,0.7797400243687586,0.0037613410068907983,-0.08793770111125998,0.4039999999999999,0.42199999999999993
1733714903.6465693,0.7975585163416045,0.01020374880306241,-0.08382193536843925,0.396692334884817,0.42799999999999994
1733714903.7465692,0.8231039789653132,0.017605474266696185,-0.06591946453737255,0.3986889794450769,0.42668897944507694
1733714903.846569,0.8386800953010478,0.021037542517110448,-0.056555580954806124,0.40274824504437634,0.42799999999999994
1733714903.946569,0.8557433843426998,0.022954595674891137,-0.046719151267630155,0.4059999999999999,0.42999999999999994
1733714904.0465689,0.8712812290000462,0.02270624274332905,-0.02897274286609174,0.4079999999999999,0.42599999999999993
1733714904.1465688,0.8844407100210816,0.02034760658665716,-0.01177703614352642,0.4099999999999999,0.42599999999999993
1733714904.2465687,0.8982559637882819,0.01511233640006249,-0.003219555071107143,0.4099999999999999,0.42599999999999993
1733714904.3465686,0.9102291557823806,0.008746165939996766,-0.0015316546370887744,0.4059999999999999,0.42599999999999993
1733714904.4465685,0.9205014492088748,0.00323991508305157,0.0016241149008228595,0.4139999999999999,0.4179999999999999
1733714904.5465684,0.9333777703274924,-0.0005291172290565263,0.00040625850980219823,0.4167910497071632,0.4173022375732091
1733714904.6465683,0.9396604378388126,0.0006144321965880564,-0.006962771662949958,0.41999999999999993,0.41999999999999993
1733714904.7465682,0.9450158354217256,0.001710765050232498,-0.01841892862855071,0.41999999999999993,0.42199999999999993
1733714904.846568,0.9505149788148943,0.0026705358248729034,-0.024734487492559097,0.4099999999999999,0.43399999999999994
1733714904.946568,0.9556683302150822,0.003163614361510064,-0.02423261851487415,0.4059999999999999,0.43599999999999994
1733714905.046568,0.9620200457255733,0.0037857725558123113,-0.019431912736425406,0.4039999999999999,0.43799999999999994
1733714905.1465678,0.9678297776560066,0.004456819327848353,-0.015849696250260753,0.4119999999999999,0.43599999999999994
1733714905.2465677,0.9738043658816202,0.005138225275292157,-0.015328022800243223,0.4159999999999999,0.43599999999999994
1733714905.3465676,0.9837235125810059,0.002854810051243337,-0.022000132835912633,0.4159999999999999,0.43199999999999994
1733714905.4465675,0.9941359631000662,-6.569119644856364e-06,-0.025684222041010424,0.4159999999999999,0.43199999999999994
1733714905.5465674,1.006021147482531,-0.0029175779830934133,-0.02638167282522159,0.4179999999999999,0.43199999999999994
1733714905.6465673,1.0132529115371414,-0.0012920168183719698,-0.027579631631152516,0.4179999999999999,0.43199999999999994
1733714905.7465672,1.0184494904185604,0.0004920122693462262,-0.023081054624469844,0.42399999999999993,0.43199999999999994
1733714905.8465672,1.024854024948927,0.0017454867906330233,-0.016367790437941107,0.4287182380687368,0.42557755314616996
1733714905.946567,1.032077623837357,0.001577841283780637,-0.013515842392703536,0.42311434577885615,0.43247465134909996
1733714906.046567,1.040000779125994,-0.00018695773789064525,-0.017553420468727043,0.41751045348897553,0.43937174955202996
1733714906.1465669,1.043252464559593,-0.002769752238319625,-0.014347083194006021,0.41190656119909486,0.44626884775496
1733714906.2465668,1.0460909045856686,-0.005373112310769148,-0.008550761849700852,0.40630266890921424,0.45316594595789
1733714906.3465667,1.0462922915089377,-0.0070868614547550226,-0.004385422783713573,0.4042355524138058,0.4576488668966414
1733714906.4465666,1.0466907719198235,-0.0070950851556070855,-0.0016013939190779652,0.4046354073170882,0.46044785121961795
1733714906.5465665,1.0498147136430984,-0.007515609331092628,-0.0007111579185097661,0.40503526222037056,0.4632468355425945
1733714906.6465664,1.0522893665965394,-0.009078176794906917,0.0021119198040352085,0.40543511712365293,0.46604581986557103
1733714906.7465663,1.0556087549522155,-0.010461501943143393,0.0018476647581419183,0.4058349720269353,0.4688448041885475
1733714906.8465662,1.0599439276959757,-0.010816572780810564,-0.0002488176071687592,0.4065761240737968,0.47
1733714906.946566,1.0655501897297217,-0.010222171389341391,-0.002186531411002828,0.4075571275540752,0.47
1733714907.046566,1.069504771056426,-0.007982328832520692,-0.00460513058110384,0.4159999999999999,0.46599999999999997
1733714907.146566,1.0752882932143313,-0.005924117481531925,-0.007002223049831134,0.4139999999999999,0.46799999999999997
1733714907.2465658,1.0799631954808757,-0.004142066291781159,-0.00723093191424308,0.4179999999999999,0.46799999999999997
1733714907.3465657,1.0855882813748734,-0.004676128432380125,-0.0016716075390675997,0.42199999999999993,0.476
1733714907.4465656,1.091856445376102,-0.0065481847607722085,0.014553895756531151,0.42799999999999994,0.478
1733714907.5465655,1.0950635131555824,-0.009420558589400711,0.01960926088271285,0.42799999999999994,0.47729684060213007
1733714907.6465654,1.0958297568487296,-0.010975726419259136,0.019500771747084263,0.42799999999999994,0.478
1733714907.7465653,1.0997787517278714,-0.012481477267995582,0.021658801160201423,0.43599999999999994,0.47
1733714907.8465652,1.099879791437933,-0.014914986066220466,0.018512704781482238,0.44799999999999995,0.45399999999999996
1733714907.9465652,1.0980559009419997,-0.018739306343097204,0.00823355410765187,0.45599999999999996,0.44199999999999995
1733714908.046565,1.0964428269510664,-0.022321171510784013,-0.005077843434481825,0.5,0.3560000000000001
1733714908.146565,1.0931848499849794,-0.026398347299581137,-0.02929374357567808,0.524,0.29400000000000004
1733714908.2465649,1.0887344273148014,-0.026394419208510357,-0.06111591183936094,0.536,0.248
1733714908.3465648,1.0814873710270674,-0.02302530555384451,-0.11098300779016904,0.5640000000000001,0.17999999999999994
1733714908.4465647,1.077078903221508,-0.01914100437864527,-0.1656308980520656,0.5840000000000001,0.10000000000000009
1733714908.5465646,1.0737608038589344,-0.01652668318995469,-0.21668035912450417,0.6060000000000001,0.0
1733714908.6465645,1.0726310545507778,-0.011164283346635152,-0.26258637615393654,0.6220000000000001,0.0
1733714908.7465644,1.0763901817298467,-0.004748817216925689,-0.29146609871589446,0.6339999999999999,0.0
1733714908.8465643,1.0819098379496015,0.0033986038423603525,-0.32906776553289246,0.6479999999999999,0.0
1733714908.9465642,1.0893544460964906,0.008677539169858936,-0.35350234782552753,0.6499999999999999,0.0
1733714909.046564,1.095243208647624,0.01513776528325348,-0.3819185467564385,0.6499999999999999,0.0
1733714909.146564,1.096549254821521,0.017517798267047316,-0.39565587056963086,0.6479999999999999,0.0
1733714909.246564,1.097167822661088,0.0202716360939037,-0.40008677519721036,0.6499999999999999,0.0
1733714909.3465638,1.098992207488562,0.022510884973307096,-0.39939721574899956,0.6519999999999999,0.0
1733714909.4465637,1.1052550919341635,0.025507402553917504,-0.3984995026130306,0.6499999999999999,0.0
1733714909.5465636,1.106770717154972,0.028345567343044067,-0.3961873386594063,0.6519999999999999,0.0
1733714909.6465635,1.106033221833387,0.02910288217988029,-0.3953550059237285,0.6519999999999999,0.0
1733714909.7465634,1.1017149554046117,0.025973676871934123,-0.39446918749865767,0.6405704868913856,0.0
1733714909.8465633,1.090717468207727,0.021818112173119443,-0.38732707670752275,0.6319999999999999,0.0
1733714909.9465632,1.083772282607553,0.01993001068976798,-0.38047097226064264,0.6379999999999999,0.0
1733714910.0465631,1.0763827523566873,0.021545260339348234,-0.37804803509612067,0.6359999999999999,0.0
1733714910.146563,1.0745067498036998,0.023635404891497527,-0.3793963781466513,0.6339999999999999,0.0
1733714910.246563,1.0761866590288556,0.025536287122878924,-0.3828697099095327,0.6299999999999999,0.0
1733714910.3465629,1.0760389699712087,0.027336015602183406,-0.3843488646860292,0.6299999999999999,0.0
1733714910.4465628,1.0739258562998015,0.02998190024771304,-0.38615570496381507,0.6240000000000001,0.0
1733714910.5465627,1.0728834011296358,0.029309079678593697,-0.3852297749235373,0.6220000000000001,0.0
1733714910.6465626,1.072809436789756,0.027410696400918887,-0.38187135161533015,0.6180000000000001,0.0
1733714910.7465625,1.0709130703602825,0.023507452154931486,-0.38378621790380263,0.6319999999999999,0.0
1733714910.8465624,1.0702607674346587,0.02053136516167301,-0.38708745122585747,0.6379999999999999,0.0
1733714910.9465623,1.0693721682257524,0.01864778791938821,-0.39419472435373515,0.6399999999999999,0.0
1733714911.0465622,1.066550760836415,0.019881660379315706,-0.40028201848149336,0.6399999999999999,0.0
1733714911.146562,1.059948715591539,0.025297465749848265,-0.40423031832787276,0.6191708152245491,0.0
1733714911.246562,1.0532080364059546,0.028873631578839477,-0.3953328470306389,0.6175230534783996,0.0
1733714911.346562,1.0483331610625737,0.030501061555998965,-0.3816646833321546,0.6299999999999999,0.0
1733714911.4465618,1.0450169560504476,0.029502090245356064,-0.3775210045060742,0.6243688841201717,0.0
1733714911.5465617,1.0443323413537626,0.02648470388525213,-0.3829814932470651,0.6180000000000001,0.0
1733714911.6465616,1.0455879582302958,0.02410698340147059,-0.3854894710548167,0.6259999999999999,0.0
1733714911.7465615,1.0462997691165457,0.024065999134095486,-0.38513326149954635,0.6259999999999999,0.0
1733714911.8465614,1.046558433304343,0.022447907638380688,-0.38644097383517,0.6259999999999999,0.0
1733714911.9465613,1.0452919882478626,0.020269564397331546,-0.395117905046008,0.6362599604408024,0.0
1733714912.0465612,1.046991704569405,0.0191326115750951,-0.39580672522924354,0.6439999999999999,0.0
1733714912.1465611,1.0477735424909216,0.018612296381236303,-0.39685951223234994,0.6439999999999999,0.0
1733714912.246561,1.0493259966659492,0.02016594174822898,-0.40816601806995917,0.6519999999999999,0.0
1733714912.346561,1.0521887825369147,0.02123329491069724,-0.4122224904565407,0.6519999999999999,0.0
1733714912.4465609,1.0545613757549654,0.022218468166509495,-0.4140452753872812,0.6493332931424264,0.0
1733714912.5465608,1.0542280231122199,0.020111768904086676,-0.4133989723013198,0.6579999999999999,0.0
1733714912.6465607,1.0560668065975714,0.017358924959626536,-0.4095307865403027,0.6559999999999999,0.0
1733714912.7465606,1.0552914599097676,0.016445875521138742,-0.4074355897631444,0.6579999999999999,0.0
1733714912.8465605,1.0558085391562702,0.018638414383361297,-0.41062923122188155,0.6579999999999999,0.0
1733714912.9465604,1.0553144107295604,0.020900460124763553,-0.4134157186913109,0.6579999999999999,0.0
1733714913.0465603,1.055737118476979,0.022225102425281938,-0.4128526052448865,0.6559999999999999,0.0
1733714913.1465602,1.0549570809945037,0.022318247890144888,-0.41117904655516924,0.6479999999999999,0.0
1733714913.24656,1.0542191660814744,0.021589154028155692,-0.41027319680707247,0.6433654616037849,0.0
1733714913.34656,1.050943687386023,0.019502875634098155,-0.40833416655108534,0.6339999999999999,0.0
1733714913.44656,1.0494539090772292,0.019061684771350326,-0.4044411411901923,0.6339999999999999,0.0
1733714913.5465598,1.049018529263881,0.019459270555774996,-0.39875483244837073,0.6359999999999999,0.0
1733714913.6465597,1.0482920806008946,0.022053514929519877,-0.3979837643624799,0.6286590122106797,0.0
1733714913.7465596,1.0446401323941468,0.023949966777138322,-0.4007913449383266,0.6240000000000001,0.0
1733714913.8465595,1.0430607527601898,0.02440183082774019,-0.40160349736071643,0.6220000000000001,0.0
1733714913.9465594,1.0404602062449007,0.024385896784775346,-0.4001211348638175,0.6220000000000001,0.0
1733714914.0465593,1.0366364710674127,0.02301709447776987,-0.3904883075083871,0.6259999999999999,0.0
1733714914.1465592,1.0331421925758573,0.020591561844332154,-0.37915638863135204,0.6259999999999999,0.0
1733714914.2465591,1.031497400763273,0.017898158288662806,-0.3850336392368845,0.6279999999999999,0.0
1733714914.346559,1.0297912262592255,0.015012591269997006,-0.3932143898836075,0.6279999999999999,0.0
1733714914.446559,1.028443938502152,0.01664208670358243,-0.3941663638490495,0.6220000000000001,0.0
1733714914.5465589,1.027268278715649,0.019276570267373158,-0.3924223871330747,0.6160000000000001,0.0
1733714914.6465588,1.0240580806879345,0.021922709524965868,-0.3863430075370226,0.6000000000000001,0.0
1733714914.7465587,1.0186315295401345,0.024726579012625323,-0.3766376104979597,0.6020000000000001,0.0
1733714914.8465586,1.015833856869745,0.02396870739824507,-0.3725193882613443,0.6020000000000001,0.0
1733714914.9465585,1.0124388414013883,0.02172876922063141,-0.36909672303530966,0.6020000000000001,0.0
1733714915.0465584,1.0102895504391716,0.018839593867209674,-0.3673040873159158,0.6000000000000001,0.0
1733714915.1465583,1.0047005131914628,0.01599489977364011,-0.36678187482540137,0.5940000000000001,0.0
1733714915.2465582,0.9984809314077332,0.014583314842019557,-0.3641298499687726,0.5960000000000001,0.0
1733714915.346558,0.9966166156555303,0.013433612587291931,-0.3672475489274717,0.5954267284821609,0.0
1733714915.446558,0.9950501043109382,0.013663361088016298,-0.37432660286470265,0.5940000000000001,0.0
1733714915.546558,0.9935388181898999,0.014452119311685904,-0.37364598251105613,0.5940000000000001,0.0
1733714915.6465578,0.9910696049703973,0.018231484282576337,-0.3680832607866621,0.5900000000000001,0.0
1733714915.7465577,0.9871858144998717,0.021487525104223842,-0.36613660025218175,0.5860000000000001,0.0
1733714915.8465576,0.983712574307562,0.022704742634785755,-0.37629712401367066,0.5800000000000001,0.0
1733714915.9465575,0.9831164912154049,0.02009771441972902,-0.38336504986625713,0.5720000000000001,0.0
1733714916.0465574,0.9799663607782969,0.018835233859666588,-0.37449257818787113,0.5700000000000001,0.0
1733714916.1465573,0.9771659315294995,0.0177951255543772,-0.36186910832144287,0.5680000000000001,0.0
1733714916.2465572,0.973710705864136,0.018507630504739095,-0.34999818286802714,0.5660000000000001,0.0
1733714916.3465571,0.970516793922105,0.020205889898545826,-0.34634963313225914,0.5660000000000001,0.0
1733714916.446557,0.9677436569762662,0.020048703991046454,-0.34412866567864137,0.5633752096812845,0.0
1733714916.546557,0.9634456483483759,0.017310728509740594,-0.346644565686427,0.562,0.0
1733714916.6465569,0.9597199037529172,0.013666957274524712,-0.35059947709913536,0.562,0.0
1733714916.7465568,0.9562982682840533,0.009716900539064304,-0.3465945089263773,0.5640000000000001,0.0
1733714916.8465567,0.9535383443377673,0.008400935969880157,-0.33854083611163177,0.5700000000000001,0.0
1733714916.9465566,0.9499370473622551,0.0075569015514360734,-0.34093393962800567,0.5715812000610718,0.0
1733714917.0465565,0.945152338804597,0.010866023451966966,-0.356333563020334,0.5640000000000001,0.0
1733714917.1465564,0.9423932787450781,0.01229694476433316,-0.3664880034638029,0.5720000000000001,0.0
1733714917.2465563,0.9433547152399168,0.013830567833672305,-0.3692953750153143,0.5760000000000001,0.0
1733714917.3465562,0.94518782062377,0.015604037300544276,-0.3684527878528393,0.5860000000000001,0.0
1733714917.446556,0.946861294849512,0.015737448745404992,-0.360998157128952,0.5860000000000001,0.0
1733714917.546556,0.9494190629292713,0.0153527594954443,-0.3604640296524693,0.5920000000000001,0.0
1733714917.646556,0.9502929121418632,0.013564809593992274,-0.3703849797867072,0.5860000000000001,0.0
1733714917.7465558,0.9486592167304039,0.010753561801596404,-0.38021135236556,0.5900000000000001,0.0
1733714917.8465557,0.9494612158314742,0.008970158949214716,-0.38566247237140044,0.5940000000000001,0.0
1733714917.9465556,0.9498770882262833,0.005871653668725441,-0.3804277656707652,0.5980000000000001,0.0
1733714918.0465555,0.9521685001995568,0.00494210384840066,-0.37593549291061845,0.5980000000000001,0.0
1733714918.1465554,0.9534452295604717,0.005271161833648114,-0.376225822127188,0.6040000000000001,0.0
1733714918.2465553,0.9527825358027993,0.006772947327450342,-0.3713281534563191,0.6013912022735698,0.0
1733714918.3465552,0.9506065895606755,0.007706212486511635,-0.37360103385677657,0.6040000000000001,0.0
1733714918.4465551,0.9496301448832841,0.006640511546004678,-0.3830055596789363,0.6040000000000001,0.0
1733714918.546555,0.9520919901723718,0.004537875947554696,-0.3880102377811449,0.6080000000000001,0.0
1733714918.646555,0.9593331734871268,0.003181338785990191,-0.38614009372380376,0.6120000000000001,0.0
1733714918.7465549,0.9646194096557741,0.0020329099433916095,-0.38674365040888314,0.6140000000000001,0.0
1733714918.8465548,0.9708795966517121,0.0009600885635279917,-0.3973676687012104,0.6180000000000001,0.0
1733714918.9465547,0.9725735140368291,0.001350270867879358,-0.3999732026331773,0.6200000000000001,0.0
1733714919.0465546,0.9783849249585247,0.003931176777228763,-0.3979959618857554,0.6299999999999999,0.0
1733714919.1465545,0.984737658821501,0.0054069786730281556,-0.40039374403166267,0.6279999999999999,0.0
1733714919.2465544,0.9911958482789228,0.008544946839824704,-0.4053076358613212,0.6279999999999999,0.0
1733714919.3465543,0.9935403161468366,0.009633113705672183,-0.40378080259612226,0.6240000000000001,0.0
1733714919.4465542,0.9923418080639034,0.0079811449909118,-0.3976529088166697,0.6259999999999999,0.0
1733714919.546554,0.9899765338119587,0.005336952817696452,-0.3957037423511771,0.6240000000000001,0.0
1733714919.646554,0.9888102487153352,0.006053514075576102,-0.396451119275815,0.6252953249714936,0.0
1733714919.746554,0.9912039341924683,0.007384727629627746,-0.3930355133815818,0.6259999999999999,0.0
1733714919.8465538,0.9944672244846071,0.008592733033883549,-0.39098927301000824,0.6359999999999999,0.0
1733714919.9465537,0.9978181976998195,0.006879836774105388,-0.3914486225933652,0.6319999999999999,0.0
1733714920.0465536,1.0011584292674762,0.005848903405982502,-0.39407381376286815,0.6359999999999999,0.0
1733714920.1465535,1.0047652314501438,0.0036515268754707584,-0.3968602808449224,0.6319999999999999,0.0
1733714920.2465534,1.0077236055005423,0.005822990992571645,-0.3981992175081538,0.6319999999999999,0.0
1733714920.3465533,1.0097083118588128,0.009462901990234232,-0.39493380631360897,0.6299999999999999,0.0
1733714920.4465532,1.0093427027619795,0.012667467171907679,-0.39224531038562316,0.6279999999999999,0.0
1733714920.5465531,1.0086037705189401,0.01564437344472168,-0.38857693196141135,0.630537952054393,0.0
1733714920.646553,1.0078151120564616,0.016453266525177115,-0.3847297970169273,0.6339999999999999,0.0
1733714920.746553,1.007019591161077,0.013377543153665359,-0.3772069297913583,0.6359999999999999,0.0
1733714920.8465528,1.0086958818333895,0.010042461325895738,-0.3798621782116425,0.6379999999999999,0.0
1733714920.9465528,1.0144281262195418,0.008020695598884159,-0.38941600265601334,0.6399999999999999,0.0
1733714921.0465527,1.0195551303373893,0.005723815067839813,-0.3966405283925065,0.6419999999999999,0.0
1733714921.1465526,1.0228241463206775,0.011341098186870055,-0.3920898728285376,0.6419999999999999,0.0
1733714921.2465525,1.0255718695043492,0.015892781436734317,-0.3850215052027954,0.642587768733041,0.0
1733714921.3465524,1.028766914340285,0.017713070632437246,-0.3951915475907498,0.6459999999999999,0.0
1733714921.4465523,1.0315683646470597,0.018698843811372486,-0.41502991838128256,0.6479999999999999,0.0
1733714921.5465522,1.0327515694017766,0.020291339727729535,-0.409675444362137,0.6479999999999999,0.0
1733714921.646552,1.033324615319818,0.01902108579574176,-0.3962587077060685,0.6559999999999999,-0.09657846676576766
1733714921.746552,1.0277605439996564,0.017463993142508513,-0.3988416849776188,0.6619999999999999,-0.10657256076083126
1733714921.846552,1.0215409547083285,0.016152850963992868,-0.41790242498327757,0.6659999999999999,-0.122
1733714921.9465518,1.0164305898792818,0.016965982039861164,-0.4416088128844565,0.6664883976654354,-0.1324883976654355
1733714922.0465517,1.0113699738382687,0.025866916941016584,-0.4862289290323487,0.6659999999999999,-0.132
1733714922.1465516,1.0104013542295474,0.03383972669097453,-0.5121182684681633,0.6639999999999999,-0.13
1733714922.2465515,1.0091478284306068,0.043799699727786114,-0.5530130480516516,0.6639999999999999,-0.126
1733714922.3465514,1.0047482853582304,0.049748017482045236,-0.5715262938745626,0.6619999999999999,-0.124
1733714922.4465513,0.9973141820462044,0.056630628176960816,-0.574500474241431,0.6619999999999999,-0.12343654289909796
1733714922.5465512,0.9926772789685847,0.060041170382135516,-0.5669351369794164,0.6599999999999999,-0.118
1733714922.6465511,0.9933476750287178,0.05946146836853076,-0.56344971903522,0.6523755411897277,-0.1009170274598185
1733714922.746551,0.9960948319974996,0.059487727559323064,-0.5677095090790016,0.55,0.0
1733714922.846551,0.9820768998426919,0.0621972739131293,-0.5346236341864751,0.488,0.0
1733714922.9465508,0.9551569495266378,0.060855091271887686,-0.45837501471094244,0.19599999999999995,0.236
1733714923.0465508,0.9024338581855554,0.05598516165002725,-0.3707597058749494,0.0,0.32400000000000007
1733714923.1465507,0.8771380418422222,0.0500709166914231,-0.25556316071104906,0.0,0.3400000000000001
1733714923.2465506,0.8549242094755287,0.032485558445126864,-0.1094752431041089,0.0,0.3759999999999999
1733714923.3465505,0.8416898694815546,0.016485481729033424,-0.030472723670201762,0.0,0.3859999999999999
1733714923.4465504,0.8275813803345297,0.00022820262303611645,0.03672493897835538,0.0,0.3919999999999999
1733714923.5465503,0.8074157022825058,-0.012760383751761847,0.10412330985671463,0.0,0.3939999999999999
1733714923.6465502,0.7859992831773756,-0.02061917706806756,0.16201432814084463,0.0,0.3919999999999999
1733714923.74655,0.7671236232121162,-0.025858212042159556,0.19309620910890254,0.09800000000000009,0.3899999999999999
1733714923.84655,0.7509127131136235,-0.030274322106942923,0.22078435081272776,0.20399999999999996,0.3520000000000001
1733714923.94655,0.7437774526980854,-0.036633317120918454,0.23162583532778075,0.3799999999999999,0.28800000000000003
1733714924.0465498,0.7536018051893855,-0.045739699030963636,0.19939641308375897,0.526,0.1439999999999999
1733714924.1465497,0.7748179593965865,-0.058719112996282616,0.0853581569934353,0.6200000000000001,0.0
1733714924.2465496,0.804218591710806,-0.06747464273976114,-0.03289504500719238,0.706,0.0
1733714924.3465495,0.8502983531803311,-0.07053777962516644,-0.1758400840533191,0.7445326332046333,0.0
1733714924.4465494,0.8901792829107272,-0.06457634281613704,-0.29957688457094755,0.7605972636742413,-0.1271945273484826
1733714924.5465493,0.9151043478312784,-0.052752724860797864,-0.40768652245866394,0.762,-0.14254236071652862
1733714924.6465492,0.9290374499664493,-0.0347997651819553,-0.5146635244075191,0.762,-0.14800000000000002
1733714924.7465491,0.9342361772671398,-0.010146693578334398,-0.5999856510496473,0.756,-0.14744450109468257
1733714924.846549,0.9336656743073513,0.01164884406831975,-0.6538522131966826,0.756,-0.14142164000954882
1733714924.946549,0.936431899815159,0.021511834866280683,-0.6879530770210092,0.754,-0.134
1733714925.0465488,0.9410925007051383,0.025541158708157045,-0.7024400192424951,0.7192194792217715,-0.11088779168870862
1733714925.1465487,0.9366589416005268,0.028380986703057616,-0.6989689417786347,0.5811754172719458,0.0
1733714925.2465487,0.9088451789223874,0.0334773610247883,-0.6368225226533442,0.43999999999999995,0.0
1733714925.3465486,0.8798728389900068,0.03857399172711596,-0.5594513776365263,0.38101406642152563,0.1139437343138972
1733714925.4465485,0.853212589462141,0.04509111074895116,-0.49537488499538657,0.3520000000000001,0.18199999999999994
1733714925.5465484,0.8420318592019702,0.048656248053313124,-0.4434225475652652,0.29400000000000004,0.22599999999999998
1733714925.6465483,0.8316565741771303,0.046382464948242476,-0.36648554773772,0.1319999999999999,0.29600000000000004
1733714925.7465482,0.8136902152983303,0.04128726049098433,-0.2583443042579887,0.0,0.329370513092818
1733714925.846548,0.7980320787321448,0.032214705762787205,-0.1439654585143857,0.15399999999999991,0.38111663021660314
1733714925.946548,0.7909129101431761,0.024070583511359385,-0.0684983370563059,0.07363449587824991,0.4344659480025364
1733714926.046548,0.7847301569958568,0.015452197703393048,0.015325371794992472,0.1100000000000001,0.44599999999999995
1733714926.1465478,0.7762951577005244,0.009569881450556525,0.07210423276340332,0.18106586969515834,0.4585329348475792
1733714926.2465477,0.7727980318162309,0.0016777775694411827,0.14026944166509545,0.18799999999999994,0.48
1733714926.3465476,0.771576324277194,-0.003493484844363192,0.1693065617377709,0.21757397444519164,0.482
1733714926.4465475,0.7679977409942275,-0.01044198689723983,0.19782475819600268,0.28200000000000003,0.48
1733714926.5465474,0.7674685920757868,-0.01661412229024172,0.2105120629957294,0.29400000000000004,0.478
1733714926.6465473,0.7632987796414563,-0.0224092145482721,0.20109170635632587,0.2965237365082229,0.474
1733714926.7465472,0.7645138346450486,-0.02500101958332727,0.18829937050317863,0.30684998738329555,0.472
1733714926.8465471,0.7733967336496285,-0.02648811852343251,0.17203806011747244,0.3340000000000001,0.472
1733714926.946547,0.7836146057537793,-0.02568381318458741,0.1592669662102853,0.34247269542104636,0.48047269542104626
1733714927.046547,0.8000950781234293,-0.022753491973126528,0.14779286570202105,0.3560000000000001,0.482
1733714927.1465468,0.8177867040302471,-0.018047121318916465,0.14429401322673754,0.3600000000000001,0.4854704483184295
1733714927.2465467,0.8301778328061229,-0.01376639489901083,0.14237028762065582,0.3349711010852336,0.49251444945738326
1733714927.3465466,0.8432610688698582,-0.0074882793893545005,0.13470199670549557,0.30600000000000005,0.496
1733714927.4465466,0.8509118802401727,-0.0047317803301573785,0.13040436781625658,0.3074941505151039,0.496
1733714927.5465465,0.8640383516298118,-0.004034021831762461,0.1285989301580686,0.32200000000000006,0.496
1733714927.6465464,0.8833841696906071,-0.002826305730897405,0.13285752548621035,0.30145869779383233,0.496
1733714927.7465463,0.8931637512302651,-0.0008124589744336922,0.13939267836122943,0.2710171633967351,0.498
1733714927.8465462,0.9003820390860238,-0.0005500675871806113,0.14765356199702787,0.25749852222691355,0.5005014777730864
1733714927.946546,0.9048442669950835,-0.0026247650104677185,0.15002004923062154,0.24541351605372463,0.502517296789255
1733714928.046546,0.9096528908307862,-0.006481794775738758,0.1616242433009523,0.20669308590242438,0.5065511523495959
1733714928.146546,0.9122709212253067,-0.007034921576638564,0.18824123603005574,0.16999999999999993,0.5154964521245513
1733714928.2465458,0.911996389685266,-0.0031662740824071394,0.21828225768212464,0.16599999999999993,0.514
1733714928.3465457,0.9101385293102403,0.0005620215384849647,0.22920903749915897,0.15599999999999992,0.514
1733714928.4465456,0.9045308587245142,0.002762597212744405,0.23440820504714144,0.15999999999999992,0.5115168802228413
1733714928.5465455,0.9013969733719005,0.0010987992693702474,0.23722098372815015,0.15399999999999991,0.516
1733714928.6465454,0.899587848636713,-0.0017151114749773956,0.2420211560832144,0.15799999999999992,0.516
1733714928.7465453,0.9010264858917507,-0.006018660396914305,0.24788790247236742,0.15799999999999992,0.52
1733714928.8465452,0.9030826086591595,-0.008692038932783426,0.2508189922407795,0.1604439301952029,0.524
1733714928.9465451,0.9025837695173545,-0.008662502875807223,0.2488128046107145,0.17199999999999993,0.52
1733714929.046545,0.9034066937538977,-0.005258925254074363,0.24432017538797732,0.17399999999999993,0.52
1733714929.146545,0.9035837628680793,0.0018141885225238517,0.23861697498535994,0.17399999999999993,0.52
1733714929.2465448,0.9031702255531301,0.008431680557630595,0.2332275238671004,0.18199999999999994,0.514
1733714929.3465447,0.9046701085833379,0.014239868154202308,0.2316525582476973,0.18199999999999994,0.514
1733714929.4465446,0.9046258753735643,0.019412335116567227,0.23178762069785103,0.18199999999999994,0.514
1733714929.5465446,0.9033384684874112,0.02039669553153503,0.2370650559223158,0.19199999999999995,0.514
1733714929.6465445,0.9013373195873927,0.018133474637891285,0.2401478901614344,0.18999999999999995,0.514
1733714929.7465444,0.8997366671142366,0.014687783294914002,0.23897409001675196,0.18999999999999995,0.514
1733714929.8465443,0.8955960038872355,0.012540082759024398,0.23512760618500614,0.18749564193828644,0.514
1733714929.9465442,0.8933778738576745,0.011453991310476532,0.22946096035800206,0.18799999999999994,0.516
1733714930.046544,0.8926733309017343,0.010604807775021515,0.22358693655106232,0.18799999999999994,0.514
1733714930.146544,0.8944707675488066,0.009953818295416738,0.22162816695650872,0.18999999999999995,0.514
1733714930.246544,0.8994722058274778,0.009635154963351178,0.22852174432570735,0.20953608995284725,0.5094879700157176
1733714930.3465438,0.9036842974575914,0.00922870848466753,0.2377536354329481,0.2554879657291021,0.49900343836311367
1733714930.4465437,0.9117244101423766,0.008626999873063194,0.23146619530404267,0.32000000000000006,0.44199999999999995
1733714930.5465436,0.9189127381426181,0.008498195346702084,0.20581473153284846,0.409053361053361,0.2933843843843844
1733714930.6465435,0.9178220442752781,0.00739240649170452,0.15831639219870733,0.46498624401913874,0.1520550239234449
1733714930.7465434,0.9123278767514661,0.007382749549418002,0.06336378780664029,0.51,0.0
1733714930.8465433,0.911547441505566,0.00913009256467225,-0.01791347553338179,0.5510533472491427,0.0
1733714930.9465432,0.9214779664597689,0.0180221698249401,-0.14207682672324126,0.5690297195981407,-0.1140594391962813
1733714931.0465431,0.9198748633397013,0.027049011441341454,-0.2081829939379458,0.5885132194736523,-0.15651321947365224
1733714931.146543,0.910850729291121,0.03566425767859276,-0.2619815965698519,0.5960000000000001,-0.1684813185524078
1733714931.246543,0.8977631424383724,0.04772320428550018,-0.3359603717203342,0.6005085131195336,-0.17400000000000004
1733714931.3465428,0.8824175986432039,0.05931082955337014,-0.4053881887374144,0.6149886547811995,-0.18498865478119939
1733714931.4465427,0.8717040289254201,0.06896254364992467,-0.4676806204883921,0.6220000000000001,-0.21041100292425846
1733714931.5465426,0.8602881403879706,0.07719677171323944,-0.5341842033906978,0.6220000000000001,-0.21599999999999997
1733714931.6465425,0.8530827204769756,0.08362638234484131,-0.5791616015081474,0.6170556451367551,-0.21952782256837747
1733714931.7465425,0.8459994707641448,0.09232452125821068,-0.6083973987073233,0.6120000000000001,-0.21199999999999997
1733714931.8465424,0.8359550325775553,0.10150839568783115,-0.6369806081036371,0.6010705340896929,-0.19707053408969277
1733714931.9465423,0.8242601798591485,0.11450331370190066,-0.6683684667192619,0.5934847017058276,-0.16096940341165503
1733714932.0465422,0.8175669330303452,0.12232146099823082,-0.6637316469832786,0.5920000000000001,-0.1370110127402289
1733714932.146542,0.8142357038025418,0.12711130249521982,-0.6536027269392892,0.5900000000000001,0.0
1733714932.246542,0.8203060236802232,0.12932289694915708,-0.6447560924189882,0.5780000000000001,0.0
1733714932.346542,0.8236215483078865,0.12374794946421008,-0.6228160839422764,0.5740000000000001,0.0
1733714932.4465418,0.825948697723354,0.11408734841185755,-0.5975742820468992,0.5476737610215872,0.0
1733714932.5465417,0.8218422820314154,0.10725984330640792,-0.5821646646408538,0.48929617758784427,0.16729267568850895
1733714932.6465416,0.8090976607193862,0.09920054784686477,-0.5377374002554666,0.3800520811731595,0.27243489853355063
1733714932.7465415,0.8012795547190507,0.09437314815373155,-0.4375545697098867,0.30600000000000005,0.31600000000000006
1733714932.8465414,0.7900441058853277,0.08728235967335068,-0.31647922386048805,0.25,0.3400000000000001
1733714932.9465413,0.780831616680707,0.08066101533026915,-0.2283406487897765,0.207652683697336,0.35634731630266403
1733714933.0465412,0.7698580181876962,0.0728648816496185,-0.1407661046304499,0.18155590967858318,0.36844409032141684
1733714933.146541,0.7618860299813227,0.0638326371751208,-0.06974662764700493,0.16356603603332623,0.37643396396667356
1733714933.246541,0.7545495348627006,0.05035657478494847,0.001154160635961592,0.15799999999999992,0.38049844899945245
1733714933.346541,0.7512552242675402,0.03859072704206065,0.045312914884339466,0.15399999999999991,0.3839999999999999
1733714933.4465408,0.7477797669639971,0.027043334893441455,0.08608334000167506,0.1459999999999999,0.3879999999999999
1733714933.5465407,0.7416635274975227,0.016137974703707463,0.12306057381528034,0.1419999999999999,0.3879999999999999
1733714933.6465406,0.7376925567872249,0.00883687764212567,0.15118825438377761,0.1419999999999999,0.3879999999999999
1733714933.7465405,0.7374494883447498,0.004847830111019649,0.17402798220239116,0.1399999999999999,0.3879999999999999
1733714933.8465405,0.7377394030424018,0.0028408281625705157,0.1920621114741812,0.1678286053765037,0.3879999999999999
1733714933.9465404,0.7433795877863606,-0.00024053868278212264,0.20427191117386562,0.3367039849919817,0.34109867166933955
1733714934.0465403,0.756988816969593,-0.004925247734959079,0.1870319228079971,0.4018799222168205,0.30212007778317945
1733714934.1465402,0.7704643023886623,-0.009653102706834515,0.13474491067063,0.43845733317330765,0.24108533365338453
1733714934.24654,0.7803391059606342,-0.014459699756112627,0.0627735834881795,0.45639789684831167,0.21920420630337656
1733714934.34654,0.7871072966089449,-0.016216086320240734,-0.006386042318908984,0.478,0.20554170114417777
1733714934.4465399,0.7964434482110501,-0.01320165418681924,-0.06460162133815567,0.47160607402720656,0.2007878519455868
1733714934.5465398,0.8053668230617562,-0.008433701392589844,-0.10182703601221273,0.46961594500910636,0.21438405499089358
1733714934.6465397,0.8145546369657355,-0.0019273074468077744,-0.12884389876189212,0.4491896472603787,0.2244051763698106
1733714934.7465396,0.8182251241719779,0.0034296858982255417,-0.1413213314358352,0.43199999999999994,0.23399999999999999
1733714934.8465395,0.8204339699544518,0.007602886610946219,-0.14769978509914028,0.4139999999999999,0.2861761506053011
1733714934.9465394,0.8238742647351294,0.00910316756361858,-0.14542952796385586,0.4116367632744057,0.30472647345118853
1733714935.0465393,0.8294127888009746,0.00945854877666794,-0.13192981658444453,0.4055070166167576,0.31000000000000005
1733714935.1465392,0.8356568428229959,0.009067279143919407,-0.121354658325108,0.3830953102296966,0.30645234488515166
1733714935.246539,0.8487559986271985,0.00794249705246749,-0.10367710807250308,0.37551385277503807,0.31000000000000005
1733714935.346539,0.8540742763259349,0.007448154941301335,-0.09714251773205675,0.3462375658474169,0.31194060853814587
1733714935.446539,0.8538941997345478,0.0066619948982514785,-0.09357410534960839,0.32800000000000007,0.31400000000000006
1733714935.5465388,0.8526640822296818,0.00553473352084191,-0.0880946833144601,0.3340000000000001,0.31400000000000006
1733714935.6465387,0.8530926630140899,0.004697450280125412,-0.0842828838228197,0.3484958770173166,0.31350412298268354
1733714935.7465386,0.8548922956562611,0.004570492388216,-0.08927342753649864,0.35644717277971444,0.31200000000000006
1733714935.8465385,0.858292427931177,0.006485327749611067,-0.10054606166927525,0.3724728323003792,0.31000000000000005
1733714935.9465384,0.8655445833470108,0.011648190162366442,-0.10634394134391985,0.3740000000000001,0.31000000000000005
1733714936.0465384,0.871252817557517,0.017014006464628157,-0.10095277554195972,0.3740000000000001,0.31000000000000005
1733714936.1465383,0.8752153001942209,0.020969190130800473,-0.0867249449908663,0.3740000000000001,0.31200000000000006
1733714936.2465382,0.877175257772912,0.02086991146601226,-0.07274135172953422,0.3720000000000001,0.31000000000000005
1733714936.346538,0.8791684183320948,0.017808126906520103,-0.058983504598409876,0.3660000000000001,0.31200000000000006
1733714936.446538,0.8798744287595752,0.014728847388363898,-0.05478886182949879,0.31046185430063705,0.3290108987712466
1733714936.5465379,0.8776427324289348,0.01300291641784397,-0.04982978401539644,0.1851000313185092,0.372828562480426
1733714936.6465378,0.8676502658857329,0.011591755083404341,-0.018660387711738266,0.11262144656351215,0.3879999999999999
1733714936.7465377,0.8561466007015491,0.00965690293745687,0.02995180800663764,0.0,0.3899999999999999
1733714936.8465376,0.8424746930380257,0.0064152178042219945,0.0877699787925785,0.0,0.3899999999999999
1733714936.9465375,0.8300316569947507,0.0004935292622446496,0.13951951928021883,0.0,0.3881358413975571
1733714937.0465374,0.8174159789959409,-0.008593107868262772,0.17714992988392864,0.0,0.3879999999999999
1733714937.1465373,0.807466453059314,-0.01751371340515518,0.20084871484615835,0.09200000000000008,0.3879999999999999
1733714937.2465372,0.7993309718901678,-0.025107473293056237,0.21865590019747919,0.1762088085524552,0.372085226765135
1733714937.346537,0.7993874677388619,-0.03288670527533608,0.2200933910822382,0.30800000000000005,0.31400000000000006
1733714937.446537,0.8035639160898912,-0.037271818357109264,0.18344811058072882,0.32000000000000006,0.30200000000000005
1733714937.546537,0.8066617716445357,-0.036769718552716574,0.12824771169521315,0.32400000000000007,0.29753958006894393
1733714937.6465368,0.8081546041271934,-0.032049921492167115,0.08077252748119808,0.32400000000000007,0.29600000000000004
1733714937.7465367,0.8096206762196628,-0.02568453344170633,0.04049465382655648,0.32160865737789524,0.29800000000000004
1733714937.8465366,0.8112587328068527,-0.021078567180009923,0.0228425324725262,0.31800000000000006,0.30000000000000004
1733714937.9465365,0.809719320970391,-0.01816516240812049,0.01395866490062347,0.31600000000000006,0.30000000000000004
1733714938.0465364,0.8079453746688552,-0.01594961912261186,0.003681036464845272,0.3117665207278698,0.30200000000000005
1733714938.1465364,0.8052121698363566,-0.013607454472862362,-0.008107697686792282,0.30800000000000005,0.30400000000000005
1733714938.2465363,0.802770874567574,-0.010557439755198132,-0.01688150746474225,0.31000000000000005,0.30600000000000005
1733714938.3465362,0.8034636117358622,-0.00670145301132098,-0.02353724089866845,0.31000000000000005,0.30600000000000005
1733714938.446536,0.806768438890084,-0.0015418898645531585,-0.02800206878518804,0.31600000000000006,0.30600000000000005
1733714938.546536,0.8089896704189689,0.0016202413511827035,-0.02881307350358208,0.31600000000000006,0.30400000000000005
1733714938.6465359,0.8095418343499045,0.003367971187185715,-0.02897527535449519,0.31600000000000006,0.30400000000000005
1733714938.7465358,0.8110566370356903,0.003951358230363384,-0.02685370043845403,0.31600000000000006,0.30600000000000005
1733714938.8465357,0.8126587669522831,0.0032036499982153826,-0.026076181355065946,0.31600000000000006,0.30600000000000005
1733714938.9465356,0.8170875377287786,0.0006222030525044942,-0.027541724986161795,0.3202863283505486,0.30600000000000005
1733714939.0465355,0.8232105335729171,-0.0017971736510363303,-0.028561444825066173,0.33443026270577586,0.30600000000000005
1733714939.1465354,0.8285840883578885,-0.0026208662752739403,-0.030425651282724005,0.3540000000000001,0.30400000000000005
1733714939.2465353,0.8310380968715763,-0.001981266138068897,-0.03532771736451316,0.34476943012811084,0.30241018995729646
1733714939.3465352,0.8302373086897803,-0.0005117243683356664,-0.04366814451262161,0.32000000000000006,0.30400000000000005
1733714939.446535,0.8307288957998884,0.0013416734106720867,-0.05032757896630081,0.32200000000000006,0.30600000000000005
1733714939.546535,0.8341709735133918,0.0024145733005253734,-0.05215448947062567,0.2509834864663521,0.31691209336975423
1733714939.646535,0.8288169633854934,0.004520210326857527,-0.03393222161949169,0.11889279869067114,0.3368877718026655
1733714939.7465348,0.8169558002920408,0.004861280647084366,0.0037504876618350324,0.0,0.3440000000000001
1733714939.8465347,0.8012244650642512,0.001949136747323034,0.055836219397438665,0.0,0.3460000000000001
1733714939.9465346,0.7916395676141236,-0.003827694363170762,0.07885850082819676,0.0,0.3440000000000001
1733714940.0465345,0.7834731200753746,-0.012149716913188096,0.09644271664388455,0.0,0.3440000000000001
1733714940.1465344,0.7766542790479827,-0.021229143708983857,0.1180532205824387,0.10605986597170523,0.335588026805659
1733714940.2465343,0.7725479919179531,-0.025516002673959565,0.14627799085043858,0.18421083240321912,0.3211156670387124
1733714940.3465343,0.7752918907596019,-0.026113393756462162,0.14969496709774857,0.25472905146746067,0.31200000000000006
1733714940.4465342,0.7849844189069528,-0.02217053229404825,0.11735176104183678,0.272,0.30600000000000005
1733714940.546534,0.7880196570178947,-0.019246909064718862,0.09017948973085556,0.278,0.30200000000000005
1733714940.646534,0.7880197704353243,-0.01784358849761525,0.06773279191223344,0.27643609747281545,0.30200000000000005
1733714940.7465339,0.7866682597673327,-0.019193786406857424,0.050835243636960556,0.2824151582701739,0.30200000000000005
1733714940.8465338,0.7863897036680909,-0.020154885386210644,0.04608988268835628,0.28400000000000003,0.30200000000000005
1733714940.9465337,0.7857403683906059,-0.02069828738425353,0.04114655474828036,0.2883235248995122,0.30600000000000005
1733714941.0465336,0.7869121392358693,-0.02017748820922824,0.028750474641191518,0.29400000000000004,0.30600000000000005
1733714941.1465335,0.7897749710856635,-0.019289483933778433,0.012543996704882153,0.29359636543454076,0.30600000000000005
1733714941.2465334,0.7918579782517241,-0.01651667435938604,-0.0010221487596036795,0.2635630433479226,0.30600000000000005
1733714941.3465333,0.7900086838456882,-0.014150264098880459,-0.0012353994299524602,0.2615572537529828,0.30600000000000005
1733714941.4465332,0.7869594047744282,-0.010806974155536168,0.011573435698700462,0.24313805111255385,0.30756902555627696
1733714941.546533,0.7824929727548686,-0.010284054689464582,0.020987919403202417,0.22599999999999998,0.308449659033382
1733714941.646533,0.7807109592775939,-0.012069896285121997,0.02541157349846124,0.20799999999999996,0.31400000000000006
1733714941.746533,0.7804820345929273,-0.013920992944215414,0.03165956851664456,0.20799999999999996,0.313704363367435
1733714941.8465328,0.7796892387882914,-0.015318595187957423,0.04157248504793808,0.20999999999999996,0.31200000000000006
1733714941.9465327,0.7786572565425472,-0.015726266548583973,0.048346839928178245,0.21599999999999997,0.3095669146661045
1733714942.0465326,0.7773900978423982,-0.015219261828886985,0.04832452911270925,0.21599999999999997,0.30800000000000005
1733714942.1465325,0.7750607406060148,-0.014393453713108425,0.04232811250923531,0.21599999999999997,0.30800000000000005
1733714942.2465324,0.7730434977892766,-0.013424338732916076,0.04035649778685418,0.25087157638466223,0.30356421180766896
1733714942.3465323,0.7753231128090776,-0.012476459939822916,0.03943723187484659,0.26435926701570683,0.29400000000000004
1733714942.4465322,0.779398641844083,-0.011421253629856732,0.027423055507144186,0.27,0.28800000000000003
1733714942.5465322,0.7837101060138144,-0.010895799125101756,0.012158717945098646,0.27,0.2875950077630479
1733714942.646532,0.7867300198524378,-0.010325496768357572,0.004088890831789858,0.27353972443799857,0.28
1733714942.746532,0.7887462529136974,-0.009503439039057175,-0.0028265026731907547,0.2418481699051062,0.28
1733714942.8465319,0.7850343343680264,-0.008660953524350475,-0.006574495105195563,0.23162558259968927,0.28
1733714942.9465318,0.7797432537467212,-0.008694474608765676,-0.003921688554463631,0.22799999999999998,0.28
1733714943.0465317,0.7728239309131777,-0.010031139820546545,0.0017904010133335685,0.22839292634336705,0.28
1733714943.1465316,0.7668125084147658,-0.011134676968500377,0.005991628152682471,0.24836791196061395,0.28
1733714943.2465315,0.763281774373046,-0.011485958595248539,0.00839149759459762,0.254,0.28
1733714943.3465314,0.7612306365222207,-0.011163978595451417,0.009750957914896257,0.2646893818892145,0.28200000000000003
1733714943.4465313,0.7617276098875319,-0.010757121375725962,0.010819073585954398,0.28400000000000003,0.28400000000000003
1733714943.5465312,0.7633831112790127,-0.011564944222595689,0.007919744683019059,0.28800000000000003,0.27769961681235783
1733714943.646531,0.7639650092213733,-0.012621837021332079,0.0009094909365946777,0.28,0.276
1733714943.746531,0.7645239055025822,-0.012761070281681747,0.0004565294012156474,0.2804141843111084,0.276
1733714943.846531,0.7674900266647912,-0.01356014274902296,-0.0006818268483139248,0.29229713955703707,0.278
1733714943.9465308,0.7737969968524596,-0.014420585874504259,-0.009388048342680217,0.2944912391381792,0.278
1733714944.0465307,0.7802123872055805,-0.014753427670982361,-0.020011709229719253,0.29668533871932135,0.278
1733714944.1465306,0.7847949802585796,-0.015478235303479415,-0.025180869512996702,0.2988794383004635,0.278
1733714944.2465305,0.7883208031211661,-0.014920469760192434,-0.030022928238128237,0.3010735378816056,0.278
1733714944.3465304,0.791747244111914,-0.014071407606250218,-0.033403594160593415,0.30407564911472573,0.278230627679414
1733714944.4465303,0.7950419996807683,-0.012500013723660679,-0.036233531757736415,0.30766830157810915,0.2786298112864566
1733714944.5465302,0.7998270608415006,-0.010351807179861432,-0.03775312821021375,0.31126095404149257,0.2790289948934992
1733714944.6465302,0.805277926857775,-0.006195448934428651,-0.03753028520148112,0.314853606504876,0.2794281785005418
1733714944.74653,0.8108836409382166,-0.0017729323491472136,-0.04010530090819271,0.31844625896825945,0.2798273621075844
1733714944.84653,0.8145765603441975,-0.0006597304022061821,-0.04329405469663895,0.3211363629853757,0.2752272754614225
1733714944.9465299,0.8181505934312817,-0.0025011273698494468,-0.04389481989715068,0.32313868501631254,0.2668175229314877
1733714945.0465298,0.8199503801775504,-0.005104274555154853,-0.04461007612110105,0.3251410070472494,0.2584077704015529
1733714945.1465297,0.818448630685814,-0.008637294462256109,-0.049325269026947234,0.3271433290781863,0.24999801787161804
1733714945.2465296,0.8172921926230396,-0.011091317952763571,-0.06890528168948484,0.32914565110912314,0.2415882653416832
1733714945.3465295,0.8164362190422748,-0.011446193356768388,-0.09193233731972295,0.3192305223608244,0.2444158590190834
1733714945.4465294,0.8152077471836146,-0.009739355770679702,-0.08753392521582318,0.30044614354035987,0.2556065527844665
1733714945.5465293,0.8143353793689978,-0.008214061646462262,-0.0697713086439697,0.28166176471989535,0.2667972465498496
1733714945.6465292,0.8116972936407726,-0.006212117238641203,-0.04972949251676731,0.2628773858994309,0.2779879403152327
1733714945.746529,0.8089062601357304,-0.00532669486550647,-0.0399915274709113,0.24409300707896636,0.28917863408061584
1733714945.846529,0.8062569262694286,-0.004553804512666261,-0.03188798649888577,0.2346355854261795,0.2946822072869103
1733714945.946529,0.8035557491676827,-0.0057973227542155855,-0.019588114132096927,0.2322383551322102,0.2958808224338949
1733714946.0465288,0.8031325838223025,-0.008419555282504746,-0.006591485659824143,0.2298411248382409,0.29707943758087957
1733714946.1465287,0.8019158297927844,-0.012082615930730917,0.0004965957196648017,0.2274438945442716,0.29827805272786423
1733714946.2465286,0.8012680319221595,-0.014642874384798287,0.011655720106447267,0.2250466642503023,0.2994766678748489
1733714946.3465285,0.7981855928571867,-0.015452619029612813,0.025125011214058114,0.22874344425188525,0.2984188519160383
1733714946.4465284,0.7954473312183523,-0.015947200560215327,0.030379267140528892,0.23716297198375363,0.29561234267208214
1733714946.5465283,0.7912582948373436,-0.01684549985749867,0.022184038161674222,0.24558249971562204,0.292805833428126
1733714946.6465282,0.7866089850494562,-0.018322994069645066,0.007071435802188205,0.25400202744749045,0.2899993241841699
1733714946.7465281,0.7827093323497301,-0.018853081078731047,0.004518420676090143,0.26242155517935883,0.28719281494021376
1733714946.846528,0.7818560204514677,-0.017494215884217852,0.01023713114326289,0.26760994392416415,0.28600000000000003
1733714946.946528,0.7803325265439129,-0.015420419908989208,0.011748188727773156,0.2704099305727746,0.28600000000000003
1733714947.0465279,0.777691972533692,-0.013922721416035028,0.007447784216289689,0.27320991722138516,0.28600000000000003
1733714947.1465278,0.7727979462460679,-0.0123260180450979,0.0011571305883244804,0.27600990386999563,0.28600000000000003
1733714947.2465277,0.7706011269833443,-0.012947041099381969,0.0013783079814077247,0.27880989051860616,0.28600000000000003
1733714947.3465276,0.7705698341437593,-0.015971560152775906,0.0046757041026650745,0.2760900205101452,0.28737999276112525
1733714947.4465275,0.7715800532812048,-0.02057747988999624,0.0052905030627475045,0.2692895697733584,0.2897801518446971
1733714947.5465274,0.7746690418002344,-0.027408912773601028,-0.0019047218628415522,0.26248911903657157,0.2921803109282689
1733714947.6465273,0.7767022201647489,-0.02969316513246264,-0.006437791581127902,0.2556886682997848,0.2945804700118407
1733714947.7465272,0.7774700422207989,-0.030144429122847163,-0.010791338879651795,0.248888217562998,0.2969806290954125
1733714947.846527,0.7764956384610618,-0.02875889022282331,-0.0144728930993791,0.23265164254767165,0.2996110086580397
1733714947.946527,0.7725976805298793,-0.028126191324923163,-0.013746594432107337,0.20944882123329966,0.30241134916149837
1733714948.046527,0.7636671477671219,-0.02782392448811125,0.002733836670663262,0.18624599991892768,0.30521168966495704
1733714948.1465268,0.7547942692270222,-0.029153801068424443,0.030638330495696756,0.1630431786045557,0.3080120301684157
1733714948.2465267,0.7443449678007539,-0.03295993310996328,0.06034847268105083,0.13984035729018374,0.3108123706718744
1733714948.3465266,0.7381578245348918,-0.03620198210137035,0.07242326506942141,0.13575682205900358,0.3117697271176399
1733714948.4465265,0.733622267006926,-0.04127089687778594,0.07700484889079737,0.1457530707547461,0.3113698771698102
1733714948.5465264,0.7332694265707843,-0.044946640772335386,0.07831937785600489,0.15574931945048864,0.3109700272219805
1733714948.6465263,0.7326035113748527,-0.04712556303573389,0.07706743799112437,0.1657455681462312,0.3105701772741508
1733714948.7465262,0.7316034242848267,-0.046614849000517704,0.07541445734865573,0.17574181684197374,0.3101703273263211
1733714948.8465261,0.7304702885879045,-0.04560382424427922,0.07632595732082421,0.18734630664820004,0.309081711668975
1733714948.946526,0.7291697711977397,-0.04518361630968596,0.07697110442890061,0.20014426229508192,0.3074819672131148
1733714949.046526,0.7301278367628643,-0.045585927579425166,0.07484462799664947,0.2129422179419638,0.3058822227572546
1733714949.1465259,0.7317293708637804,-0.0473208934662524,0.0717313397582169,0.22574017358884568,0.3042824783013943
1733714949.2465258,0.73269217627443,-0.04930081695655089,0.06937460225118905,0.23853812923572754,0.3026827338455341
1733714949.3465257,0.7373256132201897,-0.05013988287093009,0.06270027343425308,0.24995979042397148,0.29787399124494285
1733714949.4465256,0.7419608746612145,-0.04997112915661582,0.048022435529497906,0.2603567712020304,0.2906760814755175
1733714949.5465255,0.7480830316250124,-0.046739060096334266,0.028994560047336245,0.2707537519800892,0.28347817170609213
1733714949.6465254,0.7555666128404797,-0.043312275192857415,0.0053555314548880935,0.2811507327581481,0.2762802619366667
1733714949.7465253,0.7606045244938332,-0.04120158972826367,-0.01740265865260969,0.291547713536207,0.26908235216724136
1733714949.8465252,0.7660523479025998,-0.04030398239955661,-0.03845104872052947,0.29096564306420436,0.26851717846789785
1733714949.946525,0.7693490226862617,-0.0374130235912753,-0.045820000188472314,0.2821607980167901,0.27291960099160495
1733714950.046525,0.7726433081731657,-0.02996209726069875,-0.03553815778399076,0.2733559529693759,0.2773220235153121
1733714950.146525,0.7748009721533331,-0.023958084752632305,-0.03115232793821431,0.2645511079219617,0.2817244460390192
1733714950.2465248,0.7773096890708301,-0.018379357706189158,-0.03414461149587003,0.2557462628745475,0.2861268685627263
1733714950.3465247,0.7781107838323774,-0.012557688278453659,-0.03639061194179589,0.23683307433906398,0.29098742475139655
1733714950.4465246,0.7786545187479312,-0.009224334289875633,-0.029527042368684732,0.21043389256704728,0.29618726358527864
1733714950.5465245,0.7760613125335625,-0.005437554095992987,-0.009870975292286675,0.18403471079503061,0.30138710241916067
1733714950.6465244,0.7694738014992103,-0.0025830197094476124,0.015436844436056677,0.15763552902301392,0.30658694125304276
1733714950.7465243,0.758690460734101,-0.0005006844754159028,0.03979391666884287,0.13123634725099725,0.31178678008692484
1733714950.8465242,0.7510908224046745,0.0005471835184064837,0.0533104337688614,0.12689025253514752,0.31262194949297056
1733714950.9465241,0.7364925573670014,0.00510726277588646,0.07368319519769648,0.1388864943247878,0.3102227011350425
1733714951.046524,0.7264707403608174,0.008865896361800409,0.08243919784467518,0.1508827361144281,0.3078234527771144
1733714951.146524,0.7143047410996903,0.013664514814700157,0.0825924639371294,0.16287897790406838,0.3054242044191864
1733714951.2465239,0.7038197235062129,0.018258849767336195,0.07593440801675821,0.17487521969370867,0.3030249560612583
1733714951.3465238,0.697388266947733,0.02379233298097193,0.07438989833289174,0.1813744560934458,0.30222907601557436
1733714951.4465237,0.691153553506917,0.030750746889511058,0.07799246724256008,0.18377399040884224,0.3026289984014738
1733714951.5465236,0.6835721877744623,0.03848234113667749,0.08069649166316352,0.18617352472423868,0.30302892078737315
1733714951.6465235,0.673543752033429,0.04585325736046741,0.07927990944008566,0.18857305903963512,0.30342884317327257
1733714951.7465234,0.6652244829235381,0.051633647150176806,0.07761795593098648,0.19097259335503153,0.303828765559172
1733714951.8465233,0.6551943072902285,0.05924649188330098,0.08697939771128461,0.19199999999999995,0.30400000000000005
1733714951.9465232,0.6513402954570571,0.06479372082188177,0.0967277593165271,0.19199999999999995,0.30400000000000005
1733714952.046523,0.6488089047266408,0.06894664604259793,0.1023221559193469,0.19199999999999995,0.30400000000000005
1733714952.146523,0.6473061355989942,0.0717785235304785,0.09887394270814595,0.19199999999999995,0.30400000000000005
1733714952.246523,0.6441040031617803,0.07308141614203331,0.08871732654398731,0.19199999999999995,0.30400000000000005
1733714952.3465228,0.6427726669511221,0.07514699573474234,0.0799752267501758,0.19199999999999995,0.30422927467069505
1733714952.4465227,0.6421640017707844,0.0786590848254316,0.07515231652062217,0.19199999999999995,0.30462927581510857
1733714952.5465226,0.6427141492848465,0.0845150186355017,0.07302376466877428,0.19199999999999995,0.30502927695952214
1733714952.6465225,0.6448576070751183,0.09254753126976323,0.0683198615617885,0.19199999999999995,0.30542927810393566
1733714952.7465224,0.646453793173469,0.10061176859283973,0.06500101444716641,0.19199999999999995,0.30582927924834924
1733714952.8465223,0.6461809659463378,0.1074466394897896,0.06951565276853026,0.19337603667645387,0.30600000000000005
1733714952.9465222,0.6456961522744259,0.11142958815238319,0.0759734858972657,0.19577666168718552,0.30600000000000005
1733714953.0465221,0.6457915260804525,0.11419371538442696,0.0807973002127108,0.19817728669791715,0.30600000000000005
1733714953.146522,0.6477689544959314,0.11605749371718076,0.08293139445685986,0.2005779117086488,0.30600000000000005
1733714953.246522,0.6517237307603799,0.11997094835618499,0.08656553697671622,0.20297853671938043,0.30600000000000005
1733714953.3465219,0.6540874228456816,0.1275140074720778,0.09235947749648707,0.20399999999999996,0.30600000000000005
1733714953.4465218,0.6542715474876197,0.13681319116664137,0.09555663525411785,0.20399999999999996,0.30600000000000005
1733714953.5465217,0.6532804427091701,0.14552726090582396,0.09515015635299347,0.25643830024123215,0.30200000000000005
1733714953.6465216,0.6608175961587351,0.1573160589043167,0.07622773062064449,0.30600000000000005,0.28169218894720593
1733714953.7465215,0.6689510826993855,0.1638243837614852,0.05106806436423047,0.3043054264978288,0.24908372050651362
1733714953.8465214,0.6747424468589515,0.17143796603225908,0.030869968724203226,0.31400000000000006,0.24
1733714953.9465213,0.6809399229394035,0.1837301984572812,0.01622130175530584,0.3222089741557001,0.238
1733714954.0465212,0.6861224949739014,0.1988317090669744,-0.0003582551783345846,0.33868742613184116,0.236
1733714954.146521,0.6905268454894244,0.2100053843861604,-0.02332803875576262,0.33580534128276845,0.23399999999999999
1733714954.246521,0.6937781971694411,0.22169205700272826,-0.05443719708991675,0.3360000000000001,0.23399999999999999
1733714954.346521,0.6955432989453254,0.22803388509070596,-0.06868591107101767,0.33017430494915645,0.236
1733714954.4465208,0.6972545438422881,0.23615489745799387,-0.07366383600870373,0.32800000000000007,0.23637963818436503
1733714954.5465207,0.6985523130028645,0.24058877860255867,-0.07258542407818253,0.32800000000000007,0.23828758900723826
1733714954.6465206,0.69952142460951,0.24642747001672222,-0.07450510143018672,0.32800000000000007,0.24
1733714954.7465205,0.7019017117148655,0.2531787351568694,-0.08656558367429149,0.33000000000000007,0.238
1733714954.8465204,0.7027644318225159,0.26044597256501695,-0.09417333255509448,0.33000000000000007,0.238
1733714954.9465203,0.7035845822585726,0.269668541551307,-0.0957135932702622,0.3400000000000001,0.23399999999999999
1733714955.0465202,0.7037733100132987,0.28403348487468505,-0.09464962618265504,0.3416800754625123,0.22599999999999998
1733714955.1465201,0.7019793301450792,0.29538351997417506,-0.09874123485351866,0.3420000000000001,0.22399999999999998
1733714955.24652,0.6979069047643883,0.30922585559577853,-0.11163410010203433,0.3400000000000001,0.22599999999999998
1733714955.34652,0.6959322473884638,0.3191622123226717,-0.11835215180432115,0.3360000000000001,0.22627294090001174
1733714955.4465199,0.6962581039053013,0.3351990063714477,-0.11123661886583945,0.3380000000000001,0.22999999999999998
1733714955.5465198,0.6989574920111967,0.34638385586268255,-0.10376489470321439,0.3382860612855008,0.22999999999999998
1733714955.6465197,0.7008918870836269,0.35745620124046973,-0.10335763836696926,0.3400000000000001,0.22999999999999998
1733714955.7465196,0.7005336078195554,0.3697948906609697,-0.10760655985605498,0.32600000000000007,0.23199999999999998
1733714955.8465195,0.6974569727031179,0.37746350908849735,-0.10808096939918503,0.32600000000000007,0.22970366041544918
1733714955.9465194,0.692004540383135,0.3897096919011606,-0.10758710476377827,0.32600000000000007,0.22999999999999998
1733714956.0465193,0.6887188021163293,0.3989070632689955,-0.10721769265184385,0.32400000000000007,0.22799999999999998
1733714956.1465192,0.6819141515903528,0.4107500833108495,-0.10559835239183799,0.3153072657204625,0.2282309114265125
1733714956.246519,0.6695552596458295,0.42118934286876375,-0.105254190616967,0.30861162763328237,0.22569418618335882
1733714956.346519,0.6448603461101104,0.4310192023073708,-0.09652585363938092,0.29378021978021984,0.22399999999999998
1733714956.446519,0.6252375091973364,0.43504341923131096,-0.09065767954251795,0.29000000000000004,0.22399999999999998
1733714956.5465188,0.6009885195402166,0.44063093688835386,-0.09126322818014318,0.274,0.19799999999999995
1733714956.6465187,0.5731236131826302,0.4483788964759572,-0.10309507202203519,0.2251890659149219,0.17972968863830724
1733714956.7465186,0.5424033926080488,0.4587464196036285,-0.10903743312984668,0.20799999999999996,0.1519999999999999
1733714956.8465185,0.5059647841812229,0.47101808883648655,-0.10083764818853778,0.16399999999999992,0.1319999999999999
1733714956.9465184,0.473970649792874,0.4805008350802154,-0.08220085060336428,0.16199999999999992,0.1140000000000001
1733714957.0465183,0.4175034837285392,0.4897942135551863,-0.06172783275241105,0.16130217333750504,0.0
1733714957.1465182,0.3827250875384599,0.49172200789252346,-0.07333049870153226,0.12400000000000011,0.0
1733714957.2465181,0.3452205413850956,0.4924860312478492,-0.08709868167920698,0.0,0.0
1733714957.346518,0.30282744797903943,0.49667341604836673,-0.0818345846793179,0.0,0.0
1733714957.446518,0.27528301058041854,0.5038537685130174,-0.07137114788395602,0.0,0.0
1733714957.5465178,0.24086132086763573,0.5181609839632131,-0.06364733384839927,0.0,0.0
1733714957.6465178,0.21506559587189816,0.5308590700543405,-0.06369624090614243,0.0,0.0
1733714957.7465177,0.18634346196383345,0.5451758388433564,-0.06925658870943958,0.0,0.0
1733714957.8465176,0.16229721945571782,0.5546419486855326,-0.06754506127588658,0.0,0.0
1733714957.9465175,0.13927599749601105,0.5635005121554262,-0.05768825302038766,0.0,0.0
1733714958.0465174,0.10916582494709243,0.5726033146751011,-0.039473831771399764,0.0,0.0
1733714958.1465173,0.08921502617980592,0.5791526908074511,-0.034728082679232455,0.0,0.0
1733714958.2465172,0.06683213602485909,0.5848781013307728,-0.03718768105920806,0.0,0.0
1733714958.346517,0.04537589888914273,0.5893882717950966,-0.04295610185217428,0.0,0.0
1733714958.446517,0.0281079183078452,0.5932650102721306,-0.046731275157732864,0.0,0.0
1733714958.546517,0.01456304976362122,0.5964688243799617,-0.04926566992487226,0.0,0.0
1733714958.6465168,0.005860880153066281,0.598266314885567,-0.05080411408048056,0.10000000000000009,0.0
1733714958.7465167,-0.0015111640442294601,0.5984455770495362,-0.050982724255877916,0.0,0.0
1733714958.8465166,-0.011601125427633072,0.5956773228054213,-0.04632448204129114,0.0,0.0
1733714958.9465165,-0.017398382297881855,0.5899016455625662,-0.03981673076058415,0.0,0.0
1733714959.0465164,-0.02462886040322278,0.5811144187627875,-0.031527983986217284,0.0,0.11972924780915294
1733714959.1465163,-0.024239267310000603,0.5719325287587227,-0.026110376788640137,0.10429763469119589,0.0
1733714959.2465162,-0.02431720862439458,0.5652475384977866,-0.01872528680009068,0.0,0.1439999999999999
1733714959.3465161,-0.02071276381902249,0.5548468166851701,-0.018923849029043635,0.0,0.1200000000000001
1733714959.446516,-0.016337831229348582,0.5457401642535609,-0.01925436921690961,0.0,0.1100000000000001
1733714959.546516,-0.015089755547031033,0.5352734196940389,-0.016492908662290206,0.0,0.1279999999999999
1733714959.6465158,-0.018345841904503758,0.5256335831600657,-0.016721514088207007,0.09043123123123131,0.15249057057057047
1733714959.7465158,-0.021768693758224125,0.5150827065198467,-0.010229882406929715,0.0,0.16918312686216083
1733714959.8465157,-0.0260386185256874,0.5031165114162277,0.007085955519704493,0.0,0.16399999999999992
1733714959.9465156,-0.022905417902772302,0.49467807540610625,0.017605087051954887,0.0,0.1629240137003678
1733714960.0465155,-0.017236265488934234,0.4908156048578769,0.027818780092839775,0.11229980943013473,0.1617001905698653
1733714960.1465154,-0.00658027627049005,0.4854001656117236,0.037273752549832985,0.0,0.1986728708944961
1733714960.2465153,0.0025791352405343023,0.4822837739270864,0.04633050424565519,0.11251379214265822,0.1574862078573418
1733714960.3465152,0.006028037687598113,0.476128398406285,0.06454529234935602,0.09501771616158884,0.15174557095960273
1733714960.446515,0.006083340370136148,0.4684396383797843,0.06772943163339584,0.14026465671823232,0.15431127860681387
1733714960.546515,0.006439790255895383,0.46263656867029196,0.05615272345951871,0.1526610480029314,0.14510736533528756
1733714960.646515,0.00703006156260067,0.4593939556316243,0.04104301616842315,0.1180000000000001,0.1359999999999999
1733714960.7465148,0.00755989730405591,0.45958554917386013,0.035678452883146604,0.09274523139703844,0.1447058459826258
1733714960.8465147,0.006478611427747739,0.4612498938397412,0.028987680886325504,0.0,0.17599999999999993
1733714960.9465146,-0.0011878375605843341,0.46325380002634076,0.04155693288219443,0.09721806381171912,0.18304258158437456
1733714961.0465145,-0.00996214470424272,0.46423501873704753,0.04966670829255955,0.102884888161484,0.17170503727950528
1733714961.1465144,-0.01957315834893648,0.46298220929493655,0.05104973539349503,0.15372249385040535,0.11538753074797302
1733714961.2465143,-0.02265517127299539,0.4630412034086108,0.034278475695832776,0.17599999999999993,0.1359999999999999
1733714961.3465142,-0.01801749426843504,0.46425218426236814,0.013601347162701807,0.11851919380526124,0.1499999999999999
1733714961.4465141,-0.014686415538390526,0.46662000781556745,0.010611207180097285,0.09264371581502831,0.18271256836994348
1733714961.546514,-0.010019512486786977,0.46909689062903853,0.023350659597680345,0.1120000000000001,0.1519999999999999
1733714961.646514,-0.009306980387625296,0.4689304457468814,0.029938264186119994,0.10770327745809366,0.14170327745809347
1733714961.7465138,-0.013617336891248026,0.46645615449844835,0.02744932994283469,0.0,0.12144503851381977
1733714961.8465137,-0.022223057645000887,0.4638667396861625,0.022173565951990718,0.11797725686234779,0.10400000000000009
1733714961.9465137,-0.032738229847794696,0.46101202897007026,0.01624736110614816,0.11121993943352543,0.0
1733714962.0465136,-0.034373036890513506,0.4579073244797848,0.01222116056430429,0.0,0.0
1733714962.1465135,-0.03420575027516514,0.4545839676507853,0.007952644193704358,0.0,0.0
1733714962.2465134,-0.036948038166110204,0.452908706508836,0.015277396428339775,0.0,0.0
1733714962.3465133,-0.04138580062135584,0.4496541807726678,0.02202894011134303,0.0,0.0
1733714962.4465132,-0.049237184185849846,0.4480702777277491,0.022232893927259776,0.0,0.0
1733714962.546513,-0.056440340914254324,0.4418937557991141,0.015828952323806142,0.0,0.0
1733714962.646513,-0.060867409684457904,0.43641399109081497,0.008567870185635212,0.0,0.0
1733714962.746513,-0.05957690092180464,0.42142107862603323,0.002907272795711214,0.0,0.0
1733714962.8465128,-0.056867148134588014,0.41423847225276467,0.004459638746678064,0.0,0.0
1733714962.9465127,-0.052062613809861144,0.40491296943627203,0.009530262304602336,0.0,0.0
1733714963.0465126,-0.049320670493738165,0.39937473085554537,0.014898715780552633,0.0,0.0
1733714963.1465125,-0.04715687408096518,0.393559206463112,0.015839731597062246,0.0,0.0
1733714963.2465124,-0.04553768700424117,0.3892037779784492,0.011831456763023211,0.0,0.0
1733714963.3465123,-0.04246285305489842,0.38182793588210334,0.00458263523244061,0.0,0.0
1733714963.4465122,-0.03925388321125297,0.37085316033357996,-0.002497161131609784,0.0,0.0
1733714963.5465121,-0.035540987206969576,0.3563439560900487,-0.006052974800016766,-0.09938901522245108,0.0
1733714963.646512,-0.03497335404824218,0.3416115204910918,-0.0070844145393029676,-0.11977705748887645,0.10733117246662943
1733714963.746512,-0.037612349014759155,0.3249589023045303,0.004131118144981596,-0.21450091178792083,0.1805009117879208
1733714963.8465118,-0.04107006360964534,0.31692518446478923,0.034543758166487026,-0.1938251649897219,0.1459999999999999
1733714963.9465117,-0.03983671148863699,0.3084111474170917,0.08707902085077628,-0.19799999999999995,0.17999999999999994
1733714964.0465117,-0.03257821081602803,0.30090952650471137,0.12068393322749082,-0.19399999999999995,0.17999999999999994
1733714964.1465116,-0.02430222988075605,0.2915271867501727,0.1562470901471226,-0.21399999999999997,0.1499999999999999
1733714964.2465115,-0.022537780762769116,0.2796139017493433,0.18598007878774941,-0.22199999999999998,0.19199999999999995
1733714964.3465114,-0.015181907328814262,0.26265938413620304,0.2059361195592888,-0.12691740491220624,0.15237610736830928
1733714964.4465113,-0.0036939869480087945,0.24732985810141142,0.21772775637515157,-0.143807287845439,0.19060242928181295
1733714964.5465112,0.008975855658455874,0.23016783344226455,0.20509042599237362,-0.10999999999999999,0.18199999999999994
1733714964.646511,0.025254962936667822,0.21526013007558917,0.2135338903938677,-0.15400000000000003,0.20599999999999996
1733714964.746511,0.034358776613230994,0.20233072454599557,0.22524610834228637,0.0,0.1470980165138173
1733714964.846511,0.041071528631715766,0.18701930386404894,0.23255465381061358,0.0,0.0
1733714964.9465108,0.042996896412641115,0.1678775208617086,0.21617941494821327,0.0,0.0
1733714965.0465107,0.046562076645898696,0.14832742242120509,0.18970430916390138,0.0,0.0
1733714965.1465106,0.055148550453472736,0.12034009362875822,0.15882924531186024,0.0,0.0
1733714965.2465105,0.062371152372599395,0.10392036443738054,0.14376816385193947,0.0,0.0
1733714965.3465104,0.06914319889847088,0.08363010132909023,0.13847541799398702,0.0,0.0
1733714965.4465103,0.07259623336730855,0.06319861713866999,0.1463201856101426,0.0,0.0
1733714965.5465102,0.07110863160398753,0.045565973304371475,0.15310405869369548,0.0,0.0
1733714965.6465101,0.06607695668295205,0.029534381592718813,0.15112816985137786,0.0,0.0
1733714965.74651,0.05904425564577488,0.013087863906270134,0.13903010196873708,0.0,0.0
1733714965.84651,0.052444060336573416,-0.00355171393678073,0.11630305373017114,0.0,0.0
1733714965.9465098,0.04761639943020139,-0.01980169853874529,0.09531015292510683,0.0,0.0
1733714966.0465097,0.04438791171928165,-0.033961476317533004,0.08641593438883907,0.0,0.0
1733714966.1465096,0.037269159026266194,-0.045072163509824736,0.09022758251176259,0.0,0.0
1733714966.2465096,0.027466844197706716,-0.056442248178243656,0.10236705885654249,0.0,0.0
1733714966.3465095,0.015468207452143848,-0.06409570762833522,0.10881646616830182,0.0,0.0
1733714966.4465094,-0.0011273690160889772,-0.07305041176851425,0.10621420785323,0.0,0.0
1733714966.5465093,-0.021240161451860733,-0.08135912286122728,0.09347373303523361,0.0,0.0
1733714966.6465092,-0.03997814251361405,-0.08794142223097332,0.08050710815184842,0.0,0.0
1733714966.746509,-0.062487555907843786,-0.0937909836091826,0.06445022147584463,0.0,0.0
1733714966.846509,-0.08701583335366347,-0.09956802237167632,0.052734546427766316,0.0,0.0
1733714966.946509,-0.10540444175877339,-0.10341098619028491,0.05258667607069234,0.0,0.09800000000000009
1733714967.0465088,-0.12218665662841333,-0.10811945037473715,0.056722931494801815,0.1234987895581159,0.0
1733714967.1465087,-0.1420161895471284,-0.11086525273119845,0.058766774198598846,0.0,0.1299999999999999
1733714967.2465086,-0.16268849182912767,-0.11178891843738055,0.05487907088199359,0.1439999999999999,0.0
1733714967.3465085,-0.18862267723052673,-0.11062752096904274,0.05346177488820835,0.1100000000000001,0.1399999999999999
1733714967.4465084,-0.20371632818985924,-0.1085329151499083,0.04890328683177487,0.12200000000000011,0.1339999999999999
1733714967.5465083,-0.23097004518530873,-0.10173153245357419,0.04011678701367409,0.10000000000000009,0.09600000000000009
1733714967.6465082,-0.2458206826771254,-0.1000886221869274,0.031415096335644585,0.09800000000000009,0.09600000000000009
1733714967.7465081,-0.26163536633774487,-0.09423903668966903,0.019240977682977632,0.09800000000000009,0.09600000000000009
1733714967.846508,-0.2668248238654465,-0.09177083245718902,0.013704831298989239,0.1319999999999999,0.0
1733714967.946508,-0.2726994705788641,-0.0867961344271124,0.0017457177018595864,0.15399454291973702,0.0
1733714968.0465078,-0.27482456697347785,-0.08321992168919068,-0.005796116112360308,0.14964354443116776,0.10805940926147212
1733714968.1465077,-0.2719526443583736,-0.08042326081784927,-0.01798384601015021,0.1479999999999999,0.0
1733714968.2465076,-0.267185025793793,-0.0797064635589573,-0.02838348214187412,0.15599999999999992,0.0
1733714968.3465075,-0.25326906603082644,-0.07967017384245358,-0.04996357984006047,0.15999999999999992,0.0
1733714968.4465075,-0.23430042100401524,-0.07953140222147673,-0.0702988750088535,0.17599999999999993,0.09600000000000009
1733714968.5465074,-0.20737469993916433,-0.08068832771597587,-0.08429532887947856,0.16199999999999992,0.09800000000000009
1733714968.6465073,-0.1875729148872907,-0.08268118696243798,-0.0901361120537063,0.15399999999999991,0.09200000000000008
1733714968.7465072,-0.165910745630252,-0.08970467401123826,-0.09566410183213557,0.15999999999999992,0.09400000000000008
1733714968.846507,-0.1486095252029108,-0.09720175710606943,-0.10880259769121706,0.17399999999999993,0.0
1733714968.946507,-0.12468682087895555,-0.10868800813533527,-0.13152537876884668,0.19599999999999995,0.0
1733714969.046507,-0.09855179020590536,-0.1192868589394308,-0.15691518772360116,0.17399999999999993,0.0
1733714969.1465068,-0.07331573675588259,-0.12828717567718562,-0.17490743740645948,0.16399999999999992,0.09200000000000008
1733714969.2465067,-0.04924955849994174,-0.13621659086940266,-0.17906611056545155,0.17999999999999994,0.0
1733714969.3465066,-0.014533079356658183,-0.14718292625079601,-0.17472492382624105,0.18199999999999994,0.0
1733714969.4465065,0.004698678788788122,-0.15565092524701749,-0.17295601340729125,0.19599999999999995,0.09800000000000009
1733714969.5465064,0.03208048328779196,-0.16519718513340256,-0.1794083303988941,0.20799999999999996,0.09600000000000009
1733714969.6465063,0.0561846513513572,-0.17528446292995123,-0.1939882868194485,0.20799999999999996,0.09400000000000008
1733714969.7465062,0.08315091209088468,-0.1848513043196732,-0.21319752910346296,0.20399999999999996,0.09400000000000008
1733714969.846506,0.11447178824120623,-0.19374582426999176,-0.23399596397538125,0.20599999999999996,0.09400000000000008
1733714969.946506,0.13805299235576696,-0.19785887930885868,-0.2422633858822215,0.20599999999999996,0.09400000000000008
1733714970.046506,0.16467949932006465,-0.19958765797869754,-0.24064620747352652,0.20799999999999996,0.09400000000000008
1733714970.1465058,0.19045588328385402,-0.19977825070629374,-0.22888196072378403,0.21599999999999997,0.09400000000000008
1733714970.2465057,0.2221736912375064,-0.20156557409675813,-0.21395109084284733,0.21599999999999997,0.09400000000000008
1733714970.3465056,0.24045808658983772,-0.2045044297700694,-0.213457828090385,0.21999999999999997,0.09200000000000008
1733714970.4465055,0.2568404150368608,-0.20917193294924907,-0.22277597041860714,0.22399999999999998,0.09400000000000008
1733714970.5465055,0.2748802160552966,-0.2139759895867514,-0.23929750818964596,0.20799999999999996,0.1120000000000001
1733714970.6465054,0.28842868156551854,-0.21582330091597016,-0.2449505069661902,0.19599999999999995,0.1140000000000001
1733714970.7465053,0.30653946813826183,-0.21399923479494679,-0.23816826454599552,0.20199999999999996,0.1200000000000001
1733714970.8465052,0.3242858840478235,-0.21010653061928888,-0.2260721384817656,0.21599999999999997,0.1200000000000001
1733714970.946505,0.3447838527134886,-0.20325549378637153,-0.21396991662163645,0.21399999999999997,0.12400000000000011
1733714971.046505,0.36154152408307805,-0.19840388461251218,-0.20656705219198154,0.21199999999999997,0.1279999999999999
1733714971.1465049,0.3792456790440226,-0.19427037369774794,-0.20094921012996894,0.20799999999999996,0.1299999999999999
1733714971.2465048,0.3955996632780103,-0.19259721313511327,-0.19777277325676493,0.20999999999999996,0.12989818436979203
1733714971.3465047,0.41537754392908016,-0.19056857140394484,-0.1959127446474819,0.20799999999999996,0.1279999999999999
1733714971.4465046,0.4308277745009794,-0.18964569774828816,-0.19294425006379454,0.21599999999999997,0.1259999999999999
1733714971.5465045,0.45283884180540673,-0.18611149191419563,-0.18899282719058888,0.22799999999999998,0.1160000000000001
1733714971.6465044,0.46866898815397906,-0.18302354051334607,-0.19061865743438253,0.236,0.1080000000000001
1733714971.7465043,0.48408449088303257,-0.17930996747976696,-0.19713635999778098,0.24,0.10400000000000009
1733714971.8465042,0.5009399176916556,-0.17305718291140668,-0.20297970167411805,0.242,0.09800000000000009
1733714971.946504,0.5181319925218839,-0.16481701121419648,-0.20387285037766767,0.244,0.09400000000000008
1733714972.046504,0.5362797422677951,-0.15662232110209404,-0.20248159886490555,0.246,0.0
1733714972.146504,0.5536519603343449,-0.14988145197375308,-0.20558804528418945,0.24998716298230772,0.0
1733714972.2465038,0.5766388665999604,-0.14399009122928647,-0.21747760032794083,0.252,0.0
1733714972.3465037,0.5953472326633811,-0.14006018463743472,-0.23046156061662246,0.254,0.0
1733714972.4465036,0.6164082183394591,-0.1354520340554905,-0.24477327138325594,0.254,0.0
1733714972.5465035,0.6344728716247805,-0.1279062470863656,-0.25603441094699814,0.256,0.0
1733714972.6465034,0.6499782761810559,-0.11713746539430595,-0.26388140725853293,0.258,0.0
1733714972.7465034,0.6675588288332294,-0.10066331590525733,-0.2699931493223282,0.258,0.09200000000000008
1733714972.8465033,0.693414308753916,-0.07579791007037551,-0.27492728502630137,0.258,0.09400000000000008
1733714972.9465032,0.707582153253289,-0.05944300896417395,-0.2704931697915102,0.256,0.09600000000000009
1733714973.046503,0.721817633174051,-0.04588076638061088,-0.26168578374366847,0.256,0.09600000000000009
1733714973.146503,0.7289087653075214,-0.035553466787886,-0.2565311304726027,0.256,0.09600000000000009
1733714973.2465029,0.733274850590259,-0.02796716562172765,-0.2562085942884763,0.256,0.09600000000000009
1733714973.3465028,0.7334921821433608,-0.02079810886134129,-0.2592028782101838,0.256,0.09600000000000009
1733714973.4465027,0.7334418046827691,-0.013950933910755752,-0.2601283773350764,0.254,0.09600000000000009
1733714973.5465026,0.7320272961144738,-0.0012522750032161075,-0.25806372455296117,0.262,0.0
1733714973.6465025,0.7308152037352456,0.010813890886599054,-0.2561933049886566,0.276,0.0
1733714973.7465024,0.729448195687841,0.023845654530333247,-0.2590769818039199,0.31800000000000006,0.0
1733714973.8465023,0.730455786795492,0.031505700601534514,-0.27075185190172824,0.3759999999999999,0.0
1733714973.9465022,0.7302197494331314,0.031442366584322944,-0.29280077629055007,0.3740000000000001,0.0
1733714974.046502,0.7254418789343435,0.028152702226751754,-0.3093526110360843,0.3360000000000001,0.0
1733714974.146502,0.7105711132191436,0.01912851510578572,-0.31601470112428365,0.3600000000000001,-0.10399999999999998
1733714974.246502,0.7000143059171665,0.011748325086182867,-0.3208516433640181,0.244,0.0
1733714974.3465018,0.6783918441066856,0.0074869329147865685,-0.33066788488741644,0.0,0.10200000000000009
1733714974.4465017,0.6455046741109404,0.009053962274623031,-0.29496997664142977,-0.16350030047529732,0.13989292153042074
1733714974.5465016,0.6225651755305965,0.00912243290288827,-0.26053362829184945,-0.20599999999999996,0.1499999999999999
1733714974.6465015,0.587968692594833,0.011120161901179527,-0.20851387540109712,-0.22999999999999998,0.15599999999999992
1733714974.7465014,0.5365684117050088,-0.0008602361943438827,-0.11394081268404505,-0.236,0.15799999999999992
1733714974.8465014,0.5051285260413476,-0.01994717650778994,-0.03936762021984554,-0.236,0.15799999999999992
1733714974.9465013,0.4702312127099973,-0.04927843903426432,0.03369653324617672,-0.238,0.15799999999999992
1733714975.0465012,0.43829420502656086,-0.06987233044273668,0.07880377544346037,-0.2360848134524435,0.15799999999999992
1733714975.146501,0.4045207606912186,-0.08686806995313749,0.10559604236887064,-0.23399999999999999,0.15799999999999992
1733714975.246501,0.373761821697304,-0.09844054425526663,0.1280749128531379,-0.18600000000000005,0.15399999999999991
1733714975.3465009,0.3493183406351137,-0.10748348075276748,0.13241566253085715,-0.15600000000000003,0.1519999999999999
1733714975.4465008,0.32935814855859524,-0.11722135422887428,0.12078369943285999,0.0,0.14807534937044128
1733714975.5465007,0.3130294292485443,-0.13755053629872574,0.10582595298513511,0.0,0.1439999999999999
1733714975.6465006,0.30279611889481356,-0.15384369272119228,0.09254131089453736,0.0,0.1419999999999999
1733714975.7465005,0.2874509979526771,-0.1749926274427612,0.07978662021669562,-0.16600000000000004,0.15999999999999992
1733714975.8465004,0.26596918351554827,-0.19842404107690623,0.07246026870504461,-0.17600000000000005,0.17199999999999993
1733714975.9465003,0.23615437734868702,-0.2159152361588774,0.09082077604625333,0.0,0.0001884335207620741
1733714976.0465002,0.21281282678969476,-0.22912245120753355,0.09901833438082595,0.0,0.0
1733714976.1465,0.18695575462144384,-0.24191137445073432,0.09498906018327943,0.0,0.0
1733714976.2465,0.16495560235677093,-0.25415325866322924,0.09250018557235436,0.0,0.0
1733714976.3465,0.1485999121060879,-0.26330361966992616,0.08575400753366967,0.0,0.0
1733714976.4464998,0.1313960279618438,-0.27583710168050113,0.06797866521329567,0.0,0.0
1733714976.5464997,0.12113785107132656,-0.2834653499889321,0.048914486046662604,0.0,0.0
1733714976.6464996,0.1088029322030789,-0.2904290060639778,0.03696102497952369,0.0,0.0
1733714976.7464995,0.09497147641529088,-0.2936431475898761,0.03700241091049081,0.0,0.0
1733714976.8464994,0.0861925467232332,-0.29116822190418445,0.04745414206268251,0.0,0.0
1733714976.9464993,0.07917622601537641,-0.2831811860341004,0.06154599687596041,0.0,0.0
1733714977.0464993,0.07522039299758576,-0.26625094104729596,0.06628863228886588,0.0,0.0
1733714977.1464992,0.07480949472834518,-0.25952741127515305,0.06256980932655105,0.0,0.0
1733714977.246499,0.0716613914917178,-0.2536231089635848,0.053871271255092314,0.0,0.0
1733714977.346499,0.0640710579164015,-0.2549384772143901,0.046842989927474744,0.0,0.0
1733714977.4464989,0.059484800775773686,-0.2584731098894755,0.04468320039002733,0.0,0.0
1733714977.5464988,0.056605873668687724,-0.2593587909366473,0.04629633703029735,0.0,0.0
1733714977.6464987,0.05570226521351824,-0.25794019571291943,0.04555366463930301,0.0,0.0
1733714977.7464986,0.05569255363109443,-0.2511463920765543,0.044869929328515204,0.0,0.0
1733714977.8464985,0.054714404847011996,-0.24244435322512467,0.0447856426835198,0.0,0.0
1733714977.9464984,0.05323846094533714,-0.2314391021709674,0.048949464110484335,0.0,0.0
1733714978.0464983,0.05059731397299345,-0.21918505329813365,0.056689657458766814,0.0,0.0
1733714978.1464982,0.045201045551004786,-0.21465475835518974,0.06135426805651782,0.0,0.0
1733714978.246498,0.037212007108512024,-0.21845302863524826,0.05394201930265125,0.0,0.0
1733714978.346498,0.030567147805722634,-0.22472529741998976,0.04174539113814067,0.0,0.0
1733714978.446498,0.02343974003457756,-0.23268694086328348,0.035538408726271016,0.0,0.0
1733714978.5464978,0.020730766888166677,-0.23353007556426458,0.039158250455836645,0.0,0.0
1733714978.6464977,0.02026813566781649,-0.22837134674466486,0.04904859097676,0.0,0.0
1733714978.7464976,0.023683333443692473,-0.21732969723483161,0.05454320024491272,-0.10377233921457027,0.0
1733714978.8464975,0.027137079696453285,-0.1986357745585753,0.052794297736568366,-0.15600000000000003,0.09400000000000008
1733714978.9464974,0.024365409609067613,-0.18534384794035258,0.05911631282544655,-0.20799999999999996,0.1319999999999999
1733714979.0464973,0.009355803403980961,-0.169326821124632,0.10371946098369539,-0.24,0.1359999999999999
1733714979.1464972,-0.0037348048550775764,-0.1627418588836139,0.14112228183961673,-0.238,0.1359999999999999
1733714979.2464972,-0.01640364582166885,-0.1589788258602139,0.17043920541522564,-0.09347282011956007,0.007074263206511333
1733714979.346497,-0.016715302676333883,-0.1572939403669314,0.17326379194673588,0.0,0.0
1733714979.446497,-0.012573423273531106,-0.1558177384856746,0.14492253913180528,0.0,0.0
1733714979.5464969,-0.009306539974354506,-0.14954067321086456,0.11098323382494142,0.0,0.0
1733714979.6464968,-0.010192397695804246,-0.14356764227348295,0.09908771055551903,0.0,0.0
1733714979.7464967,-0.013455321471369864,-0.1319032979966311,0.0920229057996994,0.0,0.0
1733714979.8464966,-0.013408675840935252,-0.11927799469762775,0.08795523304196125,0.0,0.0
1733714979.9464965,-0.010163841871535788,-0.11100378633107112,0.08034533463830242,0.0,0.0
1733714980.0464964,-0.007815824555892262,-0.10904637867466022,0.07688171665632786,0.0,0.0
1733714980.1464963,-0.010534354187829846,-0.11376020909923099,0.07985091961721179,0.0,0.0
1733714980.2464962,-0.014716551212537232,-0.1184694306376851,0.08277394603097779,0.0,0.0
1733714980.346496,-0.022998317522049942,-0.12256215149510634,0.07745449455352972,0.0,0.0
1733714980.446496,-0.03243525127827411,-0.12400895811101856,0.06744890477869586,0.0,0.0
1733714980.546496,-0.04622101873798788,-0.12447882792512979,0.05555258107365063,0.0,0.0
1733714980.6464958,-0.05710726481319542,-0.12391452566270415,0.05016022691484494,0.0,0.0
1733714980.7464957,-0.06715771092517325,-0.12353116772203782,0.04800762119555437,0.0,0.0
1733714980.8464956,-0.07630338823569428,-0.12636920800491175,0.04474308897617286,0.0,0.0
1733714980.9464955,-0.08683889962541917,-0.13301908891795214,0.04417504780605662,0.0,0.0
1733714981.0464954,-0.09527021861223631,-0.13916667268577318,0.04453317984412693,0.0,0.0
1733714981.1464953,-0.10807786861098274,-0.14469896652398515,0.04475898694240185,0.0,0.0
1733714981.2464952,-0.1241585678023834,-0.1465611899062561,0.04076870461014237,0.0,0.0
1733714981.3464952,-0.1372219269213346,-0.14568112059933808,0.03710498112421297,0.0,0.0
1733714981.446495,-0.1505977916129759,-0.1451774687893519,0.03372651923770407,0.0,0.0
1733714981.546495,-0.16037045496073615,-0.14755979704090055,0.028076140999970314,0.0,0.0
1733714981.6464949,-0.16923511454679524,-0.15493461796706007,0.02034224156076185,0.0,0.0
1733714981.7464948,-0.1749039417370237,-0.16051851638638845,0.016072087172336137,0.0,0.0
1733714981.8464947,-0.180031956354763,-0.16345575024954048,0.016054606910549486,0.0,0.0
1733714981.9464946,-0.18476246961117498,-0.16234465284104999,0.01962556239059615,-0.028639594593204597,0.022702117665345082
1733714982.0464945,-0.19071410473661482,-0.15961794904613813,0.022373468224067015,-0.06794739037661734,0.05386073627414784
1733714982.1464944,-0.20260901009482563,-0.1555566452507105,0.021398062814405698,-0.1072551861600301,0.0850193548829506
1733714982.2464943,-0.21220898018247872,-0.15290610023349216,0.01956587497903104,-0.14656298194344286,0.11617797349175336
1733714982.3464942,-0.22440035901955863,-0.15318728663538828,0.01709444429973122,-0.14570723978375238,0.11549964129199873
1733714982.446494,-0.24474471189012023,-0.15215519347583953,0.03473729482715446,-0.11283012439830978,0.08943851324256252
1733714982.546494,-0.2743676281301638,-0.14911535731695175,0.11924465661625966,-0.07995300901286714,0.06337738519312633
1733714982.646494,-0.2929531054974307,-0.14777578765038435,0.1760190471535763,-0.04707589362742452,0.037316257143690135
1733714982.7464938,-0.29990162230663153,-0.14890013189910153,0.19770313779191756,-0.014198778241981902,0.011255129094253927
1733714982.8464937,-0.306230701151838,-0.14600796169847083,0.15285389300414565,0.0,0.0
1733714982.9464936,-0.31251859642287183,-0.13937365197569612,0.13515722707934355,0.0,0.0
1733714983.0464935,-0.3207164603248676,-0.12659217429892555,0.1266612355210483,0.0,0.0
1733714983.1464934,-0.326658633513984,-0.1170549121513623,0.1246320907735569,0.0,0.0
1733714983.2464933,-0.3339434908403865,-0.10851764116062446,0.12218391927153743,0.0,0.0
1733714983.3464932,-0.33725276100341767,-0.10722607957823493,0.1171193875723188,0.0,0.0
1733714983.4464931,-0.34018488736338137,-0.11025793000364882,0.1104613465712954,0.0,0.0
1733714983.546493,-0.3532403819188103,-0.08010943689189386,0.10293099102879182,0.0,0.0
1733714983.646493,-0.35882636937476464,-0.08252073996499809,0.09602569736102048,0.0,0.0
1733714983.7464929,-0.3577204873545705,-0.07902549776800213,0.09512144319635753,0.0,0.0
1733714983.8464928,-0.35430075171544817,-0.07062400408887577,0.0957697375227407,0.0,0.0
1733714983.9464927,-0.3478583240665926,-0.06265842685941242,0.09471825154503287,0.0,0.0
1733714984.0464926,-0.34392883015425807,-0.05576072141728945,0.09382634745809489,0.0,0.0
1733714984.1464925,-0.34063152792090673,-0.051163901765730095,0.09207464905654458,0.0,0.0
1733714984.2464924,-0.3392901682676167,-0.04866696274535675,0.09063822587133616,0.0,0.0
1733714984.3464923,-0.3338874539302024,-0.050887716420261506,0.0885899533989501,-0.021572400013199416,0.015345315473306793
1733714984.4464922,-0.32284284430979204,-0.0545599442761875,0.08400075626123242,-0.06048649904997653,0.04302647870565339
1733714984.546492,-0.30859534847193876,-0.05667774202624242,0.07929502752664971,-0.09940059808675364,0.07070764193799998
1733714984.646492,-0.29691885116417904,-0.0548492925692107,0.07623623381699869,-0.13831469712353076,0.09838880517034658
1733714984.746492,-0.28536336506591603,-0.048403465763668614,0.0748565242989673,-0.17722879616030787,0.12606996840269316
1733714984.8464918,-0.27714502398140634,-0.04289007737459337,0.07593662792638213,-0.17198280596821872,0.12233828465780501
1733714984.9464917,-0.27267166256298464,-0.03404115282535592,0.10289561422964973,-0.13328961515288837,0.09481426232525045
1733714985.0464916,-0.27999441061535213,-0.023540473442688784,0.19130622658701776,-0.09459642433755804,0.06729023999269589
1733714985.1464915,-0.27778649362304736,-0.01507829841348812,0.3087074596061651,-0.0559032335222277,0.03976621766014132
1733714985.2464914,-0.26465885313302184,-0.016584402734971918,0.3208241185244401,-0.017210042706897355,0.012242195327586775
1733714985.3464913,-0.24744301637365596,-0.02128190019519157,0.26974335647778164,0.0,0.0
1733714985.4464912,-0.2332281268499209,-0.022725473715550337,0.2413852738039438,0.0,0.0
1733714985.5464911,-0.21838948695231486,-0.019872333333047467,0.23518779376089435,0.0,0.0
1733714985.646491,-0.21051867532296992,-0.0086723913574637,0.24246020604740737,0.0,0.0
1733714985.746491,-0.20476584922615854,0.0021437805038446362,0.2460345900338515,0.0,0.0
1733714985.8464909,-0.1954707125722285,0.010761028522695181,0.2414909581700462,0.0,0.0
1733714985.9464908,-0.1853309435290514,0.012104467526748866,0.23056378795084026,0.0,0.0
1733714986.0464907,-0.18074735486499144,0.004498734554436515,0.22043336197344243,0.0,0.0
1733714986.1464906,-0.17980079429368329,-0.007831138411381026,0.2151501781025964,0.0,0.0
1733714986.2464905,-0.1788014315247204,-0.018264142743820905,0.21530227870909457,0.0,0.0
1733714986.3464904,-0.17317977787495023,-0.024304691973280806,0.21352026911275424,0.0,0.0
1733714986.4464903,-0.1625914837816947,-0.025042340869182424,0.20798664484291965,0.0,0.0
1733714986.5464902,-0.15216295575888486,-0.01873718415434596,0.20377157547348207,0.0,0.0
1733714986.64649,-0.14723899498550416,-0.011990476435415363,0.2083140772153848,0.0,0.0
1733714986.74649,-0.14282144744081388,-0.0068971508899420865,0.21926017537371728,0.0,0.0
1733714986.84649,-0.13727879935148213,-0.007909325835006866,0.22585085698876844,0.0,0.012503578683811536
1733714986.9464898,-0.1230278259906884,-0.01740329627435439,0.2194261653179914,0.0,0.03491563351911386
1733714987.0464897,-0.1120966842056299,-0.02553994687092929,0.21560860129777018,0.0,0.05732768835441618
1733714987.1464896,-0.11669399596755124,-0.02516352667735571,0.2963993928552155,0.0,0.0797397431897185
1733714987.2464895,-0.11744923110783564,-0.02470384385325528,0.3749818333529894,0.0,0.10215179802502082
1733714987.3464894,-0.10993699563471716,-0.023310284684993313,0.4075896283443307,0.012120996081164301,0.09943007813805194
1733714987.4464893,-0.09997593055359352,-0.021690870205356913,0.3748169878995956,0.033743059937661427,0.07700719710168455
1733714987.5464892,-0.08311607433798683,-0.01881904244595686,0.35661223050442686,0.05536512379415855,0.054584316065317155
1733714987.6464891,-0.0682463400159914,-0.01704554534769365,0.34025892732180635,0.07698718765065567,0.03216143502894976
1733714987.746489,-0.05477008086185547,-0.01840386736574823,0.3282702928429656,0.09860925150715279,0.009738553992582374
1733714987.846489,-0.04654375438205857,-0.023312214730485475,0.3251836328622466,0.09580752577456943,0.0
1733714987.9464889,-0.03145554731173178,-0.0330493252509153,0.3094387028074018,0.07425412383593354,0.0
1733714988.0464888,-0.010650869013475756,-0.05048872817509051,0.22584463469636484,0.052700721897297645,0.0
1733714988.1464887,0.009770380800664176,-0.06644430947775312,0.13037534750662244,0.031147319958661754,0.0
1733714988.2464886,0.029035224108644894,-0.08170979495376773,0.044610932363033894,0.009593918020025863,0.0
1733714988.3464885,0.03533342473853969,-0.09046224987861454,0.05504355474795413,0.0,0.0
1733714988.4464884,0.0442022026530188,-0.10036520099272467,0.08931830259542836,0.12200000000000011,0.1140000000000001
1733714988.5464883,0.06791101719278876,-0.11339651146640421,0.10714620919534278,0.18399999999999994,0.1419999999999999
1733714988.6464882,0.09697263168413052,-0.1241094682993708,0.09615998238383448,0.17999999999999994,0.15399999999999991
1733714988.746488,0.12460890480197435,-0.13863293134418747,0.08277192601304252,0.17999999999999994,0.15207260944319526
1733714988.846488,0.14829344871030428,-0.15583021905658953,0.06582306369167558,0.18199999999999994,0.1439999999999999
1733714988.946488,0.164775130270902,-0.16954639259304313,0.049771544069880665,0.185923358973337,0.1439999999999999
1733714989.0464878,0.18411820366369117,-0.18272088678264925,0.034620682140897266,0.19366390868137187,0.1479999999999999
1733714989.1464877,0.2165627090758659,-0.19927842048604769,0.023728828968559976,0.20199999999999996,0.1519999999999999
1733714989.2464876,0.2527993463723823,-0.21349488657014395,0.021856371935939173,0.20399999999999996,0.15781899303540328
1733714989.3464875,0.2916392814780699,-0.2306913530857702,0.021509510135578315,0.20599999999999996,0.15999999999999992
1733714989.4464874,0.31477442490735097,-0.2429506055353881,0.01723167923538527,0.20599999999999996,0.15999999999999992
1733714989.5464873,0.34109995060265225,-0.26109747412243833,0.003555778232490527,0.20599999999999996,0.15999999999999992
1733714989.6464872,0.36010205808436024,-0.2751483105177301,-0.012085990790333985,0.20799999999999996,0.16187354145738342
1733714989.7464871,0.3830049893940719,-0.2898260474897809,-0.031006610907093893,0.20799999999999996,0.16199999999999992
1733714989.846487,0.41227948663586833,-0.30384659708926487,-0.046156950610592,0.20799999999999996,0.16199999999999992
1733714989.946487,0.45321331033548806,-0.31579355222556205,-0.05445408124314408,0.21599999999999997,0.16999999999999993
1733714990.0464869,0.4808512644746201,-0.3221484291101111,-0.055372829356634665,0.22790542058971675,0.17799999999999994
1733714990.1464868,0.5090312267403817,-0.32838080984723983,-0.05256886768401961,0.22411001011122345,0.17799999999999994
1733714990.2464867,0.5302196617995603,-0.3347660042016384,-0.05202734000010905,0.21799999999999997,0.17399999999999993
1733714990.3464866,0.5406195846997828,-0.33807042266318105,-0.05528813519103412,0.20805986121877892,0.17199999999999993
1733714990.4464865,0.5507769631334456,-0.34137799222530735,-0.06411133116284189,0.20399999999999996,0.17199999999999993
1733714990.5464864,0.5588620330347003,-0.3406481184115049,-0.07617270164668097,0.20399999999999996,0.17199999999999993
1733714990.6464863,0.5682359433560531,-0.3385542025020264,-0.08634556881431699,0.20799999999999996,0.17199999999999993
1733714990.7464862,0.5799831178177485,-0.3329344595656713,-0.08812834750733965,0.20799999999999996,0.17399999999999993
1733714990.846486,0.5914829995484188,-0.3268954366111126,-0.07798236714139693,0.20999999999999996,0.17399999999999993
1733714990.946486,0.5977967477828974,-0.31783898519647547,-0.06371566680853935,0.21199999999999997,0.17399999999999993
1733714991.046486,0.6011442238438811,-0.311160884882534,-0.05634419537022056,0.21399999999999997,0.17785976929380365
1733714991.1464858,0.5990868315244804,-0.297054082140577,-0.051417088539525785,0.21599999999999997,0.17799999999999994
1733714991.2464857,0.6003169708712109,-0.28961885752535305,-0.052514633906651245,0.21799999999999997,0.17999999999999994
1733714991.3464856,0.5983556376287439,-0.2766307528153842,-0.055945085693244405,0.21999999999999997,0.17999999999999994
1733714991.4464855,0.5983258565773274,-0.26751174863832444,-0.05883431065378503,0.21999999999999997,0.18199999999999994
1733714991.5464854,0.5976749679318851,-0.2608431962615614,-0.06090531781121028,0.22199999999999998,0.18599999999999994
1733714991.6464853,0.5982360282000647,-0.2552676830878521,-0.06227858700058288,0.22199999999999998,0.18999999999999995
1733714991.7464852,0.5963378182885466,-0.2475455859390317,-0.05946103981984874,0.22399999999999998,0.19199999999999995
1733714991.8464851,0.5967239114441023,-0.2432044127222939,-0.05636376214622762,0.22599999999999998,0.19589493951393172
1733714991.946485,0.5968398595588909,-0.23560705612426794,-0.052331332804475154,0.22799999999999998,0.19799999999999995
1733714992.046485,0.6004035926464384,-0.22997675324008313,-0.0490354191019479,0.2281233113019208,0.19999999999999996
1733714992.1464849,0.6053357654681659,-0.22517659559564238,-0.04555531421263381,0.22799999999999998,0.20009389025192983
1733714992.2464848,0.6107633658178332,-0.222605703127334,-0.04135379882352713,0.22799999999999998,0.20199999999999996
1733714992.3464847,0.6137370015764358,-0.2188141935485601,-0.03574225266214615,0.22799999999999998,0.20399999999999996
1733714992.4464846,0.6158315230177103,-0.21636901116908872,-0.03447669873296628,0.22799999999999998,0.20591157431616144
1733714992.5464845,0.6163851409050832,-0.21075259707080604,-0.03742347744408152,0.22799999999999998,0.20799999999999996
1733714992.6464844,0.6179656128176779,-0.2046522873930246,-0.03818426121791227,0.22799999999999998,0.20799999999999996
1733714992.7464843,0.6159183738400315,-0.19831458367871166,-0.03388180906593022,0.22799999999999998,0.20999999999999996
1733714992.8464842,0.6135884191873557,-0.194875978780004,-0.025275866355455655,0.22799999999999998,0.21199999999999997
1733714992.946484,0.6081192424580258,-0.1899877868541511,-0.01364295517496379,0.22999999999999998,0.21199999999999997
1733714993.046484,0.6050477864827387,-0.18789872736167731,-0.01060589422114704,0.2284474027102154,0.2104474027102154
1733714993.146484,0.5987164179098373,-0.18494664943555117,-0.01856207792784105,0.22999999999999998,0.21187696170747014
1733714993.2464838,0.5966288599523164,-0.18251186309224474,-0.028929416578544524,0.22999999999999998,0.21011062617226947
1733714993.3464837,0.5955573859873956,-0.17564189061750685,-0.04011109335263744,0.22808515584978523,0.21391484415021472
1733714993.4464836,0.5972553767066674,-0.16500517354092212,-0.04050924397051297,0.22611597469642986,0.21399999999999997
1733714993.5464835,0.5942132682601825,-0.151475332637307,-0.0360430698103296,0.20808166945284468,0.21799999999999997
1733714993.6464834,0.5917156719976244,-0.14306400939997085,-0.031981544109031486,0.18820103630737678,0.22189948184631156
1733714993.7464833,0.5843561341950249,-0.13460766419321574,-0.029368344354254262,0.18999999999999995,0.2239221398517331
1733714993.8464832,0.5764846181633768,-0.12928633747992468,-0.02283125041839334,0.18599999999999994,0.236
1733714993.9464831,0.5665974442611451,-0.12607037120835413,-0.010325670407609339,0.18190698171709604,0.24
1733714994.046483,0.5599782359164972,-0.12540538497546375,-0.0020145406913280013,0.15644393435589393,0.244
1733714994.146483,0.5526522837978052,-0.12289054615880718,0.005434670462677653,0.130344030044993,0.25991399248875174
1733714994.2464828,0.5445932185854717,-0.1175629796256005,0.02189393742797402,0.1180000000000001,0.266
1733714994.3464828,0.5312090016214467,-0.10538893910835281,0.05521107632930842,0.1060000000000001,0.258
1733714994.4464827,0.5202814120819914,-0.09591793616777042,0.06999532023626331,0.09600000000000009,0.2560759046778464
1733714994.5464826,0.5034521432619266,-0.08577439319091205,0.07961225465776618,0.0,0.252
1733714994.6464825,0.4888411497777229,-0.07865463874914264,0.09260884735811759,0.0,0.252
1733714994.7464824,0.47840169099478275,-0.07364602472789554,0.10712291146661006,0.1200000000000001,0.262
1733714994.8464823,0.4736620994190506,-0.06928345470547534,0.1263862737749385,0.12472870263847755,0.27469343492446674
1733714994.9464822,0.46954704719933815,-0.06707063298708715,0.13470772750537818,0.13975166905102518,0.2600827769829916
1733714995.046482,0.4634646749412044,-0.06532721640683287,0.1298493570465102,0.14578404276380905,0.266
1733714995.146482,0.45951864432131995,-0.06335844082232556,0.12209699823097478,0.17199999999999993,0.268
1733714995.246482,0.45818076258990187,-0.0593872077268684,0.11350509343367322,0.18599999999999994,0.268
1733714995.3464818,0.46522241246162427,-0.05484466860248345,0.1061696611976898,0.18619714861182413,0.27190142569408793
1733714995.4464817,0.4703098289762394,-0.05326569094365485,0.10127176884063645,0.16799999999999993,0.268
1733714995.5464816,0.47438276741711993,-0.05507244378444653,0.09862046869106417,0.1042143537630995,0.278
1733714995.6464815,0.4758050697376134,-0.057267525516037185,0.10578686940607533,0.0,0.28388724263221643
1733714995.7464814,0.4781194029015835,-0.0616383855533446,0.1241168447666874,0.0,0.29200000000000004
1733714995.8464813,0.4822729036298968,-0.06422301814474339,0.1395095755318489,0.0,0.29400000000000004
1733714995.9464812,0.4858999446465361,-0.06618251128720935,0.15704275697862546,0.0,0.30400000000000005
1733714996.0464811,0.4889165680492355,-0.06693481290630211,0.17023963943865783,0.0,0.31000000000000005
1733714996.146481,0.4911980884460538,-0.06908619267886032,0.18822520336926027,0.0,0.31600000000000006
1733714996.246481,0.49174615413738887,-0.07166371005103381,0.20404485200239292,0.0,0.30600000000000005
1733714996.3464808,0.4917729131062112,-0.07426645334864898,0.2110193439550988,-0.09199999999999997,0.32200000000000006
1733714996.4464808,0.4886928802839234,-0.07617687051679994,0.21793244425538563,-0.09387710219922378,0.32200000000000006
1733714996.5464807,0.4813134742863104,-0.07832246787809014,0.2374023063395077,-0.12991220603881573,0.32800000000000007
1733714996.6464806,0.47164507427238367,-0.08073069709006384,0.262150395227672,-0.118,0.31400000000000006
1733714996.7464805,0.46221843398685175,-0.08714730500454636,0.29655163605153295,-0.128,0.31200000000000006
1733714996.8464804,0.4546155301836032,-0.09184656454463658,0.3183982499051459,-0.14400000000000002,0.31800000000000006
1733714996.9464803,0.4439403359358663,-0.09602262698392688,0.35477018763465934,-0.15200000000000002,0.31800000000000006
1733714997.0464802,0.43220224151445236,-0.09626033423944629,0.3923764855297122,-0.16610449134199137,0.3380000000000001
1733714997.14648,0.42185096124835475,-0.09611412597772936,0.4279343945680146,-0.14400000000000002,0.32000000000000006
1733714997.24648,0.4109752691221054,-0.09884226163861431,0.4535565176407305,-0.15000000000000002,0.31200000000000006
1733714997.34648,0.4028038733644173,-0.10294242488828222,0.462898954826908,-0.14200000000000002,0.3320000000000001
1733714997.4464798,0.3961910906308525,-0.10559529115538134,0.46158840938965523,-0.001708373008315875,0.33003559110434
1733714997.5464797,0.3941134994003806,-0.10667475524156746,0.45870697356152035,-0.10776286077328007,0.32211856961336
1733714997.6464796,0.38674734454180426,-0.10507871968686724,0.4548911167343625,-0.12148554704726777,0.31200000000000006
1733714997.7464795,0.37057416068588894,-0.10212408290039555,0.45756724896620116,-0.1278864346684176,0.31200000000000006
1733714997.8464794,0.35136579761348075,-0.09953172696836367,0.4751274840770569,-0.14400000000000002,0.30600000000000005
1733714997.9464793,0.33764112597497964,-0.09955520178125785,0.4873977565249494,-0.10799999999999998,0.30200000000000005
1733714998.0464792,0.3327508632547119,-0.10040237025726854,0.4902113394320962,0.0,0.22572479203094364
1733714998.1464791,0.3227285963149769,-0.1004231630041944,0.4668844363574974,0.244,0.0
1733714998.246479,0.31746077136990086,-0.09986377480356326,0.4025133283740681,0.29000000000000004,0.0
1733714998.346479,0.321857758909319,-0.09849324065120957,0.3081412437785763,0.3700000000000001,0.0
1733714998.4464788,0.3382550866617868,-0.098022322162166,0.19852288363254358,0.3858734300037733,-0.12762029001132014
1733714998.5464787,0.3442513089143078,-0.09852724452580443,0.10938428666591203,0.4019999999999999,-0.136
1733714998.6464787,0.3471132189852822,-0.09987604704546521,-0.0021639728458230714,0.3999999999999999,-0.128
1733714998.7464786,0.3531132049246907,-0.09594895029719776,-0.11091513437955802,0.3999999999999999,-0.128
1733714998.8464785,0.3560321345235501,-0.08792225083213437,-0.1846308606697243,0.3999999999999999,-0.134
1733714998.9464784,0.35590278301935435,-0.08402217854502243,-0.24005343871127396,0.4019999999999999,-0.134
1733714999.0464783,0.3507448306359229,-0.08285570851679999,-0.2933296547676813,0.3959999999999999,-0.122
1733714999.1464782,0.3468973026493974,-0.08787845862048944,-0.3308332616014873,0.3859999999999999,-0.10014093042599963
1733714999.246478,0.3482526633093764,-0.09254049575702891,-0.35649123197132854,0.3859999999999999,-0.09199999999999997
1733714999.346478,0.35352182573976815,-0.09298575882019518,-0.3738204280502979,0.3879999999999999,0.0
1733714999.446478,0.3655322906935242,-0.08762660800327285,-0.3834894242534284,0.3839999999999999,0.0
1733714999.5464778,0.3798882005613993,-0.07747441940947813,-0.3958691084055876,0.38587642424122737,0.0
1733714999.6464777,0.3862528543383272,-0.07182231708714702,-0.40148775316746543,0.3919999999999999,0.0
1733714999.7464776,0.3993700706018801,-0.0705334317407819,-0.39854780252351213,0.4019999999999999,0.0
1733714999.8464775,0.41511134869839456,-0.07114531638254563,-0.3887144092606827,0.42199999999999993,0.0
1733714999.9464774,0.43196922868908516,-0.07180542146085073,-0.38159499287358695,0.44999999999999996,0.11576647199466948
1733715000.0464773,0.45714726779911813,-0.07054417277448786,-0.3847008730408027,0.44200563039579593,0.1060000000000001
1733715000.1464772,0.4732708289048634,-0.06887396185076401,-0.39075818171756443,0.4179999999999999,0.12200000000000011
1733715000.2464771,0.48735879415256084,-0.0672299821935045,-0.3953738207598941,0.43599999999999994,0.1080000000000001
1733715000.346477,0.4999627933685983,-0.06691839837723532,-0.3987116243517328,0.3879999999999999,0.1180000000000001
1733715000.446477,0.5156055129685504,-0.06640452568548667,-0.3889582092721127,0.3779999999999999,0.1180000000000001
1733715000.5464768,0.5264981517597828,-0.06816448934462674,-0.36300989807046474,0.3719423927765238,0.12217282167042899
1733715000.6464767,0.5375950952146145,-0.06962121996622882,-0.3362157731286123,0.3420000000000001,0.1519999999999999
1733715000.7464767,0.547559655756552,-0.07134365448243177,-0.313258025183749,0.3600000000000001,0.15399999999999991
1733715000.8464766,0.5574302644659483,-0.07269228920479674,-0.29822288878085856,0.40397351271809956,0.15202648728190027
1733715000.9464765,0.5718350112205594,-0.07368045412174261,-0.29123618324763906,0.3979999999999999,0.15399999999999991
1733715001.0464764,0.5840592016365638,-0.07447991990680988,-0.2824093749443076,0.3921712847330627,0.15382871526693717
1733715001.1464763,0.5937966042614287,-0.07598007028644813,-0.2748417971086031,0.3879999999999999,0.14035302556556914
1733715001.2464762,0.604814913605186,-0.07851843467706693,-0.26864704732674377,0.3720000000000001,0.0
1733715001.346476,0.6084226390637765,-0.08143573032642219,-0.26608314017360324,0.3620000000000001,0.0
1733715001.446476,0.6109357818147666,-0.08108885886886721,-0.26880685028175577,0.3420000000000001,0.0
1733715001.546476,0.6128663509767419,-0.07874618412573194,-0.27021520518851005,0.3360000000000001,0.0
1733715001.6464758,0.6116282726584773,-0.07385728893086363,-0.272807448857459,0.258,0.0
1733715001.7464757,0.6038430199335428,-0.06797583027258702,-0.26581145816435553,0.20799999999999996,0.0
1733715001.8464756,0.5941094397069621,-0.061781661990689275,-0.24507877448281412,0.2157344860641357,0.0
1733715001.9464755,0.5866682828882555,-0.057352099787514675,-0.22400846101787777,0.2562875683558148,0.0
1733715002.0464754,0.58132687487609,-0.05532257571505547,-0.2142256790796631,0.2677198913237128,0.0
1733715002.1464753,0.5749243916847362,-0.05475466217119569,-0.2098413829678317,0.2777979768200328,0.0
1733715002.2464752,0.5692595240826754,-0.05357837993027439,-0.21346600245845976,0.2656039619343562,0.0
1733715002.3464751,0.5666996797925208,-0.0516032971460251,-0.21452680922810266,0.2735786556916118,0.0
1733715002.446475,0.5727266111473253,-0.0481942134411737,-0.21400052280143797,0.4547367759317467,0.0
1733715002.546475,0.59151626675101,-0.04619207429488077,-0.2359410714208571,0.476,0.0
1733715002.6464748,0.6105102063815424,-0.03950997982781133,-0.28130968673419665,0.45670114139296525,0.0
1733715002.7464747,0.6176928290495627,-0.03256958651359769,-0.3106060735585943,0.4119999999999999,0.0
1733715002.8464746,0.6196296353659493,-0.021587906702903184,-0.3279155649307445,0.4159999999999999,0.0
1733715002.9464746,0.6254001086350817,-0.01489272456901672,-0.32976634398042076,0.46416028844081275,0.0
1733715003.0464745,0.6448715487418815,-0.009216300529473852,-0.341936749679713,0.47603485106941346,0.0
1733715003.1464744,0.6575343984319222,-0.008554703009958066,-0.35324851537400154,0.4501046093006771,0.10420921860135435
1733715003.2464743,0.6626251940551312,-0.009162415388342683,-0.36234618150923575,0.40304394159337364,0.0
1733715003.3464742,0.6622040551829104,-0.008709184572777792,-0.3630228238139279,0.4016428571428571,0.10564285714285723
1733715003.446474,0.6638998427613967,-0.006900600580266875,-0.3620036551824098,0.3939999999999999,0.12200000000000011
1733715003.546474,0.6704795650895767,-0.0017574213889573406,-0.3620419523491577,0.30910122681088825,0.2273707275366353
1733715003.646474,0.676311091171529,0.006554192032902751,-0.32533102118901863,0.246,0.236
1733715003.7464738,0.674195356823776,0.013114921462183335,-0.2677206004920077,0.20029658252073265,0.23399999999999999
1733715003.8464737,0.6658050401589494,0.019038785711076308,-0.1925936355397263,0.20799999999999996,0.238
1733715003.9464736,0.6580632273149435,0.018563969694938752,-0.13004109446746032,0.28400000000000003,0.248
1733715004.0464735,0.661763852014143,0.013047898096175105,-0.11032565328259433,0.33000000000000007,0.276
1733715004.1464734,0.6688819766523223,0.0067397238759471815,-0.10757066906399718,0.31600000000000006,0.30200000000000005
1733715004.2464733,0.6751041548997603,0.000567979410991177,-0.0948983284599034,0.30600000000000005,0.30400000000000005
1733715004.3464732,0.6777669631812306,-0.0009483554382912044,-0.07511967007843551,0.28,0.31200000000000006
1733715004.4464731,0.6782924015207216,0.0009200165569518536,-0.0529867848965989,0.242,0.32200000000000006
1733715004.546473,0.677944124117772,0.0038315673147857267,-0.021646635562236977,0.19599999999999995,0.3420000000000001
1733715004.646473,0.6754364502645341,0.005826460094771437,0.018546607028182272,0.17399999999999993,0.3560000000000001
1733715004.7464728,0.6726948042062039,0.005088767141400525,0.055357878217338057,0.17599999999999993,0.3598596134658735
1733715004.8464727,0.6683267350677882,0.003862444944016827,0.10927097293998847,0.1856932579686498,0.363846628984325
1733715004.9464726,0.6690519653583223,0.003095134408205721,0.13599982871480568,0.18799999999999994,0.3778440705947092
1733715005.0464725,0.6735109580628826,0.002543819846646739,0.14606320044876056,0.15799999999999992,0.3879999999999999
1733715005.1464725,0.6778963037334576,0.0009209902393629082,0.1415775526783213,0.1080000000000001,0.4019999999999999
1733715005.2464724,0.6756349565589324,-0.0012129252403891768,0.14480286136222015,0.0,0.41367968689452056
1733715005.3464723,0.6764578427957522,-0.0017573052281012293,0.1650278346712215,0.0,0.4179999999999999
1733715005.4464722,0.6774649774496516,-0.000298294586623612,0.19807523140883537,0.0,0.42599999999999993
1733715005.546472,0.6806043114394766,0.0005790033809121658,0.2254871294316411,0.0,0.42853130368919834
1733715005.646472,0.6829581712918005,0.0028047237431100625,0.2494879181753063,0.09993711239255802,0.42199999999999993
1733715005.746472,0.6851166423353605,0.0048004295349419425,0.26064474580401487,0.22399999999999998,0.3899999999999999
1733715005.8464718,0.6969366412319737,0.006736329800937751,0.2550829731313884,0.30782238817460933,0.36853283547617227
1733715005.9464717,0.7087772469988152,0.010117904539120724,0.2282548780008894,0.3575007393715343,0.34839940850277273
1733715006.0464716,0.7215472808595064,0.015068085070777228,0.18678425004157773,0.3839999999999999,0.32800000000000007
1733715006.1464715,0.734317305669901,0.018692892820259176,0.13378407081623642,0.3957078048869504,0.31000000000000005
1733715006.2464714,0.7461863447388897,0.021493566526328195,0.07807904395064531,0.4039999999999999,0.31000000000000005
1733715006.3464713,0.757557860911522,0.022501576486868336,0.04122074713910795,0.4159999999999999,0.30600000000000005
1733715006.4464712,0.768630100951721,0.024291742269909364,0.00925869463775398,0.4159999999999999,0.31000000000000005
1733715006.546471,0.7804373008554646,0.028719727632820435,-0.022129423795728458,0.44399999999999995,0.29400000000000004
1733715006.646471,0.7871954971149014,0.03335154305395025,-0.047699365081737784,0.44599999999999995,0.28800000000000003
1733715006.746471,0.7955708828195887,0.04386916421468442,-0.09366018474949811,0.44999999999999996,0.2820012232157922
1733715006.8464708,0.8012499055817688,0.0505746534909839,-0.11588550511271734,0.4578494542002847,0.27015054579971526
1733715006.9464707,0.8085728157054097,0.054906761784674546,-0.13263096177679473,0.46199999999999997,0.262
1733715007.0464706,0.8178594208896117,0.05616880384783116,-0.14354851676537628,0.46399999999999997,0.262
1733715007.1464705,0.8255239865627549,0.05416601703610307,-0.14657871848594042,0.45999999999999996,0.27
1733715007.2464705,0.8334504066866486,0.05129400785143919,-0.14645756007729924,0.45999999999999996,0.285806390118946
1733715007.3464704,0.8400714071285729,0.048872374592578476,-0.14441996538135113,0.45199999999999996,0.30000000000000004
1733715007.4464703,0.8460629339821988,0.04803638351197214,-0.14150821028248473,0.44199999999999995,0.30200000000000005
1733715007.5464702,0.8492735413898777,0.04909721606303888,-0.14286217469403922,0.43199999999999994,0.30400000000000005
1733715007.64647,0.852040457150444,0.05107617234088295,-0.14418643178044344,0.43199999999999994,0.3079677770427435
1733715007.74647,0.8557553556677128,0.052732077129671096,-0.14080571679234669,0.42815072708622454,0.30800000000000005
1733715007.8464699,0.8573954960125358,0.054714863655387795,-0.12932496956159706,0.3736107539024791,0.3177986557621902
1733715007.9464698,0.8516931348397646,0.05513004387026339,-0.11310839239796618,0.29600000000000004,0.3380000000000001
1733715008.0464697,0.8361709102092196,0.05578888741249978,-0.07184200878869705,0.12400000000000011,0.3839999999999999
1733715008.1464696,0.8202184370068806,0.055146957457760624,-0.0286597990795528,0.0,0.39584407894736834
1733715008.2464695,0.8020817509813153,0.0509511616872626,0.04269543325816609,0.0,0.4079841716796791
1733715008.3464694,0.793113370471218,0.04052729886323221,0.10061743072508791,0.0,0.4119999999999999
1733715008.4464693,0.787033868744724,0.02865634109195836,0.14597444198056103,0.0,0.4139999999999999
1733715008.5464692,0.7831850164432589,0.019906388038418977,0.17388239760209376,0.08855179169047432,0.4079999999999999
1733715008.646469,0.777192352599755,0.014217513075495779,0.20266257659639644,0.16455637531464276,0.4039999999999999
1733715008.746469,0.7809935810013487,0.012302176934145028,0.20647951753644558,0.238,0.3979999999999999
1733715008.846469,0.7902532582531704,0.0131133370030656,0.1848804760078809,0.2759797267144102,0.39200675776186317
1733715008.9464688,0.8007845357591737,0.016782042563993727,0.1401935999001604,0.3229911352587933,0.38833628824706884
1733715009.0464687,0.8093541752303728,0.0191686441778978,0.10845833521140676,0.40536537097195763,0.3859999999999999
1733715009.1464686,0.8259993823622838,0.022823635594825743,0.06881628108594556,0.4238440412354814,0.3879999999999999
1733715009.2464685,0.8412712667534412,0.02884635982582903,0.03146932921156916,0.42199999999999993,0.39383315280540393
1733715009.3464684,0.8489165333740031,0.03283195503895329,0.017416358812972835,0.43199999999999994,0.3939999999999999
1733715009.4464684,0.8532204302565407,0.03489208678130266,0.011176798057499868,0.44599999999999995,0.3959999999999999
1733715009.5464683,0.8568217827677206,0.03602858980159954,0.0024328529442412573,0.44999999999999996,0.3979999999999999
1733715009.6464682,0.8579165885107267,0.034955447713311466,-0.008650900300352978,0.44799999999999995,0.39818541956466363
1733715009.746468,0.8589019538286684,0.03414963823634664,-0.014446096175898163,0.44799999999999995,0.4019999999999999
1733715009.846468,0.8647390033230368,0.03208863351977636,-0.017908168185257353,0.4440155973842347,0.4039999999999999
1733715009.9464679,0.8702519695169417,0.030369594013210526,-0.02531189840562489,0.4161806263946445,0.41381937360535537
1733715010.0464678,0.8802569376432621,0.027300523818010628,-0.030502085006288752,0.4042721764559719,0.4214556470880559
1733715010.1464677,0.886569299697191,0.02606242782640123,-0.023791946106851463,0.37098982750995146,0.4318350287483414
1733715010.2464676,0.8888475753058058,0.026465994413876787,-0.01052374260291131,0.3320000000000001,0.43999999999999995
1733715010.3464675,0.889275712179313,0.0278669545116533,0.010245757422098255,0.31800000000000006,0.44599999999999995
1733715010.4464674,0.8893007965241194,0.0299639274978724,0.02853514015344614,0.3141867085381024,0.46181329146189765
1733715010.5464673,0.8921961206599492,0.029075249399728626,0.04589861436547549,0.30800000000000005,0.46599999999999997
1733715010.6464672,0.8955156694636976,0.027528886743180013,0.05976444424366032,0.31573341065363275,0.46599999999999997
1733715010.746467,0.8999416021146093,0.02401517157131966,0.06750243562307583,0.40715494197238866,0.44799999999999995
1733715010.846467,0.914247751748133,0.02320794207800069,0.05954763256426716,0.4638337867095986,0.43799999999999994
1733715010.946467,0.9278302511664398,0.025117066581041316,0.03894139140303572,0.46616050575823464,0.43799999999999994
1733715011.0464668,0.9358402141092204,0.02929110548562082,0.01630279062001766,0.4738021883562257,0.43799999999999994
1733715011.1464667,0.9451802307489006,0.029344280814515244,-0.002468470402076696,0.492,0.43399999999999994
1733715011.2464666,0.9527789201489972,0.02704253698982625,-0.016891811241988706,0.496,0.42799999999999994
1733715011.3464665,0.9574711262805203,0.023219374187216923,-0.0311905458327873,0.486,0.43399999999999994
1733715011.4464664,0.9566993420761479,0.022675355210119534,-0.03641372097093527,0.486,0.43399999999999994
1733715011.5464664,0.9579764076888287,0.023439278822439787,-0.040467319904941484,0.486,0.42999999999999994
1733715011.6464663,0.9618616384221318,0.027503202049307358,-0.044822843555661025,0.486,0.42599999999999993
1733715011.7464662,0.9609678385457723,0.030774539879350457,-0.05213970919560612,0.48,0.42599999999999993
1733715011.846466,0.9568664312366889,0.029340223551568928,-0.05413504154802637,0.478,0.41999999999999993
1733715011.946466,0.9484125198896057,0.025537831990260426,-0.05126595071426814,0.472,0.42199999999999993
1733715012.0464659,0.9392174308082545,0.018819166731500657,-0.046952825500545366,0.47006824076386616,0.41999999999999993
1733715012.1464658,0.9289821249423668,0.012627136430020742,-0.04849492740370249,0.47,0.42199999999999993
1733715012.2464657,0.9198745481855526,0.011235008097477791,-0.05489077360008511,0.47,0.42199999999999993
1733715012.3464656,0.91415873667626,0.011190394092090989,-0.06229394524564825,0.472,0.42399999999999993
1733715012.4464655,0.9119106932861744,0.012382378862060789,-0.06203735917300788,0.46807370539023613,0.42599999999999993
1733715012.5464654,0.9096390231194247,0.01265796674395289,-0.0627434379911707,0.46799999999999997,0.42798816928363265
1733715012.6464653,0.9062736273690499,0.010017079689831758,-0.0629890360287266,0.47,0.42799999999999994
1733715012.7464652,0.9059285880514055,0.0038448394751313896,-0.06401056424420906,0.47,0.42799999999999994
1733715012.846465,0.9045363751173723,-0.002277467896954736,-0.06807892092653461,0.46799999999999997,0.42999999999999994
1733715012.946465,0.9023397636624121,-0.006768106007668622,-0.07198072102024544,0.4601690174998989,0.437830982500101
1733715013.046465,0.8991668471226557,-0.00531011123204825,-0.06531100766549626,0.3849121874999999,0.45999999999999996
1733715013.1464648,0.8883598194015973,-0.0030365404179999887,-0.042506996886689165,0.2925197573495101,0.4638267475501633
1733715013.2464647,0.8694323325929626,-0.0014129662514222757,-0.0027968922867600632,0.1903617950584507,0.4738966299832998
1733715013.3464646,0.8353824445657442,-0.006938342396952278,0.04793983436426241,0.1359999999999999,0.48
1733715013.4464645,0.810367574764911,-0.015332615397600698,0.08511913068002974,0.11404370317899853,0.486
1733715013.5464644,0.7861863452628314,-0.026404473522549175,0.1157997148967374,0.11998960521950691,0.4840103947804932
1733715013.6464643,0.7645810977820039,-0.035762301816819796,0.13750337554742814,0.14311409132796102,0.484
1733715013.7464643,0.7446235382952667,-0.03858075722099452,0.15125807169993058,0.21724347729131047,0.484
1733715013.8464642,0.7349194070107341,-0.03410964455276574,0.1554985118724677,0.2679307399577167,0.484
1733715013.946464,0.7234104425048289,-0.022628101527640755,0.13621285180389037,0.268,0.486
1733715014.046464,0.7122914672809393,-0.012265133692689433,0.11770214171867359,0.266,0.486
1733715014.1464639,0.6958533963027016,-0.003996625779462961,0.10994814091804986,0.266,0.486
1733715014.2464638,0.6809000907515415,0.0004909822279406094,0.11787611830854189,0.276,0.478
1733715014.3464637,0.6614943986153828,0.005826458859862609,0.1291005026003842,0.28200000000000003,0.478
1733715014.4464636,0.6467619156469245,0.01180573841918393,0.13015055065727524,0.2839665073811759,0.4800334926188241
1733715014.5464635,0.6244173532413942,0.02263693365426256,0.1220498247196509,0.28400000000000003,0.482
1733715014.6464634,0.6065407344726745,0.031075437775001668,0.11234755178203319,0.28200000000000003,0.486
1733715014.7464633,0.581598331272689,0.042705507251213075,0.101484584738534,0.29000000000000004,0.478
1733715014.8464632,0.5593610307889554,0.05245005384419258,0.1044683316794964,0.31000000000000005,0.47
1733715014.946463,0.5422329226099014,0.06010452390970048,0.10839182694112083,0.3640000000000001,0.45999999999999996
1733715015.046463,0.5353848950989085,0.065148658659976,0.09863229964361521,0.3959999999999999,0.44981541782525974
1733715015.146463,0.5260951674226596,0.07194157849386257,0.07815984342998458,0.4059999999999999,0.44999999999999996
1733715015.2464628,0.5186998031004356,0.07907081799468334,0.06758955553451763,0.4078192590220371,0.4421807409779628
1733715015.3464627,0.5046854582446019,0.0895982039240169,0.058198472559803614,0.42399999999999993,0.41613141806998455
1733715015.4464626,0.4954172583590565,0.09827903874869906,0.048254070755445404,0.4333348784224378,0.40844341438504134
1733715015.5464625,0.48339190019502654,0.10401562892289093,0.028112579337320778,0.4536541362505813,0.4039999999999999
1733715015.6464624,0.47527095235296696,0.104053657501625,0.007386017695610781,0.46399999999999997,0.4019999999999999
1733715015.7464623,0.4677972725543186,0.10113256201390299,-0.0009813441969805227,0.46599999999999997,0.4019999999999999
1733715015.8464622,0.4613770745711344,0.09968911399535119,-0.007376331570112687,0.46399999999999997,0.40781717057514855
1733715015.9464622,0.45677180525347444,0.09993691001945139,-0.014860924695168408,0.4681901350345133,0.4039999999999999
1733715016.046462,0.45149241648569954,0.1010530256666205,-0.024123291773753254,0.47,0.4039999999999999
1733715016.146462,0.4414325486640531,0.1029634863454456,-0.028841160801718353,0.44999999999999996,0.41805795744238067
1733715016.2464619,0.43120944012343143,0.10460971134435211,-0.022189799885507743,0.4494864958134297,0.42399999999999993
1733715016.3464618,0.4220274234325682,0.10603001634969651,-0.0006179489262820013,0.46399999999999997,0.42199999999999993
1733715016.4464617,0.4113615593803796,0.10461175870355183,0.010735692330721443,0.46799999999999997,0.41999999999999993
1733715016.5464616,0.40586504516907684,0.10122004152554243,0.0060453615719010785,0.478,0.37286536329366554
1733715016.6464615,0.40075122545798186,0.09778885067991852,-0.008431294953560466,0.49,0.33000000000000007
1733715016.7464614,0.3970761131137592,0.0954208700098783,-0.03294689653471363,0.516,0.28400000000000003
1733715016.8464613,0.3924779295683825,0.09460699476343934,-0.06169888425898483,0.52,0.21637941112149345
1733715016.9464612,0.3829970095695098,0.0939460561382123,-0.10468190672033968,0.5261531309374621,0.17245939281238623
1733715017.046461,0.37481705478689215,0.09155579168051775,-0.14449379670070572,0.53,0.1439999999999999
1733715017.146461,0.36458544456325853,0.08823375989689274,-0.19049315400665437,0.532,0.12232533619429913
1733715017.246461,0.35122733322740723,0.07970100534896206,-0.20885429598145805,0.536,0.1060000000000001
1733715017.3464608,0.3464120995945055,0.07243711338398011,-0.2128438659768441,0.5301846301787002,0.15126147928519904
1733715017.4464607,0.34366742528569966,0.06272994268726281,-0.2218598083736045,0.49837831197018717,0.24086506408943853
1733715017.5464606,0.34592390538848816,0.05304165599751338,-0.2134071090975486,0.48382426274265755,0.3038242627426576
1733715017.6464605,0.35089295746754395,0.04411521071972595,-0.18002278588187043,0.48419410256410256,0.3398058974358975
1733715017.7464604,0.36142550774290166,0.03578128085609066,-0.14358445176154339,0.48,0.3420000000000001
1733715017.8464603,0.3672606918717398,0.027228580631801145,-0.12423093375424306,0.38807365546218475,0.36792634453781525
1733715017.9464602,0.3632249717485763,0.022939740533544365,-0.10323598721531878,0.35250802495306166,0.3818306583489794
1733715018.0464602,0.34941030745378476,0.02382487479793626,-0.04383104396198674,0.33429443147082843,0.38970556852917154
1733715018.14646,0.34110613014383817,0.029684406857804425,-0.0072289386002441424,0.3321745566261696,0.40782544337383037
1733715018.24646,0.33229071387342357,0.03299867461848499,0.012055717741028446,0.31620587643756976,0.4137941235624302
1733715018.3464599,0.32478267186578996,0.035393436186953446,0.017031791090426525,0.31567755298294936,0.41999999999999993
1733715018.4464598,0.3165727766970887,0.03805382202841112,0.02188510175545163,0.3420000000000001,0.4179999999999999
1733715018.5464597,0.3139414224996186,0.043618975595283556,0.02674499465770103,0.38548636255686064,0.4041712124810463
1733715018.6464596,0.3148533366450369,0.05400308829709994,0.02453234452968863,0.3995931782945736,0.4039999999999999
1733715018.7464595,0.3163689042795647,0.06745310489210982,0.014577284029172128,0.41782060185185177,0.4019999999999999
1733715018.8464594,0.32196903846929964,0.07875487372851211,0.010807533781137099,0.42399999999999993,0.3999999999999999
1733715018.9464593,0.334816284967132,0.08675762153603753,0.012723219211110373,0.4319568512617345,0.4039999999999999
1733715019.0464592,0.34370939560943986,0.09188612134241375,0.017517550454467855,0.43599999999999994,0.4079999999999999
1733715019.146459,0.353499793526636,0.09845793910076579,0.02570750510284852,0.3898211505449318,0.43599999999999994
1733715019.246459,0.3578365468590016,0.1027523751401761,0.04143849655506088,0.3919999999999999,0.43999999999999995
1733715019.346459,0.3660581282682356,0.10611876089644388,0.05217367090855286,0.3998471215095548,0.44599999999999995
1733715019.4464588,0.3711269569887693,0.11003675308116109,0.0476087587171889,0.41194370152736065,0.44199999999999995
1733715019.5464587,0.375969073666035,0.1154810380183271,0.04047095012094244,0.417800564737476,0.44219943526252387
1733715019.6464586,0.3798662147277301,0.1198506261124851,0.0355576557988916,0.4257950923843972,0.44199999999999995
1733715019.7464585,0.390358948689452,0.12696364131379614,0.022547804933596764,0.42618054034319086,0.443819459656809
1733715019.8464584,0.3996204180928258,0.13652070422421664,0.012621598576486426,0.42599999999999993,0.44399999999999995
1733715019.9464583,0.40695877304713096,0.14508075333108272,0.0232130537824303,0.42825691311384984,0.4445138262276998
1733715020.0464582,0.4104281901338706,0.15128785574060888,0.0365534754267435,0.4287614599052929,0.4455229198105859
1733715020.1464581,0.42013184805643977,0.1582430598535216,0.03406930497777275,0.429266006696736,0.446532013393472
1733715020.246458,0.4282825929119186,0.16407416147825216,0.021112976698825853,0.429770553488179,0.44754110697635807
1733715020.346458,0.4385253383015835,0.17369472244981096,0.022733212123689988,0.4313092202905644,0.4475635932364785
1733715020.4464579,0.4500547889162083,0.18120072994580666,0.039686788989475266,0.43371039159363906,0.44676320280212023
1733715020.5464578,0.459527562211655,0.1860322389040525,0.033867397527896574,0.4361115628967137,0.44596281236776203
1733715020.6464577,0.4643694791277625,0.18976649620455496,0.017557960207211225,0.4385127341997884,0.4451624219334038
1733715020.7464576,0.4679867107041975,0.19277457136386986,0.00999263372248956,0.4409139055028631,0.4443620314990456
1733715020.8464575,0.4718536917902913,0.1965118879762837,0.006696595077648826,0.4426568565169091,0.44443790434460606
1733715020.9464574,0.4744195150886596,0.20370453818609902,0.006398571089654123,0.4438561971269163,0.4452374647512775
1733715021.0464573,0.4725912055927365,0.21349277163957786,0.0037859326368767003,0.4450555377369235,0.446037025157949
1733715021.1464572,0.46900032463424335,0.221139662705292,0.007555686682695355,0.4462548783469308,0.4468365855646205
1733715021.246457,0.4709207547733087,0.22986032786713947,0.01676850614822005,0.447454218956938,0.447636145971292
1733715021.346457,0.47449156465960074,0.2358917992565201,0.02051396948929503,0.4490896252927735,0.4482179250585547
1733715021.446457,0.47396577604629836,0.23926870000941472,0.026630871180689446,0.45108918574511664,0.4486178371490233
1733715021.5464568,0.47942142221540046,0.23935101617535523,0.028288629156308885,0.4530887461974598,0.44901774923949195
1733715021.6464567,0.4844351662370454,0.23989267661391445,0.01793748280094013,0.455088306649803,0.4494176613299606
1733715021.7464566,0.4921670604784134,0.2404466298320287,0.001013153107541908,0.45708786710214616,0.4498175734204292
1733715021.8464565,0.49602077502614694,0.2437677031146517,-0.0009285391487390108,0.45930574222229004,0.45043524740742996
1733715021.9464564,0.5094511153798876,0.24466036597860988,0.0032963372589560214,0.46170673941779694,0.45123557980593226
1733715022.0464563,0.5301482699879926,0.24293172684857414,-0.0030296573313886624,0.46410773661330385,0.45203591220443456
1733715022.1464562,0.5551950010665568,0.23730498263241298,-0.004394775671865388,0.46650873380881075,0.45283624460293687
1733715022.2464561,0.5775368589727009,0.2310832269764922,0.008212363493086981,0.4689097310043176,0.45363657700143917
1733715022.346456,0.5965012594718887,0.21833054774898367,0.0067612413801129475,0.47043683354772364,0.45399999999999996
1733715022.446456,0.6140087548693259,0.20200205490862555,-0.005834416022451263,0.4712370269998278,0.45399999999999996
1733715022.5464559,0.6267573122384253,0.18701195239728297,-0.011898484350680168,0.47203722045193197,0.45399999999999996
1733715022.6464558,0.6395653185507728,0.17391842644270272,-0.012881901718294701,0.4728374139040361,0.45399999999999996
1733715022.7464557,0.6566775837022002,0.16019547345576782,-0.012790707212462773,0.47363760735614024,0.45399999999999996
1733715022.8464556,0.6753817396704856,0.14659934074081368,-0.018540717017821177,0.47460134404762994,0.45399999999999996
1733715022.9464555,0.6893605275103865,0.13172885626997877,-0.022501744960043993,0.4757004547854673,0.45399999999999996
1733715023.0464554,0.6988219625453199,0.11923967234169393,-0.020396622351894864,0.4767995655233046,0.45399999999999996
1733715023.1464553,0.7083377926600065,0.1098477975089042,-0.019401400734042066,0.47789867626114196,0.45399999999999996
1733715023.2464552,0.717258214922564,0.10165835032687319,-0.016165719584600183,0.478,0.45399999999999996
1733715023.346455,0.7258509205199233,0.0903164756672522,-0.010050919621920064,0.478,0.45599999999999996
1733715023.446455,0.7415743500139697,0.07559608740559892,-0.0040270028228327325,0.478,0.45599999999999996
1733715023.546455,0.7596786157637584,0.05489416997288327,0.0024878485416725575,0.478,0.45799999999999996
1733715023.6464548,0.7830161901914516,0.024579881334100807,0.010659647242453201,0.478,0.45799999999999996
1733715023.7464547,0.8007340562859548,0.002094673130127136,0.010382535006315889,0.478,0.45799999999999996
1733715023.8464546,0.8196302300727094,-0.019680179663421966,0.002806831106185637,0.478,0.45799999999999996
1733715023.9464545,0.8418393443951436,-0.04158160335007431,-0.004578732366485415,0.478,0.45799999999999996
1733715024.0464544,0.8608793043615746,-0.06013478809443107,-0.006384034670528857,0.478,0.45799999999999996
1733715024.1464543,0.8843183790091761,-0.07843739167683972,-0.014700270970456121,0.478,0.45799999999999996
1733715024.2464542,0.9052673939947766,-0.09251685171036522,-0.02948203023418443,0.478,0.45799999999999996
1733715024.3464541,0.9260650541257761,-0.10455970289937283,-0.04005570644919056,0.478,0.45979689366786136
1733715024.446454,0.9439615063946796,-0.11459194393798831,-0.027075638693138115,0.478,0.45992153110047845
1733715024.546454,0.9525174785447625,-0.11930806008412191,-0.021451018132904277,0.478,0.45799999999999996
1733715024.6464539,0.9656700013636231,-0.1281163635647346,-0.023494638268886266,0.478,0.45799999999999996
1733715024.7464538,0.9818884446868326,-0.13573536301204076,-0.03036456032326265,0.478,0.45799999999999996
1733715024.8464537,0.9932117577003251,-0.13986550953422358,-0.02702262358932643,0.476,0.45799999999999996
1733715024.9464536,1.0056133716313247,-0.14084581360780538,-0.020453815868133874,0.472,0.45399999999999996
1733715025.0464535,1.0196293000965522,-0.14171133014096884,-0.014565931496888857,0.47,0.44822830497892924
1733715025.1464534,1.0312237986690975,-0.14411776574929708,-0.009444658511386499,0.46399999999999997,0.44799999999999995
1733715025.2464533,1.043524574623377,-0.14898940792454576,-0.008073285884340942,0.4320926871696514,0.43804634358482564
1733715025.3464532,1.0472085445014272,-0.15580591516684889,-0.010389422997796919,0.38881609058874755,0.4186120679415607
1733715025.446453,1.046525858040018,-0.1667304842365512,-0.00769610416124614,0.27005228943478,0.3595962251159401
1733715025.546453,1.0165635762805025,-0.17759362982215973,0.00414053330615522,0.13844392884764103,0.24049325427515683
1733715025.646453,0.9802235145957131,-0.18426170851616233,0.011991983678646213,0.012547840098212235,0.15409130668303528
1733715025.7464528,0.940273917090624,-0.18817074297636172,0.013702216949861066,0.0,0.0
1733715025.8464527,0.9058919337821139,-0.19037638206602403,0.009915397084364909,0.0,0.0
1733715025.9464526,0.8809201362033052,-0.19067178907931673,0.004471932320758708,0.0,0.0
1733715026.0464525,0.8591181260502553,-0.1902444020055878,0.001821816443173135,0.0,0.0
1733715026.1464524,0.8425460559793875,-0.19061487475923805,0.004846989575868191,0.0,0.0
1733715026.2464523,0.8236323361141831,-0.193107532938722,0.00817702059318254,0.0,0.0
1733715026.3464522,0.8083102567670521,-0.19793352443241832,0.002583216442571784,0.0,0.0
1733715026.4464521,0.7988008516101642,-0.2017733189566259,0.000203235774726614,0.0,0.0
1733715026.546452,0.7865843842146013,-0.2046931170178822,0.004134796215232989,0.0,0.0
1733715026.646452,0.7708761788668994,-0.20638260059826788,0.010836218926690247,0.0,0.0
1733715026.7464519,0.7532450258389323,-0.20345845436753593,0.012206161804760684,0.0,0.0
1733715026.8464518,0.732230736960387,-0.196936845449693,0.013673611473598225,0.0,0.0
1733715026.9464517,0.7151347095694082,-0.19026189943789973,0.015867256722980266,0.0,0.0
1733715027.0464516,0.6888158336609965,-0.1845873296691298,0.0219986944873795,0.0,0.0
1733715027.1464515,0.6741715511189168,-0.18149402929819894,0.020703728800786213,0.0,0.0
1733715027.2464514,0.6620599396519533,-0.1813501858678567,0.01641136237468875,0.0,0.0
1733715027.3464513,0.6516291010163235,-0.1809205028341441,0.0169918989476345,0.0,0.0
1733715027.4464512,0.6437152160656385,-0.18069154503770815,0.01736077576715076,0.0,0.0
1733715027.546451,0.6428342530463811,-0.1562763075814467,0.012160279506831852,0.0,0.0
1733715027.646451,0.63833758905517,-0.14816954057159062,0.009232848086369838,0.0,0.0
1733715027.746451,0.6323303267516278,-0.13737718494814657,0.009063704319245124,0.0,0.0
1733715027.8464508,0.6278569638832998,-0.1256153781739686,0.0044947523933947416,0.0,0.0
1733715027.9464507,0.6276955246948773,-0.1160707724682893,-0.009208779135242595,0.0,0.0
1733715028.0464506,0.6282987165997062,-0.10858928143539806,-0.016276042498982433,0.0,0.0
1733715028.1464505,0.631280440747869,-0.10279618793311293,-0.008271315060555734,0.0,0.0
1733715028.2464504,0.6334518047935286,-0.10145021287956292,0.004797782119912749,0.0,0.0
1733715028.3464503,0.6361535639835408,-0.10301481301682087,0.010256834052969663,0.0,0.0
1733715028.4464502,0.63902169401336,-0.10560794583104804,0.00444991830526302,0.0,0.0
1733715028.5464501,0.6406719648568439,-0.10596981687527766,-0.0024903709370676396,0.0,0.0
1733715028.64645,0.638856805559734,-0.10219006909483527,0.0018142570804801934,0.0,0.0
1733715028.74645,0.6354939267459405,-0.09636083293153364,0.005036412342341993,0.0,0.0
1733715028.8464499,0.6305812298915013,-0.09048323525754039,0.00041899954445938955,0.0,0.0
1733715028.9464498,0.6250237841083262,-0.08541292682433445,-0.008670681703573683,0.0,0.0
1733715029.0464497,0.6208405200338294,-0.08299077381726544,-0.009815747941350319,0.0,0.0
1733715029.1464496,0.6164277099529076,-0.08238058924342405,-0.0017732328175884247,0.0,0.0
1733715029.2464495,0.6131645811842783,-0.08313377725508937,0.002792365679942038,0.0,0.0
1733715029.3464494,0.6076952480736988,-0.08334940915127542,0.0009284996467831114,0.0,0.0
1733715029.4464493,0.603408535802941,-0.08110561771231775,-0.004557097373889395,0.0,0.0
1733715029.5464492,0.597160169817205,-0.07568754689677099,-0.0057329952443157224,0.0,0.0
1733715029.646449,0.5876826215435034,-0.06958952918752759,0.007514168853952492,0.0,0.0
1733715029.746449,0.5764443211729707,-0.06603743072885436,0.012601925571796914,0.0,0.0
1733715029.846449,0.5610113706223094,-0.0638276869181662,0.007202122040397575,0.0,0.0
1733715029.9464488,0.5487497870561655,-0.06294005759093471,0.0023363849357124922,0.0,0.0
1733715030.0464487,0.5352821951115943,-0.06247685210666837,0.003832398289478268,0.0,0.0
1733715030.1464486,0.5242195377297417,-0.06142088273851868,0.00849631915094832,0.0,0.0
1733715030.2464485,0.5132935501292493,-0.05985163233498833,0.009953051289865199,0.0,0.0
1733715030.3464484,0.5000727472574233,-0.05671625814779267,0.001948410772620334,0.0,0.0
1733715030.4464483,0.4824113079353083,-0.05170567621216992,-0.011417886811391578,0.0,0.0
1733715030.5464482,0.4680598904063419,-0.04641932068221112,-0.01088768673517302,0.0,0.0
1733715030.6464481,0.45374109399960555,-0.041372778419714734,-0.0011936433231154837,0.0,0.0
1733715030.746448,0.4392646811206489,-0.0348152681641434,0.007830401082486137,0.0,0.0
1733715030.846448,0.42867230277791446,-0.030313803617136682,0.010019847106167669,0.0,0.0
1733715030.9464478,0.4184551252069763,-0.026578035152709168,0.011362018516123553,0.0,0.0
1733715031.0464478,0.41129611975623503,-0.02516126993475393,0.013855768935825085,0.0,0.0
1733715031.1464477,0.40196515665279725,-0.02442419203049895,0.018275133314461303,0.0,0.0
1733715031.2464476,0.38918950002052266,-0.02356699084266397,0.015554120000155896,0.0,0.0
1733715031.3464475,0.376074344249814,-0.02211429343618802,0.0009755553101458087,0.0,0.0
1733715031.4464474,0.3590165220830206,-0.018072998350061077,-0.01979502488872294,0.0,0.0
1733715031.5464473,0.3449380025296107,-0.01043674921586324,-0.02236587626544911,0.0,0.0
1733715031.6464472,0.3375439202377881,-0.0027504465884948073,-0.006749684508467094,0.0,0.0
1733715031.746447,0.33358553115817313,0.004242824289249147,0.017093439688414397,0.0,0.0
1733715031.846447,0.33138888564294716,0.006505420481244033,0.025058528396245346,0.0,0.0
1733715031.946447,0.32729717106233086,0.005430323873028574,0.022452314606247286,0.0,0.0
1733715032.0464468,0.3202917073325721,0.0017153364799769796,0.0113085034982915,0.0,0.0
1733715032.1464467,0.3126530052722785,-0.0014649696610337663,0.0012174271503619584,0.0,0.0
1733715032.2464466,0.3037690912150812,-0.0025916958517095134,-0.004342282389140267,0.0,0.0
1733715032.3464465,0.29812299725731245,0.001124010425583214,-0.004111681820359733,0.0,0.0
1733715032.4464464,0.2946490931169206,0.007289551333950998,-0.0011151947485603855,0.0,0.0
1733715032.5464463,0.2932163577820217,0.012490988216539649,0.0022620697164000138,0.0,0.0
1733715032.6464462,0.2887965195623839,0.016717740979593453,0.007625459062804188,0.0,0.0
1733715032.7464461,0.28318995038760836,0.01798502319563925,0.013720302478441021,0.0,0.0
1733715032.846446,0.27281943397855657,0.01697625256109145,0.017928952813379997,0.0,0.0
1733715032.946446,0.26547036708174776,0.014265441999678562,0.014665917686360167,0.0,0.0
1733715033.0464458,0.25937901253278034,0.010251121568821962,0.0031105890148844404,0.0,0.0
1733715033.1464458,0.25804782766501894,0.00908257755604937,-0.005604699137041569,0.0,0.0
1733715033.2464457,0.25896410867181174,0.010042069766756331,-0.002286510530015564,0.0,0.0
1733715033.3464456,0.25983392943443395,0.014171955585485225,0.0068219428684705655,0.0,0.0
1733715033.4464455,0.2577333706225129,0.018760764889887017,0.011320270727064827,0.0,0.0
1733715033.5464454,0.25291575825811263,0.022673795913449358,0.010016355815119051,0.0,0.0
1733715033.6464453,0.24659077253401823,0.025517717841898768,0.006120807578492248,0.0,0.0
1733715033.7464452,0.24040848464843112,0.026940101889943325,0.00588030323272467,0.0,0.0
1733715033.846445,0.2342863915998752,0.02610568577994005,0.009743411257309209,0.0,0.0
1733715033.946445,0.23170452352381318,0.023998284903137726,0.012226855768850829,0.0,0.0
1733715034.046445,0.22902644579127757,0.020654114706420517,0.010272624118452655,0.0,0.0
1733715034.1464448,0.22910122709131522,0.01851766479405431,0.005723686445576389,0.0,0.0
1733715034.2464447,0.2287712639222586,0.02015783294843692,0.0047951657993138,0.0,0.0
1733715034.3464446,0.2283250883884795,0.023807204826084137,0.00883246711250097,0.0,0.0
1733715034.4464445,0.22618525431120012,0.028460178417862234,0.012044162910401742,0.0,0.0
1733715034.5464444,0.22413734521298168,0.03067990522630208,0.012251612215062014,0.0,0.0
1733715034.6464443,0.22113784439318376,0.029990413424830106,0.00704176208637716,0.0,0.0
1733715034.7464442,0.2194164594465604,0.02844268560902303,0.00234828870997388,0.0,0.0
1733715034.8464441,0.216896223373672,0.02673199310304888,0.00528971358429425,0.0,0.0
1733715034.946444,0.2134648171720368,0.025318071745163005,0.011620911126547374,0.0,0.0
1733715035.046444,0.20950058920021597,0.024939162381090414,0.014008301294605471,0.0,0.0
1733715035.1464438,0.20562825530714612,0.025738666522382922,0.010917675102589695,0.0,0.0
1733715035.2464437,0.2039873851915831,0.029080786340728172,0.008964674477078667,0.0,0.0
1733715035.3464437,0.2050003981257283,0.03369599357718339,0.011428848554220031,0.0,0.0
1733715035.4464436,0.2070091531535502,0.03697196869909077,0.014771489698972603,0.0,0.0
1733715035.5464435,0.20811827158224935,0.037510579011280014,0.014350562275755274,0.0,0.0
1733715035.6464434,0.20664072696427369,0.034000261526471454,0.004756003684655584,0.0,0.0
1733715035.7464433,0.20384705385771834,0.030495265346935817,-0.00089600458120928,0.0,0.0
1733715035.8464432,0.19989937090785995,0.027993865099464915,0.001060942101421201,0.0,0.0
1733715035.946443,0.19442720718409123,0.02771792557423373,0.012238657104061596,0.0,0.0
1733715036.046443,0.190357487806142,0.02867565018364957,0.0206999501352097,0.0,0.0
1733715036.146443,0.18722506350923912,0.03009047096316233,0.021501216326847077,0.0,0.0
1733715036.2464428,0.18563888535492415,0.03269390686889034,0.01107322408157463,0.0,0.0
1733715036.3464427,0.18595286968734676,0.03442009059897822,0.0020950264152171634,0.0,0.0
1733715036.4464426,0.18812204965152993,0.038424552228233134,-0.0011251263641142474,0.0,0.0
1733715036.5464425,0.18858431076795718,0.040371320276500505,0.005917451916336896,0.0,0.0
1733715036.6464424,0.18607907344290017,0.04031009900365661,0.013523386768527183,0.0,0.0
1733715036.7464423,0.18139727035507067,0.0376211964041671,0.015692035948416255,0.0,0.0
1733715036.8464422,0.1763701137100378,0.03450426247193478,0.01376691841768211,0.0,0.0
1733715036.9464421,0.17282759328415492,0.03188937379981907,0.014418148280423386,0.0,0.0
1733715037.046442,0.17113311564126973,0.030663315663113873,0.017404936906186125,0.0,0.0
1733715037.146442,0.17076157673787817,0.02987567209652342,0.016352860703251367,0.0,0.0
1733715037.2464418,0.17169350319189472,0.03032321912720701,0.005119327644765387,0.0,0.0
1733715037.3464417,0.17300037193547754,0.030991431211226012,-0.003777276222075377,0.0,0.0
1733715037.4464417,0.17432733496112413,0.03445916304131931,-0.0039543698633712826,0.0,0.0
1733715037.5464416,0.17434995234059708,0.03782159630751738,0.007785516138392827,0.0,0.0
1733715037.6464415,0.17215681152443388,0.03953518712795295,0.022184283616362422,0.0,0.0
1733715037.7464414,0.16750284997054582,0.03767099213169324,0.030718077548177774,0.0,0.0
1733715037.8464413,0.1620825253830542,0.03397413764300766,0.026373936810604737,0.0,0.0
1733715037.9464412,0.15708591470767974,0.029434436491508467,0.012210895783665836,0.0,0.0
1733715038.046441,0.1553325132803084,0.0273698499449511,0.003143311279376206,0.0,0.0
1733715038.146441,0.15798709113595824,0.0283757794975587,0.006764053726225594,0.0,0.0
1733715038.246441,0.16094225606482684,0.03091164797365294,0.016300000680898267,0.0,0.0
1733715038.3464408,0.16406961386819993,0.034406790670088075,0.023846165967419692,0.0,0.0
1733715038.4464407,0.16313392210568467,0.03648917478548997,0.019257951794199396,0.0,0.0
1733715038.5464406,0.15995273468155935,0.03701206961613749,0.012533546056541453,0.0,0.0
1733715038.6464405,0.15535263538007854,0.037856524614230426,0.00966861083323326,0.0,0.0
1733715038.7464404,0.15061578018712068,0.03840221083406374,0.017990575505904355,0.0,0.0
1733715038.8464403,0.14849779859365336,0.038393889718978454,0.027286438596400637,0.0,0.0
1733715038.9464402,0.14794753664583732,0.035679150111455955,0.03190755564526927,0.0,0.0
1733715039.0464401,0.1479808307771892,0.03178591131028935,0.026620054175550845,0.0,0.0
1733715039.14644,0.14931181950998498,0.02792510205639865,0.014908713524219628,0.0,0.0
1733715039.24644,0.150231241621117,0.028320466986059344,0.012348561490969303,0.0,0.0
1733715039.3464398,0.1495594955769773,0.03199082205602144,0.019999808748245737,0.0,0.0
1733715039.4464397,0.14779063661814654,0.036651459326545205,0.02729141014154287,0.0,0.0
1733715039.5464396,0.14584552284375488,0.03932864836408847,0.0280095860260598,0.0,0.0
1733715039.6464396,0.14458571247656707,0.04014584317270524,0.022670456926452434,0.0,0.0
1733715039.7464395,0.14482189929772404,0.03932921149564623,0.01748824558368778,0.20142795418416007,0.0
1733715039.8464394,0.14576892966721655,0.03750069649925405,0.01980020156459598,0.20799999999999996,0.0
1733715039.9464393,0.15473104236847135,0.03462633341911264,0.021343170283283832,0.0,0.0
1733715040.0464392,0.14862348126510913,0.03211978893696095,0.02029006180742108,0.0,0.0
1733715040.146439,0.14241458994646883,0.030697779042808813,0.019232461475823057,0.0,0.0
1733715040.246439,0.13957795160007894,0.030884500809997523,0.00873335893726032,0.0,0.0
1733715040.346439,0.1402154908337354,0.032867721947157535,0.0005078244022668522,0.0,0.0
1733715040.4464388,0.1443093724676746,0.03653168362044365,0.0022415915850817806,0.0,0.1336114285714285
1733715040.5464387,0.1478663274659214,0.04031559026592086,0.012608377676700255,0.0,0.0
1733715040.6464386,0.1491935507249183,0.042027345577446924,0.025184243680964506,0.015802731230246295,0.14676057009958843
1733715040.7464385,0.15316717135513358,0.041725360594228815,0.03586220819751766,0.12200000000000011,0.0
1733715040.8464384,0.14597242083797082,0.036479534851853755,0.04212009118815645,0.09600000000000009,0.0
1733715040.9464383,0.14309492575772093,0.03146660289601811,0.029330159248544464,0.1643704197471013,0.18372080151900774
1733715041.0464382,0.1439619019442977,0.02942971764271317,0.01997984662695663,0.1080000000000001,0.1459999999999999
1733715041.1464381,0.1514941201825211,0.030110368148337792,0.023821159243609884,0.12022686751880582,0.1676226867518805
1733715041.246438,0.15817852182688627,0.03227040285701523,0.04098219268921185,0.19584186342569565,0.2837281642233406
1733715041.346438,0.18195518157138907,0.03653738288505576,0.07174496376495451,0.2070653694563789,0.252
1733715041.4464378,0.20405458520549952,0.038401118240953394,0.09913551914644109,0.1283309557774607,0.28200000000000003
1733715041.5464377,0.22272956371568256,0.039958666715066864,0.12878946768167426,0.1649002386634844,0.2614338902147971
1733715041.6464376,0.24729579497566992,0.03707233162760954,0.16385411296728294,0.24373638440267703,0.3157363844026771
1733715041.7464375,0.27333655109456567,0.034040096137319065,0.1645009319911831,0.2606320117590974,0.2386511600190688
1733715041.8464375,0.2957643851378201,0.02932856600157565,0.14361417944126445,0.20753100972814223,0.27
1733715041.9464374,0.31639014533817456,0.02785611694033095,0.10755198820062638,0.1966743813175322,0.2996685953293831
1733715042.0464373,0.34013406278087427,0.030719801615684307,0.10696718038258432,0.23881466166168175,0.3440991227894093
1733715042.1464372,0.37391743608127026,0.03547581065752979,0.12296176895401116,0.21199999999999997,0.3560000000000001
1733715042.246437,0.3982749989297513,0.03902158349549253,0.151304800750593,0.22799999999999998,0.3580000000000001
1733715042.346437,0.42853206232538066,0.039765730534957834,0.18226816360342468,0.22799999999999998,0.3899999999999999
1733715042.446437,0.4632308140428714,0.0341944175106864,0.19670817247627412,0.23228899321857066,0.4351330203442879
1733715042.5464368,0.4938254422844544,0.026876967737522486,0.2038909207175394,0.246,0.42066297577854667
1733715042.6464367,0.5170335292932207,0.021055874215480535,0.20852726905953345,0.24369393885142526,0.4179999999999999
1733715042.7464366,0.5443377334711232,0.01794962077615564,0.20640129553310899,0.2610287301962639,0.4023237566012453
1733715042.8464365,0.5642155977382813,0.018472359417088594,0.19839022299993878,0.2750696631887968,0.41168988772959886
1733715042.9464364,0.5928588066492391,0.019546269672302472,0.1769708655022866,0.26633628630096806,0.4119999999999999
1733715043.0464363,0.6202666902603612,0.019590558492462613,0.15894131229444453,0.27341025896216087,0.3942948705189195
1733715043.1464362,0.6442410832788457,0.018391073272616704,0.15377607055581236,0.28172145975067836,0.3779999999999999
1733715043.246436,0.6631233287963668,0.018348821760088656,0.15458832394592856,0.30364119317575217,0.3803588068242478
1733715043.346436,0.6846709809941207,0.016885475962891996,0.15172372428550165,0.3189298050779306,0.4066354689235246
1733715043.446436,0.7092054752116952,0.01410242423143188,0.143894981815836,0.34372499488457753,0.40227500511542247
1733715043.5464358,0.7303535908578883,0.009737524193998369,0.13474281475950814,0.36233114928280513,0.3948344253585974
1733715043.6464357,0.7545701562326945,0.005212590784431263,0.12587547421417813,0.3720000000000001,0.3876791740805192
1733715043.7464356,0.7770545826710362,0.0025564118892849124,0.11720984310074131,0.408276082524104,0.40531043300964154
1733715043.8464355,0.8016100342232207,0.0014059310117062855,0.10620772434678419,0.4139999999999999,0.42799999999999994
1733715043.9464355,0.8300845671507069,0.0008322054662059461,0.08131302538058127,0.4139999999999999,0.40632554812265564
1733715044.0464354,0.8514613609627121,-0.00047764987670548113,0.061565714813663124,0.4274250161603102,0.38542501616031016
1733715044.1464353,0.8678363418521187,-0.001846629520254898,0.04110820339721712,0.4453705440348433,0.3879999999999999
1733715044.2464352,0.8842584681670506,-0.00402711646506707,0.02254261148619256,0.44199999999999995,0.39911941429939346
1733715044.346435,0.9027968025011148,-0.006342855953820703,0.0031052318215579237,0.4316304414003044,0.4059999999999999
1733715044.446435,0.9174258116212712,-0.008698184839755338,-0.009927529236576747,0.45399999999999996,0.4039999999999999
1733715044.5464349,0.9327902726826605,-0.01017677513579574,-0.024056952329561086,0.4739874605782486,0.37840250788435015
1733715044.6464348,0.9488086945234441,-0.011698720105559762,-0.040655515974916935,0.532,0.34906313508667075
1733715044.7464347,0.9753186162716191,-0.013354132784114146,-0.08802399232041672,0.5825751636496267,0.2569869272263068
1733715044.8464346,0.991998091835115,-0.011836256366227926,-0.14211742674709774,0.6259999999999999,0.15567838971884937
1733715044.9464345,1.007382190271009,-0.005397925400222999,-0.20844918262424791,0.6217122278605337,0.0965755442789328
1733715045.0464344,1.0131141983526688,0.0020257269250533697,-0.2474977526847112,0.6220000000000001,0.0
1733715045.1464343,1.0191622077017422,0.012724668479332589,-0.2847520260173485,0.6126533102041596,0.0
1733715045.2464342,1.0198831172140834,0.020343006308902695,-0.30361509572491635,0.6197841878135906,0.0
1733715045.346434,1.022260257352555,0.026302362983738885,-0.32035540428481113,0.5549327007067419,0.13604486619550535
1733715045.446434,1.0080290190853838,0.028240334840574432,-0.31965594466359526,0.4757009905366579,0.2537320126177895
1733715045.546434,0.9953972442938235,0.027517344584789924,-0.3012931574882186,0.41170750354971414,0.33186562056285734
1733715045.6464338,0.9961076743442441,0.02811920372845559,-0.24646382722030089,0.37742386599287275,0.3859999999999999
1733715045.7464337,0.9983098517857825,0.021613836790464185,-0.1467862008217295,0.3239257766322359,0.4156790372279606
1733715045.8464336,1.0007737110343666,0.01001781081055965,-0.048592664256495686,0.29115736565014405,0.43571065858746394
1733715045.9464335,0.998910511174169,0.0012932885217553508,-0.018647825353805096,0.2530115319252246,0.4573256453831836
1733715046.0464334,0.9925423236426789,-0.011425581507711871,0.026715391822100372,0.1971243929031618,0.4757189017742095
1733715046.1464334,0.9773084348750767,-0.02244459801450801,0.0901887369237645,0.1732283525497175,0.486
1733715046.2464333,0.9639507182291225,-0.028064733989020728,0.13391729083733844,0.09231910990116597,0.4956808900988341
1733715046.3464332,0.9456975951769099,-0.032337547838223735,0.16653701747001481,0.0,0.496
1733715046.446433,0.9257925025983318,-0.034987508706464936,0.20457269232242312,0.0,0.5
1733715046.546433,0.9144281549766007,-0.03692555090528455,0.23014331090728282,0.0,0.5112414373632129
1733715046.6464329,0.9076992412383494,-0.039825074024644046,0.24881240769775181,0.0,0.5196971899021297
1733715046.7464328,0.9036632854041498,-0.04303923753348717,0.2630485142515143,0.0,0.5252601618488547
1733715046.8464327,0.8969534729075701,-0.04684434512661284,0.2955608582537888,0.0,0.5337319525437362
1733715046.9464326,0.8910399196238529,-0.05031424113036387,0.3256113897295411,-0.07641562064156204,0.534
1733715047.0464325,0.8837976127641549,-0.056231747029133694,0.3441697436715842,0.0,0.532
1733715047.1464324,0.8769752444985605,-0.06489941702987434,0.3505123909689581,0.0,0.534
1733715047.2464323,0.8678919002696207,-0.0717870299965369,0.3521291560818658,0.0,0.53
1733715047.3464322,0.8571446943394443,-0.0761512013447487,0.36159265592178647,0.0,0.532
1733715047.446432,0.8449570047932049,-0.07790323507785733,0.359632362908427,0.0,0.532
1733715047.546432,0.8321649467468784,-0.07829010895107148,0.34184001522896873,0.0,0.534
1733715047.646432,0.826504376740984,-0.07612096030158605,0.33505719627005726,0.0,0.532
1733715047.7464318,0.8208268572942055,-0.07140658020158741,0.3468760800547766,0.0,0.528
1733715047.8464317,0.8170445928577817,-0.06733187657008821,0.3637830843740169,0.0,0.528
1733715047.9464316,0.81251046340614,-0.06487995561271544,0.3674223009963329,0.0,0.528
1733715048.0464315,0.8082444119266545,-0.064036889081748,0.363510799392848,0.0,0.528
1733715048.1464314,0.8037602368654634,-0.06486686502099315,0.3683987204959584,0.0,0.528
1733715048.2464314,0.8006419456319585,-0.06630888314085025,0.3792468856882178,0.0,0.53
1733715048.3464313,0.7988674073601291,-0.06716445851823152,0.3875090348110111,0.0,0.528
1733715048.4464312,0.7950434580118209,-0.06753061578839992,0.3850391120080961,0.0,0.524
1733715048.546431,0.7912011151164867,-0.06669250692161532,0.3764114842836007,0.0,0.522
1733715048.646431,0.7890446291116382,-0.06511594598012037,0.37321709725412816,0.0,0.5213571224897144
1733715048.7464309,0.7872697157077458,-0.06213383196902235,0.38187714276477114,0.0,0.524
1733715048.8464308,0.7859771403229361,-0.06307206343267331,0.3913943381927039,0.09768906806192915,0.522
1733715048.9464307,0.7861068143960518,-0.0685176649368677,0.3860575209122135,0.1173668877822177,0.5163165561088913
1733715049.0464306,0.7884072297884291,-0.0755544404505919,0.3590858273935979,0.22139055380477327,0.5023261807744034
1733715049.1464305,0.7961944394759283,-0.08209778352591902,0.30705529318302666,0.3426633659595537,0.4730009902121339
1733715049.2464304,0.8113424634637724,-0.08016404650394238,0.21797245373840934,0.40063237822903175,0.41605143265645217
1733715049.3464303,0.8192530932701346,-0.06533420076209796,0.11329493196340108,0.45134766366107926,0.28358784986406405
1733715049.4464302,0.8123657164276339,-0.04388957353867632,0.007720835383891135,0.45999999999999996,0.21015485838415904
1733715049.54643,0.8047365194354301,-0.02576573715636611,-0.05554945679063269,0.47699791231732774,0.12900208768267213
1733715049.64643,0.7977804089602369,-0.009249193239153892,-0.09591392938574608,0.496,0.11229922589725555
1733715049.74643,0.7983695672484552,-0.00294091378547348,-0.10787745486977064,0.49940915115427986,0.0
1733715049.8464298,0.8003009529901701,-0.0036188495871247285,-0.11341279253344126,0.526,0.0
1733715049.9464297,0.8103288015307998,-0.010435468361372553,-0.13109103152638515,0.5336825867347934,0.0
1733715050.0464296,0.8233265907593389,-0.019990361323391326,-0.16853024266930322,0.5426729565179844,0.0
1733715050.1464295,0.8365943342558062,-0.026823315137347644,-0.21551000207806734,0.5636393571884505,0.0
1733715050.2464294,0.8535259456190551,-0.02985359100692628,-0.2798527653556784,0.5853399374987235,0.10634984374680864
1733715050.3464293,0.8678159804571552,-0.025113441079715238,-0.3335816454592672,0.6020000000000001,0.17033776387802965
1733715050.4464293,0.8893621880306911,-0.014741744464471015,-0.3712887713987174,0.6040000000000001,0.21998484698621193
1733715050.5464292,0.9118919243337108,-0.006369197288917037,-0.37340467812387484,0.6060000000000001,0.3309829243079751
1733715050.646429,0.9335761292495934,-0.0059321969479947815,-0.34731047556008826,0.5976946644268459,0.36169466442684595
1733715050.746429,0.9511555094435917,-0.008084870652866708,-0.30639171181878805,0.5963238554216869,0.3736761445783134
1733715050.8464289,0.9640543582744783,-0.008851710462549409,-0.26931196505085914,0.5860000000000001,0.3799999999999999
1733715050.9464288,0.975003486629154,-0.009197775257617254,-0.2410982274305636,0.5800000000000001,0.3839999999999999
1733715051.0464287,0.9842995619328051,-0.009730872194804917,-0.22505134472472169,0.5760000000000001,0.38566205233182665
1733715051.1464286,0.9948717965299957,-0.010470265997690081,-0.21079578032797508,0.5656390988985686,0.3899999999999999
1733715051.2464285,1.007020469426257,-0.010026617312860532,-0.18238496926635284,0.5820000000000001,0.3859999999999999
1733715051.3464284,1.0180092610377036,-0.010062909943056666,-0.15764070353515253,0.5760000000000001,0.3896854397227363
1733715051.4464283,1.0311906180203536,-0.010903145852931784,-0.1395028915012131,0.5760000000000001,0.3959999999999999
1733715051.5464282,1.0457904440480559,-0.013864863097998354,-0.13085434459639633,0.5816287517085136,0.4039999999999999
1733715051.646428,1.0674119656197028,-0.016603192069853803,-0.12522298459094133,0.5860000000000001,0.4039999999999999
1733715051.746428,1.0874076481492336,-0.018180691914616416,-0.11404458751864352,0.5880000000000001,0.3959999999999999
1733715051.846428,1.1038198668532937,-0.01720911468721881,-0.11055773806088268,0.5860000000000001,0.39838165186619473
1733715051.9464278,1.1143114356088522,-0.016363124770380415,-0.11226861227284915,0.5840000000000001,0.39336944449933786
1733715052.0464277,1.1294431061285761,-0.01600675866876669,-0.11257426608798426,0.5877057313943542,0.3999999999999999
1733715052.1464276,1.14137736367857,-0.017565269428333974,-0.10988528302417663,0.5860000000000001,0.3999999999999999
1733715052.2464275,1.1515576276694013,-0.01891927646552676,-0.10995344586049119,0.5843372977265959,0.4019999999999999
1733715052.3464274,1.16051341101898,-0.01866659513742363,-0.1114859565867791,0.5783092070766901,0.4059999999999999
1733715052.4464273,1.169570932467654,-0.016302099695807662,-0.10738935158461776,0.56632559252098,0.4159999999999999
1733715052.5464272,1.1760368234520064,-0.01317294841998349,-0.10237833527692754,0.54932254634731,0.4096612731736549
1733715052.6464272,1.1805365260729337,-0.01119106185531194,-0.09099987767287215,0.55,0.41038023655999045
1733715052.746427,1.1850122756607486,-0.012053938486872579,-0.07702480920659406,0.556,0.4099999999999999
1733715052.846427,1.191856199521338,-0.015743960013703984,-0.07145129056383129,0.5656735208574858,0.41167352085748565
1733715052.9464269,1.2003219829011624,-0.021097245843348298,-0.07120061249908569,0.5680000000000001,0.41966440086975254
1733715053.0464268,1.2085173214928322,-0.027157663150388225,-0.076822639715323,0.5623441548183254,0.42399999999999993
1733715053.1464267,1.2105063502572635,-0.030071606822782676,-0.07888449211196223,0.56,0.4159999999999999
1733715053.2464266,1.2095612828298876,-0.03164730719519751,-0.084471953111387,0.5700000000000001,0.4137046982527814
1733715053.3464265,1.2094398609678,-0.029463180772708507,-0.09771531328909566,0.5680000000000001,0.4139999999999999
1733715053.4464264,1.2110487834337507,-0.025832434227043392,-0.10976921143805006,0.5640000000000001,0.41999999999999993
1733715053.5464263,1.2127071298439893,-0.019428168571973353,-0.10947691390379521,0.5733278136019171,0.4179999999999999
1733715053.6464262,1.215854386510384,-0.011565985679312454,-0.10156719715349179,0.568297384027947,0.4179999999999999
1733715053.746426,1.2168896672373777,-0.009024701548090234,-0.10473348027320352,0.5590976559517448,0.42399999999999993
1733715053.846426,1.2199701599183992,-0.009653223713501668,-0.1050700985923049,0.5677053578665803,0.41999999999999993
1733715053.946426,1.2238340477403777,-0.012645047848272266,-0.09306434503135287,0.5636980771107858,0.42199999999999993
1733715054.0464258,1.2270820301912133,-0.01341924822275311,-0.08285845026855033,0.5660000000000001,0.42566026041106203
1733715054.1464257,1.2293465412105617,-0.014745118366930493,-0.08547689958476676,0.5680000000000001,0.4273397763528792
1733715054.2464256,1.2301815939518053,-0.014652011240568166,-0.09058564544824782,0.5773721103353923,0.43031394483230384
1733715054.3464255,1.234957178099813,-0.012754317473978984,-0.09034816910927675,0.5776759955032247,0.43199999999999994
1733715054.4464254,1.2412533300763862,-0.01148083068921383,-0.08995013060661758,0.5880000000000001,0.42599999999999993
1733715054.5464253,1.245909964320632,-0.013146870583750234,-0.093731130184421,0.5940000000000001,0.40664074339953726
1733715054.6464252,1.2470385341452253,-0.01626811246680991,-0.1024655687413264,0.5976900308407098,0.4023099691592902
1733715054.7464252,1.2485824415619828,-0.015780044297000563,-0.1057114777500376,0.6140000000000001,0.3859999999999999
1733715054.846425,1.2500228149763435,-0.013799291026429615,-0.11205460900184352,0.6180000000000001,0.36502295509816723
1733715054.946425,1.249784209811961,-0.012251487238557443,-0.12943869809003733,0.6240000000000001,0.32295484738257163
1733715055.0464249,1.2484403954208543,-0.011450674379312667,-0.15080970149108355,0.6299999999999999,0.2750036982559361
1733715055.1464248,1.2434065070160725,-0.006888983943495664,-0.183058041961777,0.6263233611442192,0.262
1733715055.2464247,1.2394012092820024,-0.003948520894697174,-0.1911131076970217,0.6279999999999999,0.2423085977273653
1733715055.3464246,1.2296141518314159,-0.0013421440487701268,-0.19849611575913248,0.6439999999999999,0.21431063396285555
1733715055.4464245,1.2185634469255844,-0.0020421951253046444,-0.21807190949189748,0.6399999999999999,0.21399999999999997
1733715055.5464244,1.2121210734266206,-0.002479374609227396,-0.23243451900313605,0.6439999999999999,0.18999999999999995
1733715055.6464243,1.2021413376014565,-0.005294992173059798,-0.25418451811157566,0.6459999999999999,0.18199999999999994
1733715055.7464242,1.1929297857000793,-0.004440917429534123,-0.26839959820764836,0.6459999999999999,0.18399999999999994
1733715055.846424,1.1904207944606024,-0.004473579316844817,-0.2806814033019844,0.6459999999999999,0.18599999999999994
1733715055.946424,1.189446068722259,-0.004604138505605111,-0.30446756929793173,0.6463674819758657,0.1856325180241341
1733715056.046424,1.1894260811057054,-0.00270991875707032,-0.31817791737241297,0.6439999999999999,0.17999999999999994
1733715056.1464238,1.1886365627752302,9.748543085724557e-05,-0.3104239290376578,0.6419999999999999,0.18199999999999994
1733715056.2464237,1.1855864893570778,0.00502223146003173,-0.2949309685698723,0.6439999999999999,0.18568576813570192
1733715056.3464236,1.1834747172041897,0.007744511505573435,-0.29102229917114825,0.6439999999999999,0.19359941730674632
1733715056.4464235,1.1827374654823657,0.012288077569983388,-0.2873348630707973,0.6419999999999999,0.19999999999999996
1733715056.5464234,1.1805775498093103,0.013889328574893015,-0.2792791034900498,0.6319999999999999,0.21522363552266416
1733715056.6464233,1.1759313611028086,0.012118479941886843,-0.25930199725328434,0.6176652890854238,0.25400165309749145
1733715056.7464232,1.1668418776418323,0.011736106927049872,-0.24054411361537034,0.47,0.3340000000000001
1733715056.8464231,1.1473786446312968,0.011213391903617326,-0.1879616211034699,0.29488300504999704,0.3923723316500009
1733715056.946423,1.1213479485931797,0.0065037988657313875,-0.09751708670323549,0.21420415298848117,0.42126528233717286
1733715057.046423,1.0977169772551316,-0.0012788073430043015,-0.013679027668300982,0.17999999999999994,0.43364017320854864
1733715057.1464229,1.074790686687707,-0.013952618439759215,0.05579222940630228,0.16799999999999993,0.43964036683340907
1733715057.2464228,1.0581636484254202,-0.022236848358106513,0.09286451870586868,0.16199999999999992,0.44199999999999995
1733715057.3464227,1.0411957778148708,-0.02955884714303614,0.11971193972355836,0.14493849460669272,0.44199999999999995
1733715057.4464226,1.0278824050463764,-0.03535097197284613,0.13735857365395343,0.12400000000000011,0.43199999999999994
1733715057.5464225,1.005742158127382,-0.040806825397185977,0.160461958843037,0.0,0.44199999999999995
1733715057.6464224,0.9881755119599407,-0.04319984444164515,0.18169441583959628,0.0,0.44199999999999995
1733715057.7464223,0.9711668446459357,-0.047906029184523656,0.20345970220485238,0.0,0.4456659372435621
1733715057.8464222,0.9514984765264305,-0.053028192275696794,0.22655723974415262,0.0,0.44799999999999995
1733715057.946422,0.937907483375011,-0.055581218386014035,0.24117430319350203,-0.03865643364228802,0.4562951592935875
1733715058.046422,0.9222959866789447,-0.05873824556119698,0.255327143231708,-0.11298216805141871,0.46399999999999997
1733715058.146422,0.9013861806602625,-0.06080138920344081,0.2717583018031942,-0.154666432213821,0.47
1733715058.2464218,0.878700130539073,-0.06207392768852255,0.29357209133099776,-0.17000000000000004,0.4643284307815953
1733715058.3464217,0.8515961393639822,-0.0685462096661464,0.3299148102044944,-0.17000000000000004,0.46399999999999997
1733715058.4464216,0.8330315021573843,-0.07547946897826624,0.36305960843739343,-0.18400000000000005,0.46599999999999997
1733715058.5464215,0.8073722646260344,-0.08480308383881062,0.4027708781762554,-0.18635205513930034,0.46799999999999997
1733715058.6464214,0.7858754277681279,-0.09163753974070615,0.43817986112316265,-0.1876205411420446,0.4676205411420446
1733715058.7464213,0.7586614317407901,-0.09854873597094627,0.47119982385169773,-0.18799999999999994,0.46799999999999997
1733715058.8464212,0.7266728159142124,-0.10760429538357313,0.5100661202780019,-0.18600000000000005,0.46966425253877037
1733715058.9464211,0.6987618592181953,-0.11342355463217738,0.5498981427149845,-0.19333476311171763,0.46799999999999997
1733715059.046421,0.6729660140446553,-0.11456936390786351,0.5787692621815226,-0.2161636661211129,0.46599999999999997
1733715059.146421,0.6439905012344055,-0.11527066699209113,0.6040523256469712,-0.22999999999999998,0.4676666666666666
1733715059.2464209,0.6125742153985936,-0.11820489611834538,0.6305420947262054,-0.23199999999999998,0.46799999999999997
1733715059.3464208,0.5835071300669878,-0.12293864149201925,0.655525854568729,-0.22799999999999998,0.46599999999999997
1733715059.4464207,0.56203207293075,-0.12781986339839152,0.6805428085610495,-0.246,0.47
1733715059.5464206,0.5327822238090505,-0.12615384103649352,0.7092802918332084,-0.248,0.472
1733715059.6464205,0.4996594581835243,-0.12345225379033994,0.7362059140430594,-0.268,0.4743259546873749
1733715059.7464204,0.47300517573284784,-0.12374252179642505,0.7681047446626907,-0.25567403314917125,0.46599999999999997
1733715059.8464203,0.4482960950848349,-0.12651128701083061,0.8019026583058178,-0.254,0.46799999999999997
1733715059.9464202,0.42920575110758935,-0.1278857777347958,0.8166213076387641,-0.25564689227188986,0.47
1733715060.04642,0.40823627703465853,-0.1251418127835584,0.8201854976794741,-0.256,0.476
1733715060.14642,0.38779390023867966,-0.11980155830024945,0.8245829621782489,-0.262,0.478
1733715060.24642,0.36242580341068614,-0.11324936225649063,0.8437691466671621,-0.278342574844383,0.47634257484438297
1733715060.3464198,0.3381999780080648,-0.10332940224001357,0.8718403070805563,-0.23389061367143202,0.46799999999999997
1733715060.4464197,0.33027598944120073,-0.09405633886992637,0.8749774297949384,0.0,0.4489911414729075
1733715060.5464196,0.33707004261801243,-0.08263352075339318,0.8401360062743144,0.278114041234832,0.33914723564341837
1733715060.6464195,0.34176141771938917,-0.07571398814056826,0.7920979696880959,0.4045938153540029,0.14881236929199398
1733715060.7464194,0.3632979860878396,-0.07422150863731856,0.633481103749619,0.466975991219646,0.0
1733715060.8464193,0.3816538318761648,-0.07291930026761306,0.48852267892724754,0.5123747514910537,0.0
1733715060.9464192,0.4247994078547801,-0.07185032823135828,0.24452060782710508,0.5432868277022453,0.0
1733715061.0464191,0.45179262641978757,-0.07116191884956702,0.07665674144691118,0.5496098391089109,0.13443935643564348
1733715061.146419,0.48455269257006894,-0.061335972845352416,-0.08960764902018843,0.555335720361615,0.21467144072322997
1733715061.246419,0.5136368457754342,-0.04399051880349089,-0.18730185268058872,0.558,0.2740006394372952
1733715061.3464189,0.5478729914783375,-0.01692659933233879,-0.2662526057843961,0.5483456075024135,0.3033087849951731
1733715061.4464188,0.5696037435315903,0.00024342773872404027,-0.28193072740256087,0.536,0.31200000000000006
1733715061.5464187,0.5971357942872523,0.010289180476172485,-0.25248134816149104,0.5087198200643736,0.31200000000000006
1733715061.6464186,0.6266744508365525,0.010641917345529302,-0.2012390813368576,0.5,0.317630327783014
1733715061.7464185,0.6628916706975443,0.006646452245781899,-0.16378844901462944,0.496,0.349274530333261
1733715061.8464184,0.6884723161725119,0.004291652695828731,-0.1468765476902991,0.49,0.3676542018975032
1733715061.9464183,0.7165381278937345,0.00414911489113862,-0.15027273091558654,0.47634766594292804,0.39495700217121577
1733715062.0464182,0.7316789332035664,0.009159424327346951,-0.17209134781541077,0.4976177567661346,0.40523551353226916
1733715062.146418,0.751048564873226,0.02178658140903004,-0.2005750952692912,0.486,0.43799999999999994
1733715062.246418,0.7629994997183562,0.029803925161634926,-0.20138620191897863,0.49,0.4376182170930255
1733715062.346418,0.7891187638662556,0.04469050287837072,-0.18152518570295778,0.486,0.4476540634506736
1733715062.4464178,0.8289726264054614,0.054966054685653964,-0.128591843999293,0.498,0.44999999999999996
1733715062.5464177,0.8649571950844103,0.05573157029949274,-0.07675361563978564,0.498,0.45799999999999996
1733715062.6464176,0.9011623550301792,0.05195682999707142,-0.030695537103816152,0.502,0.4596683449864443
1733715062.7464175,0.9315914558158325,0.04208146448037331,-0.010232756787910881,0.5,0.46199999999999997
1733715062.8464174,0.952690971096976,0.03159449718349555,-0.0036255413025095998,0.504,0.46199999999999997
1733715062.9464173,0.9707183960593625,0.021347460130748563,-0.008517315925343586,0.5176613473783508,0.46199999999999997
1733715063.0464172,0.9895094568989229,0.01413049156521742,-0.02714176289245502,0.5296319245958153,0.4656319245958152
1733715063.1464171,1.0039762677384754,0.011309958046293993,-0.04530390490576845,0.5336631515757879,0.47566315157578787
1733715063.246417,1.016331953691111,0.011798012233274239,-0.0558994061752831,0.5593571942158665,0.4519284173524007
1733715063.346417,1.028591914577215,0.012336058459307311,-0.07366997394456393,0.5860000000000001,0.28315794451450194
1733715063.4464169,1.029805551746384,0.012532929470390312,-0.11390983085976468,0.6036763498768745,0.17194190073875346
1733715063.5464168,1.0295153342090226,0.014656412311663819,-0.18302112628274297,0.6176525521350548,0.0
1733715063.6464167,1.030187009177758,0.022325933398415317,-0.259577092907446,0.6220000000000001,0.0
1733715063.7464166,1.033773195550266,0.03134828997442783,-0.3021528018633769,0.6220000000000001,0.0
1733715063.8464165,1.0388043890619059,0.04255545913791274,-0.32394896318277383,0.6220000000000001,0.0
1733715063.9464164,1.044329697373639,0.04638039826191226,-0.32969954498718085,0.6259999999999999,0.0
1733715064.0464163,1.0522091777422893,0.0461294608141624,-0.3336744751978269,0.6259999999999999,0.0
1733715064.1464162,1.058450644139386,0.04384551840788756,-0.33995874519767116,0.6296663279740202,0.0
1733715064.246416,1.063408889041744,0.04178902070179915,-0.343324267280715,0.6299999999999999,0.10360795521740854
1733715064.346416,1.0662925685826108,0.041187704480042775,-0.34811240725053194,0.6339999999999999,0.13736938617555408
1733715064.446416,1.0728219609131797,0.04358374841581098,-0.3509675746041355,0.6359999999999999,0.20056281563204098
1733715064.5464158,1.0833624487392755,0.044142695046228024,-0.35110955473982,0.6339999999999999,0.2393039337229667
1733715064.6464157,1.0915940303560052,0.04380942757117648,-0.33330235220803417,0.6303905996449093,0.2576094003550906
1733715064.7464156,1.098024334894358,0.0400227539922758,-0.3077831985801855,0.6296491186420557,0.27764911864205594
1733715064.8464155,1.1040995335791337,0.03269210268442401,-0.2768129235751717,0.6299999999999999,0.2875876725574506
1733715064.9464154,1.1082955080061598,0.027452237155046955,-0.2527214690238579,0.6299999999999999,0.29370438892367356
1733715065.0464153,1.1140668582681421,0.022910729892207854,-0.23693371039469885,0.6279999999999999,0.3055813184717425
1733715065.1464152,1.1225233624015019,0.021491194587128084,-0.22672915449869824,0.6279999999999999,0.31200000000000006
1733715065.2464151,1.1312298700196113,0.019703491409387566,-0.22362324587769467,0.6279999999999999,0.31600000000000006
1733715065.346415,1.1394849953345174,0.018325421529749752,-0.21706705769917267,0.6279999999999999,0.32400000000000007
1733715065.446415,1.1432161201826723,0.017864805399556587,-0.20583174940204027,0.6259999999999999,0.32400000000000007
1733715065.5464149,1.1466854525718237,0.01539809674383634,-0.1966990037252748,0.6220000000000001,0.3320000000000001
1733715065.6464148,1.1538493786183504,0.012080088253250668,-0.18843265143947582,0.6163574728529122,0.3376425271470879
1733715065.7464147,1.1569376726541294,0.009527428941824618,-0.1830819445082763,0.6160000000000001,0.34765939989694405
1733715065.8464146,1.1618467400110888,0.00781410080021743,-0.17285787588724716,0.608395850655264,0.3520000000000001
1733715065.9464145,1.16528396290984,0.00461041142981695,-0.16638593647259675,0.6020000000000001,0.3500000000000001
1733715066.0464144,1.1659746684243981,0.0013550058916119475,-0.16309100875150867,0.6020000000000001,0.3600000000000001
1733715066.1464143,1.1739500599205592,-0.004372971646988583,-0.16676646652241803,0.5983579816698561,0.37764201833014394
1733715066.2464142,1.1801185298832537,-0.0065214146822881935,-0.1641656010197524,0.594370739619805,0.3839999999999999
1733715066.346414,1.1875783165648528,-0.008099151086219248,-0.15591851207945082,0.5923241792113271,0.3859999999999999
1733715066.446414,1.1925860712039307,-0.009302654955545966,-0.15197322262281762,0.5844151318869987,0.3859999999999999
1733715066.546414,1.1950941561015058,-0.00933178127125473,-0.15790202680263993,0.5700000000000001,0.3919999999999999
1733715066.6464138,1.1970904910944422,-0.008448689543695438,-0.15699305792443785,0.5584202751289667,0.4055797248710332
1733715066.7464137,1.1971390811871454,-0.008088073538344549,-0.14333394373941116,0.5423575480329369,0.41564245196706306
1733715066.8464136,1.1960592319886905,-0.006902483547851806,-0.12432250618797949,0.5163776527489883,0.42799999999999994
1733715066.9464135,1.1919532207996182,-0.007045309536743648,-0.10767919670272133,0.48375223959070596,0.4392991041637176
1733715067.0464134,1.185749873505709,-0.00794661870923993,-0.09067233749019463,0.45719202728127933,0.44560265757290685
1733715067.1464133,1.1801274423434527,-0.009247252150378785,-0.06671895990667534,0.41670237951928085,0.4616488102403595
1733715067.2464132,1.174355308422137,-0.010133778179196591,-0.039181243349825735,0.4139999999999999,0.45999999999999996
1733715067.3464131,1.167561935249711,-0.013272735197839813,-0.00997313800425693,0.41967049252949934,0.45999999999999996
1733715067.446413,1.1628104758260103,-0.016437691701218584,-0.0006863696467741725,0.42523256041483215,0.46199999999999997
1733715067.546413,1.1577315733169493,-0.018635305218588118,-0.002426017808491155,0.43762906436629057,0.46399999999999997
1733715067.6464128,1.1579090191305834,-0.02039087335385149,-0.002478853239964471,0.43999999999999995,0.4716141274881883
1733715067.7464128,1.1586557468527394,-0.020659060581219874,0.0015447968805788325,0.43999999999999995,0.476
1733715067.8464127,1.1597433713525556,-0.021190936727040796,0.0060814111564127995,0.44561791776609666,0.474
1733715067.9464126,1.1615493511017787,-0.0230927913507125,0.006001928359277635,0.44834052767468124,0.46799999999999997
1733715068.0464125,1.1650024132378374,-0.025565758819764545,0.0008230333313964356,0.45199999999999996,0.46599999999999997
1733715068.1464124,1.1658763811417472,-0.027619442355884594,0.0015927574738583592,0.45063988464773497,0.46199999999999997
1733715068.2464123,1.1659162043955806,-0.030442216736150798,0.0048992593226778935,0.43799999999999994,0.46399999999999997
1733715068.3464122,1.161306831132203,-0.03274556153059128,0.002285267351343766,0.43199999999999994,0.47
1733715068.446412,1.1565490766972095,-0.033328434279004844,-0.0022552409802070925,0.44560234766833845,0.46399999999999997
1733715068.546412,1.1542091715068816,-0.03427309759184934,-0.0018831909855887715,0.4443341105861838,0.46399999999999997
1733715068.646412,1.1521684311563718,-0.03254452352432708,0.001544810704934243,0.46681954022988503,0.45839348659003826
1733715068.7464118,1.1536510881886402,-0.03001621739102427,-0.0004053569771691478,0.5329497099827007,0.4270502900172992
1733715068.8464117,1.1595877421219278,-0.027934965677078694,-0.018225891693215365,0.5755750079289567,0.3788499841420868
1733715068.9464116,1.1613064814169092,-0.02617969090831556,-0.05467342827675213,0.585640376539893,0.3077981173005354
1733715069.0464115,1.1535021640163734,-0.024496386138989534,-0.09075548941653713,0.591635058212182,0.23255459251472657
1733715069.1464114,1.1455202022601223,-0.023013368231310744,-0.1303433091113596,0.5940000000000001,0.22199999999999998
1733715069.2464113,1.1388849364172196,-0.019413373242330657,-0.16811514210321243,0.6032749437284626,0.20799999999999996
1733715069.3464112,1.1353962923507555,-0.015174911639967228,-0.1880773342101429,0.6236483752787513,0.19035162472124875
1733715069.4464111,1.1334780982373642,-0.013510942630909937,-0.203116542082779,0.6279999999999999,0.18436136625710758
1733715069.546411,1.131850077622315,-0.015529241656272974,-0.22051478085932938,0.6299999999999999,0.17232197904445967
1733715069.646411,1.1299128262376197,-0.01903295490789979,-0.24703235861549486,0.6299999999999999,0.17399999999999993
1733715069.7464108,1.1280939978271176,-0.021013867818546136,-0.258898842531308,0.6259999999999999,0.17399999999999993
1733715069.8464108,1.1246384437911716,-0.019553315709855024,-0.2653873363468583,0.6240000000000001,0.17799999999999994
1733715069.9464107,1.122353417063175,-0.01774097607693252,-0.2742356845097781,0.6279999999999999,0.17399999999999993
1733715070.0464106,1.1213698563117633,-0.016200025349391127,-0.2898306611277047,0.6279999999999999,0.1723813245085921
1733715070.1464105,1.1199867724101145,-0.01641040984730497,-0.2962261624444899,0.6263484693979564,0.17199999999999993
1733715070.2464104,1.116903427758335,-0.015956558547000108,-0.2903884344723959,0.6279999999999999,0.17599999999999993
1733715070.3464103,1.1130478898886265,-0.015015687767781153,-0.29329759676200123,0.6259999999999999,0.18199999999999994
1733715070.4464102,1.111613839518623,-0.013446771579428285,-0.296700429843674,0.6180000000000001,0.18836816546408974
1733715070.54641,1.1069561008238964,-0.010399545755760162,-0.28851441384432075,0.6160000000000001,0.18999999999999995
1733715070.64641,1.1031829720535526,-0.00952648126561314,-0.27792972574361585,0.6100000000000001,0.19799999999999995
1733715070.74641,1.0973112777772467,-0.012019433477972795,-0.27033046075248446,0.6140000000000001,0.1936036296788829
1733715070.8464098,1.0948178818344627,-0.014592661703603214,-0.27124204078713593,0.6140000000000001,0.19599999999999995
1733715070.9464097,1.0950423194907097,-0.016130330739038128,-0.26918414741273056,0.6203963458901348,0.19599999999999995
1733715071.0464096,1.0991353616895545,-0.019077721943296697,-0.2685681903450281,0.6200000000000001,0.19599999999999995
1733715071.1464095,1.0994871052207587,-0.02087191378763042,-0.27212512835999403,0.6160000000000001,0.19599999999999995
1733715071.2464094,1.0987411087497312,-0.02177151388573969,-0.2763412888913175,0.6160000000000001,0.19599999999999995
1733715071.3464093,1.0990065370961535,-0.022173121381424334,-0.28117865144028986,0.6120000000000001,0.19799999999999995
1733715071.4464092,1.10027816952888,-0.0222688603814506,-0.2842347808958965,0.6120000000000001,0.19799999999999995
1733715071.5464091,1.0992901838969447,-0.019688163623677587,-0.2849394157267879,0.6100000000000001,0.19999999999999996
1733715071.646409,1.096503462660657,-0.015222638655676324,-0.28018121774804233,0.6060000000000001,0.20599999999999996
1733715071.746409,1.095435138457059,-0.012664304095524838,-0.27523049624659907,0.6060000000000001,0.20799999999999996
1733715071.8464088,1.0942786951375374,-0.010566320854860936,-0.2689228027772516,0.6040000000000001,0.20799999999999996
1733715071.9464087,1.0902332542026816,-0.011590020104914776,-0.25846176406513616,0.6020000000000001,0.20999999999999996
1733715072.0464087,1.088198048957711,-0.014956381158209983,-0.24909724518094228,0.6020000000000001,0.20799999999999996
1733715072.1464086,1.0870059992440477,-0.02009813095241677,-0.2441131978365081,0.6020000000000001,0.20999999999999996
1733715072.2464085,1.0887354894218744,-0.0240571750186645,-0.24563943638416375,0.6020000000000001,0.20999999999999996
1733715072.3464084,1.0900847765231205,-0.024584411388996464,-0.24308163016495324,0.6020000000000001,0.20999999999999996
1733715072.4464083,1.0910393096561475,-0.022252547933927825,-0.23810192282293124,0.6020000000000001,0.20999999999999996
1733715072.5464082,1.0940610315024182,-0.020381800595466446,-0.23922890890400297,0.6036709724296614,0.20999999999999996
1733715072.646408,1.0980964304798833,-0.020685818862508837,-0.24429754067475398,0.6040000000000001,0.20999999999999996
1733715072.746408,1.099631759617389,-0.022585812600349767,-0.2447087157084131,0.6040000000000001,0.21199999999999997
1733715072.846408,1.1009511305428383,-0.025204565828632845,-0.24253462517890315,0.6040000000000001,0.21399999999999997
1733715072.9464078,1.1027706581004444,-0.02794242360732508,-0.24287111189504074,0.6040000000000001,0.21599999999999997
1733715073.0464077,1.1018134858766868,-0.029475061393158135,-0.23959621926752023,0.6040000000000001,0.21999999999999997
1733715073.1464076,1.1002122060176587,-0.029462481376505627,-0.23538004914960675,0.6040000000000001,0.22199999999999998
1733715073.2464075,1.0998495175227185,-0.028812644862140625,-0.24443457737041682,0.6040000000000001,0.22199999999999998
1733715073.3464074,1.1003334061375942,-0.028082723600275354,-0.24999624792103894,0.6040000000000001,0.22599999999999998
1733715073.4464073,1.102111206174378,-0.028307455410252695,-0.25010519504907675,0.6040000000000001,0.22755710279839
1733715073.5464072,1.1024844108582015,-0.03006203526692874,-0.2453652692786149,0.6040000000000001,0.22799999999999998
1733715073.6464071,1.1030444821094232,-0.032550787875536745,-0.2458870825392883,0.6040000000000001,0.22999999999999998
1733715073.746407,1.104494283386098,-0.033899331884566175,-0.24999167660555013,0.6020000000000001,0.23199999999999998
1733715073.846407,1.104653521532985,-0.03097242584457177,-0.2467298546588169,0.6020000000000001,0.236
1733715073.9464068,1.1044507939572525,-0.02736279166584758,-0.23356012457506029,0.5872094970947707,0.24719366860348627
1733715074.0464067,1.1021644701550748,-0.02633202046067321,-0.22711314853117584,0.4622242706773261,0.2883102917290696
1733715074.1464067,1.0852283842959152,-0.026095211690285364,-0.20975463101780567,0.31700392297429164,0.3192490192564272
1733715074.2464066,1.057193593767039,-0.03012491066863641,-0.14890084980112134,0.2033341298901522,0.350749701291193
1733715074.3464065,1.0294560441540914,-0.03690853921417116,-0.07201114613079782,0.11085050409577829,0.37959278512917444
1733715074.4464064,1.0008334658197238,-0.04468818472890726,0.003248254563173028,0.0,0.3979999999999999
1733715074.5464063,0.983410512038117,-0.05258984094205438,0.05322390876335542,0.0,0.4212854773939623
1733715074.6464062,0.9635410273885807,-0.05856646883254519,0.09884938054482947,0.0,0.43957436481809736
1733715074.746406,0.9467195471327591,-0.062231396020348474,0.12797480608917494,-0.10123842506050647,0.44199999999999995
1733715074.846406,0.9234024108740301,-0.06583890501911033,0.16844354501267103,-0.10799999999999998,0.44399999999999995
1733715074.946406,0.9008022631685795,-0.07060420686882968,0.22061861769149646,-0.12162110254890338,0.4423788974510966
1733715075.0464058,0.877709745275039,-0.07959151684006305,0.2738749937338889,-0.128,0.44599999999999995
1733715075.1464057,0.8628441799348237,-0.08812671134938597,0.3038596280010795,-0.13560170825789183,0.44799999999999995
1733715075.2464056,0.8435366578060619,-0.09951876958372055,0.3382261258414635,-0.14361009393408694,0.44799999999999995
1733715075.3464055,0.8169786423487981,-0.11040228128767285,0.3836392567083842,-0.1515622324217997,0.44799999999999995
1733715075.4464054,0.7954025134212913,-0.11503422044397098,0.4113580921768606,-0.15200000000000002,0.44799999999999995
1733715075.5464053,0.7733995716474833,-0.11985802239148315,0.44365899419802474,-0.15200000000000002,0.44999999999999996
1733715075.6464052,0.7457018205331302,-0.1247369815576631,0.478745122898554,-0.16155200529296157,0.45599999999999996
1733715075.7464051,0.722779930313032,-0.12888617114684814,0.5064028464610532,-0.19162134532002062,0.45599999999999996
1733715075.846405,0.6891212385600748,-0.13472925663387395,0.5400486928645081,-0.20757586132262948,0.45599999999999996
1733715075.946405,0.6632199620794964,-0.13670734348565475,0.5552399536356334,-0.20799999999999996,0.45599999999999996
1733715076.0464048,0.6238055248522898,-0.13962966250103145,0.5755773236624191,-0.1969125881516496,0.45599999999999996
1733715076.1464047,0.5987488181038393,-0.1394252197992206,0.5884982573950637,-0.09545278810408919,0.45799999999999996
1733715076.2464046,0.586130215300746,-0.13533039325978913,0.5907042107900848,0.0,0.45599999999999996
1733715076.3464046,0.5814622441836179,-0.1253019588467497,0.5648775639869267,0.14257578168022997,0.4576195312978033
1733715076.4464045,0.5780647770504492,-0.11349671889439307,0.531293270920409,0.2793450091575092,0.45999999999999996
1733715076.5464044,0.5836517351173722,-0.10025490173066282,0.4907930695415192,0.3488096804511279,0.45999999999999996
1733715076.6464043,0.6132892977250267,-0.09130051786183219,0.41986342642102986,0.389215659723605,0.45999999999999996
1733715076.7464042,0.6381879923989628,-0.08272198434587077,0.33184300130502337,0.3939999999999999,0.45999999999999996
1733715076.846404,0.6624030729323039,-0.07170637675959364,0.2429076349788442,0.3999999999999999,0.45999999999999996
1733715076.946404,0.6775544447643591,-0.06315490373734305,0.20126014300781614,0.4079999999999999,0.45999999999999996
1733715077.046404,0.6960620510253825,-0.05151922755027078,0.15602411532116975,0.4099999999999999,0.46199999999999997
1733715077.1464038,0.7105878265133546,-0.04220786130461848,0.12430861938819415,0.4119999999999999,0.4624070409616923
1733715077.2464037,0.7282421819203571,-0.03238151327166856,0.09096761948516609,0.4139999999999999,0.46399999999999997
1733715077.3464036,0.7538666284991423,-0.01789525012798982,0.058404330952138366,0.4139999999999999,0.46399999999999997
1733715077.4464035,0.7647161667944256,-0.008842728148779561,0.04888400760401398,0.4119999999999999,0.4655833851414361
1733715077.5464034,0.7797757556482565,-0.0004430031391694742,0.033650620051866094,0.39074824179677015,0.46599999999999997
1733715077.6464033,0.7894580641343001,0.005825570191595669,0.019449147556900442,0.38643638927482726,0.46799999999999997
1733715077.7464032,0.8051556681094666,0.012013064850816515,0.011929780028212074,0.3763789519529625,0.47
1733715077.8464031,0.8170100879459804,0.016275797390735598,0.01700420034827987,0.35838372719114575,0.4756162728088543
1733715077.946403,0.8332576712911682,0.01975067305823872,0.03332965285727841,0.31886966058873073,0.478
1733715078.046403,0.8426353748712071,0.02071907974195871,0.05084197133384575,0.29279603832836787,0.47960198083581607
1733715078.1464028,0.8527640195890047,0.0206723187599247,0.0774850523192268,0.28200000000000003,0.48
1733715078.2464027,0.8619107685938365,0.018948051625490667,0.094945764101526,0.3024336519352702,0.4655663480647298
1733715078.3464026,0.8735770705292988,0.017191676350047338,0.10930203811451342,0.36032002413758435,0.42925998189681175
1733715078.4464025,0.8924029953797125,0.014117209122879193,0.0888033550925919,0.4021152724118898,0.39949625482929896
1733715078.5464025,0.9078243314911124,0.012351512103094514,0.054437915485887,0.43323961711889875,0.36152076576220243
1733715078.6464024,0.9171326867046103,0.011545552782194997,0.020419728250824522,0.4647689350853108,0.3052310649146892
1733715078.7464023,0.9244760673958088,0.01236922491749216,-0.02179959113436657,0.49120857895901654,0.25318713156147515
1733715078.8464022,0.9279620625298799,0.014562749741441621,-0.052884549757353086,0.5131522966610007,0.22327155500849888
1733715078.946402,0.9342177054065364,0.01696425592014196,-0.09245317507958911,0.5276109678187374,0.17516709654378787
1733715079.046402,0.9374715350240574,0.01812645234318709,-0.12272330420447099,0.532,0.13763820328069898
1733715079.146402,0.938625482034037,0.018428067456102443,-0.16234797597921605,0.532,0.11277255145599946
1733715079.2464018,0.9368538799113479,0.0190658658186589,-0.18737357171124777,0.532,0.10638846314616145
1733715079.3464017,0.9339632859470208,0.020559949578543815,-0.2034699422123994,0.532,0.1060000000000001
1733715079.4464016,0.9306085534915433,0.021731728578378698,-0.2187925772182156,0.532,0.10129335302806508
1733715079.5464015,0.9285334512441428,0.02146415819502691,-0.24602498766378308,0.5324368240259103,0.1091263519481795
1733715079.6464014,0.9285378768115767,0.019917510455262237,-0.2588169112144932,0.46224284386065556,0.20418144052540993
1733715079.7464013,0.9229255440591115,0.018934000555869416,-0.24307038545544063,0.22858349850841891,0.34899577552205346
1733715079.8464012,0.9063059892050886,0.017327826679789583,-0.16579603501276105,0.0,0.43023129464111465
1733715079.9464011,0.8878260242960772,0.011226798214528953,-0.025726921284861228,0.0,0.4676171383805717
1733715080.046401,0.8798719289333161,0.004930979589024755,0.05909164141950808,0.0,0.488
1733715080.146401,0.8735599600307468,-0.0023464710061233403,0.11750392574233105,-0.11359241706161137,0.504
1733715080.2464008,0.8572100075539538,-0.01325499769795709,0.1840372025272125,-0.126,0.508
1733715080.3464007,0.8450666562772244,-0.02242869849967824,0.22736693907134436,-0.13760219909679955,0.512
1733715080.4464006,0.829944824044448,-0.03411896070210914,0.2857716351684051,-0.14400000000000002,0.514
1733715080.5464005,0.811489447811564,-0.04492776213022499,0.34850679387946626,-0.15200000000000002,0.516
1733715080.6464005,0.7990205633798657,-0.05277648680823252,0.397943681391132,-0.15200000000000002,0.516
1733715080.7464004,0.7871920476316355,-0.061073906532924736,0.45081417852264144,-0.15200000000000002,0.516
1733715080.8464003,0.774879682301831,-0.0731404875198537,0.49632310589889816,-0.14840700065811124,0.518
1733715080.9464002,0.7645172191107178,-0.0849483009210883,0.5225402015262591,-0.018562633790533578,0.518
1733715081.0464,0.7575847601053041,-0.09497307182906825,0.53662478228181,0.0,0.515484739801467
1733715081.1464,0.7484897033428786,-0.10056489376329214,0.5237253583994664,0.0,0.518
1733715081.2463999,0.7420788097709156,-0.1011504238693672,0.5032305723343672,0.14717175059858667,0.5275858752992933
1733715081.3463998,0.7465898058851455,-0.09866721781218755,0.47257911287230514,0.16361768390907455,0.534
1733715081.4463997,0.7521271143690639,-0.09397919047952663,0.43079537480188235,0.16999999999999993,0.5415673769978063
1733715081.5463996,0.7540208132607639,-0.08525679093656173,0.3830144436453495,0.17199999999999993,0.5495773367731693
1733715081.6463995,0.7550460255013554,-0.0777804217707114,0.3547630328590917,0.17599999999999993,0.5555354937664687
1733715081.7463994,0.753712501138304,-0.06523608105708194,0.32293332382979417,0.16441830012528788,0.558
1733715081.8463993,0.7542006470547834,-0.056109402654040776,0.312463915252257,0.13126293795585123,0.5624209793186171
1733715081.9463992,0.7564042318657355,-0.0466391838372777,0.3067078181765682,0.0931824251818291,0.5640000000000001
1733715082.046399,0.7555794120814004,-0.03987237180274735,0.3086507757600405,0.0,0.5660000000000001
1733715082.146399,0.7594623079008448,-0.03404399119821032,0.32730920406099606,0.12593930561846425,0.5660000000000001
1733715082.246399,0.7677424748138875,-0.03198986038527013,0.3464311165519481,0.2157014708135437,0.5644597058372913
1733715082.3463988,0.788893869890286,-0.03272885706218578,0.3464674694475454,0.2991095033242081,0.562
1733715082.4463987,0.8086165656379448,-0.035612772936936654,0.319567806397697,0.31200000000000006,0.562
1733715082.5463986,0.8300196929559821,-0.039402777831886546,0.2803269419832495,0.31040530280204887,0.562
1733715082.6463985,0.8449231785817417,-0.04237362262526903,0.25050899484839784,0.31200000000000006,0.562
1733715082.7463984,0.8643982994944367,-0.04253143953500602,0.21994407093503712,0.30800000000000005,0.562
1733715082.8463984,0.8731898156383259,-0.03971688798592407,0.2059949002204466,0.3065132387527502,0.562
1733715082.9463983,0.8815450845661708,-0.03530598959001589,0.19099057217989945,0.3024520207542294,0.562
1733715083.0463982,0.888725012968265,-0.029199867116614826,0.17989097076051971,0.30200000000000005,0.562
1733715083.146398,0.897396270989605,-0.0240047789023657,0.17877601436208312,0.30000000000000004,0.56360608762615
1733715083.246398,0.9063187690132254,-0.020339370385409096,0.1804457327196772,0.29800000000000004,0.5640000000000001
1733715083.3463979,0.915358495170019,-0.02095769590116196,0.18129703528721652,0.29800000000000004,0.5640000000000001
1733715083.4463978,0.9251108164272166,-0.023655172794440873,0.18255973409670898,0.29800000000000004,0.5640000000000001
1733715083.5463977,0.9331697823688536,-0.024405395193154242,0.18815209107061118,0.29800000000000004,0.5640000000000001
1733715083.6463976,0.939587903322831,-0.023885368619243886,0.19355684282592114,0.29800000000000004,0.5640000000000001
1733715083.7463975,0.952983994216542,-0.022135174564712968,0.19551127744174043,0.29757806669074277,0.5640000000000001
1733715083.8463974,0.9647649027679625,-0.022473781881016324,0.1903983400006643,0.30253536176044177,0.5640000000000001
1733715083.9463973,0.9759563068670849,-0.02422028577117488,0.1829382702252073,0.30600000000000005,0.562
1733715084.0463972,0.9877838527191369,-0.026449647652375622,0.1771107784349451,0.30600000000000005,0.56
1733715084.146397,0.9961198323766849,-0.027431000640810325,0.17394045598720778,0.31600000000000006,0.56
1733715084.246397,1.005185586020193,-0.028330289607131656,0.1698786844500244,0.31800000000000006,0.5565703049280549
1733715084.346397,1.0120976926938905,-0.029170495177949327,0.1650741116279719,0.31800000000000006,0.556
1733715084.4463968,1.0175493110688796,-0.029487428190048966,0.16302472793082054,0.31800000000000006,0.558
1733715084.5463967,1.0264868064898587,-0.031452398370514126,0.1604325335747739,0.31800000000000006,0.558
1733715084.6463966,1.0307070340272746,-0.03452497071125848,0.1572921690625194,0.32000000000000006,0.558
1733715084.7463965,1.0340942206693235,-0.03674631560681537,0.15403027183784074,0.31600000000000006,0.56
1733715084.8463964,1.0371682823163806,-0.03702110547965981,0.1514624604605846,0.31400000000000006,0.562
1733715084.9463964,1.0383121534325301,-0.036835960023082495,0.15046677912168732,0.30800000000000005,0.5655888954040884
1733715085.0463963,1.0389239142590425,-0.0355321523011879,0.15162296967645397,0.31200000000000006,0.558
1733715085.1463962,1.039755222114919,-0.0355421274695824,0.14740243173623535,0.31600000000000006,0.558
1733715085.246396,1.0427993163919567,-0.03527595681354502,0.14473277557771574,0.31800000000000006,0.558
1733715085.346396,1.0456004615030554,-0.035916630132623556,0.15078141734902123,0.32000000000000006,0.558
1733715085.4463959,1.0501595552846459,-0.038433330621857185,0.15404225270465072,0.32200000000000006,0.5544204928767015
1733715085.5463958,1.0588725140980024,-0.04037976288318334,0.1459084179481795,0.3275478966041562,0.554
1733715085.6463957,1.0670694947970067,-0.041648900951453294,0.1439856510877226,0.34469405143437826,0.5179178456968655
1733715085.7463956,1.0687214366579512,-0.0447374750537458,0.138433812755005,0.4348864208793605,0.30911357912063947
1733715085.8463955,1.0613821992991797,-0.04800296144548312,0.08667478347320484,0.4950796467124632,0.19522123650637876
1733715085.9463954,1.0518963363390663,-0.04688329481146286,0.0027891501686784156,0.5175737580128206,0.10370496794871804
1733715086.0463953,1.039571696872901,-0.04265426357656468,-0.06907019778494905,0.5310965585540975,0.0
1733715086.1463952,1.0312752447355722,-0.035684359648630336,-0.13130356742168683,0.5595883475284723,0.0
1733715086.246395,1.0279807579789229,-0.028546673257008378,-0.17834022357995244,0.56,0.0
1733715086.346395,1.0273803703610471,-0.02507678234877246,-0.2085594157504246,0.5468747611464968,0.0
1733715086.446395,1.0218928446866937,-0.02386558017541504,-0.25306614008208306,0.5640000000000001,-0.07176278859212311
1733715086.5463948,1.0139251723496425,-0.023376328019441436,-0.2785597189157651,0.5524014820749049,-0.09799999999999998
1733715086.6463947,1.0039298667507077,-0.021469221253297466,-0.30498322779082576,0.5384431323676631,-0.09399999999999997
1733715086.7463946,0.9959689638786333,-0.013576948840417604,-0.3257776998813887,0.538,0.0
1733715086.8463945,0.9956650295179604,-0.004769284232809411,-0.3478538757269286,0.53,0.0
1733715086.9463944,0.992488115281788,0.0042586225740637,-0.3461325057939251,0.5304294975688817,-0.07224311183144244
1733715087.0463943,0.984972302675622,0.009745683008617056,-0.3374641915962565,0.53,0.0
1733715087.1463943,0.9806755877044483,0.011072559586541233,-0.33333405157795415,0.528,0.0
1733715087.2463942,0.9780701258481544,0.009533805223177351,-0.3263639470070028,0.542,0.0
1733715087.346394,0.975932549406813,0.0075637405924353284,-0.32041363321863464,0.534,0.0
1733715087.446394,0.9700172076982073,0.006644746033456703,-0.3119097161008358,0.5068687273536973,0.0
1733715087.5463939,0.9580183098841121,0.006803643069546671,-0.29788896399780296,0.516,0.0
1733715087.6463938,0.9511452992595963,0.004943658117222503,-0.2885625880770455,0.518,0.0
1733715087.7463937,0.9429720855893046,0.000186918716107811,-0.28474925591759076,0.508,0.0
1733715087.8463936,0.9381317910234208,-0.0028473692399200307,-0.2852799876809095,0.508,0.0
1733715087.9463935,0.9332332639681489,-0.007444426040857595,-0.28338974445343956,0.512,0.0
1733715088.0463934,0.932687837411234,-0.009405224808418615,-0.2831079763525554,0.49456716359124836,0.0
1733715088.1463933,0.9274428966585895,-0.008959399442332797,-0.28951026480965136,0.486,0.0
1733715088.2463932,0.923317727305275,-0.005918620091182235,-0.29722751835033445,0.494,0.0
1733715088.346393,0.9206820712238678,-0.0031540250895841916,-0.308026702896305,0.482,0.0
1733715088.446393,0.917717760051218,1.418120304122665e-05,-0.3136163294350655,0.476,0.0
1733715088.546393,0.9152374255457449,0.0019185946746143588,-0.31083366091505005,0.5245561859732073,0.0
1733715088.6463928,0.9196158165521074,0.001247500143051754,-0.3088222618268516,0.5570837246829551,0.0
1733715088.7463927,0.9260257731501433,-0.00042773178628501246,-0.31846533680617795,0.5509636140810549,0.0
1733715088.8463926,0.9284957210789129,4.651561905053686e-05,-0.34411703399242694,0.534,0.0
1733715088.9463925,0.9264682411652361,0.0024508390298442254,-0.3590764971712839,0.5304266677354067,0.0
1733715089.0463924,0.9252888874213421,0.005205468300176701,-0.3718996973802173,0.5308843529434767,0.0
1733715089.1463923,0.9234624310246771,0.00974118758871075,-0.37689943360635125,0.536,0.0
1733715089.2463923,0.9243563739972135,0.014712586848041673,-0.36750656679329213,0.538,0.0
1733715089.3463922,0.9235964698408838,0.021070751277523128,-0.3491437882303013,0.5363735927060648,0.0
1733715089.446392,0.923834506856047,0.025233224426261414,-0.3395815877599721,0.54,0.0
1733715089.546392,0.9212371949265402,0.02702724913779497,-0.33937851942173985,0.5095684410646388,0.0
1733715089.6463919,0.9190241555315825,0.02774105138399984,-0.33672185148871747,0.5547430777533314,0.0
1733715089.7463918,0.925736712515528,0.024303352678682447,-0.3356469060791022,0.5976158403730745,0.0
1733715089.8463917,0.9386742536794527,0.020395616508423302,-0.343688460340744,0.5870442846000521,0.0
1733715089.9463916,0.9445442183487704,0.017651421959809878,-0.35652561023503065,0.5698229814273668,0.0
1733715090.0463915,0.9402745693366881,0.0172279754776635,-0.3627797033098154,0.5310433743679461,0.1464349384480808
1733715090.1463914,0.9325763143668412,0.019589265207761827,-0.360300198266358,0.4869468342194297,0.20257974867085543
1733715090.2463913,0.9290387813751406,0.021287570008112062,-0.33672057435256775,0.478,0.21399999999999997
1733715090.3463912,0.9267956196886469,0.018558505541845606,-0.28219513437610333,0.4684275897990664,0.21599999999999997
1733715090.446391,0.9248720836604913,0.014997750280738345,-0.24961690663396793,0.450035956877685,0.22098202156115745
1733715090.546391,0.9236915678405088,0.013033243134992148,-0.2222030694763652,0.44999999999999996,0.22748805912525508
1733715090.646391,0.9234743207397619,0.010429781633240733,-0.20017496002346055,0.46399999999999997,0.22754856599895285
1733715090.7463908,0.9241144985285913,0.0069240689567855234,-0.18699023150100066,0.46399999999999997,0.23156747708575742
1733715090.8463907,0.9255849278476954,0.00481647242244839,-0.18218431051837014,0.46599999999999997,0.23399999999999999
1733715090.9463906,0.926621007020399,0.0028773193635869025,-0.1732437173758233,0.47545342856085554,0.23399999999999999
1733715091.0463905,0.9283804516967573,0.0031529760357993015,-0.16641980576103804,0.47940808615152086,0.23399999999999999
1733715091.1463904,0.9288236540983428,0.004531195429681524,-0.16116072119335814,0.474,0.24535584549492384
1733715091.2463903,0.9279177993961865,0.005207811522435968,-0.155507138723101,0.472,0.25345824901178293
1733715091.3463902,0.9307918637463174,0.00309933374498276,-0.14161982067283077,0.472,0.266
1733715091.4463902,0.9367656569952906,-0.0026552350166927983,-0.13072096989335638,0.4632565544554455,0.28137172277227723
1733715091.54639,0.9396725965722434,-0.008332407911479593,-0.12155988202398248,0.45893529526831706,0.29106470473168294
1733715091.64639,0.9414389965686424,-0.01334175991110656,-0.1152780298858254,0.46001749531043956,0.29400000000000004
1733715091.7463899,0.9448310475364471,-0.01582884520691159,-0.11263193014834454,0.44495043689231834,0.3045247815538409
1733715091.8463898,0.9495151095418599,-0.01840627374445909,-0.11280030484199279,0.43707578832344673,0.30800000000000005
1733715091.9463897,0.9532356229779099,-0.019495923436948573,-0.11238955348074485,0.440504212714739,0.314991574570522
1733715092.0463896,0.9601617585978851,-0.019343946790708378,-0.10987370921090325,0.42399999999999993,0.3360000000000001
1733715092.1463895,0.9643405321590605,-0.018137308794238183,-0.10194911901141282,0.3830886566008516,0.3474556716995742
1733715092.2463894,0.9652133186760687,-0.016294437663940592,-0.08435523764888,0.31000000000000005,0.3600000000000001
1733715092.3463893,0.9586642215550986,-0.013998711423866309,-0.05547435699702849,0.276,0.3759999999999999
1733715092.4463892,0.94853461677924,-0.014668804599125456,-0.016316067696235677,0.2444872047632191,0.3759999999999999
1733715092.546389,0.939272353680753,-0.0169768599408386,0.010308200839994916,0.1873844386582937,0.3799999999999999
1733715092.646389,0.9205923019789125,-0.021622968266871406,0.048415905699985474,0.18999999999999995,0.3835394684332348
1733715092.746389,0.9087160212729997,-0.024341125630985293,0.07567308969367248,0.1904929993577392,0.4135070006422607
1733715092.8463888,0.9012511965164451,-0.024211164004164638,0.0987503571901898,0.19352502151727524,0.4159999999999999
1733715092.9463887,0.8946431979140508,-0.023551097235861195,0.12394678991626565,0.19999999999999996,0.41999999999999993
1733715093.0463886,0.8915265904572142,-0.02366456854481948,0.1413136936302059,0.19999999999999996,0.42199999999999993
1733715093.1463885,0.8874112252039703,-0.0246415422634552,0.1566558171010256,0.21309968957522885,0.41999999999999993
1733715093.2463884,0.8868625971274605,-0.026626395399645328,0.1634785399953323,0.22799999999999998,0.4159999999999999
1733715093.3463883,0.8868319877969497,-0.029866138695300633,0.16529912453113838,0.2244361352197519,0.42156386478024804
1733715093.4463882,0.8829083513294568,-0.03184399304299307,0.16375134584545184,0.21498487207491923,0.42949243603745957
1733715093.5463881,0.8793602076135353,-0.03109754222109737,0.1629787814648079,0.21864961315672213,0.42799999999999994
1733715093.646388,0.873797836346021,-0.028483572625932884,0.15443302706620166,0.2204763356964632,0.42999999999999994
1733715093.746388,0.8710411734619632,-0.02838879174264076,0.14928111354680512,0.20999999999999996,0.4375563304825543
1733715093.8463879,0.8704588587591691,-0.030113933722765468,0.15783168541937345,0.21340156348279268,0.44199999999999995
1733715093.9463878,0.8710960058586004,-0.032571718116302883,0.17075428305625745,0.221478745348219,0.44199999999999995
1733715094.0463877,0.8721906939676923,-0.033636408667854244,0.17532411941540735,0.22135397757608113,0.4453539775760811
1733715094.1463876,0.8716013973668715,-0.03439038537311945,0.16887642090536636,0.20799999999999996,0.44999999999999996
1733715094.2463875,0.8702339223242959,-0.03478491714932836,0.1644257723525741,0.20999999999999996,0.44999999999999996
1733715094.3463874,0.8689344748070924,-0.034879548846621734,0.16085763812094062,0.2174292950306626,0.44599999999999995
1733715094.4463873,0.8673235626884797,-0.03306547126428621,0.16070221576947796,0.22199999999999998,0.4475426682815675
1733715094.5463872,0.8689514547778312,-0.028893147547025256,0.15980112915461217,0.23900927183605974,0.45399999999999996
1733715094.646387,0.8732440937762928,-0.02554641656996675,0.15598014225489523,0.25546013049252264,0.45199999999999996
1733715094.746387,0.8787685429216334,-0.023845687249457695,0.15105299288553772,0.23585760529504313,0.46399999999999997
1733715094.846387,0.8810793892677361,-0.02182687766618915,0.1532448156872101,0.256,0.45399999999999996
1733715094.9463868,0.8808612592113518,-0.02125407022667059,0.15828048130110167,0.262,0.45999999999999996
1733715095.0463867,0.880076022706409,-0.020866874881919868,0.16202708452363954,0.264,0.46599999999999997
1733715095.1463866,0.8802815901949808,-0.02122680492019578,0.1595569631762681,0.266,0.46599999999999997
1733715095.2463865,0.8816584679985721,-0.02133392244476924,0.15749939072272312,0.2595838216003498,0.46199999999999997
1733715095.3463864,0.8788348513785266,-0.018733396270053673,0.1633843989436576,0.15285142556778009,0.37742571278389014
1733715095.4463863,0.8512692376440704,-0.0177936671596931,0.17307190162985173,0.0,0.26288006344303694
1733715095.5463862,0.8190850696917947,-0.021898251744994518,0.17429746566192497,0.0,0.1343389338131679
1733715095.6463861,0.7792300699064174,-0.03040428622759635,0.14529572511834057,0.0,0.0
1733715095.746386,0.7563335608282785,-0.036450726298106396,0.11653838343197345,0.07719872355129176,0.0
1733715095.846386,0.7356632440222057,-0.040404807862961134,0.10002747015892229,0.258967904175766,0.17294222751637872
1733715095.9463859,0.7350962965901111,-0.040267674598189876,0.08221228657873421,0.26041022574375844,0.3310085214531321
1733715096.0463858,0.7508471138394788,-0.034390061498990696,0.0575028539711983,0.3031450330464869,0.3569278050700852
1733715096.1463857,0.7719533506871679,-0.023436324966078812,0.05952173672143028,0.3438433618701206,0.38076539766678497
1733715096.2463856,0.7966754370247806,-0.014474123720164092,0.06443045281802441,0.3845416906937544,0.4046029902634847
1733715096.3463855,0.8085232961808259,-0.01232950651365381,0.05691145499877002,0.4263868388907261,0.3724816589787752
1733715096.4463854,0.829814658983639,-0.011983839477524062,0.03128752755507426,0.4692826059944525,0.28909549488928854
1733715096.5463853,0.8417254222433015,-0.013120850653639488,0.0027191891815014743,0.5121783730981788,0.20570933079980191
1733715096.6463852,0.8511352823466184,-0.013283667816700827,-0.047648990832639876,0.5550741402019052,0.12232316671031529
1733715096.746385,0.8570770733829387,-0.011993430198790171,-0.11245439676881107,0.5979699073056315,0.03893700262082861
1733715096.846385,0.8749315875001703,-0.007237717028187196,-0.20254323563427878,0.6252486845543124,0.0
1733715096.946385,0.8912693656078103,-0.003758498959958061,-0.26333062678302027,0.6388471413014665,0.0
1733715097.0463848,0.9173001182908355,-0.00017948041014649805,-0.33587898967278396,0.6524455980486205,0.0
1733715097.1463847,0.9386399372372762,0.0011608964121929111,-0.38714159875252224,0.6660440547957746,0.0
1733715097.2463846,0.9566387450267656,0.005211734498222461,-0.4319139978464188,0.6796425115429285,0.0
1733715097.3463845,0.9655568194474038,0.008677367611519372,-0.43865014545786263,0.6840874212690484,0.0
1733715097.4463844,0.97611319498092,0.01265068914772855,-0.43224177463657204,0.6804956199924165,0.0
1733715097.5463843,0.9902749469976091,0.013173148498781121,-0.425491624223341,0.6769038187157844,0.0
1733715097.6463842,0.9996251241280482,0.0125420116643228,-0.42624069706702644,0.6733120174391525,0.0
1733715097.7463841,1.0055520523937658,0.010719570597421894,-0.4224573757972662,0.6697202161625205,0.0
1733715097.846384,1.0094467499559137,0.008496908464326621,-0.41348473815853143,0.668836045278948,0.0
1733715097.946384,1.0134380802674738,0.005662135090430214,-0.4068308396186483,0.6704405186622885,0.0
1733715098.0463839,1.0180601900795525,0.0036904592956780056,-0.40787279923586517,0.672044992045629,0.0
1733715098.1463838,1.0225178254873037,0.003058650924649653,-0.41072285612390663,0.6736494654289693,0.0
1733715098.2463837,1.0314581837567458,0.0053641429655420835,-0.410317703745601,0.6752539388123098,0.0
1733715098.3463836,1.0380705847511622,0.007176478586391412,-0.40922714768532736,0.6652992996382076,0.0
1733715098.4463835,1.047867801077713,0.010698637482111382,-0.4149884786485432,0.6452984317560927,0.0
1733715098.5463834,1.0513640352497027,0.012029924025609557,-0.42074024666449883,0.6252975638739778,0.0
1733715098.6463833,1.0565635201149512,0.015007667015276923,-0.41894430406221644,0.6052966959918629,0.0
1733715098.7463832,1.0653945334553034,0.017999913474340008,-0.4015853936738622,0.585295828109748,0.0
1733715098.846383,1.0553582095292795,0.022503893853421206,-0.3883124141293732,0.5027444823193524,0.03246308655235697
1733715098.946383,1.0296758476328511,0.02654457813624282,-0.368524689987841,0.3658768048588127,0.09311581825498683
1733715099.046383,0.9812714596547291,0.02980759270700685,-0.2985371335499255,0.2290091273982729,0.1537685499576167
1733715099.1463828,0.9372707311865704,0.02518437178921747,-0.18199748706107335,0.09214144993773316,0.21442128166024657
1733715099.2463827,0.9107891942381926,0.015705328336601872,-0.10120774713728264,-0.04472622752280664,0.27507401336287646
1733715099.3463826,0.8702662423000718,-0.0042077514950452,-0.0048791014100218345,-0.12153364648691478,0.3107104852287505
1733715099.4463825,0.842180845313157,-0.015884517738078415,0.05019549623468364,-0.14358277773184602,0.3235390706803469
1733715099.5463824,0.814483793719014,-0.026179490119227523,0.11159044372076066,-0.16563190897677726,0.3363676561319432
1733715099.6463823,0.7869784019669496,-0.036795008194840384,0.1757804884593793,-0.1876810402217085,0.34919624158353957
1733715099.7463822,0.7609899305441138,-0.04932928767048514,0.2429159786401045,-0.20973017146663975,0.36202482703513594
1733715099.8463821,0.7352334823281914,-0.061691445867401974,0.31284336165716126,-0.22596930392708597,0.36906594712983687
1733715099.946382,0.711766350161739,-0.07007068403047817,0.3633126671318544,-0.2371429675090493,0.37106124419804454
1733715100.046382,0.6827967089587379,-0.08077723678730865,0.4171848930652824,-0.24831663109101262,0.37305654126625226
1733715100.1463819,0.6466355158793626,-0.09249109447488016,0.46311122302658136,-0.25949029467297596,0.37505183833445993
1733715100.2463818,0.6154544103015153,-0.10440513696366296,0.5004851125278665,-0.2706639582549393,0.37704713540266765
1733715100.3463817,0.5640483342802866,-0.12050513878142595,0.5373570382111277,-0.27767107257451057,0.3775822318563723
1733715100.4463816,0.5315182843891922,-0.13030536747313526,0.5525864462501701,-0.28086963584056374,0.376782591039859
1733715100.5463815,0.4977444838939731,-0.1375894186371567,0.5822631041184961,-0.2840681991066169,0.37598295022334577
1733715100.6463814,0.46285674552367206,-0.14156118929727027,0.6087924502952377,-0.28726676237267007,0.37518330940683253
1733715100.7463813,0.4277163200053438,-0.14435194801505352,0.6256386055715455,-0.29046532563872324,0.3743836685903193
1733715100.8463812,0.38801289827372965,-0.14808077070838016,0.6461173603844607,-0.23047121948841343,0.3785885870212032
1733715100.946381,0.3583464259244654,-0.15157837798590132,0.6825217490548422,-0.11219187007724418,0.38740941985864624
1733715101.046381,0.32854072500368076,-0.15372166267908247,0.7318276291767836,0.006087479333925061,0.39623025269608936
1733715101.146381,0.3148219049670508,-0.153430677979677,0.7654069822301678,0.12436682874509425,0.4050510855335324
1733715101.2463808,0.3214547861742724,-0.15094320806189132,0.7369743947730716,0.24264617815626344,0.41387191837097553
1733715101.3463807,0.3305127110019056,-0.1505926925902801,0.6904732661943566,0.306936962709731,0.42034063309064373
1733715101.4463806,0.35849053429939914,-0.14727225937012473,0.5877345574680464,0.323735520876543,0.424740255467666
1733715101.5463805,0.3821138533844708,-0.14448024307276672,0.5109584809853567,0.3405340790433551,0.4291398778446882
1733715101.6463804,0.4179345242694857,-0.14209708220087755,0.417216126780761,0.35733263721016717,0.4335395002217104
1733715101.7463803,0.44795267255368726,-0.1410186515332393,0.35722640883782747,0.3741311953769792,0.43793912259873263
1733715101.8463802,0.4857234367363974,-0.13671628351712717,0.30473694346855623,0.3841216797011605,0.43724181638849113
1733715101.9463801,0.5253647415987602,-0.12533997233563127,0.26160725808641294,0.38811296117343264,0.43205315047453735
1733715102.04638,0.5597468377561695,-0.11101000766925692,0.2211901620270186,0.3921042426457048,0.42686448456058357
1733715102.14638,0.5966607500673061,-0.08781151189189842,0.1713914431103756,0.39609552411797694,0.4216758186466298
1733715102.2463799,0.6196864513868594,-0.07051717623274664,0.13703638859758954,0.4000868055902491,0.416487152732676
1733715102.3463798,0.6507536820358677,-0.04710052693609885,0.08344180256107248,0.40930193948953153,0.4112878510467453
1733715102.4463797,0.6667964248669823,-0.038969226669418204,0.05712102553231426,0.4233264220638369,0.4060787575191462
1733715102.5463796,0.7031399846465092,-0.027156542309924196,0.0031165480025441197,0.4373509046381423,0.40086966399154705
1733715102.6463795,0.7295208071289594,-0.02031421405553111,-0.027939013269951293,0.4513753872124477,0.39566057046394787
1733715102.7463794,0.7476003973948033,-0.014504919767225306,-0.04642374924261798,0.4653998697867531,0.39045147693634874
1733715102.8463793,0.7700806757345064,-0.007069456550844748,-0.057695348199741495,0.4671386232769067,0.39074773466957435
1733715102.9463792,0.7862570670347938,-0.001155330738882646,-0.05807441404377144,0.45795556059015197,0.39593816140556615
1733715103.046379,0.8041793284790898,0.006640675270561518,-0.05639454286244615,0.44877249790339724,0.40112858814155794
1733715103.146379,0.8167469429159314,0.011187685055532703,-0.050438138668164295,0.43958943521664257,0.40631901487754973
1733715103.246379,0.8335622386114551,0.013149388375561684,-0.036231015602417906,0.43040637252988784,0.4115094416135415
1733715103.3463788,0.8428009002124647,0.010744379739830265,-0.02671703980053042,0.42287860477759703,0.41483237205930734
1733715103.4463787,0.8555441845174746,0.005511235061332575,-0.026477505312308747,0.4168778035834362,0.4164325857110836
1733715103.5463786,0.8702114131825314,0.0020203659400219844,-0.035745130347983024,0.4108770023892754,0.4180327993628598
1733715103.6463785,0.8877175703478964,0.001179091385427229,-0.04757500109467026,0.4048762011951145,0.419633013014636
1733715103.7463784,0.8988409655668517,0.003597678843099741,-0.05069707190103948,0.39887540000095373,0.4212332266664123
1733715103.8463783,0.9099107589124575,0.009350340862409958,-0.04454518651789481,0.3962087927264906,0.42241758545298136
1733715103.9463782,0.9192061697203807,0.013256195486870192,-0.03753737830160225,0.3966096768258443,0.42321935365168867
1733715104.0463781,0.9312716091538691,0.013352336602457026,-0.03275467662715256,0.39701056092519793,0.424021121850396
1733715104.146378,0.9404472353035951,0.010735269375533853,-0.028021336840764615,0.3974114450245516,0.4248228900491033
1733715104.246378,0.9493355747862102,0.006434836890218508,-0.016872243379270103,0.39781232912390524,0.4256246582478106
1733715104.3463778,0.9547031289046278,0.0026763151658356224,-0.009905871905728565,0.3810602965615334,0.4294748109617367
1733715104.4463778,0.9585277568784074,-0.0020006448924163875,-0.0015846164266148826,0.3492102187265436,0.43600816026122174
1733715104.5463777,0.9610001832047063,-0.00535824114097128,0.0023963496070231655,0.32000000000000006,0.44199999999999995
1733715104.6463776,0.9652139382875543,-0.007801210003488784,0.013246173820330862,0.30702450448887547,0.44348774775556227
1733715104.7463775,0.9686630336383476,-0.007964485735903366,0.030769818699387257,0.28949740034662047,0.44799999999999995
1733715104.8463774,0.9703605340100275,-0.005837249295153,0.0546687994784408,0.21199999999999997,0.45199999999999996
1733715104.9463773,0.9649807605703826,-0.00510755202970623,0.08702075144052052,0.1279999999999999,0.45999999999999996
1733715105.0463772,0.9580859165049803,-0.006479703298052882,0.11478472121640876,0.0,0.4613591287236737
1733715105.146377,0.9466353200310899,-0.009766617824996533,0.14829985083905575,0.0,0.46599999999999997
1733715105.246377,0.9369810738665357,-0.015874055731046235,0.18335289735726457,0.0,0.476
1733715105.346377,0.9275026978361883,-0.02559007317113726,0.21763594530082034,-0.11266759107026127,0.48333351821405224
1733715105.4463768,0.9169109338357676,-0.033727537175695335,0.238402196972173,-0.13787094074322062,0.484
1733715105.5463767,0.9030319682647578,-0.046916807804359216,0.2713799895668222,-0.15400000000000003,0.48
1733715105.6463766,0.8893007434384702,-0.0586661916640316,0.3074166702777117,-0.14,0.48
1733715105.7463765,0.8736453965818131,-0.07404022645256114,0.3578276822018571,-0.14,0.48
1733715105.8463764,0.8613146720757803,-0.08218330845551866,0.3922880761625839,-0.15000000000000002,0.484
1733715105.9463763,0.8420046345017095,-0.08939500349219102,0.4314380216663655,-0.15600000000000003,0.484
1733715106.0463762,0.8270497971376204,-0.09688060006074375,0.45816942569708724,-0.16747396974892043,0.484
1733715106.1463761,0.8084987365251035,-0.10755497673650025,0.484482631993097,-0.16400000000000003,0.486
1733715106.246376,0.7898333689878371,-0.12116370733406874,0.5001010739828907,-0.15200000000000002,0.474
1733715106.346376,0.7723728258725188,-0.1307948159234629,0.5125900016141197,-0.16000000000000003,0.478
1733715106.4463758,0.7451292467765376,-0.13993691073285167,0.5254284419557015,-0.14800000000000002,0.482
1733715106.5463758,0.7246776349418682,-0.14544630062490221,0.5376315872519796,0.0,0.488
1733715106.6463757,0.7110497284793942,-0.14833087711190737,0.5411025350549546,0.0,0.488
1733715106.7463756,0.7009231895462388,-0.14418766291533092,0.508383701091672,0.0,0.49334848395411524
1733715106.8463755,0.6952765008401232,-0.13978746034370412,0.48408147584037026,0.0,0.486
1733715106.9463754,0.6861054581041622,-0.13290633981341085,0.4534445470108745,0.15599999999999992,0.478
1733715107.0463753,0.6841505794823243,-0.12625843731694059,0.43221299017667725,0.1873872372318783,0.478
1733715107.1463752,0.6895065205945679,-0.11740773493663614,0.3847874899339798,0.17999999999999994,0.48
1733715107.246375,0.6963041806014931,-0.10936052687401265,0.3387199824072436,0.18199999999999994,0.48
1733715107.346375,0.7025932632137454,-0.10008817783978102,0.2968084548896524,0.19199999999999995,0.48
1733715107.446375,0.709666198371622,-0.09160335580146906,0.2731781017022352,0.20094243612848506,0.47747121806424253
1733715107.5463748,0.7156381553250706,-0.0827512999700605,0.253676066291231,0.21751182919792264,0.478
1733715107.6463747,0.7232440433971775,-0.07051566260994355,0.2291650302280346,0.252,0.476
1733715107.7463746,0.7324619265371133,-0.06176935052346232,0.2015253566935197,0.258,0.476
1733715107.8463745,0.7410915083139858,-0.05627530645722796,0.18242501084689,0.28200000000000003,0.478
1733715107.9463744,0.7530000626111216,-0.05043303222818532,0.16725208036059963,0.29335944416873455,0.478
1733715108.0463743,0.7683191798647545,-0.045224186244526204,0.15356389900480027,0.3414875489487892,0.47451245105121087
1733715108.1463742,0.78298675880151,-0.042246379403998065,0.13851984259094213,0.3340000000000001,0.478
1733715108.2463741,0.7981950763099337,-0.039332008828482194,0.11838206665336082,0.3420000000000001,0.478
1733715108.346374,0.815867469930803,-0.03884493990015496,0.10404597084674101,0.3560000000000001,0.478
1733715108.446374,0.8298714253336423,-0.03928053994487257,0.09270193614236327,0.3580000000000001,0.4765238547558395
1733715108.5463738,0.8441492179605992,-0.0388550701621214,0.07676216778649861,0.3540000000000001,0.474
1733715108.6463737,0.8601821779420903,-0.03663392190431688,0.06285340097805057,0.3740000000000001,0.46799999999999997
1733715108.7463737,0.8747931109395941,-0.032581652543877807,0.05178289687476913,0.3680000000000001,0.47
1733715108.8463736,0.8848334907619296,-0.02816312738564748,0.051182421187585876,0.3620000000000001,0.474
1733715108.9463735,0.8939643963511419,-0.021824783160279675,0.05536742820717027,0.3540000000000001,0.476
1733715109.0463734,0.9026794946765184,-0.017580033739286707,0.06175636710304732,0.34928946020440527,0.476
1733715109.1463733,0.9152135803274253,-0.015754506788336804,0.07144746091074208,0.3380000000000001,0.478
1733715109.2463732,0.9245083544433569,-0.016834847680130834,0.08496293711590815,0.3360000000000001,0.482
1733715109.346373,0.9372174080867086,-0.02070260388908218,0.10202686498021149,0.32800000000000007,0.486
1733715109.446373,0.9464728262858134,-0.025657066072523806,0.10109957622951884,0.32200000000000006,0.492
1733715109.546373,0.954550383281659,-0.02979756144947507,0.09560212691045068,0.32200000000000006,0.492
1733715109.6463728,0.9609959604513975,-0.03513471554313483,0.08771312331628435,0.32200000000000006,0.494
1733715109.7463727,0.9674236730410438,-0.03611978909334978,0.08845166639282909,0.3320000000000001,0.494
1733715109.8463726,0.9729089146029524,-0.03285586339438733,0.09010003181730203,0.3360000000000001,0.496
1733715109.9463725,0.9792717590937647,-0.027804431468751174,0.08876545334958082,0.3400000000000001,0.496
1733715110.0463724,0.9847004273196787,-0.023724400496136267,0.08729173169276837,0.3480000000000001,0.496
1733715110.1463723,0.9929239634803955,-0.021053999017480406,0.09241071858115196,0.3500000000000001,0.496
1733715110.2463722,0.9988190240873203,-0.02143427956173084,0.09999526996889549,0.37565045377197953,0.496
1733715110.3463721,1.0128731311850314,-0.027617916265728126,0.10290642960881062,0.3839999999999999,0.496
1733715110.446372,1.0209994636113597,-0.03305636886087143,0.09370780876730962,0.3819999999999999,0.496
1733715110.546372,1.0285624026015894,-0.03610988261698472,0.08143290817034647,0.3839999999999999,0.496
1733715110.6463718,1.0358268959219707,-0.03745116091087418,0.07225306115184886,0.3859999999999999,0.496
1733715110.7463717,1.0413750056831035,-0.036420187187945485,0.06261716453073149,0.3859999999999999,0.496
1733715110.8463717,1.0438434836170105,-0.034187738721671954,0.055679206731662406,0.3879999999999999,0.494
1733715110.9463716,1.0445138528539712,-0.03091382754058399,0.052343230205233564,0.3919999999999999,0.492
1733715111.0463715,1.0465661885064774,-0.028913655223349984,0.05318811668808935,0.3939999999999999,0.49
1733715111.1463714,1.0495584790767711,-0.029126136735313172,0.05350105100735311,0.3959999999999999,0.49
1733715111.2463713,1.0538682804285902,-0.02947904636824268,0.05264725169435122,0.3959999999999999,0.49
1733715111.3463712,1.0622772049984388,-0.032679994422245916,0.05039688028850223,0.3959999999999999,0.49
1733715111.446371,1.0705526266608718,-0.03655540162923522,0.05328298879244698,0.3979999999999999,0.49
1733715111.546371,1.078210821343426,-0.04011030762934176,0.05297805922130594,0.4019999999999999,0.49
1733715111.646371,1.0867551268835038,-0.04253752859941947,0.04735456746301062,0.4059999999999999,0.488
1733715111.7463708,1.0923236330217074,-0.0424809757101764,0.04002795401964035,0.44999999999999996,0.46799999999999997
1733715111.8463707,1.0993625643640021,-0.04040145528429153,0.028143178520779334,0.484,0.4019999999999999
1733715111.9463706,1.0995856282430336,-0.03722220372687012,0.006742993396499227,0.5069765187928453,0.3090704436214641
1733715112.0463705,1.0928340956699896,-0.03479179083116833,-0.030447384249038943,0.534,0.21199999999999997
1733715112.1463704,1.08680965479142,-0.03256731817838963,-0.07204695935966572,0.56,0.1499999999999999
1733715112.2463703,1.0814271811001794,-0.02806252597953063,-0.13537695354276688,0.5720000000000001,0.0
1733715112.3463702,1.0743070137887525,-0.021804742369681135,-0.1966394560246204,0.5820000000000001,0.0
1733715112.4463701,1.0708804374620426,-0.014619975254234268,-0.22828078018842984,0.5860000000000001,0.0
1733715112.54637,1.0691733089239652,-0.01050806851669027,-0.24865523047441965,0.5940000000000001,0.0
1733715112.64637,1.0702190462888115,-0.007776486357783467,-0.27913287045652985,0.5980000000000001,0.0
1733715112.7463698,1.0728993207475064,-0.005366200648762278,-0.2996882970018361,0.6000000000000001,0.0
1733715112.8463697,1.0753631978179385,-0.001598450192092247,-0.31571773956155635,0.6000000000000001,0.0
1733715112.9463696,1.077139751297604,0.0016289312797273135,-0.3254761080740676,0.6020000000000001,0.0
1733715113.0463696,1.076963164010103,0.0050845878103942714,-0.33554497998216987,0.6020000000000001,0.0
1733715113.1463695,1.073644341537785,0.00708252696170286,-0.3420155575356738,0.6040000000000001,0.0
1733715113.2463694,1.0665182961542248,0.008708406741227463,-0.3475113529144051,0.6060000000000001,0.0
1733715113.3463693,1.0604457162694156,0.0108474928486349,-0.3518577095916624,0.6100000000000001,0.0
1733715113.4463692,1.0560189263207345,0.012889260651459844,-0.3573141712157739,0.6120000000000001,0.0
1733715113.546369,1.0517751163432054,0.017103806581562783,-0.36165748159674727,0.6100000000000001,0.0
1733715113.646369,1.0492248230318502,0.021620389275826296,-0.361116024385004,0.6120000000000001,0.0
1733715113.746369,1.0445845179731197,0.02468403768203052,-0.35625720286857915,0.6100000000000001,0.0
1733715113.8463688,1.0417953054058582,0.026187743867350444,-0.3510088108070826,0.6120000000000001,0.0
1733715113.9463687,1.0432184447265564,0.028114036763298583,-0.3531903061762956,0.6120000000000001,0.0
1733715114.0463686,1.044066813465866,0.029362823707926734,-0.35803579688136905,0.6120000000000001,0.0
1733715114.1463685,1.044530520593693,0.02970707863367719,-0.36201968494863773,0.6120000000000001,0.0
1733715114.2463684,1.043683848139853,0.029813724990870687,-0.362857176446895,0.6120000000000001,0.0
1733715114.3463683,1.042973372269804,0.032529433210438184,-0.3623205877888677,0.6120000000000001,0.0
1733715114.4463682,1.0389324905644786,0.03554014204034081,-0.36154096610491676,0.6120000000000001,0.0
1733715114.5463681,1.03478439082204,0.03843023450236119,-0.3587020624186029,0.6120000000000001,0.0
1733715114.646368,1.0319085455021328,0.03917909616422902,-0.3548536391629235,0.6120000000000001,0.0
1733715114.746368,1.0273226808772957,0.03749038386296506,-0.34900215757759506,0.6120000000000001,0.0
1733715114.8463678,1.0245954188768625,0.03417693675840503,-0.34493733766916734,0.6140000000000001,0.0
1733715114.9463677,1.0208954905516747,0.028584387046537235,-0.3434915254162756,0.6140000000000001,0.0
1733715115.0463676,1.0159141413155577,0.02481998042769196,-0.34705581897234034,0.6160000000000001,0.0
1733715115.1463675,1.0140983518177848,0.02359264673398028,-0.35070057949507993,0.6180000000000001,0.0
1733715115.2463675,1.0145470376751606,0.025581852776565384,-0.35743197389339104,0.6220000000000001,0.0
1733715115.3463674,1.0173295040895924,0.028943729440952033,-0.36719259816137617,0.6220000000000001,0.0
1733715115.4463673,1.0217001871123894,0.03171059851259854,-0.37532391475210436,0.6220000000000001,0.0
1733715115.5463672,1.02470399692771,0.03251669893307903,-0.3786233873786083,0.6220000000000001,0.0
1733715115.646367,1.0265170676481297,0.03348227313531245,-0.37688953274448284,0.6220000000000001,0.0
1733715115.746367,1.0278455957727153,0.034394061141274,-0.3760724587036915,0.6220000000000001,0.0
1733715115.846367,1.029209663507203,0.03471715296655209,-0.37492985495918335,0.6220000000000001,0.0
1733715115.9463668,1.028043146881449,0.035615360266364665,-0.37351177012653997,0.6220000000000001,0.0
1733715116.0463667,1.025595341212604,0.03588534418706429,-0.37177150483460486,0.6180000000000001,0.0
1733715116.1463666,1.015584514072511,0.03438555548513683,-0.3710834606322252,0.6100000000000001,0.1319999999999999
1733715116.2463665,1.011516666250198,0.03180671515111885,-0.37268544200442993,0.6080000000000001,0.17599999999999993
1733715116.3463664,1.0134375322107616,0.028268975410234428,-0.35418609696800074,0.6080000000000001,0.20999999999999996
1733715116.4463663,1.0170783020717937,0.02429640697219515,-0.3221340346803936,0.6080000000000001,0.21999999999999997
1733715116.5463662,1.0212280512554384,0.02122657357891799,-0.28728510714442734,0.6080000000000001,0.258
1733715116.6463661,1.0278719437407715,0.01847357760763208,-0.26067228426021255,0.6080000000000001,0.276
1733715116.746366,1.0326221502571646,0.013992198888198405,-0.24687762577325628,0.6060000000000001,0.28800000000000003
1733715116.846366,1.0365826533914257,0.009196874886009843,-0.2366173374896969,0.5680000000000001,0.31400000000000006
1733715116.9463658,1.033892981953516,0.0030766899245404677,-0.21322092889472286,0.508,0.3600000000000001
1733715117.0463657,1.026898404626788,-0.0016129556170579144,-0.16472600843460972,0.472,0.3879999999999999
1733715117.1463656,1.0242214515575834,-0.00476578200294513,-0.12605475330820406,0.46199999999999997,0.4019999999999999
1733715117.2463655,1.025171650011976,-0.009300001047205983,-0.08562335417609256,0.45999999999999996,0.4099999999999999
1733715117.3463655,1.0297009452106074,-0.01163698350608165,-0.05443668107836471,0.45799999999999996,0.4159999999999999
1733715117.4463654,1.0300321202568645,-0.013944878077958594,-0.03939444096975341,0.44999999999999996,0.42531963578780674
1733715117.5463653,1.0318605523390252,-0.015583481380202385,-0.029063971068903387,0.44999999999999996,0.44147776999824956
1733715117.6463652,1.0391010207107727,-0.01675565256211276,-0.01787212440847515,0.46199999999999997,0.44799999999999995
1733715117.746365,1.0464723519829693,-0.01715131210044479,-0.003084540091654038,0.46199999999999997,0.45199999999999996
1733715117.846365,1.0506495311335695,-0.01720989663242019,0.003999036159507018,0.46199999999999997,0.45399999999999996
1733715117.9463649,1.0547799912594897,-0.01925501104949117,0.005091941583405181,0.45799999999999996,0.45799999999999996
1733715118.0463648,1.0569263520503942,-0.021875751214026302,0.006819236453559962,0.38991053010314214,0.4747263132645718
1733715118.1463647,1.0532988581368445,-0.02338272671964332,0.019996901111603613,0.29433865148721244,0.48545766856409844
1733715118.2463646,1.0407098845895402,-0.02531506084363657,0.052409212608728495,0.2168765293866167,0.498
1733715118.3463645,1.0205003745559198,-0.029211367918833036,0.10858257401374122,0.1140000000000001,0.51
1733715118.4463644,1.0081102785916143,-0.03184994239956397,0.13972502839237688,0.0,0.52
1733715118.5463643,0.9857743041443606,-0.03795480353186109,0.19293124364968187,0.0,0.528
1733715118.6463642,0.9728165564494591,-0.04301912192784806,0.22295462202363608,0.0,0.532
1733715118.746364,0.961978339186361,-0.046268904727487584,0.24508285992249562,0.0,0.534
1733715118.846364,0.9487221137833856,-0.04689061415963064,0.26431925007132706,-0.09199999999999997,0.534
1733715118.946364,0.9364664735270822,-0.04648192894006102,0.27494913090234574,-0.09199999999999997,0.534
1733715119.0463638,0.9199923180158991,-0.04557264400228709,0.2970268237955348,0.0,0.534
1733715119.1463637,0.912098610109092,-0.047083530442122115,0.3179939137841066,0.0,0.536
1733715119.2463636,0.8992708384663972,-0.05087185959934255,0.3474493178552916,0.0,0.5366923650732849
1733715119.3463635,0.8912905220780569,-0.053672373973075296,0.3598237013430515,0.0,0.536
1733715119.4463634,0.8794157657073538,-0.05550237196001247,0.3669492335526091,-0.09585792445016018,0.534
1733715119.5463634,0.8664638515480545,-0.056974454095256956,0.3690427916844361,-0.126,0.538
1733715119.6463633,0.8484411995263357,-0.0585594723711805,0.3850198566307388,-0.10599999999999998,0.538
1733715119.7463632,0.8371658918126975,-0.06102568983815536,0.4027387002710612,0.0,0.536
1733715119.846363,0.827961364158252,-0.0613115678597394,0.40733721747753965,0.1200000000000001,0.526
1733715119.946363,0.8175881673344244,-0.05950254705083693,0.3970831814786872,0.319845003838539,0.48671833205382037
1733715120.0463629,0.8251716469412552,-0.05693865615141899,0.3546389237542715,0.4078211509911797,0.44017884900882015
1733715120.1463628,0.839671591354763,-0.051508915406193435,0.273558226708378,0.457374452086199,0.36450219165520414
1733715120.2463627,0.8502740850223821,-0.03730202940688146,0.12892809312511122,0.48544594385670425,0.3211081122865915
1733715120.3463626,0.8557866993209066,-0.026549228650947537,0.04099937208311345,0.524,0.25359164993048045
1733715120.4463625,0.8583410997598306,-0.018553070032085357,-0.02730242181505823,0.5348087624209575,0.19016933152664856
1733715120.5463624,0.8552144154471365,-0.011432470934623705,-0.09368395951396513,0.534,0.1439999999999999
1733715120.6463623,0.8513457616927299,-0.006238084819577474,-0.13647751624221202,0.544,0.0
1733715120.7463622,0.8447206906651463,-0.002000356569182222,-0.18285248009849703,0.5618553494618425,0.0
1733715120.846362,0.8441499338054586,0.0017988137499270838,-0.23182793936100068,0.5800000000000001,0.0
1733715120.946362,0.8461661965011821,0.00654794715563878,-0.2770652862725918,0.5760000000000001,0.0
1733715121.046362,0.8467800804565724,0.009094279553851843,-0.2925821886386233,0.5760000000000001,0.0
1733715121.1463618,0.8487149702501045,0.012078949559112455,-0.31942934178575677,0.5874587787495952,0.0
1733715121.2463617,0.8537714626029239,0.01272635090343135,-0.3473604298199506,0.5860000000000001,0.0
1733715121.3463616,0.860110232844698,0.011861184466169891,-0.36735972190518906,0.5866832567484236,0.0
1733715121.4463615,0.8666520836494404,0.011977156897603982,-0.38248390821093314,0.5840000000000001,0.0
1733715121.5463614,0.871131762370695,0.012289472215160033,-0.39149810395179435,0.544,0.0
1733715121.6463614,0.8718787812788725,0.015514863763020114,-0.3908083718025773,0.5846858653311074,0.0
1733715121.7463613,0.8760935495070599,0.018782206242445806,-0.3904259194034005,0.5960000000000001,0.0
1733715121.8463612,0.8817631461572865,0.022798173671938236,-0.39204367075201896,0.5934683354294292,0.0
1733715121.946361,0.8864612827856116,0.024045713215196458,-0.391429247666716,0.6080000000000001,0.0
1733715122.046361,0.8898828936804335,0.024079847352868423,-0.3915617991190314,0.5773376392958954,0.0
1733715122.1463609,0.8904464043163851,0.023695515098524033,-0.3811162317906487,0.5840000000000001,0.0
1733715122.2463608,0.8901086179129297,0.02280834705398968,-0.36314194207391454,0.5474256191950465,0.0
1733715122.3463607,0.8831589317020692,0.02168242244190594,-0.3453755999517797,0.5737076147051697,0.21484213308663183
1733715122.4463606,0.8919958748587486,0.019658929244747294,-0.3372830372695322,0.5860000000000001,0.27
1733715122.5463605,0.9114093350963044,0.017702863530661642,-0.31202537068483666,0.4884482790312945,0.3851839069895684
1733715122.6463604,0.9232885615192797,0.010702287941181885,-0.22428456270346742,0.4608512730536967,0.3873069609923289
1733715122.7463603,0.9261662520177583,0.0035331492067559563,-0.1594956957799912,0.39463866364721056,0.4059999999999999
1733715122.8463602,0.9217585740530376,-0.004240110223653567,-0.09965409781155754,0.35499399864870246,0.4232515003378243
1733715122.94636,0.9171063008100849,-0.011032937865934435,-0.050063890047550554,0.3216660110399087,0.42399999999999993
1733715123.04636,0.9057650204037871,-0.015606591563595647,-0.004376910006514504,0.2579795749647425,0.43199999999999994
1733715123.14636,0.8942356319290622,-0.01564988203633359,0.03239471981513768,0.22558216571914586,0.43199999999999994
1733715123.2463598,0.8859041211203061,-0.015616446711709772,0.06539723824763409,0.21599999999999997,0.43399999999999994
1733715123.3463597,0.8794177827357457,-0.016399997162465645,0.09121536701896917,0.19933165431095762,0.43399999999999994
1733715123.4463596,0.874799754074168,-0.0184169779260709,0.10659565427913284,0.17953517056093782,0.43729296588781236
1733715123.5463595,0.8659700288857096,-0.021066336932922397,0.13570618364844583,0.12999325539568335,0.44199999999999995
1733715123.6463594,0.8593830917328185,-0.021754231283991773,0.16198428963057704,0.0,0.44999999999999996
1733715123.7463593,0.8492336482602477,-0.02233133967002704,0.19332380140283073,0.0,0.4511534206838909
1733715123.8463593,0.8429574626629799,-0.02465096221136324,0.21811731518595567,0.0,0.45999999999999996
1733715123.9463592,0.8389537525295987,-0.0277720165329108,0.23862624113517333,0.0,0.46743345597144803
1733715124.046359,0.8343052524251497,-0.029823184793504716,0.26646032619245763,0.0,0.46799999999999997
1733715124.146359,0.8296908857493813,-0.029633870924434636,0.28854211556230613,0.0,0.478
1733715124.2463589,0.8203599568359853,-0.029437674787173903,0.31244343783429734,0.0,0.47655053145147236
1733715124.3463588,0.8096180399567479,-0.030389346925833532,0.32511609217758974,0.0,0.476
1733715124.4463587,0.801710549525112,-0.03172786698709651,0.33533545525036057,0.0,0.478
1733715124.5463586,0.7941048448326259,-0.03464553105566447,0.3488875376239814,0.0,0.4793641492184538
1733715124.6463585,0.785215006199242,-0.03779798790308988,0.3587794223203399,0.16301997430690804,0.478
1733715124.7463584,0.7883911290852964,-0.040768099907294145,0.3574386127357985,0.29695333222964154,0.46399999999999997
1733715124.8463583,0.8070902079381754,-0.04259964264395595,0.3158600245934563,0.35345490203334023,0.44999999999999996
1733715124.9463582,0.8262480605040565,-0.03937609415868457,0.2457211099613599,0.3919999999999999,0.44999999999999996
1733715125.046358,0.8441892234220222,-0.033881351558974024,0.17615669511465992,0.4227676877320191,0.42646462453596157
1733715125.146358,0.8579471021647257,-0.028146428706184078,0.12627513906655888,0.40722346064082704,0.42199999999999993
1733715125.246358,0.8658495545161355,-0.02117554145521683,0.08967410456497946,0.3919999999999999,0.42399999999999993
1733715125.3463578,0.8709483009178747,-0.016825466063839764,0.07380243776937982,0.40303090530065366,0.4179999999999999
1733715125.4463577,0.87737842133984,-0.013471937044745745,0.0556448745823299,0.40858391637865626,0.4134160836213436
1733715125.5463576,0.8819056496091717,-0.011242982315064012,0.04064296589041646,0.4014142229609402,0.41858577703905964
1733715125.6463575,0.8893153259795447,-0.006379675872192536,0.03257023790745983,0.3999999999999999,0.42261180422264866
1733715125.7463574,0.8964923676272599,-0.0025978299116266113,0.03689836648883209,0.3959999999999999,0.41999999999999993
1733715125.8463573,0.9043193296403975,-0.0007056186139911554,0.04272488284047758,0.3872093278894471,0.42399999999999993
1733715125.9463573,0.9136695037353063,0.000298113532519909,0.049582786222662364,0.3833561308152924,0.42735613081529245
1733715126.0463572,0.9225013798470121,-0.002348933020624253,0.05322347164142178,0.3865567263786441,0.43199999999999994
1733715126.146357,0.9297499335204865,-0.006656428859420357,0.05868103589804275,0.3879999999999999,0.43399999999999994
1733715126.246357,0.93988779133568,-0.010443190368307759,0.06185946777244506,0.3919999999999999,0.43599999999999994
1733715126.3463569,0.9481566607312045,-0.012494459249642756,0.05894148751976871,0.3899999999999999,0.4373085254432141
1733715126.4463568,0.953786876216921,-0.01298184401008041,0.05071301817127857,0.39332026525095765,0.43799999999999994
1733715126.5463567,0.9582740588634278,-0.013696810427628346,0.038834476295853626,0.3919999999999999,0.43799999999999994
1733715126.6463566,0.9621460840261469,-0.014594080184077438,0.031205569763221693,0.3979999999999999,0.43399999999999994
1733715126.7463565,0.9690514715073796,-0.01756652451075914,0.02288535825560137,0.3919999999999999,0.4412707842710415
1733715126.8463564,0.9763759791658375,-0.020090042547023595,0.016673447087655845,0.3939999999999999,0.44534868088182145
1733715126.9463563,0.9801706527624567,-0.021249749534943498,0.016025343029716983,0.39071189528505507,0.44599999999999995
1733715127.0463562,0.9874923055456867,-0.020035805267614747,0.010567755440033433,0.39607263402707366,0.44399999999999995
1733715127.146356,0.9967589737987335,-0.018109132253187752,0.000867559315157717,0.3919999999999999,0.44599999999999995
1733715127.246356,1.0061396564316945,-0.014742061783224982,-0.009617806571449153,0.3859999999999999,0.45799999999999996
1733715127.346356,1.0144108897660322,-0.011299458987012416,-0.007250564393227501,0.39330845087499483,0.45799999999999996
1733715127.4463558,1.0252808139767664,-0.007076906461649512,0.0056767642128491315,0.3919999999999999,0.4593516949152542
1733715127.5463557,1.0309234642757972,-0.004215421056142796,0.011169192678742503,0.3861554022785869,0.46461486590713763
1733715127.6463556,1.0369128303595525,-0.0016201432622656342,0.020296455818445164,0.3979999999999999,0.4533912443144899
1733715127.7463555,1.0403674979090165,-0.0008684574406544898,0.030857031703390908,0.39665074715413984,0.44999999999999996
1733715127.8463554,1.0406459202044547,-0.0016167550282555224,0.049688226274088323,0.3959999999999999,0.4512928636166607
1733715127.9463553,1.0394749658874358,-0.006200427052303268,0.05594038435545989,0.4032842251563585,0.4487157748436414
1733715128.0463552,1.0387521293724442,-0.011795085932806773,0.051880841496698665,0.4519338908485593,0.4195578455075105
1733715128.1463552,1.041904303382777,-0.02066261469570664,0.03558967575291848,0.5054216461806823,0.36773506145795315
1733715128.246355,1.045239542782109,-0.025851193636261007,0.011566460974529869,0.5178777661112982,0.2962444677774036
1733715128.346355,1.0448445231129444,-0.02856281307741693,-0.035330930281703796,0.5533470281006326,0.2379589156981021
1733715128.4463549,1.0463862485565854,-0.026754102571404183,-0.07920680656658491,0.5812679008172437,0.20618567934620505
1733715128.5463548,1.0512323783834971,-0.021529192456720386,-0.13441405172328422,0.5840000000000001,0.19067412654669202
1733715128.6463547,1.0546702464031765,-0.016624928487146567,-0.17822008703232672,0.5723763258970328,0.1910824494019781
1733715128.7463546,1.0584718178177324,-0.013621335414705298,-0.1923799484256306,0.592767766065964,0.17199999999999993
1733715128.8463545,1.0637248783105073,-0.013104644829995654,-0.20418839373142336,0.5952969394875886,0.16999999999999993
1733715128.9463544,1.0724685077023723,-0.013491703032488377,-0.22403778334819777,0.5960000000000001,0.16799999999999993
1733715129.0463543,1.077448164898961,-0.01483272719755341,-0.23655358048726666,0.5860000000000001,0.17799999999999994
1733715129.1463542,1.0814143017488402,-0.016291302118587887,-0.24900802353988516,0.5727420494699648,0.18599999999999994
1733715129.246354,1.0831032756821075,-0.016776698395454016,-0.25290497060734096,0.5372807749925098,0.18999999999999995
1733715129.346354,1.0785178242298095,-0.01583007567744625,-0.241185993301384,0.5406806185017329,0.18999999999999995
1733715129.446354,1.0749604513086408,-0.01454884843120923,-0.23434866119659659,0.5426978075109032,0.19590657746729023
1733715129.5463538,1.07005672996592,-0.011825035700738338,-0.23538141274739632,0.53,0.22399999999999998
1733715129.6463537,1.0640508109609033,-0.009521333806229576,-0.22516559680662565,0.5366968025595227,0.22199999999999998
1733715129.7463536,1.0577155394177715,-0.008097540645915391,-0.2105560308164527,0.5147136649746193,0.22799999999999998
1733715129.8463535,1.0487858867479172,-0.0073479507230418606,-0.2009180204332263,0.508,0.23399999999999999
1733715129.9463534,1.038057316934561,-0.007842206378495396,-0.18952355893923453,0.5086584081759059,0.23399999999999999
1733715130.0463533,1.0316212692807156,-0.009984394511142882,-0.1726678795810873,0.5112125034044961,0.23399999999999999
1733715130.1463532,1.03098999722456,-0.010835666459474938,-0.16452882259581667,0.514,0.2393047515921229
1733715130.2463531,1.0312401094942751,-0.013546689825076466,-0.15939701240759052,0.5120439718580109,0.2413186760473297
1733715130.346353,1.032725148401921,-0.016655466236602988,-0.15729493199343036,0.5105404168369432,0.2387297915815284
1733715130.446353,1.0337155248658396,-0.02025483280738349,-0.15643722021251763,0.4973688638422059,0.238
1733715130.5463529,1.03365269480634,-0.023878364640178746,-0.15925670484930837,0.4927253328034969,0.24072533280349692
1733715130.6463528,1.0332560191768294,-0.02554436350229994,-0.16138362562531833,0.494580760835672,0.238709619582164
1733715130.7463527,1.0339058187505057,-0.028529287331849548,-0.16663296082455648,0.502,0.22999999999999998
1733715130.8463526,1.0368563334332237,-0.029298194184082173,-0.17417858064980368,0.5072808306201858,0.22271916937981415
1733715130.9463525,1.0374765768738712,-0.028701375416689923,-0.1840957773977868,0.5152404824948514,0.22751903501029713
1733715131.0463524,1.0376590207433007,-0.02652134773614365,-0.18881393698710877,0.5173069035676154,0.22399999999999998
1733715131.1463523,1.038801902335407,-0.024227814070181625,-0.19188102881527933,0.5126793092528082,0.23532069074719172
1733715131.2463522,1.0397132977048316,-0.021452607220478516,-0.18910041999799063,0.5086937957580207,0.242
1733715131.346352,1.0380669529445197,-0.018254936497889965,-0.1765438586302986,0.508,0.2433187383625797
1733715131.446352,1.0327416092838744,-0.01679320105551761,-0.1574533574555075,0.4994761885911088,0.252
1733715131.546352,1.026301222336198,-0.017729777296695566,-0.14496362141700472,0.506,0.26
1733715131.6463518,1.0227725501443334,-0.023405514754851225,-0.14203030254375426,0.5073365243268438,0.2693365243268438
1733715131.7463517,1.0246260193575314,-0.027794325798392517,-0.14162212840594432,0.514,0.2753742055908627
1733715131.8463516,1.0298257581325494,-0.0300107427719259,-0.13980958095750326,0.5014038779617783,0.28459612203822165
1733715131.9463515,1.033889687655775,-0.028734411640416,-0.13638669774614193,0.4753197358767425,0.29200000000000004
1733715132.0463514,1.0350127595676595,-0.0274388120421695,-0.12669475512811004,0.48936794292508917,0.28863205707491085
1733715132.1463513,1.0367231146166593,-0.028014913905126,-0.12265143464056256,0.4810392827840147,0.30384030737827944
1733715132.2463512,1.0385707682957772,-0.029506889265836597,-0.12047957884083806,0.3940651705021479,0.35065580491630877
1733715132.3463511,1.0319890987677343,-0.030237940674005273,-0.10407163422651913,0.2845186632792652,0.34062966581981635
1733715132.446351,1.01521228906744,-0.03222468361323072,-0.059435095140739344,0.2261632946246857,0.3433197254479429
1733715132.546351,1.0013090782839689,-0.033547355119400095,-0.030489623245509277,0.14669583316328605,0.3638608333673429
1733715132.6463509,0.9822617647020976,-0.034873107649691,0.008927451522438167,0.0,0.3793324352964419
1733715132.7463508,0.9586381996752279,-0.037438191254093645,0.06414923361091976,0.0,0.4013049197473751
1733715132.8463507,0.9403011562469086,-0.04279183284014343,0.12030939695272973,0.0,0.40263663311985354
1733715132.9463506,0.9247876410998666,-0.04969890211076504,0.1497216273659656,0.0,0.3959999999999999
1733715133.0463505,0.9097739715617371,-0.05710195556313979,0.17317398716921306,0.0,0.4043599712023037
1733715133.1463504,0.8950677772616589,-0.06478603311668682,0.19647011385168262,0.0,0.4059999999999999
1733715133.2463503,0.8848326788165436,-0.06938765022280871,0.2159640714630235,0.0,0.39346305711709284
1733715133.3463502,0.8700015761523535,-0.07486450608893856,0.23384252873072284,0.0,0.3959999999999999
1733715133.44635,0.8581010939919298,-0.07901839142269393,0.24386282131493073,0.09800000000000009,0.3979999999999999
1733715133.54635,0.8460225066772211,-0.08406430074289815,0.25382973053800334,0.09672677877369724,0.4034535575473942
1733715133.64635,0.839083039580609,-0.0868787949747221,0.2521392238805742,0.0,0.4006898496613905
1733715133.7463498,0.8275671359138902,-0.0878863869056041,0.24483875443506564,0.0,0.3979999999999999
1733715133.8463497,0.8119915311654896,-0.08687153676445025,0.2303059194008307,0.1060000000000001,0.3979999999999999
1733715133.9463496,0.8045659011857033,-0.08324708563461036,0.22474970582462556,0.10348280675540186,0.401258596622299
1733715134.0463495,0.7995381359098486,-0.07880385779260086,0.22133703608130656,0.08746128601764275,0.40275232283894136
1733715134.1463494,0.7884037356771868,-0.07216803224430064,0.2207946710362738,0.05225737139403914,0.40486455771635754
1733715134.2463493,0.7753966628236229,-0.06672295550109363,0.223549314718946,0.017053456770435543,0.4069767925937738
1733715134.3463492,0.762268607169205,-0.0637257467895291,0.22802038864366808,0.02393193541955063,0.4024296357213114
1733715134.4463491,0.7503705021160131,-0.06162771271731697,0.24259607350505596,0.07034937668208066,0.39162557611710186
1733715134.546349,0.7413871481487752,-0.06173114214135685,0.25819986594747296,0.1167668179446107,0.38082151651289237
1733715134.646349,0.7312025379722445,-0.06428439403228335,0.27259194380798346,0.16318425920714075,0.3700174569086828
1733715134.7463489,0.7274224125025774,-0.06914903965580084,0.2680786767684755,0.20960170046967078,0.35921339730447327
1733715134.8463488,0.7305558491376031,-0.07116356263590089,0.23827142075438631,0.23096536535276768,0.35255151149387487
1733715134.9463487,0.7318770461806815,-0.06887663169399962,0.20587637886982604,0.2289659145188647,0.3497522803264107
1733715135.0463486,0.7321639598740294,-0.0649644964182769,0.17468206573615197,0.2269664636849617,0.3469530491589465
1733715135.1463485,0.7332246903570435,-0.061274989016259315,0.1528383266852789,0.2249670128510587,0.3441538179914823
1733715135.2463484,0.7339617465868482,-0.05776099766766199,0.13541419956615114,0.2229675620171557,0.3413545868240181
1733715135.3463483,0.7348290809585162,-0.05465453793506468,0.12599947662390484,0.2234457511974505,0.33607581817834864
1733715135.4463482,0.7371596877745588,-0.05088023927125767,0.11445657503284067,0.22624712707287747,0.32847208365933256
1733715135.546348,0.74149201442959,-0.04524185405910058,0.10934013601855701,0.22904850294830448,0.3208683491403165
1733715135.646348,0.7473099693413159,-0.03717913387419975,0.10507916815553243,0.23184987882373145,0.31326461462130034
1733715135.746348,0.7473733232074271,-0.03344088610944196,0.090922379624024,0.23465125469915843,0.30566088010228426
1733715135.8463478,0.7443945192615601,-0.0323129925893355,0.06906255268657795,0.2378657586148556,0.30200000000000005
1733715135.9463477,0.7416022151171625,-0.033638572527366135,0.05415009731213947,0.24146384560577427,0.30200000000000005
1733715136.0463476,0.7389762162566292,-0.03544127360885037,0.051462650933063715,0.24506193259669298,0.30200000000000005
1733715136.1463475,0.7386786789699954,-0.036053269742122265,0.05533755016416127,0.24866001958761166,0.30200000000000005
1733715136.2463474,0.7378065095305499,-0.03442279718233309,0.05518997955614161,0.25225810657853037,0.30200000000000005
1733715136.3463473,0.7387896884483601,-0.03034632890386596,0.04795270657575908,0.256270209819291,0.304889357951825
1733715136.4463472,0.7409355818515985,-0.02749320189768847,0.03972193898281543,0.26067083513762535,0.31049015381152323
1733715136.5463471,0.7446636799655135,-0.02592881761046285,0.03598049012888885,0.2650714604559597,0.3160909496712215
1733715136.646347,0.7501001798402348,-0.026478805117178855,0.029608494800880743,0.26947208577429405,0.3216917455309197
1733715136.746347,0.757967854259986,-0.02625788661703508,0.030009853767599504,0.2738727110926284,0.32729254139061803
1733715136.8463469,0.7645435355297585,-0.02541498354011511,0.030023829146941027,0.28261396997977256,0.32627964188637804
1733715136.9463468,0.7720628196622216,-0.024321539532730693,0.02986444058301366,0.2954170041489937,0.31907793516619115
1733715137.0463467,0.784211996111531,-0.02365198833810121,0.031163287643719048,0.3082200383182149,0.3118762284460042
1733715137.1463466,0.7951080014813696,-0.02383908871541511,0.029959257823844915,0.321023072487436,0.3046745217258173
1733715137.2463465,0.8044063533397161,-0.025933690233709665,0.021396025980487104,0.33382610665665713,0.29747281500563044
1733715137.3463464,0.8135333557634483,-0.027744248584097204,-0.0038128127624084797,0.34041412654894393,0.28157620353168494
1733715137.4463463,0.816821499989783,-0.02715796796352129,-0.02079934152591775,0.34121394005355554,0.2575817983933365
1733715137.5463462,0.8178970980967936,-0.024509503969944807,-0.0400137265680643,0.34201375355816716,0.2335873932549881
1733715137.646346,0.8194278100870735,-0.02300573835316598,-0.057391744034987716,0.34281356706277877,0.20959298811663968
1733715137.746346,0.8206047867909082,-0.020446982790721022,-0.07756630770837386,0.3436133805673904,0.18559858297829124
1733715137.846346,0.8205321253612925,-0.01921628410388736,-0.08606305061064265,0.34751173107824107,0.16821597234172062
1733715137.9463458,0.8210081736427994,-0.01807050729111866,-0.09854117504992749,0.3543093357179527,0.15701991764101914
1733715138.0463457,0.8226825161713159,-0.018629506922448257,-0.11633349144893866,0.3611069403576643,0.14582386294031766
1733715138.1463456,0.8248706649194044,-0.020186064692061773,-0.1351738344812549,0.3679045449973759,0.13462780823961618
1733715138.2463455,0.828628101070618,-0.020871796280761256,-0.15486037302437558,0.3747021496370875,0.12343175353891468
1733715138.3463454,0.831289354088631,-0.020274804302078037,-0.1700668399332912,0.3817102026966079,0.10583878005000727
1733715138.4463453,0.8332028189304812,-0.01785865157221614,-0.1751235892764424,0.3889165632208099,0.08221793166512281
1733715138.5463452,0.8357239367518782,-0.012222647475922348,-0.19299573236159395,0.39612292374501196,0.058597083280238334
1733715138.6463451,0.8342186699004176,-0.007255933339292883,-0.21560401373343133,0.403329284269214,0.03497623489535387
1733715138.746345,0.8337984309967241,-0.0032238378917005084,-0.2340730888350964,0.41053564479341603,0.011355386510469398
1733715138.846345,0.8338825381832548,0.0018213743964100827,-0.24934376635600244,0.41296244122509057,0.0
1733715138.9463449,0.8333326106009141,0.0050754187340939765,-0.2540289018183057,0.41096430868320377,0.0
1733715139.0463448,0.8329279259286357,0.007815565657608613,-0.25829894436296824,0.408966176141317,0.0
1733715139.1463447,0.8304266843808574,0.008696195066313727,-0.2693372230618278,0.4069680435994302,0.0
1733715139.2463446,0.8278051745630662,0.00840323634890217,-0.27897185112544176,0.4049699110575434,0.0
1733715139.3463445,0.8260089179900656,0.009296255881334358,-0.2862962088294118,0.40615312866299214,0.0
1733715139.4463444,0.8251529289044554,0.011504455249681553,-0.2885210405642007,0.4139999999999999,0.0
1733715139.5463443,0.8250366783552394,0.014185424358109053,-0.29569311311976093,0.4128111965811965,0.0
1733715139.6463442,0.823716050000698,0.018173049234037706,-0.3048390725538071,0.4149237791508869,0.0
1733715139.746344,0.8210209089842756,0.02063453675275253,-0.3117638652821982,0.4159999999999999,0.0
1733715139.846344,0.8183919968290245,0.02209321044640011,-0.3164580519969528,0.41868857411261945,0.0
1733715139.946344,0.8140913487548206,0.023859603574646802,-0.3215695601412866,0.4179999999999999,0.0
1733715140.0463438,0.8100738114370726,0.02567252679530441,-0.32532514702265053,0.4132886033409113,0.0
1733715140.1463437,0.8050882119451427,0.028168519001351082,-0.3279535522878045,0.4073167156794099,0.0
1733715140.2463436,0.8004910428789637,0.030537359097928547,-0.3282778540182882,0.4139999999999999,0.0
1733715140.3463435,0.7987350096992064,0.033516576003689645,-0.3180780291227106,0.44587688108452367,0.0
1733715140.4463434,0.8004433674961998,0.033140454479539505,-0.3133657421612179,0.44534868207550565,0.0
1733715140.5463433,0.8015654082892217,0.030398602241305927,-0.3161324956683334,0.4385186973859104,0.0
1733715140.6463432,0.8012320260154947,0.028232457576097453,-0.3234212682133911,0.47134409969950036,0.0
1733715140.7463431,0.8049331129858762,0.026845751321372464,-0.33264059968879034,0.472,0.0
1733715140.846343,0.8085767736898646,0.028484546096242104,-0.34015271216345483,0.474,0.0
1733715140.946343,0.8105923888439182,0.030818844457503256,-0.34492984095164164,0.46331098383978403,0.0
1733715141.0463428,0.8107934714747873,0.032047488728077105,-0.3487841290558415,0.43199999999999994,0.0
1733715141.1463428,0.8081405098090227,0.033375037153162625,-0.34901803343155213,0.4487134440278521,0.0
1733715141.2463427,0.8059864163437681,0.03538604155739042,-0.34656743851314276,0.4367320231124509,0.0
1733715141.3463426,0.7993305517696516,0.03960783823869794,-0.32956830505799545,0.4433045985509389,0.0
1733715141.4463425,0.7964285062047676,0.04048875824443647,-0.32183631599703455,0.4532658297805147,0.0
1733715141.5463424,0.7955574258602947,0.03793449795138523,-0.3317035058393408,0.44999999999999996,0.0
1733715141.6463423,0.7966051955186177,0.035342906617963604,-0.34368957702963543,0.45799999999999996,0.0
1733715141.7463422,0.7979965151138767,0.03354636701169776,-0.3475876538742586,0.45925473036896874,0.0
1733715141.846342,0.7995962404292161,0.03391048433771606,-0.3454567896617763,0.46799999999999997,0.0
1733715141.946342,0.8011324827506644,0.03539482146519134,-0.3452436087908245,0.46671283917560763,0.0
1733715142.046342,0.8005432055949315,0.038063307902838205,-0.34483939752608983,0.46799999999999997,0.0
1733715142.1463418,0.8001581918507246,0.04087234532826981,-0.34270687550312257,0.4517193086302829,0.0
1733715142.2463417,0.8020738903821508,0.04421098068478185,-0.33729774302516885,0.45599999999999996,0.0
1733715142.3463416,0.8032903278093144,0.045268747058394204,-0.3325460222462085,0.45999999999999996,0.0
1733715142.4463415,0.8035287740864626,0.045390590718099345,-0.3290382965323782,0.47523138832997985,0.0
1733715142.5463414,0.8051598166169903,0.0430732359673061,-0.3328308271652425,0.48124830176288297,0.0
1733715142.6463413,0.8064970472305943,0.03943559675031473,-0.34431096672662037,0.472,0.0
1733715142.7463412,0.8062509279414989,0.03622161049363581,-0.34809551957142,0.4727017543859649,0.0
1733715142.8463411,0.8059198236103993,0.034250059936532476,-0.3483919892422282,0.474,0.0
1733715142.946341,0.8045807801751342,0.03463904472732936,-0.3522099317555973,0.47511961834381794,0.0
1733715143.046341,0.8038933367509752,0.03752249677274459,-0.35812482755229885,0.47730024796315973,0.09730024796315985
1733715143.1463408,0.805305329045036,0.038939402673131014,-0.35961533932117296,0.48472039962733166,0.09583880111800512
1733715143.2463408,0.806557043237456,0.04043942180898585,-0.3459688983052377,0.45653897370909013,0.13326948685454498
1733715143.3463407,0.8065454090336867,0.03995047877866982,-0.32534076928486483,0.39393378334940526,0.18532449373191895
1733715143.4463406,0.8032767967172789,0.0369164020409847,-0.3043286101522897,0.27832452383302086,0.2739458008487122
1733715143.5463405,0.7906045034910738,0.03154602561521682,-0.23954633392479474,0.152998392850143,0.34635388655873944
1733715143.6463404,0.7821453626063999,0.02725020888752369,-0.1839817332554181,0.0,0.40217519171475996
1733715143.7463403,0.7719892430911004,0.018754377449967705,-0.07556114751471857,0.0,0.4524746245059288
1733715143.8463402,0.7729354778917833,0.005918150999614402,0.033324129506738194,-0.13022659288664343,0.48124531857732866
1733715143.94634,0.7680294666082507,-0.0025116121027536882,0.11376166930454888,-0.15460659388805728,0.4906065938880572
1733715144.04634,0.7580659311148491,-0.008573887206328679,0.17992891303968575,-0.16200000000000003,0.49730019385211854
1733715144.14634,0.744955254690368,-0.017883906691501496,0.2560209982871802,-0.17852662254872204,0.514
1733715144.2463398,0.7302366488147543,-0.029212475650802656,0.32850396217248046,-0.18906476608471054,0.5152661915211777
1733715144.3463397,0.7167965350506902,-0.040482516243671135,0.3818568482739415,-0.2010478934101548,0.5050478934101549
1733715144.4463396,0.6929679563420666,-0.05915418528739843,0.4570493900140637,-0.19799999999999995,0.502
1733715144.5463395,0.6753192334884939,-0.06986372697573033,0.49278383845071877,-0.20924301334213743,0.508
1733715144.6463394,0.6571195672831617,-0.08108240664451723,0.5214009899885317,-0.2146568728776022,0.4973137457552045
1733715144.7463393,0.6369038748825896,-0.09405886057687961,0.5645706269348572,-0.21599999999999997,0.496
1733715144.8463392,0.6139146859917364,-0.1033475516720907,0.6017960000133017,-0.2495581477553906,0.5052596912925651
1733715144.9463391,0.5871683163362162,-0.10981043656671444,0.6345001089368905,-0.24067242288186427,0.4866724228818643
1733715145.046339,0.565448521519535,-0.11475482963677315,0.6588562020617219,-0.22275312980869694,0.476
1733715145.146339,0.545087661224165,-0.118203397907088,0.6785578345960166,-0.22480821610296317,0.48
1733715145.2463388,0.5241355412370248,-0.12185453747600822,0.700461345902202,-0.23399999999999999,0.496
1733715145.3463387,0.4991853047048504,-0.1265376313950529,0.7392956916810528,-0.2435955715405172,0.498
1733715145.4463387,0.4779956185748722,-0.13035653759182422,0.7668954521133121,-0.2792933274164919,0.496
1733715145.5463386,0.4414855997187071,-0.13448535444885634,0.8047809110656257,-0.28,0.48524102888550585
1733715145.6463385,0.413856246138226,-0.13685624028397514,0.8191308340503801,-0.2832563750490389,0.486
1733715145.7463384,0.38633000385709687,-0.13668646585729818,0.8415659977665106,-0.278769804660864,0.494
1733715145.8463383,0.3629252074249757,-0.13459265667814166,0.8687616942183299,-0.21726582378662865,0.494
1733715145.9463382,0.3541192275312279,-0.12868952103084588,0.8827745865432923,0.0,0.496
1733715146.046338,0.35795681982116206,-0.1179687132320391,0.8556607973518219,0.2091274982523436,0.4973498001398125
1733715146.146338,0.3700868377751527,-0.11047217581890627,0.8172481814713073,0.36935576260740305,0.4853305296740746
1733715146.246338,0.41256108394881624,-0.10176415737875631,0.7268152920479284,0.41581962259620187,0.48472679246793265
1733715146.3463378,0.45390147276391024,-0.08756670466060462,0.580204593252663,0.44532455911412694,0.486
1733715146.4463377,0.4872691605369435,-0.07315420759979017,0.4398652490384417,0.46401156495156715,0.48266281168281094
1733715146.5463376,0.5216552865842949,-0.055144564646634656,0.28817605286880005,0.45327864401365564,0.48
1733715146.6463375,0.5461481635475481,-0.04187631801338663,0.19685492678300787,0.4717769195548743,0.46674102681504187
1733715146.7463374,0.5852418452899673,-0.02160021464234946,0.10434748633847639,0.48037681280387284,0.46320772906537566
1733715146.8463373,0.6198206294052905,-0.008405319601307693,0.06198459661865585,0.4765945038644703,0.47
1733715146.9463372,0.6557847724395158,-0.0004329536666193637,0.04024943741544702,0.5253326571640737,0.45400028978682555
1733715147.0463371,0.7001584613256412,0.004189865689536512,0.0128590839556471,0.5334198349029183,0.4208396698058365
1733715147.146337,0.7270435090806799,0.005369521721522454,-0.015677646577108875,0.53,0.37912911230288965
1733715147.246337,0.7507182027451793,0.008103010909582532,-0.054052195052941315,0.532,0.3486490299823634
1733715147.3463368,0.7687085362398032,0.013170998332377228,-0.10207899887189964,0.5312941089756583,0.3095294551217086
1733715147.4463367,0.7793793446282046,0.01794378929826689,-0.13838379288246885,0.534,0.2769718092066136
1733715147.5463367,0.7905127964965307,0.02232872524006497,-0.17731601535584005,0.534,0.2406230756145275
1733715147.6463366,0.7982863845146823,0.02679124323240547,-0.20382993772206448,0.5361464110856172,0.2077803833715741
1733715147.7463365,0.8091764372802499,0.0333525127583073,-0.22653981457989392,0.532,0.2004647771985539
1733715147.8463364,0.8217339778671366,0.03760844287361344,-0.23253060528398692,0.5275269317182769,0.23494613656344632
1733715147.9463363,0.8379812811074374,0.03927314736446135,-0.2212230694622089,0.5285028038486512,0.2407485980756744
1733715148.0463362,0.8510817100299828,0.038567093777564905,-0.20456364383903736,0.532,0.230740155302207
1733715148.146336,0.8640376610956376,0.03398068644223032,-0.19906323847206944,0.5202069061764824,0.22452872921567843
1733715148.246336,0.8718847622669851,0.026899988433797484,-0.20082334438357122,0.48,0.23399999999999999
1733715148.346336,0.8728366094216987,0.01751681544754199,-0.1981042488585663,0.47874320277877586,0.23725679722122409
1733715148.4463358,0.8750128771585257,0.011470023203919351,-0.19416736190014677,0.46359137379564763,0.27553552716783425
1733715148.5463357,0.8821950422412439,0.00682865945280664,-0.18380148654610204,0.45399999999999996,0.29863104930930384
1733715148.6463356,0.8904546192480728,0.007014508799406263,-0.17064955002756838,0.45325134309898346,0.30800000000000005
1733715148.7463355,0.897679743899215,0.007911841921294896,-0.16416132401079095,0.445127697151194,0.3236542271366045
1733715148.8463354,0.9056045307943486,0.008754638679534172,-0.1543832983668212,0.43654889995182267,0.32469022000963554
1733715148.9463353,0.9091693564423471,0.007363748913025398,-0.13851427386678383,0.4498321238121967,0.32400000000000007
1733715149.0463352,0.9128646120208829,0.0019517818207498688,-0.11698594490678067,0.45999999999999996,0.3233297722087423
1733715149.1463351,0.9194058448050574,-0.0009615216406010038,-0.11116597600433743,0.4645682511210762,0.32600000000000007
1733715149.246335,0.9311832369309171,-0.0021465304335596532,-0.11384330772583175,0.46599999999999997,0.3247199906037116
1733715149.346335,0.9459853213799361,-0.0011562255946690966,-0.11016052348596654,0.4580272099725219,0.32600000000000007
1733715149.4463348,0.9566385796357275,-0.00122974177903866,-0.10137298627633837,0.4653751462672595,0.3193124268663703
1733715149.5463347,0.9641010845115785,-0.0035237193737836067,-0.09616906840931101,0.4624591742567106,0.32200000000000006
1733715149.6463346,0.9748264976626339,-0.009172268677275278,-0.09591698727002482,0.45999999999999996,0.32600000000000007
1733715149.7463346,0.9833930956904907,-0.012431891846394252,-0.0952175630042049,0.45326219439237425,0.33326219439237437
1733715149.8463345,0.994011968892604,-0.013356634848299928,-0.0952297731093272,0.45999999999999996,0.32800000000000007
1733715149.9463344,0.9999452071880147,-0.013361940257392586,-0.09709365798553238,0.45599999999999996,0.33000000000000007
1733715150.0463343,1.0055472398801004,-0.012300216525378518,-0.0999033815051044,0.45799999999999996,0.33000000000000007
1733715150.1463342,1.0110220882532497,-0.01046419758253645,-0.10117698017746515,0.46123978010168226,0.32923978010168237
1733715150.246334,1.0162502676379108,-0.009306571935391141,-0.09956893209155973,0.45668071712560737,0.3453192828743927
1733715150.346334,1.0234382100395338,-0.010053033304565232,-0.09651527336547068,0.4693180038230982,0.3446819961769019
1733715150.446334,1.0332897268845052,-0.013272799000962877,-0.09151501962620202,0.472,0.3440000000000001
1733715150.5463338,1.0368722082080921,-0.015439126378960171,-0.08869137048747937,0.45599999999999996,0.3560000000000001
1733715150.6463337,1.0380137122424935,-0.01688815423178081,-0.08309340455777234,0.452664501261137,0.35533549873886305
1733715150.7463336,1.0367280120722988,-0.017724433446336323,-0.08196129908482314,0.44631656357665256,0.3540000000000001
1733715150.8463335,1.036474110881106,-0.017442362830429933,-0.08554183575146104,0.4184240300803281,0.370181977439754
1733715150.9463334,1.0363911611040655,-0.016142547222215364,-0.083976583430744,0.3660016787798137,0.3759999999999999
1733715151.0463333,1.0314990151088361,-0.015164895598021534,-0.06569308875233194,0.30495804091384204,0.3851736598476929
1733715151.1463332,1.0226260121183868,-0.016169512863919572,-0.03854214227743143,0.2122599596621203,0.4032466801126265
1733715151.2463331,1.0036334173700305,-0.019178584851135397,0.010984222533595385,0.1673609613087697,0.4099999999999999
1733715151.346333,0.9946430251385627,-0.022932725349708746,0.038292249226978735,0.09651007197137236,0.4324966426762092
1733715151.446333,0.9825122592995841,-0.02976845358011797,0.08298303013103084,0.0,0.4432669663883536
1733715151.5463328,0.9708360023551188,-0.037958931271351,0.12838649964290466,0.0,0.4612289700451374
1733715151.6463327,0.9613055728563502,-0.04682018510356978,0.1585412977132963,0.0,0.48182240908298296
1733715151.7463326,0.9546652231708906,-0.05380046704453585,0.18883725449579086,0.0,0.488
1733715151.8463326,0.9491151466001686,-0.05681768302956181,0.22285901377009004,0.0,0.492
1733715151.9463325,0.9427003197768284,-0.0592195821637184,0.24857998388246358,0.0,0.492
1733715152.0463324,0.934765590973373,-0.06292720425976261,0.27010141543520233,0.0,0.492
1733715152.1463323,0.9260354493375667,-0.06817187537280525,0.28306535401450894,0.0,0.496
1733715152.2463322,0.9157857497767659,-0.07335225958635061,0.2946159210949282,0.0,0.496
1733715152.346332,0.9037621991711552,-0.07902025087749595,0.30214420715823337,0.0,0.496
1733715152.446332,0.889549079146576,-0.0833702367387576,0.3056638478817813,0.0,0.4967313045529606
1733715152.546332,0.8769327533405886,-0.08422527439623077,0.3035874237996659,0.0,0.4915940007791196
1733715152.6463318,0.8624124686688671,-0.0834432652937318,0.30075096907915166,0.17077128598513733,0.4768389740013511
1733715152.7463317,0.8482812526454424,-0.08174161960257856,0.29096766589912565,0.2598673903999683,0.47276657620000395
1733715152.8463316,0.8557351683231201,-0.07831791612100639,0.25312770862787815,0.28800000000000003,0.46550296483297127
1733715152.9463315,0.8596530767750762,-0.07089341564245925,0.20641077445874076,0.31600000000000006,0.4335384128991463
1733715153.0463314,0.8596246184182981,-0.061920278258885554,0.1638682857705832,0.3433091299677767,0.3979999999999999
1733715153.1463313,0.8576096883578455,-0.05473454545584652,0.12089179852465957,0.3544668052233247,0.38676659738833763
1733715153.2463312,0.8575632379137402,-0.050923546880124286,0.0878265804894135,0.3692980130077223,0.36880794796911126
1733715153.3463311,0.8590196052208591,-0.04792473992376961,0.053068574679099624,0.3857007477243172,0.3315328348504552
1733715153.446331,0.8615101726501008,-0.045874336155928064,0.034677233593903095,0.38875927627111867,0.30800000000000005
1733715153.546331,0.8631300402028412,-0.04233025267737356,0.01660376531311856,0.3919999999999999,0.30276523248018306
1733715153.6463308,0.8679175518376587,-0.039375161620825015,-0.004875892358704034,0.3986933171815061,0.29530668281849387
1733715153.7463307,0.8744116943116135,-0.03849848897569808,-0.03356147970874688,0.3959999999999999,0.30200000000000005
1733715153.8463306,0.8804258117426529,-0.03783498533726667,-0.04888263560775019,0.3987529546396227,0.30400000000000005
1733715153.9463305,0.8891668227920254,-0.034794910883419405,-0.052914270288825456,0.3967890195212599,0.30600000000000005
1733715154.0463305,0.8967012308247878,-0.029619855189617645,-0.04704033755490627,0.39033085909231874,0.30600000000000005
1733715154.1463304,0.9008749093705279,-0.02860028562132103,-0.050407632032353114,0.3868664912244347,0.31713350877556523
1733715154.2463303,0.9039230405276254,-0.030479581421905846,-0.059342786063812006,0.3932457210308872,0.31724572103088733
1733715154.3463302,0.9065688332642657,-0.03331616130866815,-0.0621447560349939,0.3959999999999999,0.32000000000000006
1733715154.44633,0.9105986511957694,-0.03393536240466746,-0.060695037175783007,0.3919999999999999,0.3247260617798771
1733715154.54633,0.912937156241192,-0.03381561420383403,-0.06297375143045894,0.3912284663865545,0.32600000000000007
1733715154.6463299,0.9113638923744135,-0.032117646180194276,-0.07117728608269343,0.3799999999999999,0.32800000000000007
1733715154.7463298,0.9108575350998266,-0.029430252965231014,-0.07410601595696284,0.3779999999999999,0.33000000000000007
1733715154.8463297,0.9134343477139044,-0.024350159899730675,-0.0664935089169005,0.36939051075220536,0.3333047446238975
1733715154.9463296,0.9159864621321625,-0.02134433881309969,-0.05512550865089384,0.3663912702669253,0.3440000000000001
1733715155.0463295,0.919544529245851,-0.020520295482828525,-0.03679580371430858,0.37230968898589134,0.34123010367136963
1733715155.1463294,0.9213549925512218,-0.021796897858775605,-0.031352174082971446,0.36072541052045654,0.34527458947954365
1733715155.2463293,0.923353904543981,-0.024416727472728026,-0.02222334331309769,0.3447780199252803,0.3460000000000001
1733715155.3463292,0.9250268726424099,-0.02717177788177403,-0.013792212704869633,0.3207224490543238,0.3640000000000001
1733715155.446329,0.9270267513625615,-0.029772412904810888,-0.005349598960257577,0.32000000000000006,0.3640000000000001
1733715155.546329,0.9294765840464767,-0.03193829413934368,0.001612746662674283,0.2915434032597058,0.37722829837014704
1733715155.646329,0.9293327170120187,-0.033585185551892036,0.007295544220393939,0.24265770297408434,0.3959999999999999
1733715155.7463288,0.9220064409958177,-0.03471214098795815,0.030872114867450142,0.13506878995974417,0.41921457889336167
1733715155.8463287,0.905514949100582,-0.03458376633524366,0.07000273024518068,0.0,0.4264252498268526
1733715155.9463286,0.8953790007579666,-0.03543887791238457,0.11054282124537176,0.0,0.4377572446555819
1733715156.0463285,0.8887100138363324,-0.03826226984589072,0.1477698136899206,0.0,0.451212196688136
1733715156.1463284,0.8847692260149642,-0.041582864786201074,0.17185480702654737,-0.05721544523246649,0.46199999999999997
1733715156.2463284,0.8771012688844072,-0.04756445268407725,0.19848236859331828,-0.118,0.46599999999999997
1733715156.3463283,0.8689358302270549,-0.05230380533830324,0.22573689199654812,-0.122,0.46799999999999997
1733715156.4463282,0.8576338369760748,-0.056563291537119066,0.2611286115727811,-0.11473234823969744,0.46799999999999997
1733715156.546328,0.8495875236360443,-0.0599281183945848,0.29408753481375627,-0.03503990394236541,0.47
1733715156.646328,0.8442472392650772,-0.06418634983784853,0.32604339726889436,0.0,0.47
1733715156.7463279,0.8401062352117238,-0.06834060601769254,0.3416367596924116,0.0,0.472489276165957
1733715156.8463278,0.8330052869017501,-0.07165721765904359,0.35130961012606476,0.14810410489085768,0.46873698688864274
1733715156.9463277,0.8293652964466597,-0.0751018761403969,0.3445097627598503,0.21724891295754603,0.46675108704245394
1733715157.0463276,0.8346852093969618,-0.07636141853701348,0.3090699900027377,0.2732540390408012,0.45999999999999996
1733715157.1463275,0.840772510975895,-0.07378154945217569,0.24925054490818768,0.2892528789659225,0.45799999999999996
1733715157.2463274,0.8435810992768816,-0.06754270563901299,0.19586709646021036,0.2992925511456254,0.45999999999999996
1733715157.3463273,0.8455930353967939,-0.05962378563261024,0.15563454712842936,0.3469513634868104,0.45199999999999996
1733715157.4463272,0.8506017881245282,-0.05152460502865356,0.1290821124263045,0.36923601599303285,0.44799999999999995
1733715157.546327,0.8575641475027858,-0.04226992412564765,0.10623632014141064,0.3680000000000001,0.44199999999999995
1733715157.646327,0.8619328674426183,-0.03354495054471217,0.08630960606494055,0.3700000000000001,0.44199999999999995
1733715157.746327,0.8638251324609404,-0.03033017698282186,0.07954499468250369,0.3899999999999999,0.43599999999999994
1733715157.8463268,0.8701018498613591,-0.028934662864571695,0.06185340961462638,0.38885452298655004,0.43799999999999994
1733715157.9463267,0.8774982112022053,-0.031141708870365912,0.05183310849952377,0.3819999999999999,0.43999999999999995
1733715158.0463266,0.8890893286673898,-0.03372052457341008,0.04324414262443071,0.39015196757837844,0.43599999999999994
1733715158.1463265,0.9031844019622554,-0.03579648513884716,0.030207623322202296,0.3864112044817926,0.43279439775910356
1733715158.2463264,0.9124327008034709,-0.03547249825702114,0.018558710085981884,0.38281109352684595,0.43199999999999994
1733715158.3463264,0.9229380198108229,-0.03261374598865413,0.008313985418283243,0.3859999999999999,0.43199999999999994
1733715158.4463263,0.9298480870550885,-0.03031452532510613,0.008057790358840867,0.3881000830353662,0.43399999999999994
1733715158.5463262,0.9375377834460678,-0.02755091801182647,0.005442105675395777,0.3887449363396825,0.42999999999999994
1733715158.646326,0.9441706881033913,-0.025238820329632445,0.001469077698686423,0.3854924197676707,0.42999999999999994
1733715158.746326,0.9529981223224901,-0.022268092235485242,0.007705656659340004,0.3847272690380049,0.42199999999999993
1733715158.8463259,0.9598017388674721,-0.021151926563355815,0.015426225718990126,0.3864822159024503,0.4207588920487747
1733715158.9463258,0.9673464142589266,-0.0211219316893799,0.013609057614262064,0.39129575018477447,0.4159999999999999
1733715159.0463257,0.9732505698867401,-0.02189409768512542,0.007673987655706018,0.3879999999999999,0.4179999999999999
1733715159.1463256,0.9791226732742034,-0.0239132707933772,0.007308427310932329,0.3879999999999999,0.4159999999999999
1733715159.2463255,0.984439304613161,-0.024907770150191622,0.01156753557281154,0.38557001851887196,0.4139999999999999
1733715159.3463254,0.9891221493173308,-0.024284420966357953,0.012058145967342955,0.3879999999999999,0.4139999999999999
1733715159.4463253,0.9938771554838626,-0.022051057433628733,0.01274288895781987,0.3879999999999999,0.4139999999999999
1733715159.5463252,1.001024396419734,-0.018271128219393792,0.01613500425167332,0.3879999999999999,0.4179999999999999
1733715159.646325,1.0063498039056678,-0.017139377034767662,0.018414025873595825,0.3959999999999999,0.41999999999999993
1733715159.746325,1.0111735469790446,-0.017973687699632465,0.018795771501955542,0.3959999999999999,0.4179999999999999
1733715159.846325,1.0145452524080827,-0.01987051575786635,0.02167269977666325,0.3832158848349465,0.4207841151650533
1733715159.9463248,1.0194008901290332,-0.02195887334174826,0.02569078377934945,0.3839999999999999,0.42123588575574944
1733715160.0463247,1.024818736678582,-0.022808829059189486,0.027348359416303654,0.3859999999999999,0.4229182841693232
1733715160.1463246,1.029797425500414,-0.022648184769744513,0.02094007258764959,0.3952176477391002,0.4232176477391002
1733715160.2463245,1.0367681767631534,-0.01993577416730372,0.01433682709435415,0.3952870529807325,0.42728705298073255
1733715160.3463244,1.0413420620380043,-0.016377839741191686,0.012071764352874836,0.40049560175141014,0.43399999999999994
1733715160.4463243,1.0452755070090167,-0.012669968967817757,0.013881036500903771,0.4039999999999999,0.43399999999999994
1733715160.5463243,1.047929827525425,-0.010023493745956487,0.018199713306072597,0.3919999999999999,0.44199999999999995
1733715160.6463242,1.049879238700266,-0.00945619674999377,0.021585149613043073,0.3859999999999999,0.44723118546959234
1733715160.746324,1.0531466905988967,-0.010446692982183646,0.026843750479457033,0.3919999999999999,0.446690849624619
1733715160.846324,1.0560773908218388,-0.014051142466345451,0.029100894205045143,0.4159999999999999,0.42871179528629416
1733715160.9463239,1.0579086016968013,-0.01942051741584272,0.01798528218190211,0.43199999999999994,0.39459085742124056
1733715161.0463238,1.0567016863056486,-0.02306730224891027,0.002117216623273575,0.4604925671178167,0.3130148657643666
1733715161.1463237,1.0512005641701179,-0.0268431351257624,-0.03414956513553328,0.510402433520481,0.17719513295903808
1733715161.2463236,1.0465800420635056,-0.027885724570589306,-0.08141319832061616,0.5533535719098313,0.0
1733715161.3463235,1.0454867434125514,-0.023185367288306013,-0.1493003187242142,0.5844328331511478,0.0
1733715161.4463234,1.0499205856927842,-0.014424179398339875,-0.20916930329052266,0.5980000000000001,0.0
1733715161.5463233,1.0560047627727587,-0.0021103779507658203,-0.2533732289744571,0.6227815280327639,0.0
1733715161.6463232,1.0630101812046389,0.006484389607413674,-0.2802245371557981,0.6220000000000001,0.0
1733715161.746323,1.0709244111517295,0.01413068437360805,-0.3109454762531585,0.6180000000000001,0.0
1733715161.846323,1.074109602453026,0.01652900786079799,-0.32142937362489116,0.6080000000000001,0.0
1733715161.946323,1.0765405890080602,0.016011701959639656,-0.32474370632552046,0.6132545353366723,0.0
1733715162.0463228,1.078000425985862,0.01458487301543988,-0.3303070488901801,0.6016244503937624,0.0
1733715162.1463227,1.074696970932841,0.014197849549649828,-0.3404074588242699,0.5752318792405609,0.0
1733715162.2463226,1.0711079449677923,0.01553323951191739,-0.3445821941592318,0.5800000000000001,0.0
1733715162.3463225,1.0670822313376458,0.016721341243479956,-0.34291809863082534,0.5867898719909831,0.0
1733715162.4463224,1.062813194316748,0.01844656228731586,-0.3406882109712813,0.5860000000000001,0.0
1733715162.5463223,1.054822707692067,0.01818098453740115,-0.3364519237702156,0.5840000000000001,0.0
1733715162.6463223,1.045755787656509,0.016733171016274674,-0.3406525624012419,0.5964205995328817,0.0
1733715162.7463222,1.0388383547072146,0.013924420448350868,-0.34647708538782246,0.5955778904157112,0.0
1733715162.846322,1.032921181798103,0.013521975928254472,-0.3460668548789277,0.5887894685328375,0.0
1733715162.946322,1.0284170416688636,0.014273134259343902,-0.3432938515893501,0.5880000000000001,0.0952244930931417
1733715163.0463219,1.0214346889018202,0.015554819579903251,-0.348920816756671,0.5900000000000001,0.09800000000000009
1733715163.1463218,1.0196900772895654,0.0164767964673059,-0.3612546524971225,0.5755595825580455,0.10322020872097735
1733715163.2463217,1.0150660509302618,0.018442460599748044,-0.3633741690184528,0.5538578680203046,0.1120000000000001
1733715163.3463216,1.0092365515548594,0.01931416238515462,-0.3515157567612877,0.49155721621675624,0.1091603093092494
1733715163.4463215,0.9917719601945674,0.021329422056811494,-0.316620525067967,0.4067677232963613,0.2206259369254702
1733715163.5463214,0.9844513631626183,0.021517035558772605,-0.2815588017024608,0.421778162847715,0.2965187752318101
1733715163.6463213,0.9856982676734187,0.01654741312236832,-0.218819255115845,0.4804729070076183,0.30400000000000005
1733715163.7463212,0.9917085594344408,0.010794519544764996,-0.18632251762761495,0.492,0.3051945506880644
1733715163.846321,0.9979149759772481,0.0053664225518512305,-0.16526348576978392,0.488,0.3047927850635291
1733715163.946321,1.0014971358524427,0.0006313479517960196,-0.1459788888166308,0.48854365802976973,0.3071521139900768
1733715164.046321,0.9994912682844326,-0.0030630435594179587,-0.1343892706478706,0.4540616400660429,0.31000000000000005
1733715164.1463208,0.9925932031002492,-0.0053788058547438195,-0.12312989766773841,0.4059999999999999,0.32637546446930177
1733715164.2463207,0.9848332436084586,-0.007979604216470692,-0.102106180858969,0.37730809615916,0.3637251016460744
1733715164.3463206,0.9775716391882683,-0.009717995141393364,-0.07373360845575892,0.26361735861392616,0.4035956603465184
1733715164.4463205,0.9620540783914617,-0.011584930017697302,-0.026103905854835085,0.17353353059157609,0.41323323470421186
1733715164.5463204,0.9403929113280144,-0.014713469374829577,0.0451850274108937,0.12440069262641465,0.43239953824905686
1733715164.6463203,0.9256214544223901,-0.018941336217614096,0.08901618246646122,0.0,0.45245823312489974
1733715164.7463202,0.9070122192702482,-0.025447974496621718,0.13640060977286608,0.0,0.47123736289938006
1733715164.8463202,0.8951064071038073,-0.03208832897523741,0.18338407577837232,0.0,0.48
1733715164.94632,0.8835911901872469,-0.04199682473895817,0.22812766020764044,0.0,0.482
1733715165.04632,0.878306571874091,-0.04882470432275261,0.2478219490660708,0.0,0.48
1733715165.1463199,0.873606190968218,-0.053940732963177834,0.26147379098205964,0.0,0.46799999999999997
1733715165.2463198,0.8652106719100158,-0.05835677131871776,0.2742674043500669,0.2298447260108143,0.4473179323702687
1733715165.3463197,0.8590053767720014,-0.060929859604460936,0.28011303499092355,0.3723882630130478,0.3412234739739047
1733715165.4463196,0.8669870155770266,-0.0626319393149078,0.2294058785455439,0.3907900048247024,0.30079000482470253
1733715165.5463195,0.8709867293948417,-0.058243601195483274,0.14960292985063423,0.37518920928048827,0.26681079071951175
1733715165.6463194,0.8678364441898213,-0.04630563096617967,0.04983115440179848,0.3779999999999999,0.262
1733715165.7463193,0.863160557339707,-0.0372514215596056,0.007552301210040475,0.3779999999999999,0.2631851837241869
1733715165.8463192,0.8568322850465288,-0.02820301306037333,-0.0186398683533618,0.3759999999999999,0.2712276262239594
1733715165.946319,0.8517749568381018,-0.02160680108934987,-0.028206663682062136,0.37718791370200094,0.28
1733715166.046319,0.8479859248517825,-0.017490920173997688,-0.035149138421524506,0.38229944028005763,0.29000000000000004
1733715166.146319,0.8455043531914795,-0.016300319742789716,-0.04278928963330527,0.3928161773422372,0.28681617734223736
1733715166.2463188,0.8443540797702513,-0.01707609061387089,-0.04785429530266416,0.39043755372958266,0.29200000000000004
1733715166.3463187,0.8449228686426434,-0.01901909280018686,-0.0514310868841721,0.3912010815258919,0.33320108152589206
1733715166.4463186,0.8509167702252975,-0.020843199505350272,-0.04890750920783553,0.3959999999999999,0.3340000000000001
1733715166.5463185,0.856029426040678,-0.021324036805287536,-0.04253310776882873,0.425206458464443,0.32400000000000007
1733715166.6463184,0.8628360689915047,-0.01936313188508136,-0.046096813093893886,0.43479134171574085,0.3076043291421296
1733715166.7463183,0.8666941573359163,-0.01819431930629991,-0.06012639365663194,0.45199999999999996,0.26520388463571754
1733715166.8463182,0.8685439693871743,-0.018117837865507004,-0.08357985457399895,0.45999999999999996,0.2183321324343363
1733715166.9463181,0.8652568206981754,-0.019341685076128854,-0.11297886411214508,0.474,0.1763794585893484
1733715167.046318,0.8610279235356303,-0.019391992273829043,-0.13769014953031572,0.478,0.14878155174826563
1733715167.146318,0.8582946932150097,-0.019418531599597916,-0.17199410155553582,0.4787981102484171,0.1519999999999999
1733715167.2463179,0.8590866926349187,-0.01864809507129802,-0.19423526874572944,0.484,0.1499999999999999
1733715167.3463178,0.8614174928492786,-0.017332137323603457,-0.21413264943918373,0.478,0.15399999999999991
1733715167.4463177,0.8632228578668446,-0.013962716519890778,-0.23565713284303494,0.47277981158005855,0.16922018841994138
1733715167.5463176,0.8668434147485375,-0.008870268953843009,-0.2475683303806841,0.474,0.17399999999999993
1733715167.6463175,0.8719420499198536,-0.005935139196116159,-0.24777572279559956,0.4667493827660177,0.18775185170194675
1733715167.7463174,0.8759898426134797,-0.001605807491717417,-0.24049390213360497,0.43399999999999994,0.19999999999999996
1733715167.8463173,0.8752511054853136,0.0028954963827740217,-0.22697973425492457,0.43075266871720636,0.22124733128279353
1733715167.9463172,0.8752510333452418,0.003728666294081402,-0.20859696748454745,0.44599999999999995,0.23047437444685814
1733715168.046317,0.8776888887204936,0.0008597774060619071,-0.19708691911770046,0.45999999999999996,0.238
1733715168.146317,0.8795002353858267,-0.0029722605637374174,-0.18780516072419612,0.45999999999999996,0.2412226205018323
1733715168.246317,0.8794308062560612,-0.007274832160039603,-0.17553818357679218,0.44513745711282543,0.26921563572179363
1733715168.3463168,0.8790572075679549,-0.012707178082547342,-0.15535327318117845,0.45799999999999996,0.268
1733715168.4463167,0.8807092224959969,-0.017063220381567816,-0.1435998861127945,0.4632567757796855,0.268
1733715168.5463166,0.8840723525492725,-0.023552916358189784,-0.14267640573338738,0.46158626602596053,0.27920686698701974
1733715168.6463165,0.8885876479744569,-0.029494419220016357,-0.15051865681478693,0.45999999999999996,0.30523525453249944
1733715168.7463164,0.8926043543655768,-0.031212167290188504,-0.14870250875438953,0.425156802490322,0.32042159875483905
1733715168.8463163,0.8922404134400216,-0.029084455577612696,-0.12804590802622068,0.329337324215183,0.354950100448467
1733715168.9463162,0.8875560785430802,-0.026396380468961745,-0.11065785528120603,0.2991906767211831,0.37638135344236606
1733715169.0463161,0.8870506887554219,-0.023108581414958192,-0.0674318088051355,0.4139999999999999,0.3811949313539238
1733715169.146316,0.8962449267988191,-0.02241578967608309,-0.05451730963930006,0.28572172974639637,0.41156956756340085
1733715169.246316,0.892727557303507,-0.021271089682806315,-0.02808463869071862,0.11498277099784639,0.4452241365557948
1733715169.3463159,0.8750019841646445,-0.02209360787930715,0.04269849443895028,0.0,0.4672085198698353
1733715169.4463158,0.8659931654545906,-0.02469091123981328,0.10001025625054528,0.0,0.48
1733715169.5463157,0.8587856682307321,-0.031636213138559174,0.15539287948052657,0.0,0.482
1733715169.6463156,0.8538693614884978,-0.03805809608155204,0.1905946312687806,0.0,0.482
1733715169.7463155,0.8458426916967566,-0.04738058612716071,0.23038495477668597,0.0,0.482
1733715169.8463154,0.8405826346774055,-0.053527453736096436,0.2528872430133593,0.0,0.478
1733715169.9463153,0.8310437227136553,-0.05965351422781403,0.27500343556562146,0.0,0.478
1733715170.0463152,0.8226735739781936,-0.06268738951795517,0.29249992025766425,0.0,0.478
1733715170.146315,0.8166466091783253,-0.06405388828511693,0.3027574846967886,0.0,0.478
1733715170.246315,0.8084555195867127,-0.06590531290779003,0.3074166553067337,0.0,0.478
1733715170.346315,0.802138993407346,-0.06633091374847652,0.30835834162717907,0.0,0.482
1733715170.4463148,0.794137946072376,-0.06512979049095764,0.31247220980493645,0.0,0.46475892731970114
1733715170.5463147,0.7865272976008579,-0.06326440728946711,0.31712337085392617,0.12188427184466018,0.4656963924374042
1733715170.6463146,0.775382596975735,-0.0612314505042451,0.31789054294625857,0.36286810618066573,0.4367924326465927
1733715170.7463145,0.7873503297148388,-0.0603895486993637,0.2941517720471427,0.42867034929600856,0.4101620633799891
1733715170.8463144,0.8084773325969288,-0.056685620457069937,0.21161531981836776,0.47491415019762845,0.3550858498023716
1733715170.9463143,0.8234137211953219,-0.049577668094140416,0.10997250327258404,0.5003316060134376,0.31166839398656243
1733715171.0463142,0.8321739956895261,-0.042030595429509425,0.03418416093757592,0.51,0.28799943161057207
1733715171.1463141,0.8372916517333818,-0.03237674057519258,-0.036456092486834596,0.51,0.28081488538255434
1733715171.246314,0.8407997048456003,-0.025267254159491003,-0.07293541982584573,0.506,0.27677169479324965
1733715171.346314,0.8482154967327845,-0.017792168618903176,-0.1019609591619296,0.5051888489208634,0.276
1733715171.4463139,0.8565044926911428,-0.015424366261382555,-0.11046512939945266,0.5076284226840997,0.2771857886579502
1733715171.5463138,0.8641476270403815,-0.01638448959511156,-0.11697435939268995,0.506,0.276
1733715171.6463137,0.8724321198270121,-0.01857478050161961,-0.12451736296041141,0.48846244430299174,0.276
1733715171.7463136,0.8774263094242638,-0.021080031132415262,-0.12590460158788755,0.484,0.28400000000000003
1733715171.8463135,0.8838164212844832,-0.022562443303854738,-0.12751590731991597,0.496,0.28400000000000003
1733715171.9463134,0.8951068229869344,-0.02288702327030491,-0.13625137115678718,0.5123620693253198,0.27881896533734013
1733715172.0463133,0.904475357276367,-0.021907296965899433,-0.14477767298342364,0.5194314137500821,0.259802416442314
1733715172.1463132,0.9151257455709318,-0.020883707156924076,-0.15868326778964703,0.5100093104914101,0.25907763926857
1733715172.246313,0.9205957182257476,-0.018987480583410182,-0.1685278922370766,0.5005872072327381,0.258352862094826
1733715172.346313,0.9233058063278646,-0.018064179335193692,-0.16746044376003097,0.49292195922126547,0.2633352706831399
1733715172.446313,0.9248669840077738,-0.01663655673140399,-0.1650531673327709,0.486923563827429,0.2737324893657897
1733715172.5463128,0.9264100902636475,-0.015912345388937436,-0.15941379912389592,0.4809251684335926,0.2841297080484395
1733715172.6463127,0.9283846459917479,-0.014499570251432175,-0.14555662852715553,0.47492677303975617,0.2945269267310893
1733715172.7463126,0.9337930753997964,-0.016987304783759448,-0.12628594052822614,0.4689283776459197,0.30492414541373913
1733715172.8463125,0.9394477673410003,-0.019781372718103322,-0.12070321176584228,0.46661422901264266,0.3102047430042143
1733715172.9463124,0.9468420524956774,-0.020633380563728085,-0.1185584451444762,0.4678143486154355,0.3106047828718119
1733715173.0463123,0.9566428779575286,-0.018591324905709136,-0.11344479580921871,0.46901446821822834,0.3110048227394095
1733715173.1463122,0.9641329378196929,-0.017176168973999255,-0.10913370985592925,0.47021458782102116,0.3114048626070071
1733715173.2463121,0.9718569622155003,-0.017444572319176684,-0.10374399636783356,0.471414707423814,0.31180490247460474
1733715173.346312,0.9751214291118804,-0.020686768858001227,-0.10319889050566479,0.46872215272904777,0.3160973090886903
1733715173.446312,0.9779515721988361,-0.0271308215215623,-0.1044354245043334,0.46232391616072244,0.324095104799097
1733715173.5463119,0.982697641971937,-0.03148166191242428,-0.10718299472582148,0.45592567959239705,0.3320929005095037
1733715173.6463118,0.9872961178854306,-0.03008752648829537,-0.11162979127209016,0.4495274430240717,0.3400906962199104
1733715173.7463117,0.9886891525939802,-0.026607575826891293,-0.1091475098217918,0.4431292064557464,0.3480884919303171
1733715173.8463116,0.9895613550142643,-0.0229704295917139,-0.0979958351832227,0.43431538249835033,0.35768461750164965
1733715173.9463115,0.9906000469106347,-0.01979414046082337,-0.08874445543948417,0.42318929117357407,0.36881070882642586
1733715174.0463114,0.9925395387625322,-0.017738565499952008,-0.0736600621798432,0.4159999999999999,0.3779999999999999
1733715174.1463113,0.9969336887371285,-0.01755233527718255,-0.05296985845048949,0.4119999999999999,0.3839999999999999
1733715174.2463112,1.000287570692212,-0.019694728446042337,-0.03980454270918793,0.3907820302168075,0.3807820302168075
1733715174.346311,1.0032842173204322,-0.025856053596507368,-0.03014914094549607,0.38078613035264475,0.37521386964735515
1733715174.446311,1.0060996792540846,-0.03127041240748053,-0.030378257236719334,0.3435405236782258,0.38122973816088707
1733715174.546311,1.006640223818338,-0.03742980648899612,-0.02076877978961911,0.33000000000000007,0.3919999999999999
1733715174.6463108,1.00459580822777,-0.04022075557425257,-0.006611476992515119,0.3103355632110239,0.40244295785931733
1733715174.7463107,0.999176490584725,-0.03942691978458971,0.005031676015764413,0.2716585038842226,0.42234149611577737
1733715174.8463106,0.990679369235567,-0.03667728400475542,0.021160359326210233,0.221195292271479,0.42799999999999994
1733715174.9463105,0.9823652118329752,-0.03348783034565553,0.0385214384883839,0.17858561868260614,0.42399999999999993
1733715175.0463104,0.9691304400419769,-0.029425778347239785,0.07275618522297729,0.12087829059145697,0.43518695156809045
1733715175.1463103,0.956208053935313,-0.02749352322446906,0.10280084354875456,0.0,0.43999999999999995
1733715175.2463102,0.9362688274410947,-0.028923828702666184,0.14698927370953674,0.0,0.44520143323258
1733715175.3463101,0.92550616767763,-0.03468125346967786,0.1736572359974911,0.0,0.45199999999999996
1733715175.44631,0.9152543037328889,-0.045998677964015404,0.19673931359789754,0.0,0.4563812325857802
1733715175.54631,0.9062072673915237,-0.057377144140195735,0.21712171726874874,0.0,0.4651391680299135
1733715175.6463099,0.8967383946639559,-0.06331948230390556,0.23062182131997175,-0.05427904740921744,0.46799999999999997
1733715175.7463098,0.8835806105506537,-0.06511914148908803,0.2415580135770193,-0.1128035254237288,0.47
1733715175.8463097,0.8696245256304986,-0.06556092096646889,0.26192566268488077,-0.09880538014897067,0.47
1733715175.9463096,0.8581036486853015,-0.06711069566946021,0.2893570350655463,-0.09083589554380352,0.46799999999999997
1733715176.0463095,0.8454143170603063,-0.06862735107637752,0.3231641917765629,-0.09919740876875899,0.46799999999999997
1733715176.1463094,0.8347437686233391,-0.06917710052308584,0.3382954725156845,-0.09599999999999997,0.46799999999999997
1733715176.2463093,0.8243910321865009,-0.06966446812023297,0.34982129606279955,0.0,0.46282065021793894
1733715176.3463092,0.8164339440112951,-0.0699014313600047,0.3493583472469001,0.0,0.46199999999999997
1733715176.446309,0.8061250957922153,-0.07127640392752228,0.3456796357913565,0.15662826712610364,0.4395347808211132
1733715176.546309,0.7954281209096097,-0.07281918971475494,0.33204766798997626,0.24955920336082155,0.40206799439863067
1733715176.646309,0.7956333740569547,-0.07447863566571206,0.3052076247083002,0.36114846494274555,0.34723435670483643
1733715176.7463088,0.8057035118770915,-0.07207120173931883,0.22793118796759726,0.40069720678982673,0.3360000000000001
1733715176.8463087,0.8170786046245211,-0.06138948569359608,0.12023763308697204,0.42399999999999993,0.33320310687248067
1733715176.9463086,0.8223907137998725,-0.04992883126544782,0.054115867134551444,0.3999999999999999,0.3440000000000001
1733715177.0463085,0.8221719493800318,-0.039589569222066176,0.013467610694676066,0.4003711376611146,0.3408144311694427
1733715177.1463084,0.8216856619763951,-0.03209400509847047,-0.013772936236502243,0.3923527070529704,0.3440000000000001
1733715177.2463083,0.8234336743432454,-0.027434663273112014,-0.02624230331461423,0.381581087052585,0.34920945647370755
1733715177.3463082,0.8260935957606859,-0.022983722362587677,-0.03195119851549884,0.39481572662134845,0.35118427337865155
1733715177.4463081,0.830395212236556,-0.019389189011321414,-0.029894584784324628,0.39917781500538463,0.3548221849946154
1733715177.546308,0.8353883625525089,-0.01926228242979322,-0.027564501855431564,0.4048213446259639,0.3340000000000001
1733715177.646308,0.8383103467255076,-0.020315532694883915,-0.031206180354038635,0.3939999999999999,0.3183757816257817
1733715177.7463078,0.8413272948683789,-0.021868292972066133,-0.037541201122015186,0.3959999999999999,0.3088405557792993
1733715177.8463078,0.8452511842600422,-0.023365868926448277,-0.044055470662957764,0.39720628337800024,0.3007937166219997
1733715177.9463077,0.8517236486782137,-0.023313124974099302,-0.05411156504522314,0.3959999999999999,0.29884179597480415
1733715178.0463076,0.8569427873381598,-0.021982178905719154,-0.06451980144567115,0.39278861821086253,0.30200000000000005
1733715178.1463075,0.8624157196765521,-0.021680537212129994,-0.07461235026777494,0.3879999999999999,0.30400000000000005
1733715178.2463074,0.8652065923272418,-0.022401992165287613,-0.08008300162448129,0.3808823470511664,0.30400000000000005
1733715178.3463073,0.8688972781474235,-0.02333189671249211,-0.08262733447025364,0.39080470323880356,0.30200000000000005
1733715178.4463072,0.8731510359990076,-0.02393212446184828,-0.08648542292203908,0.3939999999999999,0.30000000000000004
1733715178.546307,0.8789820602339246,-0.02346845984446142,-0.08850383462250426,0.39518173093871783,0.3028182690612821
1733715178.646307,0.8818644477324502,-0.022142669449710606,-0.0828547165669296,0.4019999999999999,0.30200000000000005
1733715178.746307,0.8868334218921601,-0.020978477750344175,-0.0795621334256705,0.39878850385038495,0.30000000000000004
1733715178.8463068,0.8933107284054908,-0.020411291960755473,-0.08075460024580366,0.39722545738733134,0.30000000000000004
1733715178.9463067,0.8988075476140197,-0.021372198445730226,-0.07847401558246438,0.4039999999999999,0.29600000000000004
1733715179.0463066,0.9041403848587294,-0.02227077944447388,-0.07634965497191415,0.4039999999999999,0.29400000000000004
1733715179.1463065,0.9061417211967945,-0.02298383121100909,-0.07514178805138882,0.4059999999999999,0.29400000000000004
1733715179.2463064,0.907961813324853,-0.02396360078127479,-0.07422637649646315,0.4119999999999999,0.2927933334652917
1733715179.3463063,0.912223747392163,-0.02472459476022547,-0.08413324099003698,0.40038574282493017,0.29000000000000004
1733715179.4463062,0.9152649269821763,-0.024368325326101857,-0.08662988665758455,0.4079999999999999,0.28
1733715179.5463061,0.9193591333759195,-0.02397520549565595,-0.08558173440171059,0.4099999999999999,0.2852160053852855
1733715179.646306,0.9224042522951814,-0.023862169709286844,-0.08240566395278451,0.41763481629299204,0.28600000000000003
1733715179.746306,0.9264092104081992,-0.024512076122121893,-0.08390903699606092,0.42517710285184795,0.28
1733715179.8463058,0.928703889810979,-0.02639537698935,-0.0905163696255409,0.4252175702951697,0.26478242970483024
1733715179.9463058,0.9297565416858851,-0.02758775841151892,-0.09708954593409372,0.42761199287472723,0.258
1733715180.0463057,0.9315709275248689,-0.026889125223675748,-0.10639219677139586,0.42799999999999994,0.26321797553910525
1733715180.1463056,0.9326514113288935,-0.025863141626520255,-0.11058541611812052,0.42799999999999994,0.2775548479106023
1733715180.2463055,0.9352700705036404,-0.025129578310298852,-0.11294700435237218,0.43437503232351354,0.30437503232351365
1733715180.3463054,0.9430782347574747,-0.02447961374604027,-0.10990430687753343,0.4383600690629414,0.34118003453147083
1733715180.4463053,0.9520781405428077,-0.024053873021269743,-0.10275691674254252,0.4468401679044236,0.34115983209557643
1733715180.5463052,0.9636752831992069,-0.02407226516592367,-0.08951373608855269,0.44483071600715224,0.3400000000000001
1733715180.646305,0.9703908438224945,-0.023364364073132374,-0.08300641103429963,0.43999999999999995,0.3420000000000001
1733715180.746305,0.9756776525528351,-0.02257971348474305,-0.08368524495829532,0.42880750226883124,0.3440000000000001
1733715180.846305,0.9802502674014425,-0.022489092361796022,-0.08373245728325916,0.4132070302403721,0.3460000000000001
1733715180.9463048,0.9816269415376454,-0.023427054517565018,-0.07227293223351589,0.4168152021072227,0.3471847978927773
1733715181.0463047,0.9827093941030977,-0.025235656026931317,-0.05838205133378996,0.4251845955334987,0.3520000000000001
1733715181.1463046,0.9853627772290049,-0.026285607028311054,-0.048583192331953955,0.42599999999999993,0.3520000000000001
1733715181.2463045,0.988969117286689,-0.02745413693673759,-0.04334059202043295,0.42399999999999993,0.3540000000000001
1733715181.3463044,0.9935763347482726,-0.029223987134503093,-0.05049407193693519,0.41560270017168716,0.3600000000000001
1733715181.4463043,0.99648098240972,-0.030566049553349423,-0.05434774468927128,0.3996386470729174,0.35878711764236093
1733715181.5463042,0.9980940191277262,-0.030794989302441574,-0.04833276128860338,0.3979999999999999,0.35479932280798465
1733715181.6463041,0.9990697262612896,-0.030827056897724296,-0.04628918909890338,0.40721439226684164,0.3540000000000001
1733715181.746304,1.002512513903377,-0.029974627048757602,-0.050286618106399915,0.4119999999999999,0.3571780410679263
1733715181.846304,1.0055804648731095,-0.028470833018278328,-0.05241570203353242,0.4179999999999999,0.35917029837071274
1733715181.9463038,1.0089995442764073,-0.02605217253124065,-0.051520631169046024,0.4128175810301631,0.36718241896983694
1733715182.0463037,1.0097603832700215,-0.026243568928779944,-0.04439115411097024,0.41919780686512986,0.35680219313487016
1733715182.1463037,1.0083875973119543,-0.02830617122556601,-0.04144801155895542,0.42199999999999993,0.3508577751121958
1733715182.2463036,1.0078991234084482,-0.029883314988868204,-0.04722614470099031,0.4159999999999999,0.3500000000000001
1733715182.3463035,1.0078620324026315,-0.0297887471501794,-0.054027206678742126,0.4179999999999999,0.3520000000000001
1733715182.4463034,1.0088420191183987,-0.028891468878605508,-0.05857680541508077,0.4179999999999999,0.3551861497720169
1733715182.5463033,1.0105579737310169,-0.025889664961956528,-0.06084809680182563,0.39284032258064505,0.3620000000000001
1733715182.6463032,1.0121813219682667,-0.024066134127501398,-0.05472755872079944,0.40116836734693867,0.3580000000000001
1733715182.746303,1.0149955412032676,-0.023271997218798204,-0.04420175966039714,0.41061478948910807,0.36715369737227715
1733715182.846303,1.0194871072198548,-0.023907218461291953,-0.03416711821076158,0.42920198479896027,0.3700000000000001
1733715182.946303,1.0254682992057178,-0.02508442559443511,-0.03495053232989791,0.43084839292763494,0.3740000000000001
1733715183.0463028,1.0307966283228385,-0.026570125660597528,-0.040675051716138645,0.44199999999999995,0.3720000000000001
1733715183.1463027,1.0355569871956223,-0.02796725237346019,-0.0433326542456374,0.44516428039069544,0.3660000000000001
1733715183.2463026,1.0379404720689402,-0.028139124771255075,-0.046260643077065844,0.4428047424529241,0.36719525754707594
1733715183.3463025,1.0398012514955435,-0.028484311430047315,-0.04865916495406176,0.43799999999999994,0.36918903520130697
1733715183.4463024,1.0414366093633927,-0.028166705181878367,-0.04466101577813382,0.43799999999999994,0.3700000000000001
1733715183.5463023,1.0438163043947173,-0.026780764398732494,-0.04321282356975442,0.44199999999999995,0.3779999999999999
1733715183.6463022,1.0448778547312088,-0.02442072529340842,-0.04421955488599266,0.43960028582203603,0.38119985708898185
1733715183.7463021,1.0429720824715178,-0.022344324015077112,-0.04374153200847297,0.42399999999999993,0.3859999999999999
1733715183.846302,1.0415759235118986,-0.021056711250239075,-0.03190743180382217,0.42199999999999993,0.3959999999999999
1733715183.946302,1.0420058227453743,-0.022150204026755264,-0.023845334007739735,0.4331417474173139,0.3979999999999999
1733715184.0463018,1.0440063706942335,-0.024243588501376766,-0.01997239470530099,0.43399999999999994,0.40110377358490557
1733715184.1463017,1.047194553758314,-0.026079714423147472,-0.019120090426087154,0.43399999999999994,0.403156156641098
1733715184.2463017,1.0494650154426977,-0.027057483292516837,-0.016527530245750415,0.43399999999999994,0.4039999999999999
1733715184.3463016,1.0539609586268999,-0.028436743043033137,-0.013363249449448233,0.43599999999999994,0.40519025568753764
1733715184.4463015,1.054642761376371,-0.028160789139055824,-0.01172716685053313,0.43199999999999994,0.4079999999999999
1733715184.5463014,1.0547286847385196,-0.026860030517984093,-0.009571924200289355,0.43199999999999994,0.4119999999999999
1733715184.6463013,1.0535323673003922,-0.024562234581423804,-0.007352572528126195,0.43518121252498326,0.41318121252498324
1733715184.7463012,1.0524092324807843,-0.0235177684154539,-0.011392333471111257,0.4368279768695173,0.42399999999999993
1733715184.846301,1.0525747041416487,-0.024909189201314543,-0.008661484258213814,0.4307980700500357,0.4312019299499642
1733715184.946301,1.0537302188075683,-0.02650029854195933,-0.0005616283786561517,0.42399999999999993,0.43599999999999994
1733715185.046301,1.0525796432595296,-0.0278580797267257,0.00756787610581836,0.42292090810810806,0.43599999999999994
1733715185.1463008,1.0515462889951117,-0.030233599943251754,0.008247437519104051,0.42199999999999993,0.43599999999999994
1733715185.2463007,1.0506835372985899,-0.031059685312871625,0.007068598808049698,0.42103651258872127,0.43799999999999994
1733715185.3463006,1.0519156761453177,-0.030944582789625603,0.00699874544951899,0.42313947794331236,0.43799999999999994
1733715185.4463005,1.0547578423271293,-0.03015299013372177,0.00854132873521546,0.42199999999999993,0.43799999999999994
1733715185.5463004,1.056732841596568,-0.028577968870410017,0.008041430844217769,0.42199999999999993,0.43599999999999994
1733715185.6463003,1.0586558230575909,-0.02774625368336422,0.011085284308959295,0.42199999999999993,0.43599999999999994
1733715185.7463002,1.0628380968313094,-0.027777442432833005,0.01198741664659874,0.42199999999999993,0.43599999999999994
1733715185.8463001,1.06571867834592,-0.028677968962412693,0.010589028066916575,0.42199999999999993,0.43480772516839195
1733715185.9463,1.0692089032506074,-0.02951511668061869,0.009017789901106823,0.42199999999999993,0.43599999999999994
1733715186.0463,1.069388510700388,-0.029770566168113605,0.0046412157265746145,0.42199999999999993,0.43599999999999994
1733715186.1462998,1.0690184148680903,-0.02817520143431304,0.0008727456540204229,0.4208244934205214,0.43599999999999994
1733715186.2462997,1.0694012215661775,-0.025072366816883854,0.0028500421518524335,0.41999999999999993,0.43399999999999994
1733715186.3462996,1.0691750354835288,-0.022571325910640004,0.0027160369875005265,0.41999999999999993,0.43399999999999994
1733715186.4462996,1.0666803759658412,-0.020303415960137735,0.004812002790230767,0.41999999999999993,0.43399999999999994
1733715186.5462995,1.0629947476088546,-0.020461377759975627,0.01250143484210572,0.41999999999999993,0.43399999999999994
1733715186.6462994,1.059497000710958,-0.021759998343702177,0.020060882943594906,0.41999999999999993,0.43399999999999994
1733715186.7462993,1.0535032676176785,-0.02698250858209491,0.02100399669243038,0.41999999999999993,0.43399999999999994
1733715186.8462992,1.0480380132217746,-0.03223724792667767,0.014442554682278648,0.41999999999999993,0.43399999999999994
1733715186.946299,1.0441697510231385,-0.03531988408665572,0.012869076529732456,0.41999999999999993,0.43399999999999994
1733715187.046299,1.0428555508673052,-0.037197273032029535,0.011640675590481039,0.41999999999999993,0.43399999999999994
1733715187.146299,1.045663547504163,-0.03824511864879418,0.009933364441043003,0.41999999999999993,0.43199999999999994
1733715187.2462988,1.0482897460177738,-0.037606212870535026,0.006631506942687671,0.4139999999999999,0.43199999999999994
1733715187.3462987,1.048614316161466,-0.03683397433270301,0.004026948736358727,0.4028506690028671,0.43199999999999994
1733715187.4462986,1.048772575585969,-0.037017487902944006,0.01017465172856423,0.3896463562199929,0.43199999999999994
1733715187.5462985,1.0470645819117994,-0.03742934613527251,0.014338697560858326,0.3155553203809829,0.4351605199576685
1733715187.6462984,1.0402401519745539,-0.03753914205526656,0.020498189229829013,0.18751172370088715,0.44827059569074773
1733715187.7462983,1.0218202937765068,-0.03764112284142653,0.05456785929706156,0.0,0.46915099856902875
1733715187.8462982,1.0032706439421795,-0.037731741453002676,0.09841492898256782,0.0,0.49033825423560884
1733715187.9462981,0.9867952870038621,-0.0387706761009647,0.15247496345679432,0.0,0.5011596873906451
1733715188.046298,0.9755035981394522,-0.04040384920766029,0.18493158300973833,0.0,0.49568608936432995
1733715188.146298,0.9574275545906153,-0.04580542980641816,0.22388988092120435,0.13414006631776595,0.44240553713395386
1733715188.2462978,0.9417396787601499,-0.05175215959738837,0.23603153832210366,0.38779858926512817,0.34656112858789745
1733715188.3462977,0.9469449087173408,-0.05726173137259994,0.197872033081716,0.49881704996829,0.2302090857505257
1733715188.4462976,0.9574304110203065,-0.05653120854222583,0.08866167775596252,0.534,0.18399999999999994
1733715188.5462976,0.965898599344399,-0.0501175731684716,-0.04223456289594243,0.5722982869205164,0.0
1733715188.6462975,0.9697987869815584,-0.04217513647710035,-0.1354708966565111,0.5971921733608511,0.0
1733715188.7462974,0.9753258082014639,-0.033084378729081314,-0.21402677209428644,0.60715052776503,0.0
1733715188.8462973,0.9776061137036701,-0.02726904007595313,-0.2544959033926126,0.6091607409323333,0.0
1733715188.9462972,0.9802445627804298,-0.020516690217255756,-0.2857171310976071,0.6120000000000001,0.0
1733715189.046297,0.9803154761275401,-0.014297718405667896,-0.3007886875613683,0.6048892433714164,0.0
1733715189.146297,0.9742680573607667,-0.008541793611679937,-0.3140489519019026,0.5940000000000001,0.0
1733715189.246297,0.9646210587605673,-0.0047512047139926334,-0.32411501612280025,0.5860000000000001,0.0
1733715189.3462968,0.9497760641852646,-0.0031793777692245627,-0.3354498622664678,0.5820000000000001,0.12144814474087715
1733715189.4462967,0.9452346055262039,-0.0032289225685626114,-0.34332646387391547,0.560508044739518,0.16065594034730937
1733715189.5462966,0.9389835602117541,-0.0023866666234886877,-0.33566062510202266,0.5092726475803399,0.23227286673440517
1733715189.6462965,0.9298695736575369,-0.004836280310042039,-0.299626173858313,0.42912524473219993,0.32058317017853344
1733715189.7462964,0.9176740135829541,-0.010500336503750403,-0.21261896594150506,0.3562891719239774,0.36628433123040915
1733715189.8462963,0.9037935016143301,-0.01719817614974082,-0.1349103246153296,0.2743628093439211,0.3982548762624315
1733715189.9462962,0.8878585743580835,-0.023758796542613377,-0.07026689923892114,0.1753465988709612,0.4191633502822596
1733715190.0462961,0.8720625656870067,-0.031003989119658487,-5.349846165022729e-05,0.11471256842936971,0.4310958105235434
1733715190.146296,0.8617193497648543,-0.03563323958476576,0.04647247582193801,0.04139811189506115,0.43799999999999994
1733715190.246296,0.8489145879116826,-0.04124179376670911,0.10493264764722034,0.0,0.4431416865824513
1733715190.3462958,0.8406599711771704,-0.045796007416181984,0.14446980202831503,0.0,0.44713773872572615
1733715190.4462957,0.8328044834116172,-0.05250678835685068,0.18016633704966248,0.0,0.4468203899569528
1733715190.5462956,0.8286970093377304,-0.05704831110498368,0.20167765998953754,0.0,0.44799999999999995
1733715190.6462955,0.8180079399268297,-0.06203492632573091,0.2319832978973068,0.17586003957376506,0.44399999999999995
1733715190.7462955,0.8137033359795675,-0.06265674713213708,0.24969025652187984,0.3399545700378584,0.44599999999999995
1733715190.8462954,0.8342849485167342,-0.06175145834380504,0.22804497489370726,0.3859999999999999,0.44799999999999995
1733715190.9462953,0.8548656658419137,-0.05606236093188547,0.16588997505547334,0.3959999999999999,0.44284013024659485
1733715191.0462952,0.866492154011327,-0.0512094368364274,0.11656636829020266,0.41513806257782687,0.428861937422173
1733715191.146295,0.8746178693660266,-0.04755749205161867,0.08633665125234849,0.42399999999999993,0.42399999999999993
1733715191.246295,0.8790541149614338,-0.04530280678299359,0.0707791530585278,0.427152450540855,0.42199999999999993
1733715191.3462949,0.8836344522207421,-0.04393063073680206,0.047541056409450166,0.43310067419134907,0.42399999999999993
1733715191.4462948,0.8906576487582543,-0.044021707807257116,0.031729290481476526,0.4391324891966863,0.42399999999999993
1733715191.5462947,0.8969972921698168,-0.04316243944203911,0.02099902159384356,0.44199999999999995,0.42914922948936335
1733715191.6462946,0.9042705654387564,-0.040433764032577736,0.011824097996347966,0.44399999999999995,0.43199999999999994
1733715191.7462945,0.912820315073354,-0.03590667558932251,0.0076436647920135325,0.44799999999999995,0.43799999999999994
1733715191.8462944,0.9226513438309665,-0.0317787822185412,0.0038340484648834504,0.44799999999999995,0.43999999999999995
1733715191.9462943,0.9382921386120238,-0.028544514489901775,0.004324322221684295,0.44799999999999995,0.43999999999999995
1733715192.0462942,0.9510346400437151,-0.027299590337496533,0.006367392939878092,0.44599999999999995,0.43999999999999995
1733715192.146294,0.965180625015684,-0.028111260635226256,0.0075032969957011175,0.44599999999999995,0.44199999999999995
1733715192.246294,0.9753948641787619,-0.028421242577445,0.006617961854642736,0.44599999999999995,0.4430500319806694
1733715192.346294,0.9864810585367751,-0.026056094722898653,0.006852773610161106,0.44399999999999995,0.4471572231444628
1733715192.4462938,0.9980350762828321,-0.023084926955480114,0.0035778068714165437,0.4208262312017005,0.45999999999999996
1733715192.5462937,1.0039303280270584,-0.02200540108657658,0.004475864566561561,0.37445329943188593,0.46799999999999997
1733715192.6462936,1.0061525729662335,-0.022451935945137072,0.014910723184662394,0.3206013061968409,0.472
1733715192.7462935,1.0053516512038927,-0.023486784920777538,0.033960015321241724,0.28366602412511677,0.478
1733715192.8462934,1.0009411115765503,-0.02460763837544768,0.06658331245744138,0.2396875850829259,0.482
1733715192.9462934,0.9952169224653715,-0.02496539918201277,0.09096306731783382,0.21084624956651227,0.4851537504334877
1733715193.0462933,0.989475366804555,-0.026060534870427483,0.11066426177018478,0.19095781914235002,0.4890421808576499
1733715193.1462932,0.9846005156578089,-0.028547040154804054,0.13070220321727252,0.1776824540639127,0.4931587729680436
1733715193.246293,0.9787340045166855,-0.03184499782022147,0.14810986763845055,0.15683157609116977,0.496
1733715193.346293,0.9732020872067028,-0.034965192099931396,0.1620080456012904,0.13484131387448225,0.496
1733715193.4462929,0.9667049197337877,-0.037891735547522905,0.17154310065365155,0.10573097646280376,0.5
1733715193.5462928,0.9565618933557246,-0.04028511267510557,0.18681347578148533,0.0,0.5051414119022188
1733715193.6462927,0.9464225598495108,-0.0416306777394911,0.2098425137019188,0.0,0.512
1733715193.7462926,0.9369286473608616,-0.042903004558787206,0.24241145624093258,0.0,0.5151257635144546
1733715193.8462925,0.9312606367943282,-0.04317119281053126,0.2600245148086488,0.0,0.518
1733715193.9462924,0.927063709428943,-0.044417910443341625,0.27226068783082913,0.05950342069668521,0.5168557034481407
1733715194.0462923,0.919982534926578,-0.04704351268403714,0.2877243352480909,0.20977731171117184,0.512
1733715194.1462922,0.9255553103645038,-0.0481696868857327,0.2920464822928353,0.3074168067226891,0.5131389355742297
1733715194.246292,0.9400763942187238,-0.0463212024577047,0.25837981622098183,0.335912133824491,0.514
1733715194.346292,0.948229457546126,-0.04223654945912576,0.21884024524079138,0.3620000000000001,0.516
1733715194.446292,0.958785581273055,-0.03662489978521688,0.16660017100184066,0.3620000000000001,0.516
1733715194.5462918,0.9632132333705572,-0.033566935883066674,0.14328376262267165,0.3600000000000001,0.5168573241335555
1733715194.6462917,0.9633248298224458,-0.03180885447024329,0.1300381950618573,0.3600000000000001,0.5171711479198767
1733715194.7462916,0.9636832668183825,-0.03015471731564552,0.12025796950768135,0.3600000000000001,0.5171499872974927
1733715194.8462915,0.9623188354603432,-0.02947344406423849,0.11490341575830652,0.3671718280362234,0.518
1733715194.9462914,0.9604880804164603,-0.02950858777970981,0.10881728767085702,0.3843857381962554,0.518
1733715195.0462914,0.9630952959105217,-0.028410173669949784,0.10020369446076308,0.42865316781322466,0.514
1733715195.1462913,0.9715858447762002,-0.028200203850334556,0.08652629206729223,0.48832633939296866,0.4770209818210939
1733715195.2462912,0.9816476754020836,-0.028573750882998638,0.06598523163221005,0.5083783635149468,0.3896757276976862
1733715195.346291,0.9892628676825632,-0.028186136224357665,0.0227947302448593,0.5271565855753837,0.3002170721230818
1733715195.446291,0.9938003780703193,-0.026242381907281457,-0.04667687046590556,0.5571201313578739,0.22151947456850463
1733715195.5462909,0.999500543414531,-0.024951600254104263,-0.08983951758679265,0.5640000000000001,0.15228047376534168
1733715195.6462908,1.0066629834473482,-0.02150911585410187,-0.16174359203183772,0.5720000000000001,0.0
1733715195.7462907,1.0080723807360201,-0.018145381374375092,-0.2004417340109735,0.5860000000000001,0.0
1733715195.8462906,1.013259848712359,-0.012538188211090354,-0.24500622688802554,0.6031219175923739,0.0
1733715195.9462905,1.0175323799676592,-0.007580561230300722,-0.27845047793170047,0.6040000000000001,0.0
1733715196.0462904,1.0230464410954603,-0.002332058804945046,-0.3155360603767753,0.6040000000000001,0.0
1733715196.1462903,1.0255638437435806,0.0022348080423674347,-0.33664296952379524,0.6100000000000001,0.0
1733715196.2462902,1.0271737945043085,0.007508672714268445,-0.3502433146962434,0.6120000000000001,0.0
1733715196.34629,1.028235518904629,0.012193584165504014,-0.35449695622252925,0.6151721855601465,0.0
1733715196.44629,1.0300877134654096,0.015967936546171055,-0.3575507308658785,0.6180000000000001,0.0
1733715196.54629,1.032532248174042,0.017276933532109514,-0.360596313497081,0.6331573449146075,0.0
1733715196.6462898,1.0411681392618792,0.0166753284768899,-0.3735589417096654,0.6419999999999999,0.0
1733715196.7462897,1.0451592219655976,0.015477351054053531,-0.38263424846529687,0.6399999999999999,0.0
1733715196.8462896,1.0453636060925626,0.013893126859093196,-0.3856133578161313,0.6399999999999999,0.0
1733715196.9462895,1.0436572823644392,0.012656425261414948,-0.385562118251441,0.6399999999999999,0.0
1733715197.0462894,1.042298424154668,0.011720141552099423,-0.38701932609753065,0.6399999999999999,0.0
1733715197.1462893,1.039763851620248,0.01125479472306843,-0.3909708713882697,0.6359999999999999,0.0
1733715197.2462893,1.035286377098438,0.013985430795391395,-0.3957821501589477,0.6359999999999999,0.0
1733715197.3462892,1.0310237610742492,0.01736506941602908,-0.39642491385962647,0.6379999999999999,0.0
1733715197.446289,1.028793734971957,0.021201623447807752,-0.39051577645503577,0.6399999999999999,0.0
1733715197.546289,1.0291838198076826,0.02327859634752381,-0.3885638801221079,0.6419999999999999,0.0
1733715197.6462889,1.0304604151759675,0.021935842865630734,-0.38743010837560293,0.6419999999999999,0.0
1733715197.7462888,1.0332679031766885,0.018239423865320046,-0.3894985584603704,0.6419999999999999,0.0
1733715197.8462887,1.0351465849092298,0.016871912976731313,-0.3900605985888831,0.6419999999999999,0.0
1733715197.9462886,1.0359402101286623,0.015808287976149204,-0.39099073029021203,0.6399999999999999,0.0
1733715198.0462885,1.0352836089039528,0.014755568901477467,-0.39163755985447823,0.6316377823729077,0.0
1733715198.1462884,1.0305389533981248,0.013162193379795574,-0.3954808354285607,0.566213786372961,0.13725794180326226
1733715198.2462883,1.0177567914668533,0.014841554597337209,-0.38817420654844814,0.49238017874956735,0.24386774975060566
1733715198.3462882,1.0124200252814421,0.018891124081144253,-0.3361345006086639,0.4436901256663395,0.31430987433366053
1733715198.446288,1.0101538604979385,0.01764567763021377,-0.26516350631296937,0.47660328570840366,0.3603016428542019
1733715198.546288,1.015646943030928,0.010636741525175748,-0.1784320820218443,0.5123162950525206,0.3831581475262602
1733715198.646288,1.0288935921145927,0.0019167969666165226,-0.12458940251153086,0.538,0.3879999999999999
1733715198.7462878,1.0372237246696014,-0.0036629023166506176,-0.1108709243650468,0.534,0.3879999999999999
1733715198.8462877,1.0421753314378932,-0.007264609892602283,-0.1058214306607804,0.528,0.3879999999999999
1733715198.9462876,1.0438439738113336,-0.011338963768786698,-0.09778088683772604,0.4616472387155708,0.41230061361876197
1733715199.0462875,1.036562829225982,-0.015216550197059628,-0.07557458815395594,0.33094011713614097,0.4623169050559783
1733715199.1462874,1.0257545672746236,-0.01806609255801698,-0.03687239265892976,0.2066257938063504,0.4895153273226186
1733715199.2462873,1.0052115406529674,-0.022062382966609895,0.032579784137364315,0.1341991201573174,0.5031601759685365
1733715199.3462873,0.9837955425289525,-0.026726085426642718,0.10206930672703028,0.10091770627359348,0.508
1733715199.4462872,0.9657041083503551,-0.03166418345886017,0.14842304304282541,0.0,0.508
1733715199.546287,0.9496001399864298,-0.03695800409388651,0.17971783681989287,0.14663808304371675,0.504
1733715199.646287,0.9378737425758377,-0.041382430315837694,0.20841555922685537,0.2574049159120311,0.48269894659027907
1733715199.7462869,0.9372697698674061,-0.047044921151992034,0.2298360680696714,0.44141325003253934,0.39164578568639474
1733715199.8462868,0.9598210359468625,-0.053382614759326374,0.17755149604518017,0.472,0.3117303384590185
1733715199.9462867,0.9666088119572414,-0.05210978931623206,0.0928818543414863,0.472,0.2808977168250077
1733715200.0462866,0.9679901803027241,-0.046195598249275015,0.006879508132612375,0.472,0.28
1733715200.1462865,0.9667245579464082,-0.03745853589966372,-0.04384998685782536,0.4688255585893935,0.28
1733715200.2462864,0.9660686289868403,-0.0323945343265748,-0.06326989713993478,0.47,0.28800000000000003
1733715200.3462863,0.965964266493737,-0.028960264331590563,-0.0717304324002229,0.47,0.29111356906795044
1733715200.4462862,0.9671646188652459,-0.026174860569771752,-0.07456728028639083,0.46399999999999997,0.29800000000000004
1733715200.546286,0.966929241789439,-0.02481313020887084,-0.07489141880111105,0.3974395619279812,0.3431401095180048
1733715200.646286,0.9612559226447465,-0.02354953625237744,-0.06389789127546024,0.33636803578690533,0.38712639284261885
1733715200.746286,0.9525465063622742,-0.022385299754360592,-0.034055665799745255,0.28,0.4139999999999999
1733715200.8462858,0.939519044629875,-0.023863328417740488,0.010646905954204599,0.21144014912067424,0.43113996271983135
1733715200.9462857,0.9270980780328856,-0.02825753371946854,0.04600091841309589,0.13728665207877452,0.44711889132020416
1733715201.0462856,0.903003672071036,-0.03596463224996593,0.10032091137275084,0.0,0.47137708013690544
1733715201.1462855,0.8885415054678533,-0.03945933243290271,0.1306983444572577,0.0,0.4931075670300392
1733715201.2462854,0.8718607251933739,-0.04489329720198538,0.1785692865986825,0.0,0.514
1733715201.3462853,0.8611150611630473,-0.04742632985993864,0.21325927692272534,0.0,0.527160375308642
1733715201.4462852,0.8519716271657781,-0.04958422978815378,0.2410285603525471,0.0,0.532
1733715201.5462852,0.8398494678469158,-0.05235784722844866,0.27036998367204634,0.0,0.534
1733715201.646285,0.8328647030186745,-0.05310513374411887,0.29150506117918334,0.0,0.534
1733715201.746285,0.8254715954376104,-0.05353159063844699,0.31203489025680936,0.0,0.534
1733715201.8462849,0.8185821328594658,-0.053415552107679905,0.3286358886515428,0.0,0.534
1733715201.9462848,0.8114444783270381,-0.05138320451526425,0.3407193488791625,0.0,0.5351462435258288
1733715202.0462847,0.8068505434445563,-0.04699492711328218,0.3491960240728691,0.0,0.536
1733715202.1462846,0.7994969409162309,-0.04178594103674719,0.3507615280968541,0.0,0.536
1733715202.2462845,0.7907947664707423,-0.03921457370498083,0.3470617299924025,0.0,0.534
1733715202.3462844,0.7849509698201389,-0.03880595404021754,0.3442638786176576,0.1822870229007633,0.532
1733715202.4462843,0.7895733116179922,-0.04030237290821937,0.33631136204339795,0.25229026131115423,0.5308548693444229
1733715202.5462842,0.8002180344850341,-0.0384999068205234,0.30371472075060124,0.27,0.53
1733715202.646284,0.8066677025657978,-0.03286982974059308,0.2662462767176486,0.27089153896607243,0.53
1733715202.746284,0.8126361719974039,-0.02657467654875191,0.2406867055992337,0.27,0.532
1733715202.846284,0.8161264643342186,-0.021169933783817582,0.22244449637577213,0.2688382748260595,0.532
1733715202.9462838,0.8207629777647346,-0.013511462406649032,0.2021295781427798,0.266,0.534
1733715203.0462837,0.8250170100623282,-0.00937686517933872,0.19205737958255054,0.262,0.534
1733715203.1462836,0.8304661686918361,-0.003837528227273301,0.19043575521016734,0.256,0.534
1733715203.2462835,0.8343134903135155,-0.0007569344715802163,0.1947601141127036,0.254,0.5350508336198007
1733715203.3462834,0.8428099257506239,-0.00014456791671487652,0.2002954414603916,0.254,0.5348812119551389
1733715203.4462833,0.8499148886461115,0.0005962360631369596,0.20423137585481949,0.254,0.536
1733715203.5462832,0.858715179641322,0.0033706225651229616,0.20632368431593154,0.254,0.5348818188725118
1733715203.6462831,0.864643898925989,0.006832815922416623,0.20670735066580626,0.256,0.534
1733715203.746283,0.8699630208057346,0.009642455210126744,0.20904641360830728,0.256,0.534
1733715203.846283,0.8751863099471939,0.011222703721298334,0.21223754061077904,0.2571177738904032,0.534
1733715203.9462829,0.8824375587559876,0.01146483425591297,0.21314023319651876,0.2773440426793124,0.5328853191068958
1733715204.0462828,0.8935077872884505,0.009937429825165389,0.21248437742344375,0.32200000000000006,0.508
1733715204.1462827,0.9026700027580408,0.00809483363275014,0.20110060017331163,0.3802976243317829,0.43680950267286794
1733715204.2462826,0.9093875811200152,0.005697287308253869,0.16210274500973304,0.4202899498582951,0.30398517549596693
1733715204.3462825,0.9055218320826505,0.002243189651948673,0.07947672405441411,0.4554033696729435,0.21032771721176077
1733715204.4462824,0.9006886455969721,0.001624703354445207,0.00017033008930835878,0.4842916333386658,0.13027091665333537
1733715204.5462823,0.8972426978173185,0.004550753989030986,-0.0682584638776855,0.509123464493234,0.0
1733715204.6462822,0.8973499166978868,0.010675596635495166,-0.13419522993833016,0.52,0.0
1733715204.746282,0.8991157124351519,0.017872929824075016,-0.17784096365389618,0.524,0.0
1733715204.846282,0.8983480304353808,0.025232980042109707,-0.21154936914767047,0.5391155041401849,0.0
1733715204.946282,0.8985032713668772,0.029341464655919986,-0.2401932049323645,0.558,0.0
1733715205.0462818,0.9024049600942202,0.03137062374937895,-0.27544613178728766,0.5660000000000001,0.0
1733715205.1462817,0.9077410859851847,0.033516849845369574,-0.3089948375642918,0.5680000000000001,0.0
1733715205.2462816,0.9093470906222126,0.035888711943694925,-0.3268564113227956,0.5668451443569554,0.0
1733715205.3462815,0.9093835027084877,0.036737504399491715,-0.33477552865257043,0.5660000000000001,0.0
1733715205.4462814,0.9058930330610033,0.0365092360019389,-0.3396137690682325,0.5660000000000001,0.0
1733715205.5462813,0.9029989361418913,0.03390289552140726,-0.3380447308482983,0.5640000000000001,0.0
1733715205.6462812,0.899947724104666,0.028396940257516063,-0.3309567243775641,0.5648648787932846,0.0
1733715205.7462811,0.8997554060451584,0.024415720521028493,-0.3273716560410533,0.5640000000000001,0.0
1733715205.846281,0.9008424936733453,0.020995039714339345,-0.3297415463341204,0.5640000000000001,0.0
1733715205.946281,0.9033644669839734,0.01906349182603656,-0.333452413931199,0.5640000000000001,0.0
1733715206.0462809,0.9056426924510114,0.01782689499491379,-0.3386567106521188,0.5640000000000001,0.0
1733715206.1462808,0.9084249361086261,0.018417451338136007,-0.34454714527296526,0.5660000000000001,0.0
1733715206.2462807,0.9122157236108082,0.018464473244148807,-0.3517131203004969,0.5660000000000001,0.0
1733715206.3462806,0.9177046552674982,0.01788163976454108,-0.36027767978485165,0.5660000000000001,0.0
1733715206.4462805,0.920396147873366,0.018055679093399668,-0.361522473219309,0.5660000000000001,0.0
1733715206.5462804,0.9241133864094269,0.019763436398982,-0.36537873373000984,0.5660000000000001,0.051739142284257085
1733715206.6462803,0.9234614878290777,0.02019699592522809,-0.3674927380432458,0.5680000000000001,0.13920720135187822
1733715206.7462802,0.9298861735008362,0.02135709787490685,-0.363775692615284,0.5680000000000001,0.20999999999999996
1733715206.84628,0.9412925166690069,0.021935936044603234,-0.34050576387042397,0.5660000000000001,0.258
1733715206.94628,0.9526734494205122,0.01814337589653339,-0.30615714014581513,0.5640000000000001,0.29600000000000004
1733715207.04628,0.9627408939341795,0.013242191285650556,-0.2696383295630638,0.562,0.31024863814017545
1733715207.1462798,0.9715623577266802,0.00768117907043018,-0.23363093057074086,0.542,0.32200000000000006
1733715207.2462797,0.9722237665193408,0.0051902500824287535,-0.20988949425137535,0.4978552468126839,0.3401447531873162
1733715207.3462796,0.97116961435306,0.0015943993320838284,-0.1660804565192266,0.47774570769290936,0.36538143846063603
1733715207.4462795,0.970901741809612,-0.00045084713585670836,-0.12989569318975466,0.4508814136433016,0.3819999999999999
1733715207.5462794,0.9710186343424017,-0.004014522099969875,-0.09840248100502505,0.43799999999999994,0.3839999999999999
1733715207.6462793,0.9732048588726601,-0.009559785857962761,-0.07655178028463078,0.43199999999999994,0.38312913822609507
1733715207.7462792,0.9753988880214249,-0.014717196549041058,-0.059315175938546204,0.43199999999999994,0.3859999999999999
1733715207.8462791,0.9793267580060575,-0.01745003173201092,-0.04881731217998159,0.4289876642157716,0.3879999999999999
1733715207.946279,0.9859039146557017,-0.018962921947241442,-0.04066016967302615,0.42799999999999994,0.3919999999999999
1733715208.046279,0.9909811451034785,-0.0179859065433607,-0.04269174491420963,0.4158707430849083,0.3999999999999999
1733715208.1462789,0.9933516239910768,-0.017688039975451857,-0.04286383408927349,0.3979999999999999,0.4019999999999999
1733715208.2462788,0.9973761828832888,-0.016032557138529264,-0.03286817226595172,0.3959999999999999,0.3999999999999999
1733715208.3462787,1.0031873954957309,-0.01499543964296395,-0.02013303039445546,0.3999999999999999,0.3999999999999999
1733715208.4462786,1.0112459063774806,-0.015130654557851196,-0.008762775014058696,0.3999999999999999,0.4019999999999999
1733715208.5462785,1.0174080011208035,-0.016678314570718732,-0.003523625615778603,0.3979999999999999,0.4059999999999999
1733715208.6462784,1.0217280778440134,-0.02046500829536575,-0.0020571182241930835,0.3979999999999999,0.4099999999999999
1733715208.7462783,1.0259053914138616,-0.023810758290846026,-0.0021505468214347455,0.3990503019826279,0.4099999999999999
1733715208.8462782,1.0296381276448172,-0.026269652719921904,-0.001983270534931067,0.4019999999999999,0.4099999999999999
1733715208.946278,1.0298788687022329,-0.02613329613612933,-0.002420498075873172,0.4039999999999999,0.4079999999999999
1733715209.046278,1.02755513528599,-0.023952954528870307,-0.0058146312197599834,0.4059999999999999,0.4079999999999999
1733715209.146278,1.0249527155617633,-0.022036152660589666,-0.010936217188070823,0.4059999999999999,0.4079999999999999
1733715209.2462778,1.0205488572584422,-0.020994295784076696,-0.013523923102729126,0.4059999999999999,0.4099999999999999
1733715209.3462777,1.019194633186551,-0.021639787965338542,-0.008534384605807055,0.4059999999999999,0.4119999999999999
1733715209.4462776,1.0207681554207388,-0.023190919053488718,-0.0039351987083649466,0.4059999999999999,0.4119999999999999
1733715209.5462775,1.0232496978703218,-0.022566180785468154,-0.004335182824785885,0.4059999999999999,0.41312916372756475
1733715209.6462774,1.0244653678964646,-0.022157814360335634,-0.008162843026967346,0.4059999999999999,0.4119999999999999
1733715209.7462773,1.0246278098518022,-0.02201356870384719,-0.009699708958220287,0.4019999999999999,0.4139999999999999
1733715209.8462772,1.0268158864653818,-0.020968062377038754,-0.01185724154438051,0.39896987205943035,0.4159999999999999
1733715209.9462771,1.0314215153444193,-0.02026357240010578,-0.010320771404174816,0.39088177823118564,0.4171182217688142
1733715210.046277,1.033068571365142,-0.0206234283244367,-0.010493423327831613,0.3819999999999999,0.41999999999999993
1733715210.146277,1.0345457821526325,-0.023363806221971335,-0.006943545386936325,0.3775819240305072,0.427627113954239
1733715210.2462769,1.0353277936053495,-0.02691710239968854,-0.0014540025999815883,0.3738975990794239,0.4331536013808642
1733715210.3462768,1.0375151271079193,-0.029170440652206874,-0.0014812546943136044,0.3653945705614496,0.4391084373828472
1733715210.4462767,1.0393188447522546,-0.03165121684375372,0.0032499799141545442,0.35177381939917535,0.4455182026356822
1733715210.5462766,1.0401596207317971,-0.030899726512187337,0.007546326685849065,0.33815306823690106,0.45192796788851713
1733715210.6462765,1.040004940887949,-0.0291940952250917,0.010273081918620563,0.32453231707462676,0.45833773314135207
1733715210.7462764,1.0404110823647121,-0.027501344683112963,0.015521957035610295,0.3109115659123525,0.46474749839418705
1733715210.8462763,1.0374722634151583,-0.026479637491130976,0.025390238324119414,0.274019453958313,0.47076136608278696
1733715210.9462762,1.0324650438656007,-0.02667199796187351,0.04565906399354252,0.2131540072414131,0.47636739406986983
1733715211.046276,1.0256266637402502,-0.028038085216215234,0.06985861702008424,0.15228856052451317,0.4819734220569527
1733715211.146276,1.0106729754663843,-0.029338116196095686,0.09635058462307904,0.09142311380761328,0.48757945004403563
1733715211.246276,0.9967807715517121,-0.031182170977530704,0.12147864406053929,0.030557667090713392,0.4931854780311185
1733715211.3462758,0.9751113507874292,-0.034848683981025357,0.1608809101583259,0.0,0.4963967596838331
1733715211.4462757,0.9565729967107099,-0.039306677374036564,0.19388787062625973,0.0,0.497193550332756
1733715211.5462756,0.9457760179268936,-0.04376226859716769,0.21067830969263882,0.0,0.4979903409816788
1733715211.6462755,0.937768583887818,-0.048148793110655966,0.22158032695225546,0.0,0.4987871316306017
1733715211.7462754,0.9296881350642862,-0.05250936909156442,0.22982795383538546,0.0,0.49958392227952453
1733715211.8462753,0.9237158736082003,-0.05478008415218546,0.2383174092770879,0.026727547920732425,0.4998077154825847
1733715211.9462752,0.9166322444859809,-0.05472906330870095,0.24903744390289254,0.08266539153094964,0.4994052849530147
1733715212.0462751,0.9091688016406823,-0.05266993007228963,0.2565619305834305,0.13860323514116685,0.49900285442344483
1733715212.146275,0.9027620847565347,-0.050359376786962846,0.26025509945544506,0.19454107875138404,0.49860042389387493
1733715212.246275,0.8946092618593271,-0.047350551575756544,0.2712468923976121,0.2504789223616013,0.49819799336430504
1733715212.3462749,0.9009494671299842,-0.047010166393067016,0.27228021950219444,0.29018330448969637,0.48053726356476856
1733715212.4462748,0.9131375226475614,-0.043760951290268815,0.23648626478334953,0.3141658991972066,0.44616221115067056
1733715212.5462747,0.9196552466223028,-0.042269528370269496,0.1968156810661547,0.33814849390471685,0.41178715873657246
1733715212.6462746,0.9213226230468899,-0.04184001463105074,0.15949760024412102,0.3621310886122271,0.37741210632247446
1733715212.7462745,0.917615851652647,-0.040516330471377676,0.11063326049007641,0.38611368331973733,0.34303705390837635
1733715212.8462744,0.9091127250476245,-0.0383593256073443,0.07203839369713783,0.404041825628967,0.2931727474159454
1733715212.9462743,0.8931451385054824,-0.033222807932692035,0.027725732705141077,0.41602060579808786,0.22808804183038894
1733715213.0462742,0.8734611792926923,-0.024499917086383813,-0.018251007809792375,0.42799938596720866,0.16300333624483254
1733715213.146274,0.8579812455401554,-0.017696406809569184,-0.058876524551106243,0.4399781661363295,0.09791863065927608
1733715213.246274,0.843672938307504,-0.012842783193261214,-0.10350597441949966,0.45195694630545036,0.03283392507371968
1733715213.346274,0.8389555120489339,-0.010875885562872199,-0.1335633511256218,0.4587939364913073,0.0
1733715213.4462738,0.8379793440224496,-0.009987166219405744,-0.16146922673932323,0.4603961650876478,0.0
1733715213.5462737,0.8402636766598262,-0.010090560854471634,-0.1876010854365462,0.4619983936839883,0.0
1733715213.6462736,0.8441558088815015,-0.01057929178257148,-0.22743963024977168,0.46360062228032883,0.0
1733715213.7462735,0.847557418381301,-0.010651775325152432,-0.2555209955859612,0.46520285087666935,0.0
1733715213.8462734,0.84955865880766,-0.009546886735587961,-0.2749052346643288,0.4649959289847235,0.01325373740164888
1733715213.9462733,0.8529959270995208,-0.006513035075286849,-0.29491330403516897,0.46299767744886217,0.03963065767501908
1733715214.0462732,0.8551800848385213,-0.002128018274147364,-0.3052795514558671,0.46099942591300075,0.06600757794838928
1733715214.1462731,0.8535122575139142,0.002863607215009667,-0.31283826536294573,0.4590011743771394,0.09238449822175948
1733715214.246273,0.8530444874986779,0.007482340434483989,-0.31738024917747426,0.457002922841278,0.11876141849512968
1733715214.346273,0.8514208070595076,0.011153296098874008,-0.3125079833053452,0.43867574252471264,0.15031990445662557
1733715214.4462729,0.847930891259913,0.011555672080684184,-0.299958201289497,0.4038950471664393,0.18709949035273077
1733715214.5462728,0.8449748233526381,0.010276509447425098,-0.2838552432006164,0.369114351808166,0.22387907624883596
1733715214.6462727,0.8351769202355002,0.006436536134312609,-0.2522574769992981,0.33433365644989266,0.26065866214494116
1733715214.7462726,0.8296528345202818,0.004116905287055998,-0.22425009214079267,0.29955296109161933,0.29743824804104635
1733715214.8462725,0.8258419184184939,0.0015110952318736423,-0.16711995754742537,0.2643665028417043,0.3270952341670176
1733715214.9462724,0.8229198917583298,-0.0028052362127298585,-0.1151576666947036,0.22876662166924083,0.3494951593991294
1733715215.0462723,0.8182064264007574,-0.007750196162515284,-0.05641644988762298,0.19316674049677734,0.37189508463124127
1733715215.1462722,0.8106983557085929,-0.01358815404474652,0.002450592325414606,0.15756685932431388,0.3942950098633531
1733715215.246272,0.8034688692356382,-0.02042382695318448,0.05485737576937996,0.12196697815185042,0.4166949350954649
1733715215.346272,0.7991457357442211,-0.02695738115223741,0.09809991239594905,0.0937194735662561,0.4297793218827633
1733715215.446272,0.7935919055382104,-0.031676908071145295,0.13697361770543026,0.0729636445910832,0.43337167689769707
1733715215.5462718,0.7885654062250712,-0.03439986111079328,0.1711722492943076,0.0522078156159103,0.43696403191263083
1733715215.6462717,0.7812748528390971,-0.03921024466196477,0.20996079076022814,0.031451986640737395,0.44055638692756466
1733715215.7462716,0.7759374088942014,-0.04321823911073602,0.23893636595740242,0.010696157665564504,0.4441487419424984
1733715215.8462715,0.7696115892558821,-0.04820392972866964,0.26210237918108903,0.03888282924016148,0.4339463229355499
1733715215.9462714,0.7647269913535064,-0.05368130779409063,0.28384009194826243,0.1191086466591464,0.4090763195356646
1733715216.0462713,0.7620256424973717,-0.05799923638176628,0.29537898673399404,0.19933446407813132,0.38420631613577927
1733715216.1462712,0.7608109827470585,-0.06274822224221915,0.30027632947698796,0.27956028149711626,0.35933631273589395
1733715216.2462711,0.7636669468396496,-0.06406533664310815,0.2969532018476278,0.35978609891610114,0.3344663093360087
1733715216.346271,0.7799188173687673,-0.06442169618676437,0.2624667054864042,0.41097846156488577,0.2898630488736979
1733715216.446271,0.7929280871908184,-0.06163203435185118,0.1577238335468687,0.4329908052294541,0.22542691560105232
1733715216.5462708,0.8012408462166508,-0.05546173096341651,0.03469216666624401,0.4550031488940225,0.16099078232840677
1733715216.6462708,0.80454792904979,-0.04959001688277943,-0.04874498465493895,0.4770154925585909,0.0965546490557612
1733715216.7462707,0.8039690513188217,-0.04206460640208314,-0.11834890040383877,0.49902783622315927,0.032118515783115587
1733715216.8462706,0.8025964646887365,-0.03540458086020005,-0.16468582377655572,0.5047917629027812,0.01762787940597142
1733715216.9462705,0.7981426816338937,-0.0289414539838395,-0.2058700448883744,0.4944073755072482,0.05277503674469825
1733715217.0462704,0.7957237184291958,-0.025667937711278253,-0.22396563077861312,0.4840229881117153,0.08792219408342508
1733715217.1462703,0.7938915596967192,-0.024803794646350963,-0.22906921572940067,0.47363860071618236,0.1230693514221519
1733715217.2462702,0.792751594239026,-0.025987725558742004,-0.23063358204916612,0.4632542133206494,0.15821650876087873
1733715217.34627,0.7956423090276087,-0.029186079880834173,-0.23767997644655028,0.4363070575750798,0.19512923104742955
1733715217.44627,0.8009510570660676,-0.030298723971726633,-0.2457544536613437,0.39239667274189477,0.23385020676396548
1733715217.54627,0.809212570644872,-0.030209208843854227,-0.25290055910664067,0.3484862879087097,0.2725711824805014
1733715217.6462698,0.8158871231390682,-0.02907042385715548,-0.250902520183721,0.30457590307552473,0.3112921581970373
1733715217.7462697,0.8196735457360698,-0.025550217015713642,-0.2349624912692833,0.26066551824233974,0.35001313391357325
1733715217.8462696,0.8165272996789793,-0.020644952378444468,-0.18355358555996856,0.20397751969362019,0.38594196220070376
1733715217.9462695,0.8120939513046996,-0.0186799775066783,-0.1254802449571329,0.13365746393594574,0.4188919311842998
1733715218.0462694,0.802552408996026,-0.01751152213595498,-0.05134818078091554,0.06333740817827127,0.4518419001678958
1733715218.1462693,0.7992255789997162,-0.018320966070866074,0.021036962853236238,-0.006982647579403173,0.4847918691514918
1733715218.2462692,0.8052855660712658,-0.02104739640867081,0.11748971968980551,-0.07730270333707762,0.5177418381350878
1733715218.3462691,0.8048284594289407,-0.026299269790035575,0.18217381885293057,-0.11402621225854839,0.534
1733715218.446269,0.7978818823901558,-0.03340643927001641,0.24816490409013772,-0.11802599673956007,0.534
1733715218.546269,0.7872317011960903,-0.0436199339199022,0.2979316589546407,-0.12202578122057176,0.534
1733715218.6462688,0.7745878193541167,-0.05678294325715328,0.352306701596964,-0.12602556570158344,0.534
1733715218.7462687,0.762308574983087,-0.06718266351525748,0.3860326399280875,-0.13002535018259515,0.534
1733715218.8462687,0.7475737113852127,-0.07911157794045945,0.4255978904048863,-0.1186679869418318,0.5291519952515752
1733715218.9462686,0.7401125833722317,-0.08716635215426745,0.4495503432469954,-0.09233631631814447,0.5195768422975071
1733715219.0462685,0.7351387825848861,-0.09418646270104399,0.4584324523581862,-0.06600464569445713,0.5100016893434389
1733715219.1462684,0.7244342820756772,-0.09660963618428423,0.44395888711635173,-0.03967297507076979,0.5004265363893708
1733715219.2462683,0.7113764149287087,-0.09537828769211198,0.40800023116591344,-0.013341304447082467,0.4908513834353027
1733715219.3462682,0.7133946767842105,-0.09020667796914578,0.39904995944953925,0.029940175508655735,0.4873788238721091
1733715219.446268,0.7177159492043753,-0.08473906357622273,0.4046390712678922,0.0906293684991616,0.49017372091772454
1733715219.546268,0.7225343468148678,-0.08266562590641595,0.40512959901922785,0.15131856148966746,0.49296861796333996
1733715219.646268,0.7361798618773084,-0.08290902671647955,0.3834332282353961,0.21200775448017334,0.4957635150089553
1733715219.7462678,0.7474655432165708,-0.08222750089895918,0.34145686738011116,0.2726969474706792,0.49855841205457074
1733715219.8462677,0.756730868063338,-0.07919505632802859,0.2842158952583985,0.3061353713981754,0.5007764986902455
1733715219.9462676,0.764250821524435,-0.07459428260814038,0.2417024773515465,0.3105454084039349,0.5023801485105218
1733715220.0462675,0.7740298266064829,-0.06720541835099637,0.20417636303103973,0.3149554454096944,0.503983798330798
1733715220.1462674,0.7879713605719525,-0.05481636536627791,0.17362167323712765,0.31936548241545387,0.5055874481510741
1733715220.2462673,0.8000509314546994,-0.04675810511500684,0.15799215243835008,0.32377551942121335,0.5071910979713503
1733715220.3462672,0.8119026636411766,-0.0423460369907994,0.14478065527712466,0.3328106593834802,0.5065405729892543
1733715220.4462671,0.8253376023720849,-0.04001682993503363,0.1388797334192185,0.34655327409893394,0.5035957269787998
1733715220.546267,0.840972013133772,-0.03911199457812266,0.1306468050240675,0.36104213900062393,0.502
1733715220.646267,0.8596739035088575,-0.03669579113304869,0.11431732549007678,0.3759999999999999,0.502
1733715220.7462668,0.8759633453566111,-0.03220401480789992,0.09725911127804915,0.3879999999999999,0.502
1733715220.8462667,0.8922530314751779,-0.027165477256825308,0.0799091958255133,0.396966179091179,0.502
1733715220.9462667,0.9104377824744485,-0.021013645602333417,0.06582239637645236,0.3859999999999999,0.502
1733715221.0462666,0.9217213600005406,-0.01686570142804434,0.06586973712009156,0.38902518239585776,0.502
1733715221.1462665,0.9326781934213275,-0.014311376102565517,0.07254236101611393,0.3979999999999999,0.502
1733715221.2462664,0.9433922797756521,-0.014070009962932907,0.07618503154142126,0.3979999999999999,0.502
1733715221.3462663,0.9537029372663731,-0.014339187945844031,0.0771056579893138,0.3979999999999999,0.502
1733715221.4462662,0.9656164091327727,-0.01497570263813751,0.0760332569236956,0.3979999999999999,0.502
1733715221.546266,0.9754361892253833,-0.015692777537508015,0.0752710291517835,0.3979999999999999,0.504
1733715221.646266,0.9867286677965592,-0.015496041921070697,0.07724626400387767,0.3839999999999999,0.504
1733715221.746266,0.9981660008446394,-0.013784151515219275,0.08422597309963294,0.3899999999999999,0.506
1733715221.8462658,1.0055761896467583,-0.012853961598628495,0.08946932287032697,0.4179999999999999,0.504
1733715221.9462657,1.0179565432260727,-0.01200954119441915,0.08855129285027462,0.43599999999999994,0.504
1733715222.0462656,1.033467095775977,-0.012916612878001405,0.08125964368072557,0.43999999999999995,0.504
1733715222.1462655,1.0457033811262684,-0.014940059019477444,0.07463131376383447,0.44399999999999995,0.504
1733715222.2462654,1.0565929842105737,-0.014950571725651887,0.06873013138376594,0.44799999999999995,0.504
1733715222.3462653,1.066423672359645,-0.016147711649446738,0.06390779251153353,0.45599999999999996,0.504
1733715222.4462652,1.0757498633944806,-0.01713966626827149,0.058554528854292826,0.45999999999999996,0.502
1733715222.5462651,1.0842530199887177,-0.01702480951936056,0.052283628806592104,0.46199999999999997,0.5
1733715222.646265,1.0905817840014498,-0.018157581974794747,0.0449423412158316,0.46399999999999997,0.496
1733715222.746265,1.095605728279817,-0.018895431505460903,0.04111433765663534,0.46599999999999997,0.496
1733715222.8462648,1.097391564880008,-0.019854952206588304,0.04213833430274797,0.46799999999999997,0.494
1733715222.9462647,1.0979881586688813,-0.023261268218371517,0.036628455835757405,0.46799999999999997,0.478
1733715223.0462646,1.0955701312000534,-0.02471029288343557,0.02695529410013381,0.472,0.45599999999999996
1733715223.1462646,1.092258366418574,-0.02411474453674867,0.012476584260068334,0.476,0.4179999999999999
1733715223.2462645,1.0868067864679223,-0.023051185748260247,-0.006017442401487286,0.478,0.3600000000000001
1733715223.3462644,1.0800199714679515,-0.020475368567250057,-0.02547782228396702,0.482,0.29800000000000004
1733715223.4462643,1.0706767248312505,-0.018305503062943908,-0.05054713082782768,0.482,0.22599999999999998
1733715223.5462642,1.0585106499125492,-0.01653754020327642,-0.07684633907186696,0.49,0.15999999999999992
1733715223.646264,1.0475256259152854,-0.013886710756540042,-0.10643150653505219,0.522,0.0
1733715223.746264,1.0420822711003126,-0.01093760103511777,-0.13525591427337022,0.532,0.0
1733715223.846264,1.0386023618857214,-0.0029455918832773853,-0.18524553819704515,0.534,0.0
1733715223.9462638,1.0346951537870908,0.002085822973209178,-0.2070995968257952,0.536,0.0
1733715224.0462637,1.0348989362886911,0.0038981628963838683,-0.22189923034244566,0.54,-0.11599999999999999
1733715224.1462636,1.0291671106603428,0.0025951665038975585,-0.25246892915063623,0.542,-0.138
1733715224.2462635,1.0243398616073331,0.0019484023906354362,-0.28296302559827524,0.546,-0.14200000000000002
1733715224.3462634,1.018338358041921,0.004243918666052388,-0.32520766069062,0.546,-0.12697818701948865
1733715224.4462633,1.0116083794521118,0.010716974246968979,-0.37048526704192997,0.546,-0.11199999999999999
1733715224.5462632,1.0064377016748152,0.018297785751175924,-0.39547635020772515,0.546,-0.09799999999999998
1733715224.6462631,1.0008664552737272,0.03190424945046605,-0.4316890151473008,0.544,0.0
1733715224.746263,0.9992862326290786,0.038346028560352206,-0.4330020475146406,0.544,0.0
1733715224.846263,0.9928706353611464,0.040996370807867145,-0.42155715573385555,0.542,0.0
1733715224.9462628,0.9861035669347616,0.04076822960037764,-0.40052785863415824,0.542,0.0
1733715225.0462627,0.9793288283488776,0.0395131314843207,-0.37713146747067827,0.5430032645658581,0.0
1733715225.1462626,0.971462621594506,0.036319238109797064,-0.35869696349643876,0.542,0.0
1733715225.2462626,0.9646381708647793,0.03371606350817632,-0.3492576315361466,0.544,0.0
1733715225.3462625,0.9581794423734884,0.032749891053963115,-0.3454498227799639,0.542,-0.09199999999999997
1733715225.4462624,0.9481296341965757,0.030817503188835898,-0.3416123206564837,0.542,0.0
1733715225.5462623,0.9423179269947936,0.029838011674081594,-0.3420859685766839,0.54,0.0
1733715225.6462622,0.9346366747835889,0.027619966586357552,-0.3446736022030715,0.54,0.0
1733715225.746262,0.9273072004879074,0.022523030785290724,-0.3441971268762599,0.54,0.0
1733715225.846262,0.9234806595127342,0.01800481840038703,-0.3394666103657631,0.544,0.0
1733715225.946262,0.922818713331297,0.014354410402636672,-0.3392129684799256,0.548,0.1200000000000001
1733715226.0462618,0.9232154551290533,0.011804226922079955,-0.351310399494269,0.548,0.16199999999999992
1733715226.1462617,0.9304932601802971,0.011162815962270993,-0.3539764503813828,0.548,0.19700727043861357
1733715226.2462616,0.9368538223315035,0.01094957647999642,-0.3465924262447219,0.548,0.20599999999999996
1733715226.3462615,0.9461692732538286,0.010299943857943129,-0.3195412144768772,0.546,0.20599999999999996
1733715226.4462614,0.954749470594894,0.008833447873841454,-0.290143475911688,0.546,0.20599999999999996
1733715226.5462613,0.9591803145977299,0.008202512391996205,-0.27204759843905624,0.546,0.16823667870622128
1733715226.6462612,0.9600860566457169,0.007836007408060806,-0.26079849061413585,0.544,0.1060000000000001
1733715226.7462611,0.9549140345247435,0.007731501782152769,-0.2598743216295253,0.542,0.0
1733715226.846261,0.9497516125291687,0.007797951210411172,-0.2683303461904745,0.548,-0.16000000000000003
1733715226.946261,0.93956780167736,0.006949320020848153,-0.2838739272623662,0.5770505358191428,-0.2490505358191427
1733715227.0462608,0.9249030535295717,0.004398761977086757,-0.33006629494309203,0.6172996789370596,-0.2932996789370596
1733715227.1462607,0.9146014498720945,0.010432735297781189,-0.4397298404119809,0.6299999999999999,-0.30400000000000005
1733715227.2462606,0.9039587507355723,0.019566306591912712,-0.5437713118438042,0.6439999999999999,-0.31200000000000006
1733715227.3462605,0.8923759945554965,0.03490954044272057,-0.6304281714497775,0.6639999999999999,-0.31599999999999995
1733715227.4462605,0.8801936784388856,0.054515187918478855,-0.7200330385973327,0.6699999999999999,-0.31799999999999995
1733715227.5462604,0.8647225933577602,0.06687705212192649,-0.7849310441912027,0.6739999999999999,-0.31799999999999995
1733715227.6462603,0.8487399227067653,0.07662768573536334,-0.84307048531784,0.6759999999999999,-0.31599999999999995
1733715227.7462602,0.8279429576461572,0.08876116435259028,-0.8983014685084568,0.6759999999999999,-0.31599999999999995
1733715227.84626,0.8110731643222722,0.09748883963497851,-0.932308779428211,0.6779999999999999,-0.31399999999999995
1733715227.94626,0.8043396197991873,0.1109673628833064,-0.941023817160979,0.6839999999999999,-0.31000000000000005
1733715228.0462599,0.8036579633111617,0.11948657941614171,-0.893506824183897,0.6859999999999999,-0.30310028861778765
1733715228.1462598,0.8066801018645098,0.12569288890456348,-0.8606706169258611,0.6859999999999999,-0.29000000000000004
1733715228.2462597,0.8013989681864324,0.13296159441001582,-0.8401427521144461,0.6859999999999999,-0.268
1733715228.3462596,0.7934500366903828,0.13490626054942662,-0.8342604090338052,0.688,-0.242
1733715228.4462595,0.78842967287316,0.14168200073929563,-0.864567052469165,0.692,-0.20199999999999996
1733715228.5462594,0.7932617909042431,0.14541106856567187,-0.8814997271140158,0.696,-0.16800000000000004
1733715228.6462593,0.801670614401154,0.14782144205393516,-0.8765019888022758,0.7,-0.14600000000000002
1733715228.7462592,0.8045148807855543,0.1402757942175127,-0.8651336789476695,0.7,-0.122
1733715228.846259,0.8072118068421279,0.13177800850066348,-0.8515734482343326,0.7,0.0
1733715228.946259,0.8205159850075995,0.12032385508054859,-0.8283415812498182,0.698,0.0
1733715229.046259,0.8269233489188627,0.11257188080530436,-0.7962794403964364,0.698,0.1419999999999999
1733715229.1462588,0.8435627929659656,0.10715256833496245,-0.7455053165281587,0.698,0.2096787510841283
1733715229.2462587,0.8659546329497975,0.10598002058177906,-0.688654309342756,0.698,0.22999999999999998
1733715229.3462586,0.8927703814607185,0.10425011325163908,-0.6034410139221812,0.696,0.246
1733715229.4462585,0.9172495832451067,0.09758157437564778,-0.5152024194889032,0.694,0.27
1733715229.5462584,0.9374678390135178,0.0876932053419197,-0.47006034277976855,0.694,0.28097623987684894
1733715229.6462584,0.9620008914112342,0.07327040665794594,-0.42513888121105037,0.694,0.30400000000000005
1733715229.7462583,0.9918984458539724,0.056679885553902215,-0.376598054814131,0.7,0.32600000000000007
1733715229.8462582,1.0148854188238041,0.04636811165938356,-0.34952723103611916,0.7228955661910782,0.2414525465053278
1733715229.946258,1.0351886938768307,0.03810384105119207,-0.35023777684703694,0.7740199637023594,0.0
1733715230.046258,1.0562982810546546,0.03533141699017029,-0.4255796599806198,0.794,-0.11399999999999999
1733715230.1462579,1.0684983907119843,0.04018087460070502,-0.48746350725344983,0.798,-0.18799999999999994
1733715230.2462578,1.0777036549882921,0.05156018772882275,-0.5385655191736569,0.802,-0.238
1733715230.3462577,1.0808134092299952,0.06679028146904682,-0.6138973839077113,0.802,-0.27
1733715230.4462576,1.076330856941712,0.08426208473982395,-0.6819860056018139,0.8,-0.272
1733715230.5462575,1.0707141815913066,0.10412833727967359,-0.7422042618660671,0.796,-0.2610518394306865
1733715230.6462574,1.067749786786307,0.11082062813407283,-0.7901912566360327,0.794,-0.25
1733715230.7462573,1.0627432396085241,0.11581934258770532,-0.840307178585321,0.792,-0.246
1733715230.8462572,1.054578791348254,0.12426537488281358,-0.8912282552708218,0.792,-0.246
1733715230.946257,1.0451217541218976,0.13422880002665794,-0.9065180125856716,0.79,-0.242
1733715231.046257,1.03353938253734,0.1478496555570155,-0.9176326316683172,0.79,-0.24
1733715231.146257,1.0208897010865121,0.15285697094496192,-0.9322143978147847,0.79,-0.242
1733715231.2462568,1.0089585786094963,0.15662568699868165,-0.9273767066962262,0.79,-0.242
1733715231.3462567,0.9993105789245399,0.16335337196596103,-0.9301538234484443,0.79,-0.242
1733715231.4462566,0.9875140392293068,0.16956751758293523,-0.9349713347347832,0.79,-0.24
1733715231.5462565,0.9769774354161576,0.1708785692884789,-0.9427932463515432,0.79,-0.236
1733715231.6462564,0.9548847448095223,0.17699637404345867,-0.9510246232569085,0.79,-0.23399999999999999
1733715231.7462564,0.9424418872355885,0.17436695574473082,-0.9504433011369181,0.788,-0.22399999999999998
1733715231.8462563,0.9380740928584029,0.1719545599792825,-0.9391037920265692,0.79,-0.21298488065129498
1733715231.9462562,0.9340440689494187,0.16904091454158232,-0.9230908174476474,0.79,-0.20599999999999996
1733715232.046256,0.9321120337104313,0.1652426044127141,-0.9005045589920324,0.7889420385344914,-0.19999999999999996
1733715232.146256,0.9339016384736141,0.1640932628855386,-0.8872394590980373,0.79,-0.19599999999999995
1733715232.2462559,0.9319223342961563,0.16345134599725555,-0.878112483643423,0.79,-0.18600000000000005
1733715232.3462558,0.9306378006249916,0.16424219947828686,-0.8567110051787323,0.79,-0.17600000000000005
1733715232.4462557,0.9297694613458564,0.15779677288908783,-0.8427930697765157,0.79,-0.16906835402864287
1733715232.5462556,0.9319317604473677,0.1399033973394139,-0.8313726493541895,0.79,-0.16000000000000003
1733715232.6462555,0.9377853763303217,0.13315599109975274,-0.826645218507003,0.79,-0.1469600603785901
1733715232.7462554,0.9485412713993321,0.13186233367348688,-0.8183664164802591,0.79,-0.136
1733715232.8462553,0.9579951823848811,0.13341387875579613,-0.8050131199209253,0.79,-0.15000000000000002
1733715232.9462552,0.963209754586322,0.1349762212131517,-0.7922441622095023,0.79,-0.16000000000000003
1733715233.046255,0.9658520906656465,0.13540857056980596,-0.7807602744206156,0.781850943243462,-0.1355528297303862
1733715233.146255,0.9654668465846491,0.1363727749614708,-0.7623809923402192,0.5760000000000001,0.0
1733715233.246255,0.9380355637923923,0.1392456301144306,-0.7039161383596602,0.42799999999999994,0.244
1733715233.3462548,0.8925732940821827,0.13677088192648984,-0.5676381703795896,0.45399999999999996,0.31600000000000006
1733715233.4462547,0.8785531676307637,0.12567922603839057,-0.45752961269317055,0.48,0.33000000000000007
1733715233.5462546,0.8977731543039047,0.1121610474352808,-0.3508880261133482,0.47,0.4039999999999999
1733715233.6462545,0.9116877528986196,0.09698700631553031,-0.2381941099729396,0.45999999999999996,0.43297072871559455
1733715233.7462544,0.9238138314938389,0.08321494138336367,-0.16665496482945835,0.45999999999999996,0.4478785564120532
1733715233.8462543,0.9313892045094986,0.07324213657809225,-0.13022878375857957,0.45999999999999996,0.45599999999999996
1733715233.9462543,0.9379423251175255,0.06465873361208435,-0.09622754150460947,0.43199999999999994,0.45999999999999996
1733715234.0462542,0.9430361421986657,0.058912416349489787,-0.06561753071699336,0.40730290069527486,0.462899033101575
1733715234.146254,0.9461275788379786,0.05555019787029673,-0.04086316216585919,0.3593555964223022,0.46599999999999997
1733715234.246254,0.943990659453825,0.05359679366588937,-0.011071698839230502,0.30400000000000005,0.46799999999999997
1733715234.3462539,0.9347598406458661,0.05108821319592432,0.031757630378340646,0.256,0.472
1733715234.4462538,0.9287659338305169,0.04713602720467607,0.05554988149442588,0.22693472553460126,0.474
1733715234.5462537,0.9187306588992267,0.037048616358525736,0.09870418038454201,0.2020623714131023,0.47696881429344884
1733715234.6462536,0.9151656657162158,0.032312790326389465,0.1205123281263633,0.15399999999999991,0.482
1733715234.7462535,0.9080458429048205,0.02382306784725573,0.15572209102848503,0.09800000000000009,0.494
1733715234.8462534,0.9027246329591724,0.018179700964999133,0.1861679328512675,0.0,0.514
1733715234.9462533,0.9023073926901211,0.01123543533114525,0.2360595314104024,0.0,0.528
1733715235.0462532,0.9034235162567551,0.006896615627530438,0.27844339661295964,0.0,0.53
1733715235.146253,0.9044448573513402,0.0032577294095787104,0.3123459919228746,0.0,0.528
1733715235.246253,0.9030129188047975,0.000664348396025445,0.3316449583331323,0.0,0.522
1733715235.346253,0.8993494789810695,-0.0023962166481145395,0.34846245247604996,0.0,0.52
1733715235.4462528,0.8949533327540172,-0.005655933423279069,0.3581952989623602,0.1120000000000001,0.516
1733715235.5462527,0.886298908071072,-0.010471069582616918,0.36135420422263864,0.0,0.516
1733715235.6462526,0.8783120097538915,-0.012789233500818765,0.3568162978015313,0.0,0.516
1733715235.7462525,0.8713104074724405,-0.015428465201236629,0.34641908413649614,0.16799999999999993,0.514
1733715235.8462524,0.8684002031291127,-0.01822264454518918,0.34226540939920364,0.3420000000000001,0.51
1733715235.9462523,0.8922197660437797,-0.02219460072584339,0.32350669255894443,0.4159999999999999,0.51
1733715236.0462523,0.9140459713582074,-0.018824633540993244,0.2696433422358365,0.4019999999999999,0.51
1733715236.1462522,0.9292761570421344,-0.009890455883034336,0.19507093454905428,0.3230992773325702,0.51096690755581
1733715236.246252,0.9310204793144456,-0.0017487667029270069,0.1583665171716498,0.29800000000000004,0.512
1733715236.346252,0.9298438566310367,0.004194324555880288,0.14889398810925636,0.2870960057544216,0.512
1733715236.4462519,0.9284060539059462,0.006959814312730119,0.1483712929707286,0.274,0.512
1733715236.5462518,0.9291262699664236,0.009192292466677153,0.15112403940084032,0.34494429571884444,0.512
1733715236.6462517,0.9386707553804275,0.009587137727476495,0.1469419748815052,0.4389381291808312,0.495026516065358
1733715236.7462516,0.9583914830567191,0.008929001461347731,0.10254122342715646,0.514649083747217,0.40981880458982695
1733715236.8462515,0.9690193137563092,0.010389581353810979,0.04353661283732576,0.5650471354790909,0.30384288173636387
1733715236.9462514,0.9759247224114531,0.013140015219482715,-0.026766237428270695,0.6139891404347435,0.05529863804455674
1733715237.0462513,0.9751458229616397,0.017893028834968187,-0.13904859296496472,0.6319999999999999,0.0
1733715237.1462512,0.9778075126057987,0.026315436995825964,-0.2128812599599318,0.6448665037900143,0.0
1733715237.246251,0.983220829252706,0.038471217937127614,-0.26998982070369787,0.6499999999999999,0.0
1733715237.346251,0.9897779434738956,0.048279087490795354,-0.2980328315154854,0.6739994194063429,0.0
1733715237.446251,1.0004150156085445,0.05265355905719027,-0.3137517863524832,0.6839999999999999,-0.10399999999999998
1733715237.5462508,1.0067712889448288,0.053292581193490104,-0.3443822490615543,0.690969460736546,-0.10599999999999998
1733715237.6462507,1.0116868605741103,0.05393310501308144,-0.3785383892447183,0.7169382235969951,-0.11697940786566503
1733715237.7462506,1.0221532683583487,0.05548486661798426,-0.4323916519727666,0.726,-0.128
1733715237.8462505,1.0278178292711173,0.05683589816971616,-0.4753013066308737,0.726,-0.1113165780764216
1733715237.9462504,1.0389952857831348,0.06188132923879485,-0.5234130598398884,0.7162542115706337,0.0
1733715238.0462503,1.0438837691408307,0.06498166091270084,-0.527013539106664,0.6843421463052357,0.0
1733715238.1462502,1.03701264480264,0.06387187181952987,-0.5037198731155372,0.6559999999999999,0.0
1733715238.2462502,1.0286839179240381,0.06145736078290499,-0.4743215674532007,0.6559999999999999,0.0
1733715238.34625,1.0202813347535997,0.05688448741079892,-0.43996738796568224,0.6479999999999999,0.0
1733715238.44625,1.0124947442778187,0.051646781613207356,-0.42192559501222654,0.6419999999999999,0.0
1733715238.5462499,1.0013299780124092,0.046249166771487424,-0.4080225129885634,0.6449054546082034,0.1319999999999999
1733715238.6462498,1.0035183827978935,0.04340481524728008,-0.4043454727990257,0.6519999999999999,0.1319999999999999
1733715238.7462497,1.0081258799292891,0.040282093602206935,-0.3960766469093616,0.6519999999999999,0.1359999999999999
1733715238.8462496,1.0115090867571035,0.03981865422963255,-0.3865860521212471,0.6519999999999999,0.1359999999999999
1733715238.9462495,1.017951189699428,0.041488631760604806,-0.3754218197206737,0.6519999999999999,0.1379999999999999
1733715239.0462494,1.0215190200860782,0.04205654145458446,-0.37204289577635974,0.6510877039220763,0.1399999999999999
1733715239.1462493,1.023241420421674,0.041878779165648694,-0.35957809250433626,0.6499999999999999,0.1409840287951959
1733715239.2462492,1.025388233731266,0.03928820982637818,-0.34674915010683194,0.6509770764847687,0.1459999999999999
1733715239.346249,1.0290784448155943,0.03534754450889809,-0.3390896791113488,0.6499999999999999,0.1499999999999999
1733715239.446249,1.035450276014973,0.029502198143209243,-0.33560398111072814,0.6479999999999999,0.15399999999999991
1733715239.546249,1.0364496028103014,0.02379517918950223,-0.33387930642757124,0.6479999999999999,0.15999999999999992
1733715239.6462488,1.0364802719872372,0.019130377072811552,-0.3311756985406073,0.6479999999999999,0.15999999999999992
1733715239.7462487,1.039518737440681,0.015562753050224,-0.3288046799192595,0.6479999999999999,0.16199999999999992
1733715239.8462486,1.0412765167915274,0.01602319027250868,-0.3306056996243895,0.6471230668699629,0.16487693313003696
1733715239.9462485,1.0451268847500947,0.01793779396171127,-0.3311389919015273,0.6469745665977027,0.16702543340229714
1733715240.0462484,1.0498673720592346,0.020134615425413914,-0.3266392316344567,0.6589570900567925,0.16008581988641477
1733715240.1462483,1.0542274910680896,0.02133578391835772,-0.32543064831902263,0.6859999999999999,0.0
1733715240.2462482,1.058260718354109,0.019215099762033897,-0.34453338945300604,0.688,0.0
1733715240.3462481,1.0612210847964523,0.01905241099411852,-0.37120715023636947,0.6859999999999999,0.18599999999999994
1733715240.446248,1.0692645308219668,0.020880796291742127,-0.3852753800423181,0.6859999999999999,0.3087629375134207
1733715240.546248,1.0935305453563995,0.024074034176632484,-0.3639998870825428,0.668094995515695,0.3688575067264575
1733715240.6462479,1.1067748264249126,0.022690511326094887,-0.3208783504122081,0.6299999999999999,0.4039999999999999
1733715240.7462478,1.1157356827740403,0.018452815074713438,-0.26237144247828054,0.5721172712059636,0.4279413643970182
1733715240.8462477,1.112199000380286,0.0117282735925823,-0.18721199008642134,0.4530735629202867,0.4509933124617921
1733715240.9462476,1.0974649290160354,0.006304067641523989,-0.1308501221823221,0.30200000000000005,0.478
1733715241.0462475,1.0707666144079497,0.00229217594118163,-0.0617373857277801,0.1755210724987352,0.49
1733715241.1462474,1.0367718556369359,-0.0030340000429789275,0.01457628343012227,0.11238480768789717,0.492
1733715241.2462473,1.0124609897162424,-0.0077818718223832605,0.061031309201644485,0.0,0.498
1733715241.3462472,0.9840836868939516,-0.013070723196655105,0.11194461214454976,0.0,0.504
1733715241.446247,0.9671468391600965,-0.01740437311293359,0.14582755901447358,0.0,0.51
1733715241.546247,0.9533854226840708,-0.0215465906435632,0.18600129643658883,0.0,0.514
1733715241.646247,0.9434288451764051,-0.02362737621174757,0.21766352089699978,0.0,0.514
1733715241.7462468,0.9319732882852483,-0.025174791716387254,0.2451254978069546,0.0,0.5171355912386001
1733715241.8462467,0.9227995113211392,-0.02667830304576847,0.2648191532060781,0.0,0.516
1733715241.9462466,0.9101513145470029,-0.029101824624650163,0.2902182648066823,0.0,0.514
1733715242.0462465,0.9010618726379124,-0.03074251113360944,0.30431545701686624,0.0,0.49703195232282615
1733715242.1462464,0.8853227903976771,-0.03326749579575943,0.311320722757988,0.14940171534538702,0.43169799876371495
1733715242.2462463,0.8737105223813865,-0.03659120795378441,0.3041206130109542,0.2407065243179122,0.3603913009094505
1733715242.3462462,0.8648766235627557,-0.03841299279353878,0.2526350417310658,0.2608949966696705,0.3340000000000001
1733715242.4462461,0.8581250286504216,-0.03573515666788777,0.18742993144086795,0.2849427824469672,0.3618855648939344
1733715242.546246,0.8545542425469784,-0.030688656188044734,0.1374993908877758,0.28800000000000003,0.3700000000000001
1733715242.646246,0.8505692047979987,-0.02531622532839215,0.10740526141724684,0.28400000000000003,0.38283955868669406
1733715242.7462459,0.8465599362661403,-0.02082899336161875,0.09387109105598668,0.27,0.3899999999999999
1733715242.8462458,0.8395100296656206,-0.015417071939480642,0.08610157040326677,0.252,0.3999999999999999
1733715242.9462457,0.8322221261361494,-0.011079554449599138,0.0837626413846489,0.24303105238986822,0.4029689476101317
1733715243.0462456,0.8229987088454503,-0.008703757404222147,0.08684758350579969,0.20911169375983216,0.41311169375983214
1733715243.1462455,0.8145122126355634,-0.006976181673680283,0.09525733246278605,0.18799999999999994,0.4139999999999999
1733715243.2462454,0.8083973331511823,-0.00477516380862952,0.10795468613857426,0.16701821832785682,0.4179999999999999
1733715243.3462453,0.8041024547490443,-0.0013657138801207872,0.11990255535939921,0.16199999999999992,0.41999999999999993
1733715243.4462452,0.8011766352644267,0.0005331547860863563,0.13154721793693136,0.16399999999999992,0.41999999999999993
1733715243.546245,0.7989966825573774,0.0015020766579392887,0.14856277912919838,0.16799999999999993,0.42199999999999993
1733715243.646245,0.7990016276293714,0.001508626733360372,0.1570307960495224,0.17893608256654794,0.42399999999999993
1733715243.746245,0.8008130204426015,0.00109575342904302,0.16066955483634876,0.1829964426538659,0.42399999999999993
1733715243.8462448,0.8030939284236458,0.0014266535904593858,0.15792810693432155,0.18399999999999994,0.42399999999999993
1733715243.9462447,0.8048272207306253,0.003295237760185006,0.15551488282348216,0.17999999999999994,0.42399999999999993
1733715244.0462446,0.806682623711299,0.004947596855621608,0.15782448090260312,0.17312685408931056,0.42599999999999993
1733715244.1462445,0.8057692614150803,0.007237288323026046,0.1626892840096011,0.1630970252339539,0.42799999999999994
1733715244.2462444,0.8023301929632207,0.008767109028304779,0.16841125192592601,0.16399999999999992,0.42904340614975006
1733715244.3462443,0.801299344052151,0.009583515959988376,0.1753102590842573,0.17888289122703016,0.42799999999999994
1733715244.4462442,0.80230086109516,0.009342436883942056,0.1797516255138082,0.18999999999999995,0.42799999999999994
1733715244.5462441,0.803588443811966,0.00957083416042543,0.17838278586812487,0.29400000000000004,0.42399999999999993
1733715244.646244,0.8145685830483412,0.00956746548471861,0.16895060862214076,0.3360000000000001,0.4179999999999999
1733715244.746244,0.8262807520796037,0.009993030661103587,0.14496422133910863,0.3680000000000001,0.4108585216481258
1733715244.8462439,0.8442357293967196,0.013154386903460864,0.09671760165426427,0.3720000000000001,0.4059999999999999
1733715244.9462438,0.8526232840288422,0.014937749541728834,0.0766115579785231,0.3779999999999999,0.3999999999999999
1733715245.0462437,0.8650665496911485,0.018484734019999505,0.04938541816976675,0.3830453035633561,0.3929546964366437
1733715245.1462436,0.8705118653873518,0.020863987375652995,0.0356685799392049,0.3849645075101097,0.3879999999999999
1733715245.2462435,0.8748979858728697,0.023191400065145217,0.026878303202024317,0.3959999999999999,0.3839999999999999
1733715245.3462434,0.8828670563099218,0.027191169545076433,0.019781013834520196,0.4039999999999999,0.3819999999999999
1733715245.4462433,0.8884188367060767,0.030203317658089847,0.011514237100502766,0.4099999999999999,0.3790477249526031
1733715245.5462432,0.8973153824548272,0.0327750812254483,0.004923686412279042,0.41999999999999993,0.3759999999999999
1733715245.646243,0.9042234072218551,0.03338185826600602,-0.0006968449350760541,0.42799999999999994,0.3740000000000001
1733715245.746243,0.9115293718176081,0.03317517720739921,-0.007948017015523175,0.4348785751534357,0.37112142484656435
1733715245.846243,0.9210183699702117,0.03314919522624499,-0.012029781507868013,0.4637266615190493,0.3620000000000001
1733715245.9462428,0.9324591420673388,0.03273312894814733,-0.01771784641237987,0.4837479596735478,0.3571260201632262
1733715246.0462427,0.9471178060479047,0.03184010512919645,-0.0375588584832261,0.494,0.3420000000000001
1733715246.1462426,0.9579516115256426,0.030252372641060916,-0.054324871799876856,0.496,0.32600000000000007
1733715246.2462425,0.9674405336356711,0.029226985441377026,-0.07359101966668564,0.5030524829925305,0.29894751700746963
1733715246.3462424,0.9737459306517081,0.028221131978574718,-0.08885429001956476,0.514,0.250210025757876
1733715246.4462423,0.978006121458274,0.027573776201213915,-0.1096560817381039,0.516,0.213125270506765
1733715246.5462422,0.9791517372856536,0.02926157384393572,-0.13366807199059827,0.518,0.19111574345793442
1733715246.6462421,0.9792695056358365,0.03199544681774266,-0.15150228764014356,0.52,0.17199999999999993
1733715246.746242,0.9782143381785307,0.035476056195578885,-0.1712201442842877,0.522,0.14820592748122416
1733715246.846242,0.9759558886981389,0.036118426255037195,-0.1870116454119226,0.5250260126486975,0.12697398735130241
1733715246.9462419,0.9724540326972434,0.035898109367324106,-0.21098415355360528,0.528,0.10338913753004876
1733715247.0462418,0.9682162197026254,0.03481086776549243,-0.22800090773061188,0.528,0.0
1733715247.1462417,0.9615417383695711,0.03508256892610066,-0.2460229044415687,0.53,0.0
1733715247.2462416,0.9570415958919575,0.037827588415488944,-0.262935418686178,0.53,0.0
1733715247.3462415,0.9516881458237235,0.04175490997034767,-0.27790542944984387,0.532,0.0
1733715247.4462414,0.9470667671793159,0.044926830408228646,-0.28761909813321024,0.536,0.0
1733715247.5462413,0.9423610008322232,0.047202208173143086,-0.29768369442391,0.5409516447801836,0.0
1733715247.6462412,0.9407099213101631,0.04714462264376042,-0.3019490209489556,0.542,0.0
1733715247.746241,0.9427279607227812,0.04515155855310562,-0.30619070774347695,0.542,0.0
1733715247.846241,0.9428918517352496,0.044753922728156544,-0.3130925031130435,0.542,0.0
1733715247.946241,0.9424835109285369,0.04389295382906437,-0.320270231019066,0.542,0.0
1733715248.0462408,0.941357244384464,0.04362331738939995,-0.32507718192623886,0.542,0.0
1733715248.1462407,0.9405075187152486,0.0427199296249227,-0.32760356624906867,0.544,0.0
1733715248.2462406,0.9391912003158065,0.04200698269258729,-0.33385429004870193,0.544,0.0
1733715248.3462405,0.9366468624648729,0.042132771676300654,-0.3364047496660838,0.5443945468118007,0.0
1733715248.4462404,0.933059925485354,0.04280749525513195,-0.3352208079627763,0.545193272446127,0.0
1733715248.5462403,0.9286177513961823,0.04555246960307409,-0.3305475562709381,0.5459919980804534,0.0
1733715248.6462402,0.9224326791626787,0.046681592595514666,-0.32763163755260516,0.5467907237147798,0.0
1733715248.7462401,0.916332093218082,0.045795398006506796,-0.32539622260997303,0.5475894493491061,0.0
1733715248.84624,0.9102692584109274,0.042187221587212144,-0.32357582225943715,0.5483892282457806,0.0
1733715248.94624,0.9066837624715057,0.03912973156070753,-0.32077328387826565,0.5491901211182675,0.0
1733715249.0462399,0.9045350495517327,0.0348535792250463,-0.3222298617849591,0.5499910139907543,0.0
1733715249.1462398,0.9034506031288139,0.031863516865855326,-0.3293935710737407,0.5507919068632412,0.0
1733715249.2462397,0.9025314769660587,0.03085158064718058,-0.3390713291776356,0.5515927997357282,0.0
1733715249.3462396,0.9011590164728975,0.03161947045112803,-0.3476589884489678,0.5527862041155237,0.0
1733715249.4462395,0.9004085085853542,0.03150123316596969,-0.35677964736609913,0.554385587134925,0.0
1733715249.5462394,0.9005720046997123,0.030883542931738676,-0.3661460890832847,0.5559849701543262,0.0
1733715249.6462393,0.901078660265251,0.02982459040925086,-0.3765248134745598,0.5575843531737275,0.0
1733715249.7462392,0.9021501208913071,0.029062651506046967,-0.37838972640142804,0.5591837361931287,0.0
1733715249.846239,0.9033907330563606,0.02864798512376573,-0.3802916940285358,0.5592162434591627,0.0
1733715249.946239,0.9040335625072649,0.030036882812406917,-0.38211457683215266,0.5576155588089797,0.0
1733715250.046239,0.9049727189999824,0.02927569021562682,-0.3867570308741367,0.5560148741587967,0.0
1733715250.1462388,0.9045447528516739,0.029449492544502864,-0.3892878349889649,0.5544141895086138,0.0
1733715250.2462387,0.904235046966576,0.02852206763246856,-0.3860481231789789,0.5528135048584307,0.0
1733715250.3462386,0.9030619383017356,0.02917390178432325,-0.3770771315620457,0.5516068116855081,0.0
1733715250.4462385,0.9003539392162436,0.02749266909126391,-0.3668775186130322,0.5508072859529717,0.0
1733715250.5462384,0.8957829653625853,0.02555444644593074,-0.36547217339833316,0.5500077602204353,0.0
1733715250.6462383,0.8935231713389774,0.021613517327690967,-0.3655481204232684,0.5492082344878989,0.0
1733715250.7462382,0.8928146483801588,0.017778132539818102,-0.37002573481739665,0.5484087087553625,0.0
1733715250.8462381,0.8936329045902789,0.014881402224981657,-0.37507832405079566,0.4943993748377937,0.02680031258110316
1733715250.946238,0.8924893973087501,0.013767413956957355,-0.37581537989596425,0.38474426362151354,0.08162786818924325
1733715251.046238,0.890257391547247,0.01621686660632161,-0.37057075634500813,0.27508915240523335,0.13645542379738335
1733715251.1462379,0.8799195592247161,0.0182567661678972,-0.364992031623714,0.16543404118895316,0.19128297940552344
1733715251.2462378,0.8579921994900691,0.02217290880446285,-0.3212902491347947,0.055778929972672975,0.24611053501366353
1733715251.3462377,0.829548137380519,0.019236646050014045,-0.23043375280093273,-0.017682973686493728,0.28028727953297555
1733715251.4462376,0.8083638783994992,0.009119700723425862,-0.13639627632779872,-0.053673431834585034,0.29308388687451914
1733715251.5462375,0.7916935230002274,-0.0026285520614619026,-0.06295763543854212,-0.08966388998267634,0.3058804942160627
1733715251.6462374,0.7694179643146487,-0.01898464586404788,-7.132902962043433e-05,-0.12565434813076765,0.3186771015576063
1733715251.7462373,0.7527938919773798,-0.02733386551158928,0.03352940259813832,-0.16164480627885897,0.3314737088991499
1733715251.8462372,0.7274215574349818,-0.03515008349860276,0.08416411202459774,-0.18176440624612483,0.3391762708307499
1733715251.946237,0.700331063864076,-0.04320615444784353,0.15124036112045064,-0.18536524758425307,0.34157683172283543
1733715252.046237,0.6834931581904025,-0.04659202290592034,0.1863594233257914,-0.18896608892238131,0.34397739261492094
1733715252.146237,0.6530524213454059,-0.05517800232798364,0.2595710983378749,-0.19256693026050956,0.34637795350700645
1733715252.2462368,0.6250048668068685,-0.067084289126582,0.32266464702139064,-0.1961677715986378,0.34877851439909197
1733715252.3462367,0.6034874402158469,-0.0773438875303395,0.36301523958662646,-0.1785475678725209,0.34351585595750705
1733715252.4462366,0.5752887099085217,-0.08868835349771148,0.3895117104353182,-0.13894301660205566,0.33031433886735195
1733715252.5462365,0.5460179637817364,-0.09998018278149885,0.3984888876996224,-0.09933846533159042,0.3171128217771969
1733715252.6462364,0.5281272388475193,-0.10735046710505984,0.40340877147548215,-0.05973391406112519,0.3039113046870418
1733715252.7462363,0.5141485124077149,-0.11207193702103009,0.38549615580439633,-0.020129362790659966,0.2907097875968867
1733715252.8462362,0.5038489770645387,-0.1131272452213743,0.3590842057491901,0.019673493136965,0.2560636397455097
1733715252.9462361,0.48962200103693176,-0.11276953560211918,0.3334071884922391,0.05968131480297985,0.1992525329797686
1733715253.046236,0.4720843876541071,-0.11158723059230523,0.29837965619202805,0.0996891364689947,0.1424414262140275
1733715253.146236,0.4610539496077272,-0.11098009868359943,0.2797252528077591,0.13969695813500954,0.08563031944828639
1733715253.2462358,0.4372343358291384,-0.11148777764978536,0.24915574521094935,0.1797047798010244,0.02881921268254528
1733715253.3462358,0.4268224881334384,-0.11123678251055982,0.2138262240950556,0.21616094183617998,-0.01458426458386977
1733715253.4462357,0.4336222956642038,-0.11051639404026284,0.15330222206098928,0.24896047263468085,-0.04418384115812663
1733715253.5462356,0.44288697004110916,-0.10721007278949456,0.09391754021501277,0.28176000343318175,-0.07378341773238349
1733715253.6462355,0.4450641095473495,-0.09940856357810826,0.010894728077726795,0.3145595342316826,-0.10338299430664036
1733715253.7462354,0.44386097150855036,-0.09136227000063847,-0.05129006429188772,0.3473590650301835,-0.1329825708808972
1733715253.8462353,0.440278621272162,-0.07964517652286796,-0.1283117046355218,0.36596924117917556,-0.14760615176416492
1733715253.9462352,0.4382193865091838,-0.07086074004437054,-0.18987445951387888,0.36996650600285436,-0.14680669879942915
1733715254.046235,0.4363910189244136,-0.06296180404694372,-0.25297349662166846,0.3739637708265331,-0.1460072458346934
1733715254.146235,0.4323651194575406,-0.0585493063317083,-0.29063448205404013,0.3779610356502119,-0.14520779286995764
1733715254.246235,0.42506541599194453,-0.054612494565352845,-0.32471753002966586,0.3819583004738907,-0.14440833990522187
1733715254.3462348,0.41795854267201094,-0.0506713775594912,-0.35470825016547375,0.3881077989358522,-0.1447824378925433
1733715254.4462347,0.4141728831712213,-0.04515953173457866,-0.40273031104535717,0.39650432765797405,-0.146381776696757
1733715254.5462346,0.4135395351315493,-0.039272434407764116,-0.4424719665813006,0.404900856380096,-0.1479811155009707
1733715254.6462345,0.4152574423856789,-0.02982769267270165,-0.49039147340657224,0.41329738510221786,-0.1495804543051844
1733715254.7462344,0.420105577446917,-0.022130828644532332,-0.5326622932291948,0.42169391382433974,-0.15117979310939808
1733715254.8462343,0.42319094955787023,-0.015334565013048855,-0.5581643731801327,0.4275253498363262,-0.15327112486360522
1733715254.9462342,0.42527139621912163,-0.0077883042935499025,-0.5657443923364612,0.43065646427358334,-0.15588038689465286
1733715255.0462341,0.4254597440849004,-0.0027832875367559905,-0.5671111851346907,0.4337875787108405,-0.15848964892570047
1733715255.146234,0.4240029582630934,-0.00043621980083958514,-0.5750486246559217,0.4369186931480976,-0.1610989109567481
1733715255.246234,0.4243122190801206,-0.00021069962858464824,-0.5865053017220562,0.43799999999999994,-0.16200000000000003
1733715255.3462338,0.4267996136520549,0.002403412777824744,-0.6183717606500395,0.43799999999999994,-0.1610579482578137
1733715255.4462337,0.43329784657563547,0.006533527915134167,-0.6491435818450395,0.43999999999999995,-0.16200000000000003
1733715255.5462337,0.43789111824060795,0.012513334578789411,-0.674104881512333,0.44399999999999995,-0.16600000000000004
1733715255.6462336,0.43990827113294667,0.017411627019498797,-0.6888026862854661,0.44697655123297425,-0.16800000000000004
1733715255.7462335,0.44428731112198183,0.024883770377447195,-0.7096995965132713,0.44799999999999995,-0.16800000000000004
1733715255.8462334,0.448771239521892,0.029483099076873416,-0.7185149087475102,0.44999999999999996,-0.1689257632789628
1733715255.9462333,0.4496439760057666,0.03207833459651356,-0.7215870639404275,0.4510330206133954,-0.17000000000000004
1733715256.0462332,0.4469013662974499,0.03523719977893949,-0.7329938302991824,0.4508964954858751,-0.17000000000000004
1733715256.146233,0.4437392319052661,0.03926662180058363,-0.7483510707597774,0.45114849795395917,-0.16714849795395928
1733715256.246233,0.4439292001992663,0.04338804020131577,-0.7703374016279776,0.4568625583352459,-0.10741232499426209
1733715256.346233,0.45021414170938645,0.04513883074191105,-0.7910905389476195,0.47487645478961504,0.0
1733715256.4462328,0.46609431106322086,0.04508685169741931,-0.7975267978619263,0.484,0.0
1733715256.5462327,0.48370501184206177,0.04590395103015313,-0.7818051106200706,0.48683205430376164,0.0
1733715256.6462326,0.5025990362336168,0.05240165631463238,-0.7287305041893116,0.49284280700378424,0.0
1733715256.7462325,0.5133240966308781,0.05726992843077739,-0.6798285696347782,0.5059028526236413,0.0
1733715256.8462324,0.5249627690523259,0.060103340225352506,-0.6470360420124244,0.516,0.0
1733715256.9462323,0.5362922480148039,0.05802974820408123,-0.6359843287530453,0.5268742789441996,0.15524567366519695
1733715257.0462322,0.5569401056437004,0.053120779876519676,-0.6226271695242416,0.54,0.2206856197352587
1733715257.1462321,0.5943579862910192,0.04792969560649755,-0.565912601179941,0.554,0.27881129612075906
1733715257.246232,0.626330442830775,0.04457579944955764,-0.5014803039647272,0.5660000000000001,0.31172452889201663
1733715257.346232,0.6668609383852608,0.039881114462389705,-0.42380944891635425,0.5680000000000001,0.3171286417561134
1733715257.4462318,0.6903258303545814,0.03744658424204573,-0.39818730392981133,0.5680000000000001,0.32093465313312647
1733715257.5462317,0.7221191621918929,0.036486435303598505,-0.38397606999729017,0.5680000000000001,0.32400000000000007
1733715257.6462317,0.748995908134184,0.03538326539865992,-0.36396752610757044,0.5680000000000001,0.32600000000000007
1733715257.7462316,0.7744206288613976,0.0338201327246876,-0.3281525723946697,0.5680000000000001,0.32800000000000007
1733715257.8462315,0.8017815544385151,0.03200674805571408,-0.27528287976953986,0.5680000000000001,0.32800000000000007
1733715257.9462314,0.8205449483290049,0.031400693056127756,-0.23969152728833912,0.5660000000000001,0.32800000000000007
1733715258.0462313,0.8492207213395598,0.02674343608947199,-0.21920574862980619,0.5660000000000001,0.32800000000000007
1733715258.1462312,0.8690037608901162,0.02214314557276476,-0.22753810443098324,0.5660000000000001,0.32800000000000007
1733715258.246231,0.8876953957672252,0.023711695638487844,-0.2355422972834354,0.5660000000000001,0.32800000000000007
1733715258.346231,0.9062951064006972,0.025429705356365333,-0.2273466122546268,0.5660000000000001,0.33000000000000007
1733715258.446231,0.9261076693582715,0.025095693458674736,-0.1991951196843126,0.5660000000000001,0.33000000000000007
1733715258.5462308,0.9436344627829363,0.018225065160857867,-0.18745825593063603,0.5660000000000001,0.33000000000000007
1733715258.6462307,0.9597526354228254,0.01336727267566879,-0.19838682829315427,0.5660000000000001,0.33000000000000007
1733715258.7462306,0.9766442736970832,0.020276038408701597,-0.22125382468062563,0.5660000000000001,0.32800000000000007
1733715258.8462305,0.9937821499021446,0.035633328195955424,-0.2199866387831635,0.5660000000000001,0.32800000000000007
1733715258.9462304,1.0057026556667419,0.04055754538715821,-0.1950163962169721,0.5660000000000001,0.33000000000000007
1733715259.0462303,1.0157839983997916,0.03340479801834455,-0.14842608520498066,0.5660000000000001,0.3312276540453809
1733715259.1462302,1.0222300520427587,0.023479468988752444,-0.13678359994689215,0.5660000000000001,0.33000000000000007
1733715259.2462301,1.0264556949534593,0.02058008099056204,-0.15524638989298356,0.5720000000000001,0.32800000000000007
1733715259.34623,1.0386530160063923,0.02693019559163578,-0.18765384885565933,0.5760000000000001,0.33000000000000007
1733715259.44623,1.0513232986604184,0.0326828635500257,-0.18358994216266997,0.5820000000000001,0.33294274658736706
1733715259.5462298,1.0651913387635124,0.030020365351155258,-0.16120191759323682,0.58314354649041,0.3388564535095901
1733715259.6462297,1.0729224006268319,0.028427503843388744,-0.1461741015431623,0.5820000000000001,0.3428484555237285
1733715259.7462296,1.0799476669629173,0.027974163412898215,-0.1397119435062438,0.5820000000000001,0.3480000000000001
1733715259.8462296,1.0891466857096592,0.029882317451896425,-0.13576727654258838,0.5820000000000001,0.3520000000000001
1733715259.9462295,1.099798652057111,0.029707807620053348,-0.14579086036444705,0.5820000000000001,0.3540000000000001
1733715260.0462294,1.1071952197702402,0.029921017388573275,-0.15501137655102715,0.5810068198665679,0.3560000000000001
1733715260.1462293,1.1116306065926618,0.026044635254792285,-0.16876606519317303,0.5780000000000001,0.3580000000000001
1733715260.2462292,1.1125014181363477,0.02495244546050137,-0.17198759083410695,0.5780000000000001,0.3600000000000001
1733715260.346229,1.1154675331029251,0.023103786620483773,-0.16848280836652357,0.576872172641945,0.3680000000000001
1733715260.446229,1.1208522901994307,0.023211680681698463,-0.16673175487999112,0.5780000000000001,0.3700000000000001
1733715260.546229,1.1268891565365773,0.02497731275055651,-0.1562479092647438,0.5702660657918247,0.3828669671040876
1733715260.6462288,1.1290001154161808,0.02672393582133781,-0.14151129416426259,0.32311331292404444,0.41872435048816803
1733715260.7462287,1.103680091683172,0.029763863606914298,-0.09744921406117933,0.053228463521371665,0.44778214735327615
1733715260.8462286,1.0644994917266173,0.02853902340185366,0.001955991537223029,0.0,0.4768714003944773
1733715260.9462285,1.042122071357191,0.020984531540315068,0.0887015182591424,-0.10151340173068041,0.4968783504326701
1733715261.0462284,1.0243485871379063,0.01003455129849207,0.13605512819143153,-0.16000477289924528,0.504
1733715261.1462283,1.0047593147133702,-0.004936961187197909,0.1831470660034945,-0.16600000000000004,0.506
1733715261.2462282,0.986418301035405,-0.02047691769060867,0.23314353006200741,-0.17600000000000005,0.5087044696896139
1733715261.3462281,0.9682264408817473,-0.03769846440033267,0.288412618698906,-0.18000000000000005,0.514
1733715261.446228,0.9431117943380866,-0.053865553288715694,0.34693070903838785,-0.18282011144512067,0.516
1733715261.546228,0.9197920863728986,-0.06404998289488648,0.4013257824897225,-0.18400000000000005,0.517044093933609
1733715261.6462278,0.9003265831838879,-0.07112096368755662,0.4292652438948383,-0.1851233365345041,0.516
1733715261.7462277,0.877464815890596,-0.08230126505738353,0.4668479296026762,-0.17600000000000005,0.516
1733715261.8462276,0.8570203260107655,-0.09279430205796338,0.4918113397359933,-0.17600000000000005,0.516
1733715261.9462276,0.8337957558175254,-0.10795782036311173,0.5064868604486685,-0.17600000000000005,0.516
1733715262.0462275,0.8106337131410135,-0.1229547950950147,0.5297804638638234,-0.17600000000000005,0.516
1733715262.1462274,0.7934291183946492,-0.13059270047461774,0.5319555969735686,-0.18000000000000005,0.516
1733715262.2462273,0.7695219560617076,-0.13881562819323554,0.5183738633850212,-0.18684917464091522,0.5168491746409152
1733715262.3462272,0.7429765763614227,-0.14143499265888929,0.5005120499678087,-0.19199999999999995,0.518
1733715262.446227,0.7278175608202171,-0.13987517869917082,0.4984546314833927,-0.19199999999999995,0.518
1733715262.546227,0.7025245980586113,-0.13720957425324748,0.5229094905661914,-0.1850763258294104,0.52
1733715262.646227,0.6921740082153882,-0.13607367415568622,0.5336456769706642,-0.140511968403415,0.5151679964892684
1733715262.7462268,0.6823819201688536,-0.1330446503216091,0.538196629851583,0.0,0.4755989097977915
1733715262.8462267,0.6732276278337005,-0.13176592151969652,0.525175332583094,0.241637681448795,0.40060547491164655
1733715262.9462266,0.6617308423082621,-0.12525455608869332,0.4825703656214472,0.3744359584072223,0.3224512332742222
1733715263.0462265,0.6750152196839816,-0.12096460376057108,0.3849223987422445,0.4277463299131807,0.2702536700868193
1733715263.1462264,0.687017819842386,-0.11145103924430727,0.23949393731082022,0.4569755086028134,0.252
1733715263.2462263,0.7001549929188453,-0.09965329255794662,0.15174399438850572,0.47577071677810484,0.2855414335562097
1733715263.3462262,0.7203961099347804,-0.08167715689149509,0.0761615491783451,0.4969542986508623,0.3289542986508624
1733715263.4462261,0.745014173988837,-0.06833023596108448,0.02456350060333452,0.5128665284082016,0.3717330568164033
1733715263.546226,0.7775108206457704,-0.05482572820366728,-0.019696939516767896,0.5268710061993324,0.3937420123986647
1733715263.646226,0.8007771183013148,-0.0457617050291113,-0.04043074849421882,0.534,0.4099999999999999
1733715263.7462258,0.8265735897692352,-0.03932751530132583,-0.0641660122647135,0.534,0.4159999999999999
1733715263.8462257,0.8468742302222136,-0.036010503436414015,-0.0953505107089331,0.54,0.42399999999999993
1733715263.9462256,0.8643954890638957,-0.034098466197384256,-0.11443285999273878,0.5488536353138991,0.43485363531389903
1733715264.0462255,0.8836947555225689,-0.030089020588271956,-0.12987024330644956,0.558,0.4408524061616845
1733715264.1462255,0.9058835703191029,-0.022380268962382783,-0.14514204917687343,0.558,0.44199999999999995
1733715264.2462254,0.924378701534178,-0.016401203130709495,-0.15459189930348366,0.556,0.44199999999999995
1733715264.3462253,0.9441213240361356,-0.01011194448678922,-0.15986631376953161,0.554,0.44199999999999995
1733715264.4462252,0.9604478049438094,-0.006058169504885558,-0.15579800295773655,0.554,0.44399999999999995
1733715264.546225,0.9774010759197546,-0.0030795578637062538,-0.1473224907414225,0.552,0.44693337186812204
1733715264.646225,0.9994920311969903,-0.002087656668211545,-0.1311144222934919,0.552,0.44999999999999996
1733715264.7462249,1.0168747672094363,-0.0029381207491240425,-0.11638569707093298,0.5511343861680676,0.44999999999999996
1733715264.8462248,1.0325604353462716,-0.003950035613980956,-0.10765580236359112,0.552,0.44999999999999996
1733715264.9462247,1.0501375308166339,-0.008125920150024606,-0.10812416563513709,0.5508422715489307,0.44999999999999996
1733715265.0462246,1.0645925225219388,-0.010189634020536664,-0.10842227087622189,0.55,0.4508130508985041
1733715265.1462245,1.07996462805164,-0.01141342015852684,-0.10511410807237416,0.55,0.45199999999999996
1733715265.2462244,1.0939990302823117,-0.009301228607767434,-0.09943998582791883,0.548,0.4528369690452415
1733715265.3462243,1.1094788412530394,-0.0071574436317099754,-0.09333849041926141,0.546,0.45599999999999996
1733715265.4462242,1.123561879610741,-0.004649307263304915,-0.08754640521497717,0.546,0.45599999999999996
1733715265.546224,1.134222230103591,-0.003738800072986571,-0.08785242306509229,0.546,0.45999999999999996
1733715265.646224,1.1455212137644968,-0.0032237442440512564,-0.07980489784705748,0.546,0.4608214041062376
1733715265.746224,1.1569892957491832,-0.004832557026539051,-0.06482894678799365,0.5471531633084402,0.46199999999999997
1733715265.8462238,1.1646688003115275,-0.008947888901664916,-0.061169006917661375,0.5471865173988604,0.4648134826011397
1733715265.9462237,1.1733207869313385,-0.012129332473596818,-0.06484960000290207,0.546,0.47
1733715266.0462236,1.1798919786290554,-0.014739941423584148,-0.06971512509205516,0.5371347559422335,0.48886524405776655
1733715266.1462235,1.188595819709598,-0.01581795628580786,-0.0663088627855887,0.5309936682144365,0.5030063317855635
1733715266.2462234,1.1963423603505032,-0.014552907988604874,-0.06009375982456484,0.5231445363005917,0.512
1733715266.3462234,1.2040746366018875,-0.011885051048131482,-0.04778935921124941,0.518,0.5148741563952314
1733715266.4462233,1.2084138326795735,-0.011048003519548395,-0.041647519183444115,0.5172005332166093,0.516
1733715266.5462232,1.2146442542808629,-0.010792072439445724,-0.03668038673820884,0.5131318121226378,0.516
1733715266.646223,1.218097529513455,-0.011464178606834546,-0.032576398106171155,0.5031793151090497,0.52
1733715266.746223,1.221437849961745,-0.014729282450059512,-0.02459696344160771,0.5008629935239172,0.532
1733715266.8462229,1.2224353188744672,-0.015624381889936504,-0.014504508227805827,0.51,0.536
1733715266.9462228,1.2213262505392881,-0.016634692392409632,-0.008140622095637155,0.5070861114639856,0.5409138885360144
1733715267.0462227,1.2240554774712047,-0.0166287944290894,-0.009469686770186073,0.5012625808206566,0.5427374191793435
1733715267.1462226,1.228315429940992,-0.015677210367770877,-0.006649222433113676,0.494,0.5448722426286104
1733715267.2462225,1.2288395415454083,-0.014827031350942389,0.0008871323062382486,0.48714980910367744,0.546
1733715267.3462224,1.2282676460200217,-0.017145112769907957,0.018229251063774828,0.48,0.548
1733715267.4462223,1.2285449197315526,-0.019944371741517378,0.022011924870580214,0.4868565008025682,0.55
1733715267.5462222,1.2291103628554727,-0.02529978121366946,0.021098816310696527,0.504,0.55
1733715267.646222,1.2327389990585946,-0.02620648513808967,0.021044493498933434,0.5127383823012993,0.55
1733715267.746222,1.2384718180265974,-0.025722524522398635,0.019501672160270576,0.522,0.55
1733715267.846222,1.2474623175387627,-0.023821759116430443,0.01571208598377481,0.5308318719736769,0.55
1733715267.9462218,1.2571241832339055,-0.019719475215358943,0.01090845460043859,0.536,0.55
1733715268.0462217,1.2672058075750223,-0.017138268206392394,0.009136369110185382,0.542,0.55
1733715268.1462216,1.2727116599968797,-0.015131249992052861,0.00841499212701209,0.5508454844874558,0.55
1733715268.2462215,1.275913824730809,-0.015405522934709148,0.005269145704242555,0.5648276054429902,0.5371723945570099
1733715268.3462214,1.2782378327489596,-0.017179125356354262,-0.0040898405838465,0.5788518394451123,0.4394816055488778
1733715268.4462214,1.277781881653155,-0.020912706653591285,-0.03691235460073913,0.5976406202738401,0.28143751890463997
1733715268.5462213,1.2616893742633424,-0.021162672536909014,-0.10617907078467748,0.6188449970493072,0.17777501475346447
1733715268.6462212,1.2437772257248945,-0.016191731623326,-0.17178386900715858,0.6279999999999999,0.09775998449011253
1733715268.746221,1.2221637286453955,-0.007322906870708508,-0.22599750027117332,0.6310206531120164,0.0
1733715268.846221,1.2085097090385943,0.0018773772032521611,-0.25653983026928223,0.6359999999999999,0.0
1733715268.9462209,1.199217300752193,0.011458636591469692,-0.2837634503647959,0.6359999999999999,0.0
1733715269.0462208,1.1931252016309861,0.016735687673561466,-0.30448829169114555,0.6339999999999999,0.0
1733715269.1462207,1.1841983584170848,0.0186369620126642,-0.3244776386319965,0.6299999999999999,0.0
1733715269.2462206,1.1794842869808497,0.016733910764233657,-0.33135118950863235,0.6299999999999999,0.036903832588760906
1733715269.3462205,1.1728351464141533,0.015651532164539173,-0.340989325083792,0.6319999999999999,0.09682335136007758
1733715269.4462204,1.1691523589614066,0.019654125609731947,-0.3545518166409053,0.6319999999999999,0.10000000000000009
1733715269.5462203,1.1698618460763055,0.024559452820100382,-0.36223403957760464,0.6311738468100663,0.10200000000000009
1733715269.6462202,1.1693008129976794,0.025378316386654543,-0.3723873365745073,0.6299999999999999,0.10083616427815725
1733715269.74622,1.1668345685736363,0.025072400080427236,-0.37687504587652426,0.6299999999999999,0.1060000000000001
1733715269.84622,1.160213960532586,0.024514784531657827,-0.36910221295729945,0.6299999999999999,0.1100000000000001
1733715269.94622,1.1508970740749362,0.023469324316423342,-0.3546780525328046,0.6299999999999999,0.11292429726029976
1733715270.0462198,1.1428088047749154,0.02103089221277966,-0.3501472804587485,0.6299999999999999,0.1200000000000001
1733715270.1462197,1.134979513453096,0.021936458574152662,-0.34878337393303793,0.6299999999999999,0.12363957249907868
1733715270.2462196,1.1296092565091758,0.024441372690278667,-0.3303724614566859,0.6299999999999999,0.1279999999999999
1733715270.3462195,1.1241126400988222,0.024223617740145992,-0.31894877945675876,0.6299999999999999,0.1279999999999999
1733715270.4462194,1.1189708473756161,0.025826682731459234,-0.32615378374059184,0.6299999999999999,0.1279999999999999
1733715270.5462193,1.1121383973624672,0.026980719942597237,-0.33148982239064567,0.6299999999999999,0.1279999999999999
1733715270.6462193,1.109767724610969,0.02755499346606841,-0.32356024970722935,0.6299999999999999,0.1279999999999999
1733715270.7462192,1.1113998130149896,0.02805634030531342,-0.3210151293451641,0.6319999999999999,0.1279999999999999
1733715270.846219,1.1133366109060365,0.029343654764450923,-0.32029823530251117,0.6319999999999999,0.128899892875101
1733715270.946219,1.1154273345187207,0.02965778380313137,-0.3136125320478778,0.6283352066383979,0.16132958672320388
1733715271.0462189,1.1143076549822581,0.02880260290992203,-0.30766824943962,0.42865884939538285,0.2706712650615395
1733715271.1462188,1.0926471014088595,0.02811475848720311,-0.2641733595889334,0.23860930910810704,0.371485831395578
1733715271.2462187,1.0640192661815029,0.0241680894055057,-0.16429672797835604,0.0,0.45630303828426294
1733715271.3462186,1.0403135210959524,0.021083849237637446,-0.06108208855659795,0.0,0.5073029038986042
1733715271.4462185,1.0247766576572563,0.011178464399193535,0.05440417661044274,0.0,0.522
1733715271.5462184,1.0128343951206615,0.002396357561074079,0.11135413957791128,-0.18092504067980478,0.5709250406798048
1733715271.6462183,0.987848702057568,-0.008455176648566334,0.20303069933508935,-0.18999999999999995,0.5740000000000001
1733715271.7462182,0.9683692288804472,-0.015201978325133324,0.2615215855669764,-0.19599999999999995,0.5748301451387624
1733715271.846218,0.938828649730046,-0.031030586701549456,0.36632741163052435,-0.16983073047858946,0.5760000000000001
1733715271.946218,0.9228602610967458,-0.04855446160997506,0.4274821235934443,-0.134,0.5788586779550635
1733715272.046218,0.9170653420386511,-0.06250991572780426,0.4575259791560949,-0.1127063259814993,0.5811765814953749
1733715272.1462178,0.911809973059203,-0.07511849264414212,0.4777731592891178,0.0,0.5800000000000001
1733715272.2462177,0.9082221416166252,-0.08264130004821742,0.46984447335590324,0.27,0.5820000000000001
1733715272.3462176,0.9027731513581064,-0.08301599533536928,0.4494528203422842,0.42446872125114987,0.6072916283348667
1733715272.4462175,0.9099303925561882,-0.07829954644663915,0.4242884377018312,0.5068625966185683,0.6359999999999999
1733715272.5462174,0.9671938654922138,-0.07242006904546272,0.35088885570263867,0.5676038029601644,0.6391980985199177
1733715272.6462173,1.0150546869153703,-0.06102241572712073,0.24359929386162574,0.5928977627796527,0.6399999999999999
1733715272.7462173,1.0484260107336423,-0.05110581272814559,0.16689599019708368,0.6040000000000001,0.6399999999999999
1733715272.8462172,1.0785442744003635,-0.04003263878647526,0.10779823010135138,0.6128184321864774,0.6399999999999999
1733715272.946217,1.1054284763177868,-0.027229170876824253,0.060312409666237445,0.6180000000000001,0.6419999999999999
1733715273.046217,1.1237032528499786,-0.0195896908589,0.04117850051976458,0.6220000000000001,0.6419999999999999
1733715273.1462169,1.1497256686745674,-0.010903062363968465,0.02232420748395063,0.6220000000000001,0.6419999999999999
1733715273.2462168,1.1594356173415399,-0.008209263662782667,0.015414301481392787,0.6200000000000001,0.6419999999999999
1733715273.3462167,1.1733790634512378,-0.004610615127303404,0.015169076800041509,0.6200000000000001,0.6419999999999999
1733715273.4462166,1.1832006860920463,-0.003312341225142026,0.01356894961367976,0.6200000000000001,0.6419999999999999
1733715273.5462165,1.201045757898646,0.0006526406017718589,0.0039882595983759764,0.6200000000000001,0.6431821423534863
1733715273.6462164,1.2138425061670297,0.0035351294421267633,0.0007914576749958411,0.6212235223296588,0.6447764776703412
1733715273.7462163,1.2316344826248669,0.008418032034661823,-0.0033783424102272123,0.6200000000000001,0.6459999999999999
1733715273.8462162,1.2480044571882156,0.012475551370827431,-0.011425123349085927,0.6200000000000001,0.6479999999999999
1733715273.946216,1.269897218388918,0.013121047135217992,-0.016261066012089098,0.6200000000000001,0.6499999999999999
1733715274.046216,1.2853992932239464,0.011845654016268857,-0.019744660860818136,0.6200000000000001,0.650785684698865
1733715274.146216,1.2934935119590374,0.010604134739672888,-0.01980616888951205,0.6200000000000001,0.6519999999999999
1733715274.2462158,1.3026562623061322,0.011030848643511651,-0.01721164869319639,0.6200000000000001,0.6519999999999999
1733715274.3462157,1.319541635056951,0.014021349866675427,-0.020875497526789598,0.6200000000000001,0.6539999999999999
1733715274.4462156,1.3395266570039304,0.01665025890237198,-0.022448059569201845,0.6200000000000001,0.6559999999999999
1733715274.5462155,1.3465764354145902,0.016915630806012504,-0.006364949701492703,0.6200000000000001,0.6571704768903807
1733715274.6462154,1.353181665594135,0.01431818320161446,0.011545090971785976,0.6200000000000001,0.6579999999999999
1733715274.7462153,1.361258170437348,0.013546694099785456,0.01852462646949628,0.6200000000000001,0.658855920171176
1733715274.8462152,1.3733412136184122,0.013000835035146908,0.01787885027016417,0.6180000000000001,0.661188109519729
1733715274.9462152,1.3845150915388156,0.015284495504081898,0.022433125992075885,0.6180000000000001,0.6619999999999999
1733715275.046215,1.3902271148988838,0.019121860171336633,0.022902633442062503,0.6180000000000001,0.6619999999999999
1733715275.146215,1.3914148997295488,0.01973292965938779,0.021801499955585866,0.6160000000000001,0.6619999999999999
1733715275.2462149,1.3938086912143637,0.013664638331693188,0.019048358274124846,0.6160000000000001,0.6639999999999999
1733715275.3462148,1.3974583544121497,0.009769954161693642,0.025001363497645875,0.6148103898142154,0.6639999999999999
1733715275.4462147,1.4019890474328809,0.009231852085521382,0.030262103287294225,0.6140000000000001,0.6639999999999999
1733715275.5462146,1.4050105262183876,0.00928203185304146,0.029283052168562484,0.6140000000000001,0.6639999999999999
1733715275.6462145,1.408727810203596,0.008929082083859065,0.021938099582338777,0.6140000000000001,0.6647963498689446
1733715275.7462144,1.4140104374369058,0.009175962009702056,0.010956509010177575,0.6120000000000001,0.6659999999999999
1733715275.8462143,1.4168603239810567,0.009836599632472546,0.00833301209671981,0.6083382628044819,0.668830868597759
1733715275.9462142,1.4117170216005326,0.013099472802645088,0.005334162154815326,0.5620337913766931,0.6797046310352305
1733715276.046214,1.39850952537508,0.016455527984373584,0.016550261798653463,0.4275235379035949,0.6994781169677123
1733715276.146214,1.3779338158114132,0.01801813911496772,0.06379749351469396,0.24896304424501314,0.7216829564603989
1733715276.246214,1.345794152595037,0.013785633334922455,0.15206591163775632,0.0,0.7416159713945173
1733715276.3462138,1.3109634623716204,0.002846750518479171,0.2291378285564257,0.0,0.7685108767172453
1733715276.4462137,1.2851648571782806,-0.01355872065230727,0.293029318306136,0.0,0.7723526956521739
1733715276.5462136,1.2582644819219257,-0.033459143440687684,0.3546833178503403,-0.10291441433131006,0.77
1733715276.6462135,1.242903342190192,-0.041993808132948826,0.3929979636919946,-0.10399999999999998,0.77
1733715276.7462134,1.2359189277138674,-0.04903302146997753,0.4097550101323347,-0.10599999999999998,0.7688392288145848
1733715276.8462133,1.2249590403040715,-0.051128613424130415,0.42568379922603156,-0.1156644554336027,0.77
1733715276.9462132,1.2105900380269434,-0.04931596077634897,0.4431335306516076,-0.15382641376475426,0.7728323448235364
1733715277.0462132,1.19198031043915,-0.049236031437984565,0.4853242229920238,-0.21844438837890812,0.776
1733715277.146213,1.1733383226980385,-0.057796598038513496,0.5439823154392598,-0.25454209143039186,0.776
1733715277.246213,1.1563805692290239,-0.07137698231756347,0.6074622794129568,-0.2743317323617092,0.7747772441205697
1733715277.3462129,1.1332818179702489,-0.09216509263140164,0.6886300997411374,-0.27916537145795023,0.7664883431215519
1733715277.4462128,1.1078023826902057,-0.1044855089426847,0.7392167140436184,-0.23955002478929102,0.6882833911750124
1733715277.5462127,1.0650957150247031,-0.12028086055427449,0.767818677311295,-0.23856840330202553,0.6345825212259064
1733715277.6462126,1.0114870203519155,-0.1303889561906736,0.7560939946820047,-0.25453340180934697,0.5452442618417415
1733715277.7462125,0.9427050226171895,-0.14480707537944457,0.7401609710182727,-0.2988937683141239,0.528446884157062
1733715277.8462124,0.8925229422540054,-0.15214913992765078,0.7552903872797277,-0.34792693809258224,0.5862831009481317
1733715277.9462123,0.8622545787891327,-0.15736209072207608,0.7883180536618487,-0.3717007511028097,0.6240000000000001
1733715278.0462122,0.8200287820003593,-0.16028175020054045,0.8455077080335284,-0.3251165428764348,0.5791571910871034
1733715278.146212,0.7801848048853401,-0.17189312584647648,0.8670994276395607,0.0,0.4207062208552435
1733715278.246212,0.7387167489750086,-0.19195050935447747,0.8064783643073206,0.15415220675944324,0.22781184890656062
1733715278.346212,0.6960929814131711,-0.20216736994236384,0.6903913906632916,0.3060409649878594,0.06041634683167547
1733715278.4462118,0.6740783870275272,-0.2072702763597394,0.503885255009505,0.3997518598512118,0.0
1733715278.5462117,0.6750336410016172,-0.20142586065368562,0.3387342668150915,0.4845368484122229,0.0
1733715278.6462116,0.6832378144272957,-0.17752889225968313,0.13287131156174523,0.5327712305025997,0.0
1733715278.7462115,0.6883664033079553,-0.15008666568598505,-0.020523581149755603,0.5516248014636402,-0.09643720219546027
1733715278.8462114,0.6867972500152655,-0.1196429280683326,-0.1601923417021659,0.5616649951409136,-0.12449749271137026
1733715278.9462113,0.6761661642935095,-0.08258407966359524,-0.31901022866238093,0.5776284268737499,-0.14362842687374988
1733715279.0462112,0.6731499218743595,-0.06069034939090563,-0.39324862798606425,0.5888262206323118,-0.16047866189693516
1733715279.1462111,0.6751084773987015,-0.03730779505580921,-0.4631805834272537,0.5940000000000001,-0.17400000000000004
1733715279.246211,0.6799281637795224,-0.02463908456339777,-0.5161764173684447,0.6048298711025268,-0.17800000000000005
1733715279.346211,0.6900776610692243,-0.020483566862334174,-0.587879854222442,0.6178086711161757,-0.17800000000000005
1733715279.4462109,0.7050416967498073,-0.013857742387625105,-0.6461645567854616,0.6227336985638492,-0.17453260287230185
1733715279.5462108,0.7171761742932617,-0.0009892783408898117,-0.6750931722079324,0.6329226739926739,-0.16415465201465204
1733715279.6462107,0.7270944200939796,0.015985874036612287,-0.7083053072254395,0.6359999999999999,-0.15044887077731656
1733715279.7462106,0.7292536918464161,0.03116814515612089,-0.7501682874216459,0.6359999999999999,-0.14237670978945932
1733715279.8462105,0.7300310144209854,0.046641672364327966,-0.7740162815249744,0.6359999999999999,-0.10896894787883396
1733715279.9462104,0.7293089840251088,0.05866487920358914,-0.7751255832360111,0.6283356585317655,0.0
1733715280.0462103,0.7287665679648074,0.06630015528146538,-0.7430840480298099,0.6226729088899549,0.04710362229683228
1733715280.1462102,0.7244919662415087,0.06777259456348535,-0.7068134273635601,0.6240000000000001,0.27705939173486915
1733715280.24621,0.7279305986583641,0.06412742094707334,-0.6763752245655641,0.6192100079644128,0.4311099283202859
1733715280.34621,0.7646612987299446,0.063099280660697,-0.6016261346013406,0.6151594007609386,0.49220299619530755
1733715280.44621,0.8065037629611773,0.06073757848251553,-0.4594494129644558,0.6140000000000001,0.5301140711603791
1733715280.5462098,0.8531347988459361,0.051239890111160646,-0.33204308353585904,0.6140000000000001,0.558
1733715280.6462097,0.8983831643214537,0.03658671290749762,-0.2412769088853805,0.6132278297937125,0.562
1733715280.7462096,0.9469132491281853,0.020805708894982948,-0.17237070501746266,0.6120000000000001,0.5716124074000714
1733715280.8462095,0.9821904655982067,0.013116470927855851,-0.13221084360407465,0.6100000000000001,0.5816564705882353
1733715280.9462094,1.011619144621619,0.008080865111896025,-0.10470979388079917,0.6071707118011699,0.5968292881988303
1733715281.0462093,1.0431007286149243,0.0030741938088479923,-0.08587214714778145,0.6020000000000001,0.6121322603900786
1733715281.1462092,1.072212556972241,0.0003031653469124107,-0.06897932463336537,0.5990960636197309,0.6418078727605383
1733715281.2462091,1.1062719093195863,-0.0009201958714028733,-0.030017967180217847,0.593170880024477,0.6584873599265689
1733715281.346209,1.1371806249984688,-0.0024945133231192114,0.001795416751785556,0.587194383661561,0.6804168490153172
1733715281.446209,1.1631694793592844,-0.004188454765568531,0.020870968185360092,0.5792507860458153,0.6954984279083695
1733715281.5462089,1.2004232340116066,-0.003939028990540885,0.06008339194819517,0.5760000000000001,0.7125325578606547
1733715281.6462088,1.2218233328570651,-0.005745707837587033,0.08255804277695096,0.5731844250044836,0.7412622999820656
1733715281.7462087,1.2553574360813025,-0.008748204344348427,0.09957375507740725,0.5720000000000001,0.752822599508005
1733715281.8462086,1.2803988240159627,-0.008990991422698283,0.10617476640964592,0.5700000000000001,0.755254515194477
1733715281.9462085,1.2987850082150174,-0.010480158345309127,0.10620703348142581,0.5680000000000001,0.754
1733715282.0462084,1.3091435048058144,-0.007701477300792306,0.10986232432265164,0.5652000718677633,0.754
1733715282.1462083,1.3294644385097016,-0.004285442136040994,0.1189935000739564,0.5648044340407422,0.7531955659592579
1733715282.2462082,1.3432058299266296,-0.005473796657625883,0.12369059428636298,0.5680000000000001,0.7504194233455144
1733715282.346208,1.3554430308964482,-0.00797944705842095,0.1168709130721847,0.5740000000000001,0.744
1733715282.446208,1.364230445281154,-0.011264473677517473,0.1049489189095,0.5760000000000001,0.744
1733715282.546208,1.3714230568561963,-0.011858943101409681,0.10114921056543227,0.5760000000000001,0.744
1733715282.6462078,1.3791708243323832,-0.009290306732353155,0.1052771172566551,0.5780000000000001,0.744
1733715282.7462077,1.384701577824684,-0.007214095306247001,0.1012325744979453,0.5808038133467136,0.7411961866532865
1733715282.8462076,1.391508726078705,-0.0081344358628113,0.09134775384449148,0.5840000000000001,0.7372326998050682
1733715282.9462075,1.3963858019939357,-0.009540586342772344,0.08305491395937306,0.588773563836387,0.729226436163613
1733715283.0462074,1.4001067377088576,-0.009798876061999149,0.08296075556014004,0.598683385715834,0.6898996857049962
1733715283.1462073,1.400900710569291,-0.009906748976048312,0.067045637247961,0.6212361861530118,0.5950552553879528
1733715283.2462072,1.3909694231954275,-0.012438645171378918,0.02611028560490125,0.6416687048360199,0.46047859922178985
1733715283.3462071,1.3651778480525838,-0.009631113062524005,-0.044595412005496785,0.6528190878275518,0.3273518582418252
1733715283.446207,1.3317334769450104,-0.004535908046645054,-0.13281582506417489,0.6619999999999999,0.218304822601329
1733715283.546207,1.3080667553743723,0.003674120736987979,-0.20441740973276284,0.6668191669622098,0.13544666430232088
1733715283.6462069,1.2874791296736925,0.012129134184053713,-0.2514442108620224,0.6727998098332079,0.0
1733715283.7462068,1.2704894147585208,0.020588251138539588,-0.29808269151895006,0.680831084206504,0.0
1733715283.8462067,1.2589918961627304,0.02905348045787028,-0.32258127359137023,0.6819999999999999,0.0
1733715283.9462066,1.2492187495630156,0.036018286590402855,-0.3349967641879999,0.6819999999999999,0.0
1733715284.0462065,1.2435802705625623,0.03713470306216906,-0.35591795959753747,0.6819999999999999,0.0
1733715284.1462064,1.2444227514846322,0.03631528853810834,-0.37529312168615503,0.6819999999999999,0.0
1733715284.2462063,1.2457828990442286,0.03747546846169962,-0.3821001262427232,0.6799999999999999,0.0
1733715284.3462062,1.2430918544412868,0.03839466919411241,-0.38626138473039573,0.6732207045291156,0.0
1733715284.446206,1.238517926293265,0.038318012606643914,-0.39580448668434826,0.6659999999999999,0.0
1733715284.546206,1.2347129895755877,0.04045283902406094,-0.39840348421995786,0.6659999999999999,0.0
1733715284.646206,1.2278062035015278,0.042363958123245025,-0.3966430510183655,0.6659999999999999,0.0
1733715284.7462058,1.214863334479636,0.045567788947517285,-0.39180971846503565,0.6659999999999999,0.0
1733715284.8462057,1.2053306582681838,0.046288694018089535,-0.39554648109389284,0.6659999999999999,0.0
1733715284.9462056,1.1970824616910896,0.04700525043675739,-0.4050690727379387,0.6659999999999999,0.0
1733715285.0462055,1.1973205890084733,0.05115829530058786,-0.4094554365333893,0.6639999999999999,0.0
1733715285.1462054,1.1959866853537167,0.0561190368329572,-0.407492965259608,0.6639999999999999,0.0
1733715285.2462053,1.1909486391374478,0.05578673804852935,-0.40102958923579973,0.6599999999999999,0.0
1733715285.3462052,1.1867717775035027,0.053785947569086404,-0.4018249132704179,0.6572204514461337,0.0
1733715285.4462051,1.1803568384877512,0.05094899429777285,-0.4009381251181645,0.6006944422358274,0.0
1733715285.546205,1.161539137714708,0.05759939880877162,-0.38761882721258567,0.40213250089473895,0.16870807651012043
1733715285.646205,1.1103265398244655,0.07017519413743885,-0.3283224830375076,0.09135270479134461,0.3131618238021639
1733715285.7462049,1.0684415745229505,0.06908552767315991,-0.20540476429119936,0.0,0.46640388236435987
1733715285.8462048,1.04686299194812,0.05789926157070886,-0.07156020123204132,-0.12322965400879038,0.5366148270043952
1733715285.9462047,1.0248090446335802,0.039758556582209774,0.06035984448314815,-0.19266794337722842,0.5755559811257429
1733715286.0462046,1.001092006637061,0.02312863350559008,0.17658629656698555,-0.22161871099351657,0.5928093554967584
1733715286.1462045,0.9745677072274502,0.0023736632505141635,0.26632293948872415,-0.23587397169403723,0.5947808215391822
1733715286.2462044,0.9485823972822823,-0.017559065362872082,0.3291360564506546,-0.25051765958653915,0.6008823581610581
1733715286.3462043,0.9274033456128145,-0.03795998019778441,0.40932665523003064,-0.2437201646600727,0.6051736850964324
1733715286.4462042,0.9073710811999417,-0.054039785057150305,0.47947172379388187,-0.2145204292071836,0.6075736633528344
1733715286.546204,0.8873245795606417,-0.06833209524585315,0.5305053940237161,-0.18532069375429447,0.6099736416092362
1733715286.646204,0.8709070110946834,-0.08424065958836419,0.5705556624055409,-0.15612095830140538,0.612373619865638
1733715286.746204,0.8543107571222514,-0.0988366168332571,0.6160719720077384,-0.12692122284851626,0.6147735981220399
1733715286.8462038,0.8389993457796309,-0.11280849949245819,0.655254483609152,-0.07504067996350186,0.6179555195786508
1733715286.9462037,0.8345044699145389,-0.12588330025595945,0.6348611319271454,0.0005415881260958932,0.6219545813823332
1733715287.0462036,0.8472745199492103,-0.1290282260718051,0.5831881505090454,0.07612385621569365,0.6259536431860155
1733715287.1462035,0.8639215281095302,-0.12668986879812508,0.5121095294042719,0.1517061243052914,0.6299527049896979
1733715287.2462034,0.8729476158465861,-0.1182605957620432,0.44368400614047526,0.22728839239488913,0.6339517667933803
1733715287.3462033,0.8829485726885127,-0.10464720979800066,0.36575949826694043,0.27927995494850577,0.6389294018268762
1733715287.4462032,0.8921241936497901,-0.08345671106399528,0.3058345162194978,0.306502931210568,0.6449344701199782
1733715287.5462031,0.8991891713611847,-0.06665575897798134,0.2794356087424225,0.3337259074726302,0.6509395384130802
1733715287.646203,0.9043949041957522,-0.05091696986268241,0.2573197368562009,0.36094888373469247,0.656944606706182
1733715287.746203,0.9184236444069992,-0.03507919424616633,0.2379810568565606,0.3881718599967547,0.662949674999284
1733715287.8462029,0.9374624347728057,-0.028178634778561713,0.22961509956183795,0.40986853431739095,0.6634427263468479
1733715287.9462028,0.9637923305019779,-0.024990380550025976,0.2237006727500611,0.42586013875365714,0.6582454549050614
1733715288.0462027,0.9805760950306562,-0.022176876972176972,0.2129378026830942,0.4418517431899234,0.6530481834632748
1733715288.1462026,1.007956376133383,-0.01315635007726925,0.1755021413105491,0.4578433476261896,0.6478509120214883
1733715288.2462025,1.0272706291809148,-0.009506107127988253,0.14938995566872912,0.4738349520624558,0.6426536405797018
1733715288.3462024,1.0505452444454255,-0.007133734978930638,0.12450880583113884,0.4851314135673905,0.6401957133479618
1733715288.4462023,1.0665188731149582,-0.005521575534512119,0.11861932296565358,0.4915296714863416,0.6405956044678962
1733715288.5462022,1.0903837081816325,-0.007097625164906708,0.11267068815349544,0.4979279294052927,0.6409954955878306
1733715288.646202,1.1104710022156892,-0.00860654914752924,0.1036359035285509,0.5043261873242438,0.6413953867077652
1733715288.746202,1.1339725320344047,-0.008064940142551645,0.09376542678125038,0.5107244452431949,0.6417952778276996
1733715288.846202,1.147160961421911,-0.00547461492406497,0.09337692999370543,0.5169277686904693,0.5793457500239564
1733715288.9462018,1.1490353922220007,-0.002265097981777936,0.0758694779206457,0.5229266159186443,0.450970419341013
1733715289.0462017,1.13751717902981,-0.0016199836609035601,0.027522689593873433,0.5289254631468192,0.32259508865806963
1733715289.1462016,1.1175589541985136,-0.000543102830156784,-0.04548470179219629,0.5349243103749941,0.1942197579751262
1733715289.2462015,1.1028718079067397,0.0002482494502682558,-0.09208118837805451,0.5409231576031691,0.06584442729218276
1733715289.3462014,1.0843678830018952,0.0013135388635835627,-0.13490341339216083,0.5465342442617711,0.0
1733715289.4462013,1.0714767295599763,0.0033633360215216167,-0.18155923292044468,0.5517370228479554,0.0
1733715289.5462012,1.064662063603318,0.009611289775661246,-0.21331479927202637,0.5569398014341398,0.0
1733715289.6462011,1.0627924142276786,0.01750225957786763,-0.23710935337633962,0.5621425800203242,0.0
1733715289.746201,1.061098507565237,0.02424461563914715,-0.2634080940363259,0.5673453586065086,0.0
1733715289.846201,1.0605791406316853,0.02987630180090577,-0.28363489261992253,0.5711658357051445,0.0
1733715289.9462008,1.0604157842664632,0.03040579477149826,-0.31725717811253534,0.5760000000000001,0.0
1733715290.0462008,1.0620482265049234,0.029940957736017633,-0.33121266121165754,0.5760000000000001,0.0
1733715290.1462007,1.0620822751709866,0.030261568623190495,-0.3277150515415188,0.5780000000000001,0.0
1733715290.2462006,1.061897445873242,0.030854273088127045,-0.3288393934973973,0.5780000000000001,0.0
1733715290.3462005,1.0570115862680058,0.030217104174886603,-0.3480225193379481,0.5780000000000001,0.0
1733715290.4462004,1.0504720941735735,0.03255327588154656,-0.3503395407959542,0.5780000000000001,0.0
1733715290.5462003,1.0426523448589609,0.03407755073595498,-0.3392887054595138,0.5780000000000001,0.0
1733715290.6462002,1.034707352599666,0.0350508710229771,-0.33085346748512706,0.5780000000000001,0.0
1733715290.7462,1.029387773852051,0.03618845837834964,-0.3337605751359551,0.5780000000000001,0.0
1733715290.8462,1.0254823339875385,0.036873580753421266,-0.3403692276075281,0.5780000000000001,0.0
1733715290.9462,1.020183758239899,0.03717029841325605,-0.3447275842287682,0.5780000000000001,0.0
1733715291.0461998,1.0166658627631089,0.0370062663212472,-0.3401014754127949,0.5780000000000001,0.0
1733715291.1461997,1.0099775178681325,0.035249664166081,-0.3346138384347932,0.5780000000000001,0.0
1733715291.2461996,1.0033657562580074,0.0314484137396983,-0.3287829862421628,0.5787840974696901,0.0
1733715291.3461995,1.000620670113229,0.027735003523126977,-0.33104715371964416,0.5800000000000001,0.0
1733715291.4461994,0.9979843381880076,0.026660973824766777,-0.3290754117721348,0.5800000000000001,0.0
1733715291.5461993,0.9990216773649367,0.026247397196355934,-0.3302562530595099,0.5800000000000001,0.0
1733715291.6461992,0.9990279646943536,0.025385310574184045,-0.3378056300296218,0.5800000000000001,0.18011706379707912
1733715291.7461991,1.005595986481919,0.026970012919085486,-0.3393132798327802,0.5800000000000001,0.3178052898142938
1733715291.846199,1.025527145260791,0.02693825008489037,-0.3056447812977889,0.5820000000000001,0.37486414253897554
1733715291.946199,1.0446356622158022,0.019900060712529935,-0.24331615788101643,0.5811943297974929,0.4180283510125361
1733715292.0461988,1.069551704152807,0.012634676191404317,-0.177055487572662,0.5774392807154889,0.4436821578535335
1733715292.1461987,1.0848112250529653,0.00871065966491533,-0.13890209542080625,0.5760000000000001,0.4668283411284705
1733715292.2461987,1.0978681685186893,0.004527125364275986,-0.11644010945170678,0.5760000000000001,0.4747565445026178
1733715292.3461986,1.1119377519859532,-9.382347654738533e-05,-0.09853676508639321,0.5740000000000001,0.48478725160562924
1733715292.4461985,1.1221883057144497,-0.0025635561192149125,-0.0864210190119839,0.5720000000000001,0.49758917362510796
1733715292.5461984,1.134286228261087,-0.004294958931598708,-0.07221081107247247,0.5599948693282027,0.5196020522687189
1733715292.6461983,1.1428229483732617,-0.0028767696996785416,-0.06059112110724602,0.54,0.5327981092558077
1733715292.7461982,1.1522997548847234,-0.0005599219456867749,-0.04713580554402466,0.54,0.538
1733715292.846198,1.1600073572566096,0.0012444522783162848,-0.041328516514604924,0.54,0.542
1733715292.946198,1.1703500049574485,0.001463241525029153,-0.03839048563803092,0.5391967631172065,0.5488032368827935
1733715293.046198,1.18043940871348,0.0010853105627421733,-0.034976076192871366,0.5373390984287807,0.5546609015712194
1733715293.1461978,1.190993629629771,0.0033186808574026208,-0.009307264134743259,0.5352113812975643,0.5595772374048714
1733715293.2461977,1.1949662709594322,0.0024938592740735795,0.0023674977348556794,0.531229074799516,0.5667709252004841
1733715293.3461976,1.207391379757469,-0.0003976098882706703,0.006365970678359117,0.5252636071687559,0.5774727856624884
1733715293.4461975,1.2221859581549344,-5.4883330559591916e-05,0.009754179274196034,0.5187957276368491,0.5808010680907878
1733715293.5461974,1.231348680118663,0.0016421865602505115,0.01959576169241433,0.4931933756055295,0.5908066243944705
1733715293.6461973,1.2390158197728782,0.001872340126100751,0.035624859511140444,0.4727549187851698,0.6008112703037076
1733715293.7461972,1.2422619987722336,0.002069091447967563,0.04623811589663647,0.4575377403275575,0.6080000000000001
1733715293.8461971,1.2438896874575298,0.0014564834961547446,0.05761071350389325,0.4367048458149779,0.6148237885462556
1733715293.946197,1.2468610414379846,-0.00025269644595927207,0.07822219398092944,0.4200325409159807,0.622793491816804
1733715294.046197,1.2500595465391402,-0.0006845991183972196,0.10737479413670886,0.39196410600469633,0.6399999999999999
1733715294.1461968,1.2529535332266315,-0.0065126489532153125,0.13437183508037792,0.3650580104462496,0.648823664925625
1733715294.2461967,1.2519686533123235,-0.008617018249396462,0.14091511945569896,0.32902102789660786,0.6596596573677973
1733715294.3461967,1.244235580128661,-0.011145281677382943,0.1561522740492582,0.27938880872214206,0.6708263989097322
1733715294.4461966,1.2367552178976151,-0.011402764204410947,0.18025988394879125,0.22340806480433614,0.6819999999999999
1733715294.5461965,1.225484978284772,-0.011101463376531498,0.2042625348745736,0.1713363981290024,0.6839999999999999
1733715294.6461964,1.2135969145380077,-0.01194459827028418,0.23372862875402106,0.12267360483839294,0.688
1733715294.7461963,1.2000484112946144,-0.014670383871866697,0.26701993995722245,0.0560632422092931,0.69
1733715294.8461962,1.1878644518831267,-0.01992296082145327,0.29627360320871704,0.0,0.6908059719084568
1733715294.946196,1.181577721176753,-0.025965828412317486,0.3227368612968914,0.0,0.694
1733715295.046196,1.1719034377734847,-0.033520274927119766,0.34774725552125646,0.0,0.694
1733715295.146196,1.1655869033705786,-0.03907039768328813,0.36524219641548566,0.0,0.696800918213952
1733715295.2461958,1.162255923077101,-0.04478868701014985,0.37387013248504997,0.0,0.702
1733715295.3461957,1.1604303673104774,-0.05022293504226699,0.3761289163052238,0.0,0.7003569367282435
1733715295.4461956,1.1544872291054282,-0.05448587859765705,0.3802057915406765,0.11438742433118532,0.6376125756688146
1733715295.5461955,1.1334170456897141,-0.058564156846685644,0.3804753069917433,0.23588176012187262,0.5624770609949025
1733715295.6461954,1.12092756147784,-0.05786350948079118,0.33363077506012523,0.35291117683253614,0.49994946507612
1733715295.7461953,1.1194051430725849,-0.05328275443630987,0.25833462854896166,0.4266710481901395,0.486
1733715295.8461952,1.1202109875732875,-0.042796057486021825,0.15597509044070423,0.5004139493992381,0.46919535020025394
1733715295.9461951,1.1223953176406256,-0.033440456450631525,0.0850065510459127,0.5356504159832421,0.4298739600418947
1733715296.046195,1.1177875140669733,-0.026855829288841795,0.030344609555604245,0.5488205179682795,0.36933326641236697
1733715296.146195,1.1084337515230216,-0.02299950382512373,-0.011458376260850438,0.5548124482309786,0.28625062122825706
1733715296.2461948,1.091616131041041,-0.020036997830475963,-0.07906889376614071,0.562,0.20338616313264196
1733715296.3461947,1.0828943848382133,-0.017419269364967772,-0.12035226883424772,0.5667805493660403,0.14341395697355697
1733715296.4461946,1.068779261694439,-0.012534163549345124,-0.16423294573996175,0.5680000000000001,0.0
1733715296.5461946,1.0567530455902654,-0.009596419431117643,-0.18962889593945284,0.5668171360889728,0.0
1733715296.6461945,1.0474385791413223,-0.007006129635189161,-0.223161342972865,0.566708473310937,0.0
1733715296.7461944,1.042543307820814,-0.005743706681635483,-0.2544941134896844,0.5688051020000799,0.0
1733715296.8461943,1.0417544913890575,-0.0045161189526267435,-0.2814634698757913,0.5680000000000001,0.11744978479196558
1733715296.9461942,1.043704648466802,0.0003164044534071386,-0.3065587892811885,0.5700000000000001,0.19870836429046254
1733715297.046194,1.0546701526627338,0.006255871962618363,-0.310115917089987,0.5700000000000001,0.2914155841595869
1733715297.146194,1.067865991509186,0.010541722189896541,-0.28638186576527236,0.5557718424626529,0.42953010411951104
1733715297.246194,1.084234095180598,0.013563006546135785,-0.2331435524514146,0.49859974869713886,0.5408803015634334
1733715297.3461938,1.097279932888899,0.011953456187432614,-0.1413888978210858,0.4127376162064659,0.6172401038672719
1733715297.4461937,1.1083054612729173,0.008585360211103453,-0.024198737592704318,0.3296436970140111,0.6671781514929944
1733715297.5461936,1.1150503037416424,0.0021719119780305505,0.0710329364557717,0.2810556320031453,0.6839999999999999
1733715297.6461935,1.1157334504522476,-0.0056266434664864395,0.1474118065905444,0.23993056027504048,0.6856277758899838
1733715297.7461934,1.1089783021492117,-0.015032915897668078,0.20007906542829063,0.20796716879103896,0.6908065662417922
1733715297.8461933,1.0995150382287462,-0.02291398818656169,0.2338148080201248,0.18761031347212245,0.694
1733715297.9461932,1.0942098792364858,-0.028781708986658196,0.2565328170071364,0.17483583585512993,0.698
1733715298.0461931,1.089800876633115,-0.03137372295880667,0.2768770462256845,0.16726434636558732,0.6987356536344126
1733715298.146193,1.0896082993784704,-0.029736980179218674,0.2799407792988835,0.1631981937374977,0.7028018062625022
1733715298.246193,1.0925081974187398,-0.026750831253829974,0.2941907145415098,0.1572124106944078,0.712
1733715298.3461928,1.093843281748269,-0.025918492121109863,0.30705050593998917,0.15399999999999991,0.712
1733715298.4461927,1.0946895088633979,-0.027782455812288897,0.32685502808523426,0.1532415523850926,0.7167584476149073
1733715298.5461926,1.0955354551154353,-0.03039515647776774,0.3434635721955642,0.14646691232918768,0.72
1733715298.6461926,1.0942031529351437,-0.034916775902366026,0.3671905401695479,0.12920848958748893,0.730791510412511
1733715298.7461925,1.0955512470992455,-0.03666286650993319,0.38854288058896164,0.10636860704438672,0.7488156964778067
1733715298.8461924,1.0969420314232512,-0.03846555160404254,0.3966795483066161,0.10000000000000009,0.7491880027808124
1733715298.9461923,1.0933468602694414,-0.04189923211170971,0.40856464344574234,0.14183093689139342,0.748
1733715299.0461922,1.0969378640717913,-0.0435447903273375,0.4101910049457149,0.22422568956299624,0.748
1733715299.146192,1.1039836769863571,-0.04595534095660954,0.39347017093233194,0.29839332836452276,0.738
1733715299.246192,1.1117125499582963,-0.04839568311976323,0.3574015298670454,0.3255853983798094,0.7352073008100953
1733715299.346192,1.1239457976376672,-0.047014508849940205,0.31936441877636496,0.3440000000000001,0.73
1733715299.4461918,1.1401790944086394,-0.04506197890963777,0.29564029296063066,0.3440000000000001,0.73
1733715299.5461917,1.1571738381893628,-0.04262195568040509,0.27071623596340555,0.3420000000000001,0.73
1733715299.6461916,1.1704746634868806,-0.039433065310882115,0.25302483103700696,0.3440000000000001,0.73
1733715299.7461915,1.180118309505746,-0.038493036989556,0.24018408384743978,0.3507942813616922,0.732
1733715299.8461914,1.1898890053622204,-0.03582392147660801,0.2418461962350629,0.3560000000000001,0.732
1733715299.9461913,1.200156125054957,-0.03172322633714837,0.24832428099925377,0.3588204679988877,0.734
1733715300.0461912,1.2048227703472094,-0.027735852735785528,0.246275038962709,0.3620000000000001,0.7328076923076923
1733715300.1461911,1.2144614812712695,-0.02110350024389536,0.24887326439232463,0.3668130563798221,0.734813056379822
1733715300.246191,1.2202591294967768,-0.021252841037823482,0.24756047812726573,0.3759999999999999,0.742
1733715300.346191,1.2237520585031685,-0.025186682446227623,0.24326740893710577,0.37242995719278965,0.7487850214036053
1733715300.4461908,1.227797438747842,-0.030836829958711242,0.23964378326504132,0.3488902349704061,0.754
1733715300.5461907,1.2287804566929956,-0.035854872231809304,0.24217092983279023,0.28849167723975994,0.7567869032514629
1733715300.6461906,1.225112555909303,-0.036746653160268164,0.25322810158466785,0.23696468603109558,0.7627588284922261
1733715300.7461905,1.218681309510298,-0.032855963823602494,0.2726468842333113,0.19156487351205256,0.768
1733715300.8461905,1.2133573579314973,-0.030792978087067508,0.29873431294748887,0.12192671914332519,0.773614656171335
1733715300.9461904,1.2063726222752844,-0.03155447971542814,0.31776069380043825,0.0,0.7935375607471163
1733715301.0461903,1.2013947655670074,-0.03776310897672984,0.34777707881623793,0.0,0.814728937662385
1733715301.1461902,1.2069320381422404,-0.04125265270475914,0.41203497704409775,0.0,0.831173269245678
1733715301.24619,1.2086068498840774,-0.041345760053369054,0.43770958564801765,0.0,0.8360000000000001
1733715301.34619,1.2062004193347171,-0.044402840165762916,0.46351297955356613,-0.10360217550963693,0.8340000000000001
1733715301.4461899,1.1937927065701002,-0.047646596834074975,0.4779897108107199,-0.11521194422418628,0.8347880557758138
1733715301.5461898,1.1849960973739817,-0.05682019117093183,0.499212822259477,0.0,0.7712189917936694
1733715301.6461897,1.16464520630926,-0.06860316221279604,0.49623706160082887,0.2511307720941167,0.5440988970084047
1733715301.7461896,1.103936261128348,-0.078015933609401,0.43069434487397656,0.42652897863670286,0.2593993665651288
1733715301.8461895,1.0581139736619107,-0.07995240719321621,0.31109417644427345,0.5391205402136666,0.0
1733715301.9461894,1.0470097738205757,-0.07065813780802646,0.1416019415695927,0.6010948255493425,0.0
1733715302.0461893,1.0499812210365551,-0.05289736393595988,-0.025338666692462902,0.6435665777851844,-0.13313315557036914
1733715302.1461892,1.0523776243565335,-0.03479361819300005,-0.18869614088272804,0.670344022320746,-0.1743440223207461
1733715302.246189,1.0471876250626053,-0.025743980613730483,-0.2875946026071667,0.6799999999999999,-0.18799999999999994
1733715302.346189,1.0430163273659259,-0.009699713376479171,-0.40284771927346086,0.6828372166871749,-0.18600000000000005
1733715302.446189,1.0391828833818006,0.00489818518427461,-0.4683800883829503,0.694,-0.18447769983203247
1733715302.5461888,1.0313414877896256,0.020991871776862982,-0.5234765237946346,0.6803634923150055,-0.16636349231500558
1733715302.6461887,1.0207115835069949,0.03207409491985576,-0.5500545567960113,0.6734961702813834,-0.16000000000000003
1733715302.7461886,1.0129538266727565,0.03689265101624402,-0.5634362927490577,0.6960243162284394,-0.16119513675431216
1733715302.8461885,1.0083311986907073,0.03831281008222149,-0.5816378506667667,0.7232598670585219,-0.16000000000000003
1733715302.9461884,1.0134958379588404,0.041313139902258114,-0.6136094210815212,0.7467827569504989,-0.16000000000000003
1733715303.0461884,1.025116276305024,0.04319287057262114,-0.6624594922782279,0.7566470524887463,-0.15935294751125378
1733715303.1461883,1.0335792681235432,0.053985048291868974,-0.6922339667025466,0.758,-0.15118178404127056
1733715303.2461882,1.0371192765289694,0.06245383086463359,-0.7044977962256002,0.7607871467195736,-0.10370282624341093
1733715303.346188,1.0493076061448379,0.07034568628450963,-0.7193856335905067,0.7676359846055164,0.0
1733715303.446188,1.0594503470320134,0.07210664884800506,-0.6988448352390191,0.774,0.0
1733715303.5461879,1.066789854454505,0.0675048777517841,-0.6293002617160801,0.776,0.0
1733715303.6461878,1.0731593874985914,0.06054883748233377,-0.5858291335450951,0.78,0.0
1733715303.7461877,1.084348597273697,0.05408541071993479,-0.5418557719866143,0.78555373743406,0.0
1733715303.8461876,1.0927926447304979,0.05244119893425691,-0.5199834845028071,0.8027636526759245,0.0
1733715303.9461875,1.1046818343620413,0.04679114418876818,-0.500930048640682,0.806,0.0
1733715304.0461874,1.1125661122905313,0.03898693109379554,-0.48734061054825517,0.7973457158709609,0.0
1733715304.1461873,1.1160199327801528,0.03029088996801523,-0.4808577760602983,0.7752087365539577,0.0
1733715304.2461872,1.1225896121585066,0.02228860780858538,-0.46901641716761516,0.7584912150409444,0.0
1733715304.346187,1.1326589433979388,0.017788265550117515,-0.4571189184290475,0.754,0.0
1733715304.446187,1.1476666450870365,0.01348346371822843,-0.45004889228833506,0.754,0.0
1733715304.546187,1.1683748573504726,0.013870202418096798,-0.44998179665089866,0.754,0.0
1733715304.6461868,1.183073055523623,0.020029368264921767,-0.4641234647895625,0.756,0.0
1733715304.7461867,1.1962755536516765,0.030469526220545134,-0.48385180041936354,0.758,0.0
1733715304.8461866,1.2073352695856692,0.04214038214475539,-0.49281496009844644,0.758,0.0
1733715304.9461865,1.2193101968566535,0.053877549658107746,-0.4942811477772678,0.758,0.0
1733715305.0461864,1.228180708530456,0.06216068201864367,-0.4888988758508737,0.76,0.0
1733715305.1461864,1.233677855185421,0.06901480837119282,-0.4791820792720386,0.762,0.0
1733715305.2461863,1.2366628092557497,0.07480818958422664,-0.46812427922520294,0.762,0.037378347927497016
1733715305.3461862,1.2312916383152488,0.07632728909159515,-0.457768749531391,0.7592369518565008,0.1533413370044944
1733715305.446186,1.2260646851344126,0.07818433469452792,-0.4528014292242207,0.5792809191692125,0.3407251138394144
1733715305.546186,1.2039683477173,0.07977699557914006,-0.380374459014736,0.27901426790414185,0.5343363346723923
1733715305.6461859,1.1671342992989227,0.07151675035140594,-0.17306576424738027,0.0,0.6459591085424747
1733715305.7461858,1.1460415209905637,0.055586340082617605,0.011876431620668877,0.0,0.7148277678037103
1733715305.8461857,1.1401025470121398,0.03242929176446695,0.18392764461545136,-0.11869566232704769,0.7495652207756826
1733715305.9461856,1.13180534129995,0.012236636096035708,0.29146300455717167,-0.17642156960213157,0.7636143797347543
1733715306.0461855,1.1181503585495325,-0.010426471526973973,0.3800885644686669,-0.20728720267348139,0.766
1733715306.1461854,1.1045352120785636,-0.026652253512911995,0.44357573284702373,-0.22281390781563123,0.7688139078156313
1733715306.2461853,1.0847051104051282,-0.04240516025137042,0.514051936638361,-0.23478797876374666,0.7707879787637467
1733715306.3461852,1.068431672142419,-0.05288325445763581,0.5832039019985353,-0.244,0.772
1733715306.446185,1.0538098851620623,-0.06295236711103903,0.634594222973506,-0.252,0.774
1733715306.546185,1.0417540178866256,-0.07673797734434525,0.6885712869610346,-0.25279198654971946,0.774
1733715306.646185,1.0303984628708125,-0.09098670239756228,0.7403763377934283,-0.258,0.776
1733715306.7461848,1.01268067292935,-0.10581427639737227,0.7891646855188256,-0.26,0.776
1733715306.8461847,0.9942573277510269,-0.11760127651021589,0.8075305331898359,-0.25721962663672276,0.778
1733715306.9461846,0.9744370103788215,-0.12971533409743935,0.8420914555105925,-0.244,0.782
1733715307.0461845,0.9568016320530685,-0.13953146294236113,0.8646923304470835,-0.238,0.782
1733715307.1461844,0.9371725228498117,-0.14467313604495463,0.8661155079559768,-0.238,0.7811847229949925
1733715307.2461843,0.9209243475018531,-0.14715271408528016,0.8584625515400847,-0.238,0.784
1733715307.3461843,0.9013101000841639,-0.14607608525056856,0.8453393174522401,-0.23402024644399538,0.782
1733715307.4461842,0.884567649481539,-0.1435405616382195,0.8356931379721035,-0.07596538869049954,0.7776757446140564
1733715307.546184,0.8780779347749539,-0.13758221615603144,0.8087428127670735,0.12919924997532817,0.7260001973749136
1733715307.646184,0.8659336066011522,-0.1256264412872801,0.7310607362525473,0.3540000000000001,0.6559999999999999
1733715307.7461839,0.8723833978425134,-0.11092324846516452,0.5740973433350977,0.44271567256601807,0.589284327433982
1733715307.8461838,0.8830007846559289,-0.08994513732456251,0.368741629166251,0.49952031910272104,0.4013577662809525
1733715307.9461837,0.8785625079036035,-0.06953444877859385,0.19182682094546358,0.522780811421197,0.24053432005162123
1733715308.0461836,0.8664152586883346,-0.04676884715373969,0.02725761803220271,0.536,0.16999999999999993
1733715308.1461835,0.8606657864472806,-0.027983435003885546,-0.0837772235105767,0.558,0.1399999999999999
1733715308.2461834,0.8619812331528081,-0.0023405942101335383,-0.18359640242745826,0.5827686001787172,0.11923139982128299
1733715308.3461833,0.8700929725925411,0.013269027925367256,-0.21300028528368123,0.5960000000000001,0.1060000000000001
1733715308.4461832,0.8792128704165362,0.02336737359155707,-0.24458926312018706,0.6000000000000001,0.1080000000000001
1733715308.546183,0.8893943825806252,0.030951228334372007,-0.2765032599433184,0.6000000000000001,0.1060000000000001
1733715308.646183,0.8982020984325684,0.030629593607065943,-0.30033987616197755,0.5952010153704704,0.12839695388858896
1733715308.746183,0.9115220136575767,0.024175912588140964,-0.33103329368217604,0.5860000000000001,0.20562202763337348
1733715308.8461828,0.9218921111368508,0.020321246760364304,-0.33294780697885806,0.5780000000000001,0.29200000000000004
1733715308.9461827,0.9367095149755267,0.01597189309075787,-0.31128310486379795,0.5347008664114448,0.3657734837799719
1733715309.0461826,0.9446530596182292,0.014850313966294687,-0.28351378246992454,0.5027892066420664,0.42502698339483386
1733715309.1461825,0.9508225965041734,0.01647662476567802,-0.21492242077630344,0.48,0.474
1733715309.2461824,0.9529870965119096,0.017406751421042588,-0.16856997443356694,0.478,0.486
1733715309.3461823,0.9582457088298931,0.014055705971398111,-0.11151136439509604,0.46199999999999997,0.496
1733715309.4461823,0.9590778266213906,0.010602817147007025,-0.07219684814564155,0.45199999999999996,0.498
1733715309.5461822,0.9594414639265434,0.008226355852454868,-0.04340331679749802,0.43399999999999994,0.522
1733715309.646182,0.9630753232699832,0.0052504552169513235,-0.02738393431520482,0.3809198690750393,0.5630801309249607
1733715309.746182,0.9666803926093629,0.006665958806501419,-0.00781094417107678,0.2640145078994283,0.6035970984201144
1733715309.8461819,0.967914063982163,0.008531688511080408,0.04098932680436226,0.15399999999999991,0.6299999999999999
1733715309.9461818,0.9709581804843745,0.010005854153299331,0.12506349237232423,0.0,0.6419999999999999
1733715310.0461817,0.9717416508806281,0.009729568461373963,0.18343167997669355,0.0,0.6445452483227954
1733715310.1461816,0.9839980155068915,0.004458068496691998,0.26724410292390616,0.0,0.6499999999999999
1733715310.2461815,0.9936119958695961,-0.0008473263253987564,0.3074990943517609,0.0,0.6519999999999999
1733715310.3461814,1.0062118535281783,-0.009655036129084417,0.33813641518436877,0.0,0.6559999999999999
1733715310.4461813,1.0117260086095397,-0.014460802249843268,0.3497696662835812,0.0,0.6599999999999999
1733715310.5461812,1.0205474283028093,-0.020017679484179773,0.368228489350341,0.1066835319873511,0.6532194113354414
1733715310.646181,1.0203440094530578,-0.028445363500115676,0.3873015727501257,0.22999999999999998,0.6140000000000001
1733715310.746181,1.0260872719175416,-0.03933375678155997,0.38189913868952813,0.29433341838236743,0.5852221938725443
1733715310.846181,1.0377170533466995,-0.04159264146253536,0.3305817259717053,0.3182611157759076,0.5772462947413642
1733715310.9461808,1.0464265642450372,-0.037280040854919344,0.2682268950290343,0.3480000000000001,0.562
1733715311.0461807,1.0499917454296293,-0.03340228179523336,0.22429188031791664,0.3584079934244324,0.5555920065755677
1733715311.1461806,1.0495615231046167,-0.03160967534094457,0.1766673869658204,0.3600000000000001,0.548
1733715311.2461805,1.0435913243537547,-0.028528231555721796,0.13980711265243287,0.3620000000000001,0.5372933021648542
1733715311.3461804,1.0383054997544041,-0.029120874840303696,0.11746103111101396,0.3680000000000001,0.5044258176991501
1733715311.4461803,1.0306300271673974,-0.02713054853886265,0.10337221423750423,0.3740000000000001,0.494
1733715311.5461802,1.0260081561017302,-0.02537074103762157,0.08987286290237599,0.3799999999999999,0.496
1733715311.6461802,1.0256175097152493,-0.022080392410420764,0.08439926165545648,0.3779999999999999,0.488
1733715311.74618,1.0254343745101118,-0.0227490597879876,0.08006792987031007,0.3779999999999999,0.484
1733715311.84618,1.0278481163503008,-0.024319690756649148,0.06755657098954686,0.3807624569668417,0.482
1733715311.9461799,1.03179770163234,-0.02285418937549278,0.05907530039149347,0.3879999999999999,0.48
1733715312.0461798,1.0351084891287363,-0.022018794016149503,0.06135730918503365,0.3987622146029766,0.46599999999999997
1733715312.1461797,1.0382008609056395,-0.02392101174665692,0.06501903587755659,0.3979999999999999,0.44677820389900924
1733715312.2461796,1.040323289350577,-0.02565265357228151,0.05544553862825523,0.4074703509479628,0.3863241226300927
1733715312.3461795,1.0406704698858826,-0.029023426376414727,0.02946663554919662,0.44999999999999996,0.30400000000000005
1733715312.4461794,1.0389850511945293,-0.02748418357391916,-0.019346777167045342,0.46074447472597424,0.28651105054805154
1733715312.5461793,1.0386513367447112,-0.025609772121995267,-0.052498045077330954,0.47675277119942683,0.24898891520229258
1733715312.6461792,1.0377969568769045,-0.022901396651387095,-0.07824128199223511,0.502,0.19799999999999995
1733715312.746179,1.0377705829440504,-0.019932974063884983,-0.1121985080117098,0.502,0.19199999999999995
1733715312.846179,1.0367754512773615,-0.01566402460898496,-0.13371511459595822,0.4847611848010372,0.19571644559688836
1733715312.946179,1.0313076529820977,-0.010404163740068287,-0.15467171951125322,0.49,0.18721852311321707
1733715313.0461788,1.0281687808520383,-0.008999337149843798,-0.16394829761831864,0.498,0.16669572957036097
1733715313.1461787,1.0250374772052884,-0.008779639357448748,-0.176415726982011,0.496,0.17599999999999993
1733715313.2461786,1.0240534701213737,-0.007529705800935433,-0.1840190839933497,0.498,0.1767398309317252
1733715313.3461785,1.0267892253794193,-0.008798430041538933,-0.18971007342434543,0.502,0.19199999999999995
1733715313.4461784,1.0276645209852242,-0.010561796792682397,-0.19557537159407182,0.504,0.20149150654413808
1733715313.5461783,1.027252588884678,-0.0091209078276074,-0.1953689393446285,0.504,0.20799999999999996
1733715313.6461782,1.025466563423741,-0.0070737898969851715,-0.19032333031807477,0.506,0.16076823351626493
1733715313.7461782,1.0189907248932006,-0.007480932953259961,-0.19938581738456534,0.506,0.0
1733715313.846178,1.0075782356649765,-0.00927999465172388,-0.2256951927335865,0.506,0.0
1733715313.946178,0.9985781512658859,-0.009482921689482544,-0.250550619226985,0.51,0.0
1733715314.0461779,0.9899786472759287,-0.007581252171207919,-0.2590972816708064,0.504,0.0
1733715314.1461778,0.9834920215218586,-0.0011364099030278596,-0.26055794892605655,0.506790742678857,0.09637222803657125
1733715314.2461777,0.9740093543728127,0.006063137194823984,-0.2725580745565936,0.508,0.1419999999999999
1733715314.3461776,0.97331001867315,0.008430367082658277,-0.28358238253027246,0.5032044597541836,0.14320445975418347
1733715314.4461775,0.9734405383332756,0.011417642390761455,-0.27863117190409376,0.502,0.1419999999999999
1733715314.5461774,0.9776571609519035,0.008949512175201128,-0.25677573848800905,0.506,0.1419999999999999
1733715314.6461773,0.9803903663794489,0.0057892483429388495,-0.2520114498991139,0.506,0.1419999999999999
1733715314.7461772,0.9818694953621769,0.004225008338228877,-0.25467746441371997,0.506,0.1399999999999999
1733715314.846177,0.9832023061079072,0.004067136396309671,-0.25866463773739057,0.496,0.16300794150502684
1733715314.946177,0.9813498094592985,0.002972610971395492,-0.2648495260598808,0.496,0.1459999999999999
1733715315.046177,0.9762187637195732,0.002972744453140888,-0.2654925742305541,0.46399999999999997,0.16399999999999992
1733715315.1461768,0.9647549724356811,0.005630644145015245,-0.24280562154716456,0.474,0.16999999999999993
1733715315.2461767,0.9591447216261487,0.006356582752806887,-0.2308430379312678,0.474,0.17599999999999993
1733715315.3461766,0.9565621285491498,0.004810321981179592,-0.226736004949274,0.476,0.17799999999999994
1733715315.4461765,0.9549897798803404,0.0023665964342064385,-0.22104475963721876,0.4787489641773883,0.17874896417738828
1733715315.5461764,0.9554998755642051,0.0015430956698846126,-0.22241113689423506,0.484,0.18999999999999995
1733715315.6461763,0.9559808985660354,0.004428157048457699,-0.22455880422291355,0.48,0.18999999999999995
1733715315.7461762,0.9564144577616525,0.00849887869008168,-0.22058123710384533,0.478,0.19399999999999995
1733715315.8461761,0.956235710658248,0.010793251044033888,-0.22198823961226238,0.478,0.19599999999999995
1733715315.946176,0.9564067553931062,0.010113269526044445,-0.22159557934024673,0.47521709062967604,0.21199999999999997
1733715316.046176,0.9572957956869966,0.010334659513663096,-0.21003660335840152,0.474,0.21399999999999997
1733715316.1461759,0.9608005933460001,0.009420173076899801,-0.1873181138395811,0.474,0.20999999999999996
1733715316.2461758,0.9643749552144094,0.008507831653392396,-0.1766295453630257,0.4752518317344327,0.20999999999999996
1733715316.3461757,0.9678710947869608,0.007724188976002484,-0.17542102199320705,0.474,0.21399999999999997
1733715316.4461756,0.9710052161219593,0.0065098172591328395,-0.1765282173650425,0.474,0.2147017768860021
1733715316.5461755,0.9729350559489138,0.004408289335324192,-0.179268630882555,0.47,0.21999999999999997
1733715316.6461754,0.9746009304638019,0.002608186802431863,-0.17988763267775534,0.47,0.21999999999999997
1733715316.7461753,0.975990990271809,0.0026215474051440634,-0.17881270051848389,0.46399999999999997,0.22199999999999998
1733715316.8461752,0.9784321977015069,0.0041069207612554415,-0.17349899296006493,0.45924398542892597,0.230756014571074
1733715316.946175,0.9779859581887809,0.005834704171223993,-0.16853475053344222,0.4159999999999999,0.258
1733715317.046175,0.9748251622455948,0.008069371380877995,-0.1599094958395054,0.32400000000000007,0.28200000000000003
1733715317.146175,0.9549343928016256,0.011825234810576799,-0.1258891276220364,0.20599999999999996,0.31600000000000006
1733715317.2461748,0.9342484265432656,0.010918390996394625,-0.07798146008240951,0.1419999999999999,0.3460000000000001
1733715317.3461747,0.9141230470331153,0.005347661037476466,-0.012804430272521379,0.0,0.3720000000000001
1733715317.4461746,0.8940033966218923,-0.003178628549464364,0.04770746606386405,0.0,0.3879999999999999
1733715317.5461745,0.8844761096741378,-0.010773020491125131,0.08611649510463336,0.0,0.3999999999999999
1733715317.6461744,0.8759329553922764,-0.018208434331318718,0.11987068260030408,0.0,0.3999999999999999
1733715317.7461743,0.8682262234414021,-0.02469989791852191,0.15176157021114156,0.0,0.3999999999999999
1733715317.8461742,0.8619719539155739,-0.028783822276944086,0.17845202764817522,0.0,0.39876392044322206
1733715317.9461741,0.8516839569204406,-0.03236617822935156,0.20485706141149412,0.0,0.4079999999999999
1733715318.046174,0.8435454411935854,-0.034210680284658596,0.22291496737108538,0.0,0.4039999999999999
1733715318.146174,0.835556183423651,-0.03502000560902408,0.24246972410875972,0.0,0.4019999999999999
1733715318.2461739,0.8272474051032537,-0.04025459805432005,0.26036747129135807,0.0,0.3979999999999999
1733715318.3461738,0.8196151166357403,-0.04815260916589999,0.26671520329278864,0.0,0.3879999999999999
1733715318.4461737,0.8085213831142566,-0.053629116559737906,0.26974635327702917,0.0,0.3879999999999999
1733715318.5461736,0.7982223904011129,-0.054102762266685485,0.27722191742226054,0.0,0.3879999999999999
1733715318.6461735,0.7858752701727488,-0.053167390581448246,0.2890305990400215,0.0,0.3919999999999999
1733715318.7461734,0.7726074182743063,-0.05170997467505149,0.2944837415814248,0.0,0.3979999999999999
1733715318.8461733,0.7618991540751207,-0.05358494730520973,0.293158973665197,0.0,0.40673562150259585
1733715318.9461732,0.7563100175168267,-0.05589931545868167,0.2925562989321439,0.0,0.4059999999999999
1733715319.046173,0.7490232963590958,-0.060577439624296014,0.3064330355373406,0.0,0.3879999999999999
1733715319.146173,0.7444262018951482,-0.06302942288660669,0.31250541079001154,0.0,0.3859999999999999
1733715319.246173,0.7348790886137008,-0.06617734779963345,0.3030804202328943,0.0,0.3879999999999999
1733715319.3461728,0.7257644659718346,-0.06515864058821691,0.2898550392572042,0.0,0.3899999999999999
1733715319.4461727,0.7169151043051873,-0.05976972875570288,0.28654951998960015,0.0,0.3907817014750155
1733715319.5461726,0.7114285778046945,-0.05387973190164565,0.2955257963661403,0.0,0.4059999999999999
1733715319.6461725,0.7092173266964181,-0.05227852769724887,0.30075783131490486,0.0,0.4099999999999999
1733715319.7461724,0.7049925254799823,-0.05251491497601445,0.3096728989368988,0.0,0.3700000000000001
1733715319.8461723,0.6977854708571555,-0.053662925846866036,0.31814653684706357,0.0,0.3720000000000001
1733715319.9461722,0.6917197402166815,-0.055463786593667214,0.32069499625906317,0.0,0.3899999999999999
1733715320.0461721,0.6884107606126936,-0.06009706654233449,0.31950744492816385,0.0,0.4039999999999999
1733715320.146172,0.6888265996137615,-0.06355753610606682,0.3192578812965424,0.0,0.4059999999999999
1733715320.246172,0.6876431927277051,-0.06656847920350904,0.320476363159975,0.0,0.4059999999999999
1733715320.3461719,0.6835574505543089,-0.0681388343974256,0.3146153247092477,0.0,0.3979999999999999
1733715320.4461718,0.6742489799392185,-0.06631277190583307,0.31076241958918327,0.10400000000000009,0.3879999999999999
1733715320.5461717,0.669369602789561,-0.06276915405501708,0.3085449977677156,0.16423723378988195,0.3859999999999999
1733715320.6461716,0.6733323139318712,-0.057573239419590715,0.28034702172404913,0.20399999999999996,0.3600000000000001
1733715320.7461715,0.6776187914390945,-0.051605179831567836,0.24336255967377632,0.22599999999999998,0.3460000000000001
1733715320.8461714,0.6826880725457539,-0.04095415013726725,0.20135716199656298,0.272,0.30800000000000005
1733715320.9461713,0.6872833439863402,-0.03495932145148831,0.1704483300538542,0.28,0.23399999999999999
1733715321.0461712,0.6856588959436211,-0.028858579664975507,0.11818286787776298,0.268,0.21799999999999997
1733715321.146171,0.6815859346417755,-0.024240129077751756,0.08269495045008557,0.28,0.19999999999999996
1733715321.246171,0.6737862585908398,-0.020526393308635458,0.030178028286424102,0.29800000000000004,0.17599999999999993
1733715321.346171,0.6711421092413763,-0.019915485792365708,0.001686166299474097,0.29800000000000004,0.1752505956075196
1733715321.4461708,0.6701293677162302,-0.018850654923438993,-0.03161606602091607,0.29800000000000004,0.17199999999999993
1733715321.5461707,0.6701900744857912,-0.018030697577297253,-0.06204135751856212,0.31000000000000005,0.1200000000000001
1733715321.6461706,0.6692430531774017,-0.015796512023512177,-0.0929426511055609,0.30200000000000005,0.10000000000000009
1733715321.7461705,0.6648847444024234,-0.010595107354647245,-0.13136568908005075,0.30400000000000005,0.0
1733715321.8461704,0.6606133870023096,-0.004343304644623329,-0.1648183485145607,0.30400000000000005,0.09200000000000008
1733715321.9461703,0.6559346961184347,-2.3110790578715632e-05,-0.18559439616806453,0.30800000000000005,0.10200000000000009
1733715322.0461702,0.6561360106484321,0.002449821142056208,-0.1962178050781154,0.31400000000000006,0.1140000000000001
1733715322.1461701,0.658597053823821,0.0048324731642801965,-0.2030890540623039,0.31800000000000006,0.1259999999999999
1733715322.24617,0.6606382639464969,0.009302236230118815,-0.20126028022946205,0.30400000000000005,0.1439999999999999
1733715322.34617,0.6599098708029365,0.011876030337818252,-0.19195794688391385,0.32000000000000006,0.1339999999999999
1733715322.4461699,0.6589369926497914,0.013452353907587004,-0.18510697292322165,0.33471034166895675,0.16342068333791326
1733715322.5461698,0.6624703880255224,0.012785108291592549,-0.18338559923889147,0.3500000000000001,0.22199999999999998
1733715322.6461697,0.6724608413942252,0.010621667536188387,-0.17917663009551596,0.3620000000000001,0.242
1733715322.7461696,0.6877145012757246,0.007484474247019303,-0.17324584804067605,0.3360000000000001,0.246
1733715322.8461695,0.6985153845957779,0.005704391738380376,-0.16251717181866068,0.3600000000000001,0.246
1733715322.9461694,0.7115185050595548,0.004335647156678187,-0.14562871313965534,0.3680000000000001,0.246
1733715323.0461693,0.7252201617620124,0.0026866534952400623,-0.13590113972085466,0.37068764967499157,0.24868764967499143
1733715323.1461692,0.7414824108448271,0.0022589514862883147,-0.12646293417141014,0.4059999999999999,0.268
1733715323.246169,0.7591239037936753,-9.884741119114014e-05,-0.11822891573963143,0.4139999999999999,0.272
1733715323.346169,0.7728031224145944,-0.0032892885593340214,-0.11822323354302422,0.42599999999999993,0.27
1733715323.446169,0.7891691200118734,-0.007575239994665353,-0.1208961884798991,0.44544418223271065,0.25927790888364466
1733715323.5461688,0.8047773268241604,-0.012667880684638226,-0.13410025749790025,0.478,0.244
1733715323.6461687,0.8235017588939005,-0.015573751907737531,-0.16219164147332232,0.508,0.242
1733715323.7461686,0.8397032859096877,-0.014182832829910707,-0.18421878875392775,0.51,0.22599999999999998
1733715323.8461685,0.855873218952399,-0.0074661398686173665,-0.19883985552152766,0.508,0.23399999999999999
1733715323.9461684,0.8705788244792922,0.0006421708990342449,-0.20212761896013004,0.508,0.23399999999999999
1733715324.0461683,0.8840525462275561,0.0047955038318111725,-0.20161239146938228,0.502,0.24
1733715324.1461682,0.8968896927928572,0.003398221311340605,-0.20045374318863834,0.49549321388141637,0.2496329774932139
1733715324.2461681,0.9102064834647178,-0.00014371486294653132,-0.19781630708488515,0.4840058975326525,0.28664766350589754
1733715324.346168,0.9287881159931992,-0.00184932661177786,-0.17749742414663194,0.4593332369209229,0.3173259011940468
1733715324.446168,0.9415563082371845,-0.00275616612356763,-0.16200500483735247,0.4202136184625574,0.34106140003395397
1733715324.5461679,0.9588231928270975,-0.005751711174597157,-0.15198783160119206,0.38109400000419186,0.36479689887386113
1733715324.6461678,0.966273317631204,-0.006141462585274485,-0.13937818849726016,0.3419743815458263,0.38853239771376824
1733715324.7461677,0.9692997128390205,-0.006979095811558184,-0.10630685174607125,0.3028547630874608,0.41226789655367546
1733715324.8461676,0.9670054925195445,-0.007613128081524877,-0.05637521565915515,0.242,0.43999999999999995
1733715324.9461675,0.9619175506838078,-0.006949377458779972,-0.015331300145117924,0.19599999999999995,0.45999999999999996
1733715325.0461674,0.9532951039919189,-0.007994509202889322,0.050314958516567976,0.16399999999999992,0.478
1733715325.1461673,0.946107516192303,-0.012623941659155579,0.09198100755268726,0.15399999999999991,0.49
1733715325.2461672,0.9405799582284072,-0.020224714264247292,0.12423738991848703,0.17599999999999993,0.478
1733715325.346167,0.9382795617557846,-0.027180716899749782,0.14122846104273576,0.18999999999999995,0.48
1733715325.446167,0.9387130661635331,-0.03146172628733017,0.1495053316094943,0.21199999999999997,0.484
1733715325.546167,0.9412628404787252,-0.032492813437367755,0.1481576789834943,0.24,0.482
1733715325.6461668,0.9455024607014831,-0.03277290530485479,0.14513263314408364,0.252,0.482
1733715325.7461667,0.9484663515729582,-0.03152491165671347,0.14323811217788662,0.28,0.474
1733715325.8461666,0.9541360723224788,-0.029121198461241393,0.14076753067987102,0.29800000000000004,0.476
1733715325.9461665,0.9623627677506791,-0.0287910603833427,0.13403801584647326,0.3360000000000001,0.478
1733715326.0461664,0.9751271950234235,-0.03284763885530415,0.1168769106235701,0.3500000000000001,0.476
1733715326.1461663,0.9860941298421413,-0.03552880089596121,0.09905487942159079,0.3620000000000001,0.476
1733715326.2461662,0.993385982239588,-0.0344805691646657,0.09127192837818962,0.3759999999999999,0.48
1733715326.3461661,1.0023622331173703,-0.03334129560551037,0.08088107912561261,0.3799999999999999,0.482
1733715326.446166,1.0083702838973987,-0.030484391178889122,0.06567984270112547,0.3740000000000001,0.484
1733715326.546166,1.00979337179362,-0.025949281870034167,0.06058882052316348,0.3740000000000001,0.478
1733715326.6461658,1.0119951513705923,-0.021863439022183562,0.06697951070607913,0.3759999999999999,0.476
1733715326.7461658,1.0188916763898985,-0.024228321124204758,0.0690180474534273,0.3879999999999999,0.474
1733715326.8461657,1.0276826402542472,-0.027206585434783274,0.0741252505965771,0.3939999999999999,0.474
1733715326.9461656,1.0361005855027785,-0.031375977178561505,0.07563487943093525,0.3979999999999999,0.474
1733715327.0461655,1.0432067767730886,-0.03648192553182013,0.061072900073316935,0.4094456167876053,0.476
1733715327.1461654,1.0485225132469087,-0.03871635737017179,0.040718348951743276,0.4147359286680996,0.48
1733715327.2461653,1.0561465688667009,-0.03881375451262375,0.023596831652326417,0.44599999999999995,0.46799999999999997
1733715327.3461652,1.0691060142121531,-0.03842851951082708,0.006943249566415458,0.4607717490751422,0.45922825092485775
1733715327.446165,1.0788562742850438,-0.03516150669011771,-0.013731667772920276,0.47,0.44599999999999995
1733715327.546165,1.0871165786756303,-0.029556300274021095,-0.02636284475731788,0.49,0.4039999999999999
1733715327.646165,1.0919964433859382,-0.02701966311282117,-0.030174319970985426,0.49,0.4159999999999999
1733715327.7461648,1.098238913852016,-0.02613020418765427,-0.04736212680667758,0.488,0.41999999999999993
1733715327.8461647,1.1023669519548382,-0.02443229136799337,-0.05047989052740952,0.49,0.42399999999999993
1733715327.9461646,1.104980248412876,-0.025314000005582975,-0.04701556973267303,0.4927540648778534,0.42275406487785333
1733715328.0461645,1.10917652437814,-0.028007254882274374,-0.0475527491900794,0.494,0.42599999999999993
1733715328.1461644,1.1126808378292832,-0.02968718098481475,-0.054868253704737406,0.498,0.42599999999999993
1733715328.2461643,1.1152447177712985,-0.028984644746923523,-0.05941409922135416,0.508,0.42199999999999993
1733715328.3461642,1.1192592754397974,-0.028292792384918584,-0.06694970067486662,0.506,0.4252371602970335
1733715328.4461641,1.1240305166494144,-0.027565435715517155,-0.07372810094275789,0.502,0.42399999999999993
1733715328.546164,1.1305998671367683,-0.025069794684322858,-0.06981040958389019,0.502,0.42199999999999993
1733715328.646164,1.139661621383625,-0.022435230733588836,-0.060339132570933,0.504,0.4179999999999999
1733715328.7461638,1.1465803610768268,-0.022607253380075156,-0.05981128261617097,0.504,0.42399999999999993
1733715328.8461637,1.1534498151180648,-0.022750108439248316,-0.05724245082032148,0.504,0.42799999999999994
1733715328.9461637,1.1614586990374078,-0.02360842627151795,-0.06039075724498336,0.492,0.43399999999999994
1733715329.0461636,1.168583136105717,-0.027349582184636283,-0.06473958110622337,0.488,0.42399999999999993
1733715329.1461635,1.1708523696788782,-0.03007230664714084,-0.07436560753581022,0.486,0.42199999999999993
1733715329.2461634,1.1696572391915845,-0.027280884270229865,-0.08169935383402399,0.488,0.41999999999999993
1733715329.3461633,1.1688499845719946,-0.024527971654551447,-0.0834386002189476,0.498,0.42399999999999993
1733715329.4461632,1.1681073056501932,-0.019439686401112453,-0.07653981928336195,0.504,0.42999999999999994
1733715329.546163,1.1670439791054992,-0.015870154744675898,-0.06720038276261014,0.484,0.43199999999999994
1733715329.646163,1.1644745671412775,-0.014472468146659647,-0.057273493283362197,0.484,0.4179999999999999
1733715329.746163,1.158911584438591,-0.015850078887058628,-0.05007015029592034,0.494,0.3979999999999999
1733715329.8461628,1.1549902355849044,-0.018194395869261828,-0.049275352874509314,0.5,0.3979999999999999
1733715329.9461627,1.1518035489192004,-0.020928299191923114,-0.054635083184162284,0.504,0.4079999999999999
1733715330.0461626,1.1539237046879511,-0.02412776237198995,-0.05669107656563431,0.504,0.4159999999999999
1733715330.1461625,1.1587590449497027,-0.026378281542873402,-0.062105893785299335,0.5007325672029579,0.42399999999999993
1733715330.2461624,1.161092833678699,-0.027065950475954878,-0.06512753556925767,0.504,0.4159999999999999
1733715330.3461623,1.162678947004065,-0.027325129795559653,-0.06660019697927327,0.508,0.4159999999999999
1733715330.4461622,1.1658090515057684,-0.028681521299605685,-0.06650549750409875,0.512,0.42199999999999993
1733715330.5461621,1.1699892243104126,-0.027296435537385685,-0.07007625651503815,0.516,0.42399999999999993
1733715330.646162,1.175151951017636,-0.024946536807331905,-0.07359444702070954,0.488,0.43999999999999995
1733715330.746162,1.1756013476367486,-0.02286859605376332,-0.07353904365892913,0.488,0.4179999999999999
1733715330.8461618,1.1745195465214127,-0.02256746066421362,-0.06892593220349894,0.492,0.4119999999999999
1733715330.9461617,1.1755545595175096,-0.022050544962055177,-0.0726251089138339,0.5006337818293378,0.4106337818293377
1733715331.0461617,1.1776017225752666,-0.023001177709942422,-0.07573778637022313,0.508,0.41999999999999993
1733715331.1461616,1.1830427110304917,-0.02400625965369039,-0.07002227303688642,0.51,0.43199999999999994
1733715331.2461615,1.1929359688965335,-0.026548906327787322,-0.059531208616512246,0.512,0.42399999999999993
1733715331.3461614,1.1975805378336906,-0.030823390005328712,-0.0636919739405507,0.504,0.4159999999999999
1733715331.4461613,1.1971019060207384,-0.03347254443613927,-0.07094097187970615,0.504,0.41731880439435004
1733715331.5461612,1.1968415380254571,-0.03237156193560001,-0.0763297279136312,0.51,0.4159999999999999
1733715331.646161,1.1951487016455964,-0.029821241987364685,-0.07593437805115776,0.51,0.42199999999999993
1733715331.746161,1.193169463634977,-0.024908372306047567,-0.07894299670409562,0.512,0.42399999999999993
1733715331.846161,1.1918296158143933,-0.021099628188848727,-0.08091270322922461,0.504,0.42999999999999994
1733715331.9461608,1.1843616124272873,-0.020023781577625625,-0.07305171037911559,0.51,0.41999999999999993
1733715332.0461607,1.177144232421844,-0.022219130495904002,-0.0644226658898942,0.508,0.4159999999999999
1733715332.1461606,1.169953625931736,-0.025246361587436206,-0.06305520746883789,0.514,0.42399999999999993
1733715332.2461605,1.168839643401728,-0.027256433694860888,-0.0628354142449675,0.53,0.4179999999999999
1733715332.3461604,1.1728538329574514,-0.028119837689559245,-0.06679777795299854,0.542,0.3959999999999999
1733715332.4461603,1.1778972577932074,-0.029156991750282895,-0.08004193110597224,0.539347028119212,0.3873264859403939
1733715332.5461602,1.18011285403022,-0.02726610823801964,-0.0999805398466746,0.516,0.4059999999999999
1733715332.6461601,1.180327920226664,-0.022544333478002523,-0.10021632231120449,0.518,0.4019999999999999
1733715332.74616,1.1833054027081344,-0.01901509946275133,-0.09380291608212518,0.526,0.4126862419818623
1733715332.84616,1.186892308410205,-0.016399183124599055,-0.0900128465150271,0.528,0.42399999999999993
1733715332.9461598,1.1900061505835497,-0.015756259600993264,-0.08723509334269823,0.508,0.43999999999999995
1733715333.0461597,1.1894823681966897,-0.01577929757972743,-0.07927114100405423,0.504,0.44199999999999995
1733715333.1461596,1.1905805909386091,-0.017091431383501988,-0.06751622901856001,0.497264553382041,0.44273544661795894
1733715333.2461596,1.1903232424156318,-0.017794194032749993,-0.060577272555173756,0.45599999999999996,0.474
1733715333.3461595,1.1887498519153774,-0.017471682313353946,-0.04293190563573407,0.3799999999999999,0.514
1733715333.4461594,1.1817110330716754,-0.017756229212747724,-0.013753579777410851,0.32000000000000006,0.534
1733715333.5461593,1.170971276364468,-0.019178160203569185,0.03227340162511643,0.262,0.544
1733715333.6461592,1.1618633195939705,-0.02136742009666117,0.0766878860713538,0.19799999999999995,0.552
1733715333.746159,1.1495759420211837,-0.025600570758097716,0.1270542683498657,0.16199999999999992,0.5700000000000001
1733715333.846159,1.1390563201777948,-0.031786470522570824,0.15781297993666502,0.15599999999999992,0.5840000000000001
1733715333.946159,1.1307060490666065,-0.03630672234477846,0.17482452976347854,0.18864571135518607,0.571354288644814
1733715334.0461588,1.1192694696967884,-0.0405897271285873,0.19219713477708653,0.248,0.546
1733715334.1461587,1.1136797192026402,-0.04248263635785809,0.18880713979575894,0.3472381466163161,0.5192516933405263
1733715334.2461586,1.1122614364191874,-0.04372646593842743,0.15128904623062842,0.43599999999999994,0.482
1733715334.3461585,1.1169788818665904,-0.0423604831523365,0.10366616686391482,0.46399999999999997,0.478
1733715334.4461584,1.1238654088305915,-0.03925390165714364,0.05319121672997387,0.46925686063647587,0.484
1733715334.5461583,1.130857765275175,-0.03692018994488173,0.02154826972124254,0.472,0.484
1733715334.6461582,1.1342178439132733,-0.033666024065578184,0.004685133847918076,0.46199999999999997,0.494
1733715334.7461581,1.1352550950535623,-0.028559055974912664,0.013157018001665058,0.45599999999999996,0.496
1733715334.846158,1.1360221958496182,-0.02577892672113784,0.020156449641088148,0.44399999999999995,0.504
1733715334.946158,1.1346353166273284,-0.023786384958327692,0.01840873967517506,0.44999999999999996,0.502
1733715335.0461578,1.1343880745595292,-0.02304605532463531,0.02278937962591393,0.46799999999999997,0.502
1733715335.1461577,1.1364528248021708,-0.02351629629323414,0.026964910436051384,0.486,0.5
1733715335.2461576,1.1399318256153368,-0.025832591446784264,0.022272606172434498,0.488,0.5
1733715335.3461576,1.141318903005823,-0.026337739700056484,0.007517726590995828,0.484,0.488
1733715335.4461575,1.1411506248784038,-0.02549782006590439,0.013942092127408913,0.484,0.4847510789688557
1733715335.5461574,1.1419451671771328,-0.02409475509521958,0.018904160195810798,0.484,0.4946400044252683
1733715335.6461573,1.1460014577345892,-0.023255061491179455,0.009563842799638438,0.49,0.496
1733715335.7461572,1.1521892429064082,-0.02217394324386238,-0.003148637976599527,0.4873167942485705,0.4953167942485705
1733715335.846157,1.1551468086264276,-0.020531347888232174,-0.0056267902217113025,0.47,0.494
1733715335.946157,1.1567040886032407,-0.018325935660886264,0.004362442842327421,0.47,0.49868186265326087
1733715336.046157,1.1598541568115275,-0.018241488607140963,0.009573205909767313,0.47,0.504
1733715336.1461568,1.1651821308575887,-0.021315745642345597,0.0008930099661762251,0.4766833257983642,0.5013166742016357
1733715336.2461567,1.1657386241333043,-0.02390409711092929,-9.699279368533121e-05,0.504,0.498
1733715336.3461566,1.172490218865941,-0.028819347840205893,-0.007507050537359843,0.514,0.482
1733715336.4461565,1.1742245821572108,-0.027973770253599813,-0.021703006905692768,0.518,0.486
1733715336.5461564,1.1754461626688948,-0.02404595792088573,-0.031775383380522396,0.518,0.496
1733715336.6461563,1.1769355757817361,-0.015161201363861803,-0.03390359043326552,0.514,0.496
1733715336.7461562,1.1777505708756892,-0.010975562232641461,-0.02653685170157225,0.512,0.512
1733715336.8461561,1.1822149735708123,-0.011575136745867222,-0.018179634817807624,0.502,0.52
1733715336.946156,1.1887202525077616,-0.018209037891475946,0.00012583159214653745,0.49653318703241894,0.526
1733715337.046156,1.1943233185446984,-0.022582941534512197,0.015673411460178366,0.5,0.522
1733715337.1461558,1.2015945701807926,-0.029254698852124776,0.022937070307418834,0.504,0.52
1733715337.2461557,1.2058846554857618,-0.03365762497790093,0.016996555131223813,0.534,0.5085975675947332
1733715337.3461556,1.2140450270301866,-0.03555185097507194,0.0020476202319902144,0.522,0.496
1733715337.4461555,1.2164640113251217,-0.03381620645910437,-0.014776122724602055,0.514,0.502
1733715337.5461555,1.2164810977163636,-0.030018198220169868,-0.028965547116359555,0.514,0.502
1733715337.6461554,1.2159517231526904,-0.02574885215554975,-0.03586557874358089,0.522,0.502
1733715337.7461553,1.2169806380323998,-0.024461576613452145,-0.03638139662310305,0.522,0.508
1733715337.8461552,1.219270696012652,-0.023738048379812738,-0.03149439023261793,0.52,0.51
1733715337.946155,1.2176310034805056,-0.024330312602927975,-0.020116044656984085,0.508,0.512
1733715338.046155,1.2152592946355711,-0.02720617303207103,-0.015799980908553817,0.5146975243931942,0.5153024756068059
1733715338.1461549,1.2141048482731667,-0.03190197931087127,-0.020662720949657147,0.506,0.5066011157852925
1733715338.2461548,1.2135183906803921,-0.03326704030101281,-0.024759396147417775,0.514598699609883,0.5
1733715338.3461547,1.2205992571024318,-0.028649671566189076,-0.025699744390221005,0.532,0.4973401146131805
1733715338.4461546,1.2242602230481678,-0.02543936510743762,-0.027348044022111592,0.534,0.496
1733715338.5461545,1.2235847030829228,-0.02418379444468823,-0.030355059226671706,0.524,0.48
1733715338.6461544,1.2174835894167106,-0.025267191750663536,-0.031224714890387185,0.524,0.46599999999999997
1733715338.7461543,1.214780932564523,-0.028036691096194406,-0.031231401067384392,0.5168041771023475,0.46480417710234745
1733715338.8461542,1.2131437696950176,-0.03015941956803929,-0.03530253505375968,0.24465171320623622,0.0
1733715338.946154,1.155635271529365,-0.030545634464317278,-0.05232123062700328,0.0,0.0
1733715339.046154,1.088226758134825,-0.031237890753463223,-0.057551313479127786,0.0,0.0
1733715339.146154,1.0422772568677943,-0.030975270772499227,-0.05445905914921501,0.0,0.0
1733715339.2461538,1.0033376187735517,-0.029581622210558472,-0.04671764824487836,0.0,0.0
1733715339.3461537,0.9686253933922562,-0.02748682494805157,-0.02621029403909098,0.0,0.0
1733715339.4461536,0.9418544930594185,-0.028868653605289295,-0.016322290089353157,0.0,0.0
1733715339.5461535,0.9131468520678786,-0.030710343313055846,-0.017858410487110087,0.0,0.0
1733715339.6461535,0.8941910412428995,-0.030591900848781196,-0.01243827259189088,0.0,0.0
1733715339.7461534,0.878082851488329,-0.030120340218918972,-0.0003232451907561837,0.0,0.0
1733715339.8461533,0.8646556343525913,-0.030672484842478854,0.002710095028852667,0.0,0.0
1733715339.9461532,0.8416377929623975,-0.0343244199380891,-0.0006154217131698041,0.0,0.0
1733715340.046153,0.8225893198268542,-0.03874373333724858,-0.004745450217942139,0.0,0.0
1733715340.146153,0.7967139894388918,-0.04364872584176011,-0.0077901588564991495,0.0,0.0
1733715340.2461529,0.7773572446266945,-0.04516440700055261,-0.004576863134692594,0.0,0.0
1733715340.3461528,0.7564671163272323,-0.04368144467889548,0.0025259605691573582,0.0,0.0
1733715340.4461527,0.7291164170967467,-0.04125512466842015,0.007768535410613831,0.0,0.0
1733715340.5461526,0.69611845705888,-0.041558014885052036,0.001311623978928597,0.0,0.0
1733715340.6461525,0.6665743158670738,-0.04279981064270773,-0.006499826209157468,0.0,0.0
1733715340.7461524,0.6460058492691759,-0.04357302184756605,-0.006701601690562319,0.0,0.0
1733715340.8461523,0.6218414842900662,-0.04496536388605942,-0.006842410001372901,0.0,0.0
1733715340.9461522,0.6053016668107547,-0.04622327976987452,-0.013378381183209949,0.0,0.0
1733715341.046152,0.5900213090538041,-0.04543478833761042,-0.017365380947813223,0.0,0.0
1733715341.146152,0.5790894624635116,-0.043346111096827074,-0.00733368831626877,0.0,0.0
1733715341.246152,0.5699457182169628,-0.04122288860039537,0.0061251567818784,0.0,0.0
1733715341.3461518,0.5630219841589148,-0.040684657314470414,0.004137832818593758,0.0,0.0
1733715341.4461517,0.5596324251558377,-0.040168334134348664,-0.003986115288797613,0.0,0.0
1733715341.5461516,0.5555366624475432,-0.040156943995657335,-0.005763931771567371,0.0,0.0
1733715341.6461515,0.5479019341748395,-0.04232198075013242,0.0003441964572114988,0.0,0.0
1733715341.7461514,0.5372157802844943,-0.04355966698775806,-0.0069290929929652825,0.0,0.0
1733715341.8461514,0.5237043986869443,-0.04321667072498129,-0.018767369089434965,0.0,0.0
1733715341.9461513,0.5066320502833687,-0.04095761487981054,-0.01601185778228368,0.0,0.0
1733715342.0461512,0.49383741177970614,-0.0386332980984774,-0.003332893585482411,0.0,0.0
1733715342.146151,0.4808810359476546,-0.03558410823670996,0.003645469382821445,0.0,0.0
1733715342.246151,0.4700825047430516,-0.0334437034035478,0.0012709884005795051,0.0,0.0
1733715342.3461509,0.46109721002222914,-0.03253277924343965,-0.0010885735799623798,0.0,0.0
1733715342.4461508,0.4504996472770725,-0.03246228756137929,0.0006230730436545669,0.0,0.0
1733715342.5461507,0.4423894109343938,-0.0321948388505271,-0.0005524150779127254,0.0,0.0
1733715342.6461506,0.4313489466172038,-0.030669789373827517,-0.011584970997231984,0.0,0.0
1733715342.7461505,0.4279691727884601,-0.028848955686411545,-0.014626995149168761,0.0,0.0
1733715342.8461504,0.42656916771983766,-0.02762430889455634,-0.011770212325073548,0.0,0.0
1733715342.9461503,0.4251623044973426,-0.02572262903691616,-0.009401409854417547,0.0,0.0
1733715343.0461502,0.4209421665970125,-0.022341738012439046,-0.008419632789299037,0.0,0.0
1733715343.14615,0.41430887163771857,-0.02006286585487722,-0.010834846258097875,0.0,0.0
1733715343.24615,0.4059317506430055,-0.02008344017423125,-0.012667331647131302,0.0,0.0
1733715343.34615,0.3971545697256026,-0.02175114363759107,-0.01602895297433871,0.0,0.0
1733715343.4461498,0.3884851339784135,-0.021601403454025007,-0.016750750241769197,0.0,0.0
1733715343.5461497,0.3823258024872526,-0.019756255253488692,-0.013493419224185855,0.0,0.0
1733715343.6461496,0.3715505871878404,-0.014472543174615266,-0.012143392458049308,0.0,0.0
1733715343.7461495,0.3649084229437922,-0.012057263946580351,-0.017048458311096974,0.0,0.0
1733715343.8461494,0.36053899026646746,-0.009501652979534352,-0.025303203098244652,0.0,0.0
1733715343.9461493,0.35997289719755554,-0.007809241683067686,-0.027407495271472293,0.0,0.0
1733715344.0461493,0.3611531935899701,-0.006015742865771027,-0.020773141539930186,0.0,0.0
1733715344.1461492,0.3611308197617592,-0.005242661379973453,-0.0058737146748443665,0.0,0.0
1733715344.246149,0.35856153595996043,-0.00576738882247603,0.0004674171394595418,0.0,0.0
1733715344.346149,0.3522046464156393,-0.007440060882669406,0.000564283152240554,0.0,0.0
1733715344.4461489,0.3447606945535311,-0.00926601443733751,0.0005288720687659483,0.0,0.0
1733715344.5461488,0.33700333355550594,-0.00945686161008467,0.0007457682138040511,0.0,0.0
1733715344.6461487,0.32864460450492966,-0.007395420373949206,-0.006834338456237315,0.0,0.0
1733715344.7461486,0.3239454435954005,-0.0036921671000670966,-0.015627831002587828,0.0,0.0
1733715344.8461485,0.32030067037021104,-0.0002646940193845663,-0.019003849166609414,0.0,0.0
1733715344.9461484,0.31660818733516616,0.0020322431892139553,-0.015090915992771034,0.0,0.0
1733715345.0461483,0.31454670179633043,0.0033566045075375988,-0.008395700277949187,0.0,0.0
1733715345.1461482,0.3139120647693307,0.0037472420643433722,-0.006787420349730678,0.0,0.0
1733715345.246148,0.31343594655786855,0.0037584578300616555,-0.006170854233872015,0.0,0.0
1733715345.346148,0.31301125719007056,0.0028016864299008804,-0.0006474068965440214,0.0,0.0
1733715345.446148,0.3117719688547949,0.0010141968577638463,0.0050886952071140705,0.0,0.0
1733715345.5461478,0.30924695558859094,-0.0016124911463986527,0.005962694353754145,0.0,0.0
1733715345.6461477,0.3046117713641349,-0.002905287087600891,-0.0010271032896758403,0.0,0.0
1733715345.7461476,0.2972226171699717,-0.0018239741823042209,-0.013353993416341753,0.0,0.0
1733715345.8461475,0.28966974732347756,0.0016880856634685043,-0.014591844741173594,0.0,0.0
1733715345.9461474,0.2851578688777787,0.004256483194669998,-0.008724841560694535,0.0,0.0
1733715346.0461473,0.282519061070835,0.006907238161667996,-0.0013785005195150592,0.0,0.0
1733715346.1461473,0.28256871589096366,0.007311323027781452,0.0011302326539147885,0.0,0.0
1733715346.2461472,0.28374509671541376,0.005718662371097327,-0.0039471560841890276,0.0,0.0
1733715346.346147,0.28387262859212076,0.0039167639837871734,-0.010325162995327083,0.0,0.0
1733715346.446147,0.28291591246216685,0.0017415265731848659,-0.013374008909111295,0.0,0.0
1733715346.5461469,0.28157145103267156,0.0013486873057457034,-0.007825239973181785,0.0,0.0
1733715346.6461468,0.279270782449985,0.0022349473178950234,0.0041001259830278965,0.0,0.0
1733715346.7461467,0.2766533805332886,0.0027352077053740343,0.011203605903245052,0.0,0.0
1733715346.8461466,0.27230292681690993,0.003523379270280288,0.009985019258666131,0.0,0.0
1733715346.9461465,0.2664411193374888,0.0043108682438790895,0.0006437388886210984,0.0,0.0
1733715347.0461464,0.261590645301309,0.005025130838684611,-0.006608103358360296,0.0,0.0
1733715347.1461463,0.2577608569301275,0.005632393650878438,-0.010925839978372629,0.0,0.0
1733715347.2461462,0.25608060567845464,0.006017994985170965,-0.0060131531824518,0.0,0.0
1733715347.346146,0.25672298110435726,0.005366183988011519,-0.0009466563950506227,0.0,0.0
1733715347.446146,0.25756927815630426,0.003946677927105931,0.0031627165310807873,0.0,0.0
1733715347.546146,0.2568444595994273,0.002565473807713028,0.0054448137550291,0.0,0.0
1733715347.6461458,0.2535512747870834,0.0012833910392358997,0.008711288564135701,0.0,0.0
1733715347.7461457,0.25042818411836715,0.0014717116949764049,0.009078205312976739,0.0,0.0
1733715347.8461456,0.24556599232752024,0.0029695937591405755,0.004018132983814789,0.0,0.0
1733715347.9461455,0.2418328486789623,0.003949312772125523,-0.0004425385666380496,0.0,0.0
1733715348.0461454,0.23711614218379864,0.00449151668871748,-0.003552094925403729,0.0,0.0
1733715348.1461453,0.2354288884930482,0.0047668704351077505,-0.0012791391133377304,0.0,0.0
1733715348.2461452,0.23472738286329053,0.006489414916957182,0.004084744727272017,0.0,0.0
1733715348.3461452,0.2347857344015763,0.007013332249913817,0.0047098420024878655,0.0,0.0
1733715348.446145,0.23425025110246167,0.006374787371217395,0.0017924341750595052,0.0,0.0
1733715348.546145,0.23263757218326175,0.005354595330292328,-0.0009972723003926467,0.0,0.0
1733715348.6461449,0.22990486396661688,0.004114940370266692,0.0016428397853793957,0.0,0.0
1733715348.7461448,0.22666038218337808,0.003276115801501081,0.0049136926853479476,0.0,0.0
1733715348.8461447,0.22260529577104818,0.0017829644185977222,0.006082440247227044,0.0,0.0
1733715348.9461446,0.21920475759121322,0.0007573386311413573,0.0029771565311907415,0.0,0.0
1733715349.0461445,0.2159420656734893,0.00038815313363784387,-0.000826935283487744,0.0,0.0
1733715349.1461444,0.21501151753517797,0.0011320583302072548,0.00046654214090756217,0.0,0.0
1733715349.2461443,0.2146904175597296,0.0017894219215860558,0.0049301413282063136,0.0,0.0
1733715349.3461442,0.21418233009001167,0.0018629073012004494,0.008605438823550103,0.0,0.0
1733715349.446144,0.21389982629339607,0.0010550968638398898,0.00918647976564188,0.0,0.0
1733715349.546144,0.21319329178625446,-0.001169839760939273,0.004761702152607515,0.0,0.0
1733715349.646144,0.21221830642015965,-0.0033305448979001335,-0.0017286404854145836,0.0,0.0
1733715349.7461438,0.20997702576472096,-0.004011995100480124,-0.005090668894553269,0.0,0.0
1733715349.8461437,0.20676628151490895,-0.003989912216194748,-0.0038142265900357147,0.0,0.0
1733715349.9461436,0.20254518196411112,-0.0033663752038296424,0.0045071932862730405,0.0,0.0
1733715350.0461435,0.2001904778843526,-0.0025890579773707257,0.0112326848504906,0.0,0.0
1733715350.1461434,0.20015769706141842,-0.0027211566055455223,0.013006285318090378,0.0,0.0
1733715350.2461433,0.2011744830486832,-0.0037221877403099705,0.01282275373968907,0.0,0.0
1733715350.3461432,0.20259175829260592,-0.0064374802574692705,0.006637628772899473,0.0,0.0
1733715350.4461432,0.20315884170566545,-0.0084809533269066,0.00025732643149839604,0.0,0.0
1733715350.546143,0.20219723548869833,-0.010120693441477558,-0.00521013571593426,0.0,0.0
1733715350.646143,0.19910977198370805,-0.010007670493035064,-0.0052194159053483465,0.0,0.0
1733715350.7461429,0.19447291757101964,-0.007526274101552171,0.0025940071791809424,0.0,0.0
1733715350.8461428,0.19241736501842413,-0.006298869314137879,0.0055893250955209636,0.0,0.0
1733715350.9461427,0.19001234159651811,-0.003326555745761066,0.008698280461813057,0.0,0.0
1733715351.0461426,0.18976242389277556,-0.002968676090727961,0.008378578773391081,0.0,0.0
1733715351.1461425,0.190710931391372,-0.00445271555343253,0.008038576840626567,0.0,0.0
1733715351.2461424,0.19141222299233704,-0.007545388010324728,0.007421864067934909,0.0,0.0
1733715351.3461423,0.19171949450519213,-0.012139113040340228,0.004309225804102785,0.0,0.0
1733715351.4461422,0.19109789768347193,-0.015350343297517374,0.0013983907705684233,0.0,0.0
1733715351.546142,0.18890530638401792,-0.016123598606541653,0.0009760534329683116,0.0,0.0
1733715351.646142,0.18525798847373645,-0.014136377159680134,0.0027598010046619077,0.0,0.0
1733715351.746142,0.18113457287655285,-0.009963989693484297,0.005101139921185409,0.0,0.0
1733715351.8461418,0.17750936136865153,-0.005369534360270236,0.004812608966242433,0.0,0.0
1733715351.9461417,0.1757308431461892,-0.0027336130634309902,0.003000119229943035,0.0,0.0
1733715352.0461416,0.17599792722847493,-0.0019532034744722967,0.0044280493654813,0.0,0.0
1733715352.1461415,0.17796021660199957,-0.0038820473644575505,0.007618674655102828,0.0,0.0
1733715352.2461414,0.17989386227324344,-0.007789624084050547,0.012128605141019076,0.0,0.0
1733715352.3461413,0.1802724925731336,-0.014263018481775839,0.013085354731418237,0.0,0.0
1733715352.4461412,0.1781906791189554,-0.020313748743488735,0.004706492908871858,0.0,0.0
1733715352.5461411,0.1756681805056019,-0.02159686811147977,-0.0005206907683639236,0.0,0.0
1733715352.646141,0.1710777793064017,-0.01781627017779212,-0.00557844917148567,0.0,0.0
1733715352.746141,0.1681093196475532,-0.010916241316225381,0.00012923081331314863,0.0,0.0
1733715352.8461409,0.16700179512764735,-0.005059585657706435,0.008769829251191628,0.0,0.0
1733715352.9461408,0.167216801999636,-0.0019591433290245567,0.014845029916770773,0.0,0.0
1733715353.0461407,0.1673765167375668,-0.0032775848305050506,0.01446085565831589,0.0,0.0
1733715353.1461406,0.16706142211141856,-0.008313153977549356,0.00840729118394955,0.0,0.0
1733715353.2461405,0.16598951326065522,-0.013946001459458627,0.003351647729284101,0.0,0.0
1733715353.3461404,0.16430941651198783,-0.01851771307061294,0.0009191941302847193,0.0,0.0
1733715353.4461403,0.1623854472459868,-0.02079521425772342,0.0022230585660790864,0.0,0.0
1733715353.5461402,0.16148257308853756,-0.01903851829735509,0.002998349622600292,0.0,0.0
1733715353.64614,0.16100536786962866,-0.015173786540332461,0.004444393280756435,0.0,0.0
1733715353.74614,0.1603795742994359,-0.010364385088521973,0.008242604894533037,0.0,0.0
1733715353.84614,0.1589474743121765,-0.00656748049110736,0.00953284186435032,0.0,0.0
1733715353.9461398,0.1564136857470146,-0.005694581977246145,0.008472868501537598,0.0,0.0
1733715354.0461397,0.15380073158641125,-0.007840279230459697,0.004813074797591333,0.0,0.0
1733715354.1461396,0.15235592147332735,-0.011948359326047502,0.0007337525004342733,0.0,0.0
1733715354.2461395,0.1526374057787422,-0.01653446402579132,0.0013564449989673197,0.0,0.0
1733715354.3461394,0.15322331797311567,-0.017023460414847452,0.006627198837121054,0.0,0.0
1733715354.4461393,0.15295616551947525,-0.014332321419048652,0.01071031075213754,0.0,0.0
1733715354.5461392,0.1514386442138203,-0.010824371814495054,0.0104763822975349,0.0,0.0
1733715354.6461391,0.14877031917414707,-0.006471813214368007,0.005035706621686529,0.0,0.0
1733715354.746139,0.1471602998742098,-0.0049377628630693044,0.0007143884769275566,0.0,0.0
1733715354.846139,0.1460673253573858,-0.0050209517435144,-0.0017134124948696102,0.0,0.0
1733715354.9461389,0.14598728648151302,-0.006077880697400386,9.042454560451434e-05,0.0,0.0
1733715355.0461388,0.14685799196298452,-0.008109393305115476,0.0031267395700453203,0.0,0.0
1733715355.1461387,0.14725484548343698,-0.010144517330069299,0.004106336733984496,0.11652395752395762,0.0
1733715355.2461386,0.14802650951362686,-0.011678796883593728,0.0045121260928732915,0.19996606749816576,0.03538921496698462
1733715355.3461385,0.1617823299048917,-0.012391562030631218,-0.010397495625728271,0.246,0.21399999999999997
1733715355.4461384,0.18402034489667649,-0.00950020975345258,-0.03196836717428117,0.2859910385044165,0.24914029671554755
1733715355.5461383,0.22244457541954524,-0.004584012515012538,-0.046967185403675615,0.3266339453649799,0.25536605463502016
1733715355.6461382,0.2533485120720301,-0.002649547314518608,-0.06317449220035301,0.3371900732728542,0.2705950366364271
1733715355.746138,0.30457273619980496,-0.002195283121934276,-0.09286348166333369,0.36056517885631234,0.30800000000000005
1733715355.846138,0.34695138318299734,-0.0035724935438002795,-0.10081072328043288,0.4292618819541669,0.3512618819541671
1733715355.946138,0.4098123759694175,-0.004492580551489863,-0.10559282719060828,0.4033817208978597,0.39261827910214014
1733715356.0461378,0.4537226818484456,-0.0034286278178053135,-0.09779553607575607,0.32913512190781286,0.43474844278341335
1733715356.1461377,0.495108033010573,0.0017639017970163384,-0.06494165778800516,0.13055795931546654,0.4698140135615111
1733715356.2461376,0.5120024492198628,0.009010181050991183,-0.0028725348448661115,0.0,0.5535427307287528
1733715356.3461375,0.5449207974379877,0.01715810080325357,0.09444046096042424,0.0,0.6979156809001731
1733715356.4461374,0.5990060885416957,0.02360830901572522,0.20986708629535117,-0.15605038491479978,0.7463145056655999
1733715356.5461373,0.655961461076976,0.024160966308151663,0.3615171366607099,-0.256,0.75
1733715356.6461372,0.6767646727288883,0.017629289446561704,0.4681421400197603,-0.2103598857644991,0.742
1733715356.7461371,0.6969973884301215,0.000289340421388199,0.590781699637502,-0.17800000000000005,0.742
1733715356.846137,0.7149014845575784,-0.015677759520759404,0.6683887484182038,0.0,0.742
1733715356.946137,0.7473461755648036,-0.031092398441703747,0.7224514076832863,0.1463130485879025,0.725349406882368
1733715357.0461369,0.7665557433233052,-0.03698239871249824,0.7198992308995535,0.3232231909812851,0.6933553618037429
1733715357.1461368,0.7794028915826151,-0.04456053857285605,0.6896698640526367,0.3879999999999999,0.645461254612546
1733715357.2461367,0.8011072507790095,-0.05091330614692539,0.6492164133154011,0.4346142034548944,0.6126816561557445
1733715357.3461366,0.8324371336220134,-0.05523851327309837,0.5379764487114727,0.5489732121502033,0.5894474208721997
1733715357.4461365,0.8772276443201663,-0.05644451764963345,0.37237544659572996,0.5816668698028269,0.5812218836619553
1733715357.5461364,0.9103561649699663,-0.0536429291242831,0.26017252861851575,0.5940000000000001,0.554
1733715357.6461363,0.9437032347351351,-0.04572066482460785,0.15157471325619465,0.6080000000000001,0.558
1733715357.7461362,0.9704120803542277,-0.04043504072270834,0.0901377545460503,0.6160000000000001,0.5780000000000001
1733715357.846136,0.9989047831132675,-0.033875228976463626,0.0511018220674256,0.6459931506849315,0.608664383561644
1733715357.946136,1.0458014945037264,-0.02566866658668533,0.028919957168921612,0.6803330089954128,0.6240000000000001
1733715358.046136,1.088844650974921,-0.023837950381021718,0.012524536092091244,0.6854775917767988,0.6339999999999999
1733715358.1461358,1.1239007319882541,-0.024375404140406325,-0.015674612364588003,0.6735972225254929,0.6359999999999999
1733715358.2461357,1.1511933396587612,-0.025215699054349606,-0.03795979706009591,0.6299999999999999,0.6399999999999999
1733715358.3461356,1.1710858573860574,-0.025727352445073685,-0.03728695730712303,0.6120000000000001,0.6359999999999999
1733715358.4461355,1.1876445875734931,-0.02817108233000654,-0.031994772576158036,0.6191448729807052,0.6425724364903524
1733715358.5461354,1.2074594828005334,-0.029792841649971608,-0.028167293521881912,0.6033836549375711,0.6439999999999999
1733715358.6461353,1.2158524551861256,-0.02842450985041933,-0.027217405982993843,0.592650275893261,0.6346502758932608
1733715358.7461352,1.222215001889666,-0.02623938040548302,-0.013062085415577414,0.5807504467379017,0.6406247766310491
1733715358.8461351,1.230743401226384,-0.024801277997327096,-0.005324610221120169,0.5028008762242699,0.675919474265438
1733715358.946135,1.234690495435628,-0.023950253752096223,0.024998517989254808,0.3841285994959217,0.7222122288594732
1733715359.046135,1.2304900895097166,-0.02560636758414642,0.09957756284246748,0.2036153554993326,0.7690961611251669
1733715359.1461349,1.2259132859315802,-0.031054300115044432,0.17535861961765703,0.0,0.7910646298946011
1733715359.2461348,1.222905627827554,-0.04041280858912297,0.2630353553646189,0.0,0.8085938767499673
1733715359.3461347,1.226350521464058,-0.05729755954555563,0.35216040343766936,0.0,0.8200000000000001
1733715359.4461346,1.2262973703177285,-0.06834160740590105,0.39482218757399246,0.0,0.8185014168828578
1733715359.5461345,1.2228058042740328,-0.07757356888231011,0.42538235225907417,0.0,0.819472675525707
1733715359.6461344,1.220152862919691,-0.08298704244251084,0.43708394387470867,0.10031141508679314,0.8090754339652828
1733715359.7461343,1.2151391083566567,-0.08799279179090876,0.44236943875537194,0.2674111039794609,0.784
1733715359.8461342,1.2231478780561864,-0.09373037884622373,0.43502628215095834,0.4149768003866601,0.752
1733715359.946134,1.251389847924109,-0.08977564574034581,0.33826465217762114,0.4666417618453168,0.7453582381546832
1733715360.046134,1.2631423602993614,-0.0820470893793163,0.2626475042386367,0.5468195409154754,0.6883082754507147
1733715360.146134,1.2636006038925272,-0.07764086675997732,0.20255605749422717,0.5917739107507746,0.6256347856656339
1733715360.2461338,1.2589113963674328,-0.07422003288415711,0.11353973722489143,0.6038428784173854,0.5860000000000001
1733715360.3461337,1.2537836760628591,-0.07187289157104619,0.05108446041404927,0.6053552543879139,0.5740000000000001
1733715360.4461336,1.2460059414746283,-0.06744571878396502,-0.009121412611512891,0.6020000000000001,0.5740000000000001
1733715360.5461335,1.239302187446094,-0.0634882084200963,-0.02927052694911205,0.6100000000000001,0.5725809315547781
1733715360.6461334,1.2300320605207455,-0.0593340881469924,-0.0412470230986146,0.624532868427792,0.5674671315722082
1733715360.7461333,1.2318224423310318,-0.056842175324253764,-0.050756298015708044,0.6246536832876303,0.5613268416438152
1733715360.8461332,1.2350405596548888,-0.05734223150144701,-0.06494276520812134,0.6319999999999999,0.558
1733715360.9461331,1.238355584468909,-0.06015659237649479,-0.07524962637987402,0.62335280017433,0.5506471998256701
1733715361.046133,1.2429593542017827,-0.06654059553389803,-0.09075661797983382,0.6184682134758667,0.5604682134758666
1733715361.146133,1.252372955326646,-0.06937390520349025,-0.09527123317891129,0.6200000000000001,0.5856602198860446
1733715361.2461329,1.2695310360347485,-0.0714791139144664,-0.08913869658825666,0.6339999999999999,0.6169800450595431
1733715361.3461328,1.2860947094805042,-0.07252778760875182,-0.08915506578237203,0.6350953207622467,0.6259999999999999
1733715361.4461327,1.3038528674383705,-0.07244892775970235,-0.08737041909340529,0.6335011037527593,0.6299999999999999
1733715361.5461326,1.3164711373265043,-0.07156504540836071,-0.07973516008360386,0.6373735474988526,0.6200000000000001
1733715361.6461325,1.3288364147601555,-0.07115729393911699,-0.06101031580464305,0.6499883995359813,0.5950058002320093
1733715361.7461324,1.3345696208388549,-0.07405412479734129,-0.06881438714551641,0.6778729682237515,0.5208783862937473
1733715361.8461323,1.3413085729030683,-0.0779156364021187,-0.11266578370390307,0.7213356385251952,0.4266989393527331
1733715361.9461322,1.3393569565696775,-0.073832179395534,-0.1756757260103944,0.73,0.3226446976877467
1733715362.046132,1.3317520041595172,-0.06903517719224285,-0.21543401415370794,0.724616217803969,0.26553512878412366
1733715362.146132,1.3194503826100559,-0.06383909998674106,-0.2689402586471826,0.7306501934770592,0.21804941956882254
1733715362.246132,1.312868397874845,-0.059209549794521664,-0.30559088903672776,0.7418957738180871,0.16346901781860773
1733715362.3461318,1.3059338680446764,-0.054284060765568826,-0.3334023575824207,0.7502499542389944,0.12325025931236452
1733715362.4461317,1.294871596468405,-0.051404453682488194,-0.36530825503783565,0.7550483388754996,0.09605941303883578
1733715362.5461316,1.289459918768155,-0.04739374305353158,-0.387793484040184,0.7598467235120047,0.068868566765307
1733715362.6461315,1.2858813021581625,-0.044879908951606685,-0.4021089273553215,0.7646451081485097,0.041677720491778245
1733715362.7461314,1.2854445970632868,-0.04373043722981905,-0.4288335947269746,0.7694434927850148,0.01448687421824947
1733715362.8461313,1.2896083481257068,-0.04420815163850532,-0.4527733734529086,0.7714391558317044,0.0
1733715362.9461312,1.2940790083042213,-0.04512057964234373,-0.46365568913602867,0.7702387574447138,0.0
1733715363.0461311,1.2955281687395295,-0.0466328202031248,-0.46915235874260913,0.7690383590577232,0.0
1733715363.146131,1.2912627760862772,-0.04530254507686539,-0.4743489960722963,0.7678379606707326,0.0
1733715363.246131,1.2831645156052003,-0.04092132368543138,-0.4689057653810668,0.766637562283742,0.0
1733715363.3461308,1.2748820030659611,-0.03517454659811517,-0.467420163635803,0.7701272088311272,-0.011256024084892378
1733715363.4461308,1.275517505437883,-0.026919473320431084,-0.4716930615233912,0.7789295845050807,-0.03526250319567449
1733715363.5461307,1.277880206549757,-0.022487124107346577,-0.47562543072621266,0.7877319601790341,-0.0592689823064566
1733715363.6461306,1.2758665842612553,-0.020011312380788394,-0.4745312838639019,0.7965343358529876,-0.08327546141723871
1733715363.7461305,1.2748071365821323,-0.014523307800312111,-0.4925165590967789,0.805336711526941,-0.10728194052802081
1733715363.8461304,1.2818946318816176,-0.004814213176779786,-0.537456105770614,0.8096236606484797,-0.12037633935152035
1733715363.9461303,1.2891546370827416,0.0024788994170722987,-0.5731509968525986,0.8088233198505718,-0.12117668014942824
1733715364.0461302,1.29707986095673,0.015225825413959124,-0.6090913149123997,0.808022979052664,-0.12197702094733613
1733715364.14613,1.29819383866954,0.03140328076674411,-0.6539460681476471,0.807222638254756,-0.12277736174524402
1733715364.24613,1.299285232952706,0.04816906827590162,-0.6728066702942717,0.8064222974568481,-0.12357770254315191
1733715364.34613,1.2979490000791019,0.05880473486220086,-0.6783415565097772,0.7206919012843401,-0.09059395249408891
1733715364.4461298,1.2766837986297168,0.06952159170705803,-0.654905425386376,0.5400894560655107,-0.019871313547777422
1733715364.5461297,1.188178294580795,0.07366976451047327,-0.5313466596208709,0.35948701084668133,0.05085132539853407
1733715364.6461296,1.1290763166167572,0.07126580807863574,-0.43348693759640355,0.17888456562785204,0.12157396434484555
1733715364.7461295,1.0568886411864984,0.06566458566941479,-0.2856759848382317,-0.0017178795909773559,0.19229660329115705
1733715364.8461294,1.0157652730647786,0.05702246689073726,-0.19930334642819397,-0.1189407707422705,0.23972250070176845
1733715364.9461293,0.9810189697656138,0.04791103075286206,-0.1285278515726933,-0.16379299835585673,0.2605467492366478
1733715365.0461292,0.944300269994582,0.03817339543530015,-0.05083792864961421,-0.20864522596944296,0.28137099777152713
1733715365.1461291,0.9138713604388853,0.026801414552753665,0.010718308988058044,-0.2534974535830292,0.3021952463064065
1733715365.246129,0.8739697243930761,0.011307740664517152,0.08268826691784331,-0.2983496811966154,0.32301949484128584
1733715365.346129,0.835487426695444,-0.008776285626865953,0.17267065172620605,-0.32332210611950946,0.34004391368918624
1733715365.4461288,0.8057314270863947,-0.0340360503620553,0.28017305541317294,-0.326118996019018,0.3528296960869396
1733715365.5461287,0.784401204696477,-0.049438187288908766,0.3245178578687264,-0.32891588591852655,0.3656154784846929
1733715365.6461287,0.7642386777429535,-0.05805783992129993,0.3413803197667815,-0.3317127758180351,0.3784012608824462
1733715365.7461286,0.7366456292031044,-0.06620334275593881,0.3548738738926681,-0.33450966571754365,0.39118704328019954
1733715365.8461285,0.7104575170596062,-0.07673351203617805,0.37657407707692797,-0.3365609455258581,0.4006177457873377
1733715365.9461284,0.6741725457985155,-0.08961453679520774,0.4175268839317448,-0.33776173855370234,0.4062214465839442
1733715366.0461283,0.6375218724094692,-0.10080185206402277,0.45457047658706723,-0.33896253158154654,0.4118251473805507
1733715366.1461282,0.595114113428232,-0.11502254969462737,0.5107282211363484,-0.3401633246093908,0.4174288481771572
1733715366.246128,0.5495374487094704,-0.1256241974322873,0.5680721884723281,-0.34136411763723506,0.4230325489737637
1733715366.346128,0.5187716156260533,-0.13457293914119856,0.6065114753590605,-0.2821743063547165,0.4318320644748546
1733715366.446128,0.4843121512167329,-0.14162422615128445,0.6593674887903271,-0.1550068084546495,0.44422889603115046
1733715366.5461278,0.4662213518360824,-0.14183206801486412,0.6821305853335713,-0.027839310554582497,0.4566257275874463
1733715366.6461277,0.45919431420901113,-0.13698959926732204,0.6813179591838492,0.09932818734548454,0.4690225591437422
1733715366.7461276,0.45744213315144716,-0.13005598531983825,0.6770316754471819,0.22649568524555164,0.48141939070003803
1733715366.8461275,0.47872762005631836,-0.12750376946163128,0.6476365920598824,0.3088305191704759,0.4949459393583241
1733715366.9461274,0.5129346778695325,-0.13315429162715134,0.5633840738542889,0.34044063308051264,0.5097506762528983
1733715367.0461273,0.5384762447170427,-0.13979512349728013,0.48338182285761333,0.3720507469905494,0.5245554131474726
1733715367.1461272,0.5693425896020944,-0.14372957977505676,0.4046868676770114,0.40366086090058617,0.5393601500420467
1733715367.2461271,0.609965090614518,-0.13624324260509374,0.3152190151292006,0.43527097481062293,0.5541648869366209
1733715367.346127,0.6414299496654459,-0.12026271159302958,0.23826534915235056,0.45727044095903846,0.5655763706507762
1733715367.446127,0.6793886179945762,-0.0951611054153081,0.15591284702515837,0.46846580725236864,0.5731732263498217
1733715367.5461268,0.7147870192476693,-0.07213379967710362,0.11724694225610598,0.4796611735456988,0.5807700820488672
1733715367.6461267,0.7623528344783347,-0.04267723721983512,0.10159348770618327,0.490856539839029,0.5883669377479126
1733715367.7461267,0.8001114678307155,-0.025121243914518473,0.09777844423360395,0.5020519061323592,0.5959637934469582
1733715367.8461266,0.8275174678148269,-0.01520000929206046,0.0921239069111474,0.49731850568155006,0.6050596552034764
1733715367.9461265,0.8746465850866155,-0.001298542104023781,0.08609093355528039,0.47452890534181524,0.6158547290486138
1733715368.0461264,0.9070927244882033,0.008014302792258975,0.09181653359539577,0.4517393050020804,0.6266498028937514
1733715368.1461263,0.9262855827229237,0.013250910202765512,0.10760960344788345,0.42894970466234555,0.6374448767388888
1733715368.2461262,0.9442359507678982,0.01759340544307973,0.13157655159091639,0.40616010432261074,0.6482399505840264
1733715368.346126,0.9663264885545936,0.020598476228809698,0.15262062878787958,0.40089728084585735,0.6545592389875019
1733715368.446126,0.9917167217070414,0.02032574217157009,0.17868738500774625,0.4156850255945052,0.6557582453184733
1733715368.546126,1.0115988895134145,0.01750607031611659,0.1996196743064542,0.43047277034315307,0.6569572516494447
1733715368.6461258,1.0422904365955041,0.012685562271393346,0.20659206100880637,0.4452605150918009,0.6581562579804162
1733715368.7461257,1.0635495823081031,0.008592889980761137,0.1950294829894613,0.46004825984044884,0.6593552643113877
1733715368.8461256,1.0875062596628204,0.004034453405306925,0.16522352872024873,0.4713337577676981,0.6570366597620461
1733715368.9461255,1.1053031529660333,0.00199077527471751,0.1380465504369207,0.478545391153839,0.6506263189743653
1733715369.0461254,1.1253004256802843,0.003225878575715625,0.11325597703950853,0.4857570245399798,0.6442159781866845
1733715369.1461253,1.1435553261439608,0.007436588064716651,0.09307383733310473,0.4929686579261207,0.6378056373990038
1733715369.2461252,1.154851433528177,0.009895526342436685,0.07186120669557468,0.5001802913122616,0.6313952966113229
1733715369.3461251,1.1643304285370308,0.00953743205265858,0.05490034138439036,0.5043761310505215,0.6270596723736962
1733715369.446125,1.1746002089329317,0.012610794686785772,0.06246515639530916,0.5051758301838137,0.6250604245404656
1733715369.546125,1.1830731913059103,0.016680055858668462,0.07395969965906088,0.505975529317106,0.623061176707235
1733715369.6461248,1.1896490815926661,0.019805183239181245,0.06916405992710452,0.5067752284503982,0.6210619288740045
1733715369.7461247,1.1942409976300112,0.018586426347543167,0.061221038077042,0.5075749275836905,0.6190626810407739
1733715369.8461246,1.2002357223141595,0.01759554835971542,0.05608280947455337,0.4900111865890631,0.6288682414357745
1733715369.9461246,1.2071347494388476,0.016012065639776765,0.0615795061212867,0.4516112598311808,0.6520681971853284
1733715370.0461245,1.224778021525605,0.017154942241916344,0.08284075627304338,0.4132113330732984,0.6752681529348823
1733715370.1461244,1.2399570000130866,0.017281495131288457,0.1128682186335323,0.3748114063154161,0.6984681086844362
1733715370.2461243,1.2494722232850648,0.016490345385042706,0.1439441643191129,0.3364114795575337,0.7216680644339901
1733715370.3461242,1.2575645313073336,0.013290999471195022,0.17640644573487654,0.28638832364930317,0.7411217955780157
1733715370.446124,1.2597491680837898,0.007723118261952055,0.2240480135631177,0.22317629704242425,0.7563246880530878
1733715370.546124,1.2575929665478687,0.0013862445844223868,0.27118571310503203,0.15996427043554529,0.7715275805281601
1733715370.646124,1.2606623313909515,-0.0129078222349564,0.36136604538991185,0.09675224382866635,0.7867304730032322
1733715370.7461238,1.2619949794437166,-0.022940705296587455,0.4056103625063504,0.033540217221787405,0.8019333654783043
1733715370.8461237,1.26068376351332,-0.03345716607594315,0.4425334295785584,-0.01351389314578115,0.809812307039642
1733715370.9461236,1.2557523948297948,-0.03954655257856485,0.44604650864844925,-0.042303528520118885,0.8094124509927761
1733715371.0461235,1.2430165604464825,-0.045548973910788805,0.45160855046121867,-0.07109316389445662,0.8090125949459104
1733715371.1461234,1.2308365502990357,-0.054191405386438594,0.4754380492451691,-0.09988279926879436,0.8086127388990446
1733715371.2461233,1.2181226898546427,-0.06315938106647373,0.5039817275453149,-0.1286724346431321,0.8082128828521787
1733715371.3461232,1.1986866423217581,-0.0725022177950423,0.5313486743264465,-0.14106715416334878,0.8065335770816744
1733715371.4461231,1.1815806621118283,-0.07648459802008829,0.5428357893565977,-0.14,0.806
1733715371.546123,1.1637363349667575,-0.07775984306181596,0.5502676289016208,-0.11380538679226612,0.808
1733715371.646123,1.1507055044402859,-0.08032661979774819,0.5711111473502897,0.0,0.796
1733715371.7461228,1.1501111883102493,-0.08096053220966956,0.5742266360817597,0.0,0.778
1733715371.8461227,1.1474186688620154,-0.07509793312718484,0.5486744259610287,0.0,0.776
1733715371.9461226,1.1421509368497276,-0.06689486814616015,0.5133105709444905,0.0,0.774
1733715372.0461226,1.1338054697824402,-0.06358071996185057,0.4948354552579996,0.12220799506731071,0.7735584009865379
1733715372.1461225,1.1313738396990227,-0.06454040406017136,0.4813953964221701,0.19002843103552863,0.7514928922411178
1733715372.2461224,1.1336736737851894,-0.0706970801763706,0.4559800661663274,0.268,0.734
1733715372.3461223,1.138323719244165,-0.07493499036699175,0.41578431811155253,0.3726260642256795,0.694
1733715372.4461222,1.1423464430174812,-0.07702432209221353,0.3423221204001013,0.4100455872539205,0.6231361778445111
1733715372.546122,1.1305680568810255,-0.0752951560311305,0.2509228456783167,0.46448049737251124,0.5521396269706166
1733715372.646122,1.1213892481300722,-0.07146164834421767,0.16830521929052636,0.5005293977211069,0.5309412045577863
1733715372.746122,1.1183740854310456,-0.062340270066138945,0.08735692024431221,0.5330786963434022,0.47238195548489664
1733715372.8461218,1.116749840022495,-0.05209102286630113,0.02727972540846084,0.5860000000000001,0.4039999999999999
1733715372.9461217,1.1182831554110524,-0.04397766838310933,-0.02349640792328663,0.5800000000000001,0.3819999999999999
1733715373.0461216,1.1168709094962648,-0.03629980778329179,-0.07227131776722026,0.5676676337776227,0.3759999999999999
1733715373.1461215,1.113861201546798,-0.03255695701982658,-0.09086313010670069,0.5770644333260823,0.3720000000000001
1733715373.2461214,1.1157946783405814,-0.03538609150528171,-0.10233407411137432,0.5860000000000001,0.37458435998579204
1733715373.3461213,1.1223589200388258,-0.039326077881095864,-0.11252505738111633,0.5783986236559141,0.3784003440860214
1733715373.4461212,1.1236237184010298,-0.04124518036627227,-0.12360192382028168,0.5335080044715361,0.3894973318428212
1733715373.5461211,1.123139669781111,-0.04155090155830877,-0.1119253687166119,0.534,0.3879999999999999
1733715373.646121,1.125967290640517,-0.03877583593129837,-0.10091930149984693,0.5425114872489281,0.3859999999999999
1733715373.746121,1.1294194859793216,-0.03682549706709188,-0.09622032201961238,0.556,0.39930388407046263
1733715373.8461208,1.1330647948143493,-0.035277985736778754,-0.09343017983855298,0.5680000000000001,0.4027641460098315
1733715373.9461207,1.141249338604737,-0.03752731403891041,-0.08767160204674278,0.5694684910920847,0.40240547327625403
1733715374.0461206,1.1495685546792118,-0.04140333671689758,-0.08922290569963855,0.5645005756296582,0.39349942437034185
1733715374.1461205,1.1593564814378365,-0.0475258183590874,-0.09711771169122091,0.551355463499954,0.413289073000092
1733715374.2461205,1.166694253423104,-0.05461641852503524,-0.10449910202160811,0.556,0.41445744444219756
1733715374.3461204,1.1765309513683038,-0.0596437226214903,-0.10850818714108874,0.5686451437084409,0.4119999999999999
1733715374.4461203,1.1824267156455344,-0.059968790817454674,-0.1190174931197697,0.5746811952459114,0.4119999999999999
1733715374.5461202,1.1846909352140873,-0.05894366263521586,-0.12995948221004255,0.5744809264574879,0.3999999999999999
1733715374.64612,1.1849042893477748,-0.05467147090337703,-0.1385310934215404,0.5700000000000001,0.3959999999999999
1733715374.74612,1.1843515146092114,-0.050389969200661015,-0.1403167974651353,0.5725847459443243,0.3879999999999999
1733715374.8461199,1.1827462614365136,-0.044361482882320724,-0.13781319449816298,0.5740000000000001,0.3904715399149739
1733715374.9461198,1.1852541483840262,-0.04016340486267829,-0.1361316534791773,0.5720000000000001,0.3959999999999999
1733715375.0461197,1.1895020730495158,-0.038654496412013406,-0.1308554971371111,0.5840000000000001,0.3859999999999999
1733715375.1461196,1.1929766737390262,-0.0388193431790763,-0.12745614751887116,0.5700000000000001,0.38551522842639585
1733715375.2461195,1.1934097769401806,-0.04209903762238027,-0.12254205617627106,0.5505955628660837,0.3854044371339163
1733715375.3461194,1.1945841054713957,-0.047639087595163235,-0.11715350989593784,0.56,0.3799999999999999
1733715375.4461193,1.2021822224634466,-0.05102274257803228,-0.1188422610848628,0.5744771468420005,0.3839999999999999
1733715375.5461192,1.2139683933956154,-0.054805242970548874,-0.11964526260976967,0.5725093644949576,0.3899999999999999
1733715375.646119,1.2189867770126142,-0.05694890060761159,-0.12152812460563406,0.5640000000000001,0.3894866482814286
1733715375.746119,1.2220486864597062,-0.059334728648124044,-0.12040801634639249,0.5660000000000001,0.3799999999999999
1733715375.846119,1.2212597442043245,-0.06052504737005821,-0.12242698597646086,0.5680000000000001,0.3799999999999999
1733715375.9461188,1.221576588498447,-0.06281357477968222,-0.12714524806358998,0.5918326277011052,0.3793891240996315
1733715376.0461187,1.2231585600311434,-0.06390608433260925,-0.13645090325975362,0.619669360313602,0.3759999999999999
1733715376.1461186,1.2263994203442576,-0.06217442106770947,-0.15125685806835543,0.6279999999999999,0.3600000000000001
1733715376.2461185,1.2313109229097705,-0.06114620863786486,-0.16719895525622616,0.6200000000000001,0.3580000000000001
1733715376.3461185,1.2366689978215826,-0.05763929527254868,-0.18780706958644827,0.6220000000000001,0.3540000000000001
1733715376.4461184,1.2419418766830836,-0.05386147687778268,-0.20031049569582052,0.6299999999999999,0.3500000000000001
1733715376.5461183,1.2498092886631764,-0.050944994388131146,-0.20454691124558727,0.708,0.3113553640022791
1733715376.6461182,1.2608109683873427,-0.049733834043111665,-0.22581440011321827,0.6915365944426066,0.31000000000000005
1733715376.746118,1.2683070129342335,-0.04755290274154789,-0.2586714979247145,0.688,0.30400000000000005
1733715376.846118,1.2732157202746546,-0.04621390733937724,-0.2763712502831377,0.6930383954612649,0.2829616045387351
1733715376.9461179,1.27840126368022,-0.04545095557799104,-0.28318867633296096,0.7105259823065274,0.262
1733715377.0461178,1.285806613778764,-0.043085766760450686,-0.29326429317529196,0.7303950500437735,0.262
1733715377.1461177,1.2937470874130494,-0.040270064545795174,-0.31069368004331577,0.748,0.2545826598564686
1733715377.2461176,1.3018649925155457,-0.03574753159645483,-0.32803893969201625,0.7509441687594174,0.2355279156202913
1733715377.3461175,1.305975582932906,-0.030445679553271723,-0.34166438580863906,0.748,0.22199999999999998
1733715377.4461174,1.306021882396484,-0.02370908209638299,-0.36363882847478035,0.744,0.22399999999999998
1733715377.5461173,1.3006547362536547,-0.017782379666316798,-0.376144350514196,0.7490022341019708,0.22349888294901457
1733715377.6461172,1.3027791149134673,-0.01598722431356586,-0.37366871089843634,0.7624868760671882,0.20199999999999996
1733715377.746117,1.3028428885027197,-0.015187081268042076,-0.36401265430818885,0.7672811110301087,0.18135944448494562
1733715377.846117,1.3007686697649339,-0.012723680355661604,-0.36004058150758267,0.758,0.18799999999999994
1733715377.946117,1.2982145295169587,-0.014574174236937526,-0.36654574967220904,0.7487225276191493,0.19927747238085067
1733715378.0461168,1.2971832810877149,-0.01794049473955448,-0.365314583594806,0.734,0.2444484897868479
1733715378.1461167,1.2999656808864364,-0.017884294028759136,-0.34484970095924333,0.7250370515662083,0.27748147421689584
1733715378.2461166,1.3062423357232154,-0.018465361464196684,-0.32035832309055856,0.744,0.2829914601373545
1733715378.3461165,1.3126730761898822,-0.02119397158479874,-0.31949644484641093,0.748,0.23549190690196936
1733715378.4461164,1.3153333779685337,-0.021771716514663544,-0.3314976421525573,0.744,0.17169771960323135
1733715378.5461164,1.309517960641,-0.01911111745773312,-0.34685344672809515,0.75,0.0
1733715378.6461163,1.3039300190404957,-0.010303195085305887,-0.3904820971573091,0.752,0.0
1733715378.7461162,1.3006228840794218,-0.0008882744701058094,-0.4252502365551833,0.7364077561665107,0.0
1733715378.846116,1.2905216542804772,0.009581525753585568,-0.4415873921346428,0.7113754959588537,0.11837152828802355
1733715378.946116,1.2767932631507763,0.018939584227890473,-0.4324760266813777,0.708,0.171129850621714
1733715379.0461159,1.2803165283950566,0.027211909445387324,-0.42019648358061346,0.675034551468537,0.24597696568764196
1733715379.1461158,1.2840125056278944,0.03256710368457535,-0.39193274418177426,0.5965030613867686,0.3144995626590331
1733715379.2461157,1.2756659134554444,0.031239485147334736,-0.3363000603293021,0.4768684579691378,0.388377180676954
1733715379.3461156,1.2579455843833263,0.024470833987403365,-0.25211416860082864,0.3600000000000001,0.4370295550122249
1733715379.4461155,1.227634417080555,0.011638252890659043,-0.13148352395930155,0.26829313060005433,0.46170686939994565
1733715379.5461154,1.1954653362331202,0.0009734174794698478,-0.052704869762538346,0.244,0.488
1733715379.6461153,1.1700403418468146,-0.009258140727403125,0.005424761760387852,0.246,0.4963977336404956
1733715379.7461152,1.1474113780105695,-0.0204259389336728,0.04695404015920528,0.25323800703834043,0.5106190035191702
1733715379.846115,1.1295951120551364,-0.027646511371903198,0.07438579201017263,0.3089404194110077,0.514
1733715379.946115,1.1185855388554309,-0.03227754112577819,0.08879141353912334,0.3440780766484171,0.516
1733715380.046115,1.1141574192146058,-0.03291799697389532,0.0898651625696402,0.3879141350337884,0.518
1733715380.1461148,1.1116243154532195,-0.032536330642374954,0.09325988426861405,0.4226399400661464,0.514
1733715380.2461147,1.1119701307682786,-0.03259121359318882,0.08605771692155724,0.4139999999999999,0.516
1733715380.3461146,1.1087642913503177,-0.03227420729743527,0.0688865673172413,0.4139999999999999,0.5126572418123266
1733715380.4461145,1.1075468989596982,-0.03302879163521572,0.06383512885317,0.47633446705252896,0.5025993197684826
1733715380.5461144,1.110101558719063,-0.03278973977578032,0.06728804375555807,0.4944934295334295,0.498
1733715380.6461143,1.1144580633474253,-0.032187520079421675,0.059708995481938816,0.5130051711206727,0.498
1733715380.7461143,1.1179502946097242,-0.03283472712525143,0.04414557614203158,0.5330213526666004,0.496
1733715380.8461142,1.1221769587999055,-0.034687355967829334,0.02340298685502511,0.546,0.49
1733715380.946114,1.1261008278414848,-0.03645810009512284,0.007577837680741936,0.5305840459132579,0.48541595408674215
1733715381.046114,1.1291902090034245,-0.03513952688306492,-0.0005906093246929601,0.536,0.46950802308117934
1733715381.1461139,1.130883714111548,-0.032161258248079895,-0.014838499223285829,0.542,0.45999999999999996
1733715381.2461138,1.1311996637164115,-0.03143599027223183,-0.04001044715113216,0.54,0.4686000468139505
1733715381.3461137,1.1295214430072182,-0.02857242769036684,-0.04861582773235649,0.5486111410601977,0.46461114106019763
1733715381.4461136,1.1341239741356974,-0.024639676859161463,-0.04778941249210379,0.554,0.472
1733715381.5461135,1.1414164682177106,-0.021531951005845536,-0.051970299066084004,0.5800000000000001,0.46399999999999997
1733715381.6461134,1.1506820154771096,-0.019399206606313262,-0.06288105125983699,0.5773828479629388,0.46399999999999997
1733715381.7461133,1.156787960286956,-0.01790654827331423,-0.08210780443528058,0.5760000000000001,0.46399999999999997
1733715381.8461132,1.1629854105842525,-0.017531400288169022,-0.08795087943082838,0.5912645207985686,0.4633677396007157
1733715381.946113,1.1688467419965394,-0.017668161279986026,-0.08642939869180631,0.5853882052101647,0.47
1733715382.046113,1.1745985791541536,-0.016488280098266306,-0.09239697820702185,0.5820000000000001,0.46951777970511704
1733715382.146113,1.1803605147878107,-0.01609534326054129,-0.09446073336919213,0.5905916091543337,0.4514083908456663
1733715382.2461128,1.1867593031971047,-0.012222483866226796,-0.09857005059302391,0.5964874323194085,0.44999999999999996
1733715382.3461127,1.193071013362545,-0.009318785854318529,-0.10850983933669141,0.5965154359740907,0.46199999999999997
1733715382.4461126,1.1998606836162329,-0.0067211391033377916,-0.1118918591017997,0.5980000000000001,0.45999999999999996
1733715382.5461125,1.2016030892961211,-0.003887339325850397,-0.10973571869864654,0.6000000000000001,0.45999999999999996
1733715382.6461124,1.2057104964606769,-0.0023062510442177254,-0.11013774564314473,0.6000000000000001,0.45844111959287526
1733715382.7461123,1.2103760294146795,-0.003160622381178572,-0.1137507934663744,0.6105082044252987,0.45999999999999996
1733715382.8461123,1.2173254777101126,-0.005238303311329561,-0.11836588616816016,0.6440148892385908,0.45999999999999996
1733715382.9461122,1.2292900752479798,-0.0077035733387295115,-0.13087071985556611,0.6424738688531162,0.48603484152917825
1733715383.046112,1.2373347487565238,-0.0072554537362603064,-0.14568811935517376,0.5620410791203809,0.528
1733715383.146112,1.2354499856235837,-0.004699640224791558,-0.12757814577972212,0.45981002013502303,0.5593649966441628
1733715383.2461119,1.2253793338582222,-0.002900552238811056,-0.08715420682036595,0.29860145526057036,0.5894565191740414
1733715383.3461118,1.2012364357194003,-0.004242578019763283,-0.021406657638487966,0.16967734000080648,0.6273935959995159
1733715383.4461117,1.1726788821310514,-0.009256529583445748,0.08264616434717532,0.0964955402550662,0.6610029731632892
1733715383.5461116,1.1547842531931833,-0.01953001875044236,0.17355437970774937,0.0,0.6815187883214484
1733715383.6461115,1.1460643722716586,-0.02792143111582042,0.23084499950947193,0.0,0.6639999999999999
1733715383.7461114,1.1328743025429928,-0.04085614556857255,0.2741476042796142,0.0,0.6579999999999999
1733715383.8461113,1.1216640973957452,-0.047747368480344006,0.29142742821249285,0.0,0.6579999999999999
1733715383.9461112,1.1090942454265242,-0.05291546587008901,0.3005179092282388,0.0,0.6539999999999999
1733715384.046111,1.1027333229936913,-0.05325371893556494,0.31065404994211115,0.11378001707941936,0.6366254483347565
1733715384.146111,1.0912774674778984,-0.05290487053637029,0.31980085728482177,0.33274053594215236,0.5342964695874096
1733715384.246111,1.088753910159563,-0.05406488358980906,0.2935610367114127,0.4693089526705949,0.45203657099410754
1733715384.3461108,1.0950525777245494,-0.04961211203266305,0.19337757447003598,0.5258803943753031,0.3728660093744949
1733715384.4461107,1.0965204766013104,-0.03976641413975767,0.0652816648166838,0.5828937655460162,0.323553117226992
1733715384.5461106,1.0977286326344964,-0.03175138579079297,-0.02793719146714937,0.6035168026552346,0.31298879822984377
1733715384.6461105,1.0982868501659526,-0.025569702306408603,-0.08367402948623716,0.6299999999999999,0.3005417756780666
1733715384.7461104,1.098242020210502,-0.018398227212884286,-0.135416587198227,0.6120000000000001,0.31400000000000006
1733715384.8461103,1.0936989581548553,-0.01287646701313793,-0.16069557554903954,0.5906844854912243,0.32265775725438794
1733715384.9461102,1.085882583948361,-0.013273208577058654,-0.16761668761371884,0.5735055599281549,0.34649444007184527
1733715385.0461102,1.078231072793427,-0.015692911216609245,-0.1719826924358819,0.5823227438729266,0.36232274387292657
1733715385.14611,1.0784745434554714,-0.017663352766169652,-0.16958709015067305,0.6304842138352422,0.36945264150572715
1733715385.24611,1.0873827787214037,-0.018964659202058542,-0.17673544166239238,0.5894094209644387,0.4005905790355613
1733715385.3461099,1.087560043860243,-0.018621924054708423,-0.1803783773030001,0.5749735150623403,0.3899999999999999
1733715385.4461098,1.0848858333983762,-0.014948756099736326,-0.1773346885261058,0.5187146375157667,0.40540801249324276
1733715385.5461097,1.0744739487208121,-0.010988405812822557,-0.16679841094946618,0.4866104360000718,0.42599999999999993
1733715385.6461096,1.066310259354933,-0.009645375875802548,-0.12754273130599686,0.4866196686919865,0.42199999999999993
1733715385.7461095,1.06238492745094,-0.012610442900172669,-0.09928918630915341,0.39101593679371016,0.4349946877354299
1733715385.8461094,1.050224423835824,-0.013663127147742316,-0.06950402436640739,0.3223206104015111,0.4514402034671703
1733715385.9461093,1.032038217277031,-0.0144157483877312,-0.016181556052663238,0.27850854828735017,0.4534914517126498
1733715386.0461092,1.0239442917393815,-0.015340063854586476,0.012141990201195156,0.3289486278570901,0.45799999999999996
1733715386.146109,1.0259731977788347,-0.01571514376054696,0.03778040601142666,0.3978161332172243,0.4586053777390748
1733715386.246109,1.0353818506007915,-0.016151067971498928,0.03949243157234368,0.38108730050735756,0.4649126994926423
1733715386.346109,1.042831050265979,-0.01699914405309934,0.04112210541950601,0.3229071110792194,0.486
1733715386.4461088,1.0413823848197614,-0.019961380947573854,0.050205146261504394,0.2746556400926232,0.4831876355349726
1733715386.5461087,1.034162567188,-0.02243688307584425,0.07170343422029919,0.12170651052004758,0.5319082175466455
1733715386.6461086,1.018079114785222,-0.021473997875939257,0.11372022538114009,0.0,0.5572326537323249
1733715386.7461085,1.009323831348877,-0.022656923214260955,0.17508524908137718,0.0,0.562
1733715386.8461084,1.0045127250190893,-0.028267190280037317,0.21938509388753516,0.0,0.5680000000000001
1733715386.9461083,0.9988778745968244,-0.03519180439192649,0.2534083864268315,0.0,0.5784739681050657
1733715387.0461082,0.992372825816672,-0.043588139358376396,0.27805039857877584,0.0,0.5780000000000001
1733715387.1461082,0.985637325044212,-0.05344882775967347,0.2981641967488758,0.023929508066438867,0.5780000000000001
1733715387.246108,0.9780817357947417,-0.05857567664804347,0.3135981360975007,0.18503717775793607,0.571481411121032
1733715387.346108,0.9768206834436648,-0.06056533543207757,0.31547057129913547,0.2384624648417383,0.5590150140633048
1733715387.4461079,0.9810488686949346,-0.058238596915762754,0.2944839727029614,0.25875959645669294,0.55
1733715387.5461078,0.9880687867902975,-0.05228304469915867,0.25025736672780374,0.31200000000000006,0.55
1733715387.6461077,0.995675486921125,-0.04556835809669971,0.19933940082488827,0.32085012264582385,0.536
1733715387.7461076,0.9985770845206804,-0.038606782242579164,0.1718505412470553,0.33249953219866635,0.508
1733715387.8461075,0.9957568043361431,-0.03541101857906928,0.16024265490798745,0.33749512786859176,0.496
1733715387.9461074,0.9875623098945535,-0.030162606886572227,0.13038254684653838,0.3580000000000001,0.492
1733715388.0461073,0.9847044537484875,-0.027889344199122416,0.11472037168870768,0.3680000000000001,0.517817636578525
1733715388.1461072,0.984576048365442,-0.02479715297578335,0.10918035305820445,0.3635102937914626,0.522
1733715388.246107,0.979630641715772,-0.02413747674481727,0.1111476470626646,0.32377557229788473,0.5254081425673718
1733715388.346107,0.9753771259046482,-0.025983065474009467,0.11645567768386167,0.3500000000000001,0.498
1733715388.446107,0.9726783455833389,-0.027767292229007392,0.11118392224549568,0.3540000000000001,0.49648729778189654
1733715388.5461068,0.9777318945563007,-0.02984561413974914,0.09989123928777945,0.3780295248346916,0.5345073812086729
1733715388.6461067,0.9887621251643626,-0.03254531896779861,0.09612570207070606,0.41507701897515803,0.5147695664130535
1733715388.7461066,0.9981258661801913,-0.034907169462407114,0.08243043816446477,0.3954679944882875,0.46399999999999997
1733715388.8461065,1.000979617848337,-0.03517061578387623,0.05901500152313677,0.3536406869707983,0.49776948477190136
1733715388.9461064,1.004878529687823,-0.032807538347932395,0.045185043420522084,0.32104568228706165,0.5234771588564692
1733715389.0461063,1.0094262449562341,-0.028648652453156342,0.0530383518044454,0.28668070241249155,0.54
1733715389.1461062,1.0115054063719644,-0.025702958006530847,0.07379780383762359,0.19661219201020647,0.5504839725699705
1733715389.2461061,1.002686471172619,-0.025304125181668097,0.11325792755352955,0.13550201318783908,0.55
1733715389.346106,0.9962505173948364,-0.026760622886157503,0.14055754184040287,0.0,0.55
1733715389.446106,0.9803705337461395,-0.02992199812136273,0.19613538998072416,0.0,0.5544432365951876
1733715389.5461059,0.9749812976368184,-0.03479590018856981,0.23169853452942055,0.0,0.5804734245030312
1733715389.6461058,0.9752849150164585,-0.03923468830748086,0.24506314636295423,0.11501596342050383,0.55
1733715389.7461057,0.9710261874842421,-0.047007136964286544,0.2582189889430696,0.2994911987805321,0.534
1733715389.8461056,0.9887392369374691,-0.051544659133661096,0.2407907646004902,0.3620000000000001,0.5284691990774508
1733715389.9461055,1.005700179748084,-0.050462301830565444,0.19470597522692212,0.3794489351779884,0.5484829783926629
1733715390.0461054,1.0272920331562265,-0.04599440016564735,0.1462128490873762,0.43576740226573235,0.5523534804531466
1733715390.1461053,1.049525024624224,-0.040858919846676514,0.11533836784247029,0.45150168482865977,0.5744983151713402
1733715390.2461052,1.0670916770671388,-0.03641592861903291,0.09724209779743193,0.42599999999999993,0.581559383463438
1733715390.346105,1.0797960666734303,-0.032735219381475056,0.09885224898986995,0.4528198423525845,0.5683080945884493
1733715390.446105,1.0870216455016772,-0.03184193546814119,0.09813843552406847,0.478,0.5604951253761284
1733715390.546105,1.0930637560093812,-0.029639128495008875,0.08528743220765632,0.491269114642657,0.5720000000000001
1733715390.6461048,1.100591399852005,-0.02658129234636516,0.07973982889044948,0.5110314791525588,0.5760000000000001
1733715390.7461047,1.108674629953391,-0.026859570112203437,0.07293936581499676,0.5573524485902057,0.523745919016324
1733715390.8461046,1.116056674194597,-0.03181117916571973,0.03674637965563639,0.6200000000000001,0.3795012122505188
1733715390.9461045,1.117123997949728,-0.03609367734885538,-0.021614000161415455,0.6460495462251918,0.3139752268874041
1733715391.0461044,1.1240855779007313,-0.036115346759906596,-0.09868535258687211,0.7102845188284519,0.26743096234309627
1733715391.1461043,1.1357974850041073,-0.031819977810637876,-0.1777610467665176,0.7294102535337671,0.21964957744372146
1733715391.2461042,1.1466361276318802,-0.025585063948911607,-0.24316325595373114,0.7303099884256908,0.19369001157430904
1733715391.3461041,1.1591769536276064,-0.017733485066957214,-0.29987875261219527,0.79,0.1446224938595989
1733715391.446104,1.180515284205083,-0.0076573576153463555,-0.3570378871381852,0.7801908486027229,0.137809151397277
1733715391.546104,1.1921963303671677,0.0004653497557766131,-0.3891999349640344,0.76,0.18181812883603177
1733715391.6461039,1.203490327998184,0.006883315071199451,-0.3987884566460008,0.76,0.20999999999999996
1733715391.7461038,1.2186782521793986,0.009293922546426494,-0.38704134653675304,0.756,0.22543389319552107
1733715391.8461037,1.2361442539954999,0.006520159853213602,-0.3692118360619532,0.746,0.23485616910780216
1733715391.9461036,1.246210673717932,0.0029197791982434923,-0.3619354370292304,0.7090044051123007,0.28199118977539855
1733715392.0461035,1.2487749959713188,0.003915013554054121,-0.3538280556329804,0.7,0.3103379595388297
1733715392.1461034,1.253250885431151,0.005923812918686262,-0.32708225319779066,0.727503573645118,0.32000000000000006
1733715392.2461033,1.2586444002899488,0.006375716667261164,-0.3064004342799461,0.7025395576223692,0.3614604423776308
1733715392.3461032,1.2609008306020217,0.004835480518005418,-0.28474748221251667,0.6854630342513078,0.3910739314973842
1733715392.446103,1.2610734737854898,0.0034361768364318626,-0.2647221435669549,0.6884681653890455,0.3919999999999999
1733715392.546103,1.264877338505871,-6.019447854258681e-06,-0.24413969437675925,0.696,0.3879999999999999
1733715392.646103,1.2686120503456775,-0.002852763584704054,-0.23356390116108927,0.6839999999999999,0.4247597217566208
1733715392.7461028,1.2742889892987528,-0.004147817768680051,-0.22046789623835902,0.6859999999999999,0.42799999999999994
1733715392.8461027,1.2840719310121593,-0.0018262843775323722,-0.20847283273666511,0.6779999999999999,0.42399999999999993
1733715392.9461026,1.2921546337643146,-0.0011422281611532588,-0.19914624456041102,0.6364192535071117,0.4441076619905176
1733715393.0461025,1.2981679299569182,0.00048573018825004487,-0.17810798311988588,0.6279999999999999,0.5005049198539915
1733715393.1461024,1.308270771104532,-0.0022095869670439162,-0.14623861200350008,0.634490381416466,0.5150192371670679
1733715393.2461023,1.3181148680887669,-0.006419816613718145,-0.12113141739919887,0.6394158336079679,0.49316833278406386
1733715393.3461022,1.3238817165947656,-0.01101926472537043,-0.11571864914746771,0.6049962767546043,0.5205018616226978
1733715393.4461021,1.3267856639143447,-0.017456912435781954,-0.1006013540724075,0.5840853332276412,0.5244786666930897
1733715393.546102,1.3251314873242421,-0.02076763571662084,-0.08626312588597422,0.5700000000000001,0.532
1733715393.646102,1.3260618818716003,-0.023362657233246067,-0.07331276446244964,0.5760000000000001,0.560944171223984
1733715393.7461019,1.3321257076492952,-0.022907832772270407,-0.06540554188053513,0.5860000000000001,0.5660000000000001
1733715393.8461018,1.3377166755089884,-0.02021223219644347,-0.058054588450632084,0.5710584276796107,0.56
1733715393.9461017,1.3366070502492662,-0.018803054927138903,-0.05383470216170622,0.5850079766229664,0.5524960116885169
1733715394.0461016,1.3334652437640149,-0.01968718064332327,-0.059589895826290915,0.5795213310411604,0.5589573379176794
1733715394.1461015,1.3292396073599915,-0.019682300417929285,-0.05778649671938233,0.5720000000000001,0.5680000000000001
1733715394.2461014,1.3261288539051719,-0.018553915958202206,-0.04439294023495391,0.58042508944076,0.5700000000000001
1733715394.3461013,1.323085509295114,-0.01945724684402107,-0.03954301047457136,0.573911041670787,0.5760000000000001
1733715394.4461012,1.318055661940945,-0.022255465302138525,-0.037569743979885536,0.5760000000000001,0.5680000000000001
1733715394.546101,1.3155769838057554,-0.024232656340134075,-0.034546944622821256,0.5865187368586532,0.5594812631413469
1733715394.646101,1.3158778636659436,-0.02285025261755456,-0.03728626922774154,0.5860000000000001,0.5624844935600608
1733715394.746101,1.3218050002269017,-0.023432576347180403,-0.03777804029655662,0.5865078222718264,0.5814921777281737
1733715394.8461008,1.3313038175297,-0.02326695727914536,-0.031336393792964226,0.5875347380522905,0.5864652619477096
1733715394.9461007,1.334951826768363,-0.02471634922713814,-0.027218436625927548,0.562,0.5964827668313591
1733715395.0461006,1.3379488990078952,-0.026112423072440025,-0.01938818048527232,0.5595162212799527,0.6024837787200474
1733715395.1461005,1.3407564555346478,-0.026319196474795224,-0.01139395764331288,0.5660000000000001,0.6094923012401894
1733715395.2461004,1.345106617750493,-0.029016586903513577,-0.007252133047871081,0.5860000000000001,0.6044788407384232
1733715395.3461003,1.353597667914522,-0.029269686579537553,-0.00713035275727824,0.5710232216867949,0.6060000000000001
1733715395.4461002,1.353242365085299,-0.027168978293663174,-0.003829852413408235,0.5344570674232573,0.6000000000000001
1733715395.5461001,1.345831038705076,-0.025644001346746118,0.007326875580587138,0.51,0.6040000000000001
1733715395.6461,1.3363023734450148,-0.02557197247266782,0.018530077641095058,0.526,0.5924557340455217
1733715395.7461,1.3299589114277006,-0.028826242999224705,0.01667100203660956,0.5375057790198623,0.5960000000000001
1733715395.8460999,1.3248519744130445,-0.03063418462837922,0.01866628714292337,0.54,0.6040000000000001
1733715395.9460998,1.3218735893602702,-0.02999726894120704,0.0279223105651603,0.5389977004265021,0.6054988502132511
1733715396.0460997,1.3178179595903141,-0.0318980900655879,0.03185003825666233,0.5395285199551084,0.6040000000000001
1733715396.1460996,1.316550839441932,-0.03300976400232518,0.024289049057269765,0.514,0.6140000000000001
1733715396.2460995,1.3145992506512463,-0.032127164002619765,0.02239831925275957,0.5175532940546331,0.6180000000000001
1733715396.3460994,1.3105277670080495,-0.0336276376286154,0.034222130894899866,0.528,0.6180000000000001
1733715396.4460993,1.3079884820184897,-0.03264554219179622,0.04415328878033886,0.47998855707507676,0.6439999999999999
1733715396.5460992,1.3072771060967523,-0.03113560933463892,0.054747993746535814,0.34034526016805405,0.6650206319775928
1733715396.646099,1.299291215016551,-0.033160270093642995,0.08797992163297733,0.16488456105808322,0.6925192398236527
1733715396.746099,1.279958980359898,-0.03701701567126896,0.15481374867038256,0.0,0.7169811126101103
1733715396.846099,1.2618552013092978,-0.04374896342875204,0.23453598015182425,0.0,0.7614528494262099
1733715396.9460988,1.2578557610762475,-0.050966102002889924,0.28919320146567445,0.0,0.7811873498654434
1733715397.0460987,1.256536120637924,-0.059822815156797146,0.34280550814359007,0.0,0.78
1733715397.1460986,1.2531426328793014,-0.06716903768806613,0.3790516155946672,0.0,0.77
1733715397.2460985,1.2465191537138942,-0.07222519079496291,0.40650743597450373,0.0,0.7695204834374179
1733715397.3460984,1.240156396678954,-0.07633919972840547,0.4089373340804075,0.0,0.77
1733715397.4460983,1.234715234966513,-0.074184146306023,0.4066093747393854,0.0,0.7675123524400633
1733715397.5460982,1.2271610921602394,-0.0699921710637036,0.4002128639818338,0.0,0.7714830791088659
1733715397.6460981,1.2206330583525271,-0.06700581584828864,0.39818184727343925,0.0,0.77
1733715397.746098,1.2096149173297746,-0.062303538660673854,0.4019747573077478,0.0,0.77
1733715397.846098,1.1993146213579142,-0.060121281782217505,0.4093326739685934,0.0,0.77
1733715397.9460979,1.1864220157113377,-0.058671760033614136,0.4108666085417776,0.0,0.7675209479475243
1733715398.0460978,1.1690343091922848,-0.06002406033337295,0.4157625293165098,0.0,0.6927516802474275
1733715398.1460977,1.1390339716786322,-0.06553545706770411,0.40909210639781773,0.1963268206039076,0.5370799289520427
1733715398.2460976,1.0821805983544341,-0.07352091266053143,0.3590531126092376,0.3634362269682456,0.3842818865158771
1733715398.3460975,1.0647145872739163,-0.07488862826393516,0.29012350926329405,0.5179406768130309,0.27605932318696913
1733715398.4460974,1.0632811735621932,-0.06366606671332174,0.10127270172825298,0.5646031084968444,0.23304280623416768
1733715398.5460973,1.0763969566698819,-0.05291539315964189,-0.010243522015238964,0.7399685484957558,0.0
1733715398.6460972,1.1037693562980835,-0.0390462560320666,-0.16201330120955112,0.7582712896802155,0.0
1733715398.746097,1.1307122588533614,-0.02284943511807715,-0.28638388191821634,0.7995002866915792,0.0
1733715398.846097,1.1487855735464694,-0.007593893346186921,-0.3744230371790352,0.804,0.0
1733715398.946097,1.162049606116718,0.004810690730268144,-0.4255346730057596,0.808,0.0
1733715399.0460968,1.170629688712608,0.011389383870984204,-0.46082728732244743,0.8126787162453628,0.0
1733715399.1460967,1.176761480283232,0.014824990436824968,-0.4865380552694571,0.8175152747125102,0.0
1733715399.2460966,1.1815636634947824,0.015517098894029711,-0.502571121927361,0.81,0.0
1733715399.3460965,1.178656337884968,0.013295805687837057,-0.5125001729508042,0.802,0.0
1733715399.4460964,1.1720203056065217,0.009711696923500277,-0.518527536536654,0.804,0.0
1733715399.5460963,1.1640049349209698,0.007353974528104505,-0.5217645431722527,0.8200000000000001,0.0
1733715399.6460962,1.1661959984002686,0.009819829608775367,-0.5268011277877962,0.8180000000000001,0.0
1733715399.7460961,1.1709968317516277,0.012604830991584591,-0.5372791177503662,0.8099659726353362,0.0
1733715399.846096,1.1789721883206028,0.02005054641829771,-0.5428875750208524,0.8,0.0
1733715399.946096,1.1838319523275769,0.027693831720585295,-0.5397395270770766,0.788,0.0
1733715400.0460958,1.183774687219955,0.029942155447406135,-0.5308897016616686,0.7875102546180729,0.0
1733715400.1460958,1.190372672597729,0.02995229126818382,-0.5279053533401205,0.788,0.0
1733715400.2460957,1.1986488377930247,0.028914569223381436,-0.5210466823530032,0.789111091767351,0.0
1733715400.3460956,1.209252690567355,0.02530636630246904,-0.5082495943611937,0.7896820990596616,0.0
1733715400.4460955,1.216555512498185,0.02564278346151867,-0.5040264259336666,0.7932806954157547,0.0
1733715400.5460954,1.2239984183965895,0.027041626673393333,-0.5095877311262063,0.7968792917718478,0.0
1733715400.6460953,1.2292150469183534,0.028207821638434428,-0.5072041333084384,0.800477888127941,0.0
1733715400.7460952,1.2341491736409964,0.0282769167267014,-0.5090300833323659,0.8040764844840341,0.0
1733715400.846095,1.2367897160100616,0.030739092856983254,-0.5161761006112667,0.80655880695953,0.0
1733715400.946095,1.2365678775788198,0.03278000573044577,-0.5190606416127489,0.807759298685154,0.0
1733715401.046095,1.237016919433341,0.03456252381715676,-0.5218414828296953,0.8089597904107779,0.0
1733715401.1460948,1.2414150080487707,0.04010898124584753,-0.5242882252449972,0.8101602821364019,0.0
1733715401.2460947,1.24523374489582,0.04700006374668981,-0.5181092271961131,0.8113607738620259,0.0
1733715401.3460946,1.2510371045706798,0.05418372990361656,-0.5117303561250565,0.7976077770697875,0.0
1733715401.4460945,1.2552634579024897,0.05580711036453564,-0.5161652918118013,0.7668242319509729,0.0
1733715401.5460944,1.2651953103099742,0.058114162288007656,-0.5308757289049383,0.7360406868321585,0.0
1733715401.6460943,1.2695100552586251,0.06015310287985883,-0.52843912202623,0.705257141713344,0.0
1733715401.7460942,1.2722581930664396,0.061323927210932015,-0.523481017119767,0.6744735965945294,0.0
1733715401.8460941,1.2516848949699078,0.06644945046913035,-0.5073569924606781,0.5761680650466062,0.0572823544673756
1733715401.946094,1.1757132858941144,0.0727640284266416,-0.42867952903805384,0.4001312989099122,0.18050809076306143
1733715402.046094,1.1243718681702535,0.0745008167131041,-0.29078365961125063,0.22409453277321822,0.3037338270587473
1733715402.1460938,1.0915039991149569,0.06387091968555846,-0.11122869211336317,0.04805776663652417,0.42695956335443314
1733715402.2460938,1.0726782788098226,0.049127756920229755,0.015062907716516048,-0.12797899950016978,0.550185299650119
1733715402.3460937,1.0487533231583352,0.027038888271360115,0.14342000157315343,-0.22721364995059404,0.6150689910802511
1733715402.4460936,1.030783807955729,0.0037680363188315152,0.23401887921734726,-0.2384041091256626,0.6130706947989889
1733715402.5460935,1.0040018049426445,-0.02136705187868864,0.32102125085890254,-0.24959456830073112,0.6110723985177267
1733715402.6460934,0.9623655315763632,-0.04200833521869688,0.409568345299871,-0.2607850274757997,0.6090741022364644
1733715402.7460933,0.9443033997023645,-0.05049462654335111,0.449099294965701,-0.27197548665086824,0.6070758059552022
1733715402.8460932,0.9177333153737893,-0.06165331241664252,0.5062324153149571,-0.279479460899348,0.6087739891862775
1733715402.946093,0.9045061796918225,-0.07403437427467281,0.5358001010248901,-0.2826842654701085,0.6147829977564535
1733715403.046093,0.8955153755069002,-0.08910965059737255,0.5472601291624332,-0.28588907004086905,0.6207920063266295
1733715403.146093,0.8819889585977505,-0.10171623734456708,0.5616379005591605,-0.2890938746116296,0.6268010148968054
1733715403.2460928,0.8653242279894581,-0.11994610246095042,0.570750234408734,-0.29229867918239016,0.6328100234669813
1733715403.3460927,0.8513559106228301,-0.13233189379269505,0.5807288098950153,-0.29343713197206006,0.6380638494357798
1733715403.4460926,0.8358631083271706,-0.14060897547723575,0.5908174449427775,-0.29223733049439404,0.6424631215205551
1733715403.5460925,0.8159927268092659,-0.14198536277665427,0.6075899346306578,-0.2910375290167281,0.6468623936053305
1733715403.6460924,0.8016722010381232,-0.14082994916730798,0.6192140853861327,-0.28983772753906206,0.6512616656901058
1733715403.7460923,0.7800279180035454,-0.13840387507060456,0.6317306549492608,-0.28863792606139604,0.6556609377748811
1733715403.8460922,0.7615032965843712,-0.13258624263509977,0.6349604809985594,-0.20074776799757502,0.6486381725319286
1733715403.9460921,0.753227482367756,-0.12984324091532912,0.6322147562661202,-0.01443358899126651,0.6286473807930543
1733715404.046092,0.7410457644754598,-0.12159946780149965,0.6008994124263559,0.17188059001504197,0.60865658905418
1733715404.146092,0.7374812415469115,-0.11017668052427004,0.5515265368533473,0.3581947690213505,0.5886657973153058
1733715404.2460918,0.7873981870672045,-0.09215760909298497,0.4193188701301302,0.544508948027659,0.5686750055764315
1733715404.3460917,0.8409654491931187,-0.07623911761864205,0.2918364343579626,0.6577950496602918,0.5291049635493887
1733715404.4460917,0.9024266645852028,-0.055198770584598565,0.11234853594240264,0.6873979151595152,0.4670989614902046
1733715404.5460916,0.9597011744120795,-0.03518486416247917,-0.033288741162130576,0.7170007806587386,0.40509295943102047
1733715404.6460915,0.9868664395991728,-0.02090417876744385,-0.11278817371765643,0.746603646157962,0.3430869573718363
1733715404.7460914,1.031139546151783,-0.001491368079125123,-0.251686851797866,0.7762065116571855,0.28108095531265215
1733715404.8460913,1.0567969560076718,0.0054861602747656515,-0.3280149617074587,0.792,0.22486609649664385
1733715404.9460912,1.0714382277287315,0.004541897807517825,-0.364869127397649,0.792,0.17527444394596814
1733715405.046091,1.0784237509693124,0.0027025127965948363,-0.37767264945276785,0.792,0.1256827913952924
1733715405.146091,1.0866065817115953,0.003691581028974898,-0.39537849764304245,0.792,0.07609113884461666
1733715405.246091,1.0930218721979528,0.009119069684884113,-0.4422301882536521,0.792,0.026499486293940944
1733715405.3460908,1.0975978537673226,0.015413741386237334,-0.47955978949536965,0.7923725116585129,0.0
1733715405.4460907,1.1006563350237168,0.02135286591760973,-0.5035495429857535,0.7931725002145739,0.0
1733715405.5460906,1.1048437498861219,0.0244829907648784,-0.5137659374210569,0.7939724887706349,0.0
1733715405.6460905,1.1086800136871622,0.026361807166041834,-0.5182457700036757,0.7947724773266959,0.0
1733715405.7460904,1.1192531125209593,0.03039289427489027,-0.5280725859814406,0.7955724658827569,0.0
1733715405.8460903,1.124186656535106,0.03543873730347739,-0.536976654233303,0.7923451779499927,0.0
1733715405.9460902,1.1311800867011057,0.039889397282829184,-0.5364820978143114,0.7844950478140079,0.0
1733715406.0460901,1.139726359463969,0.045701479767010195,-0.5371082883587376,0.778,0.0
1733715406.14609,1.1477766420366988,0.05131423577647681,-0.5339853450563153,0.7065174362508614,0.1604793935217091
1733715406.24609,1.1250052023712243,0.05701150452438888,-0.5203136005258934,0.4953774414642843,0.3350905273166674
1733715406.3460898,1.099144030488444,0.06388673429947035,-0.4334758647476299,0.18184934721135906,0.4314500932555201
1733715406.4460897,1.0599409507459614,0.06104402136982014,-0.2685474951384703,0.0,0.46199999999999997
1733715406.5460896,1.031780173314751,0.051456129098072886,-0.11531524394940373,0.0,0.46199999999999997
1733715406.6460896,1.0032028003283406,0.03611556326126,-0.009167094531124229,0.0,0.4684387003552148
1733715406.7460895,0.978553151060151,0.020617160991236776,0.05145686379632006,0.0,0.4729260912410875
1733715406.8460894,0.954515781000821,0.0066480597642715,0.11194400541923959,0.0,0.484
1733715406.9460893,0.9368818358155575,-0.0038288942050649856,0.1534468285537569,0.0,0.48446258749698284
1733715407.0460892,0.9268268985955086,-0.00841418633677863,0.18230344353671105,-0.10799999999999998,0.500659273797841
1733715407.146089,0.9158283779934351,-0.011060008679295309,0.22545815738333577,0.0,0.4706734031477739
1733715407.246089,0.9113641459302849,-0.013674487733776565,0.25750844173096343,0.0,0.43111935341895724
1733715407.346089,0.8994082264815801,-0.018822554960253885,0.27613797674734714,0.0,0.3895408121578559
1733715407.4460888,0.886332511878914,-0.025124139178873836,0.2729109515747914,0.0,0.3779999999999999
1733715407.5460887,0.8707972506035092,-0.03223415198277932,0.2612882696155367,0.0,0.3740000000000001
1733715407.6460886,0.8488386795840116,-0.041236520625882234,0.2575569294652666,0.0,0.3540000000000001
1733715407.7460885,0.827243487490608,-0.04610315163297609,0.24753674253289143,0.0,0.33707469395946227
1733715407.8460884,0.8093371378247143,-0.04665622761601978,0.24110194901597023,0.0,0.3389046390729792
1733715407.9460883,0.7886475839501261,-0.04673700532805506,0.23597990258102564,0.0,0.3355539379934528
1733715408.0460882,0.7695369736943474,-0.04639442602705484,0.23253463905177715,0.0,0.3022569069545888
1733715408.1460881,0.7459869056662656,-0.04352922943731913,0.22384498602515981,0.0,0.22599999999999998
1733715408.246088,0.7203858154064254,-0.04383710928431929,0.21318818982130797,0.0,0.1906467590946794
1733715408.346088,0.6891933985653025,-0.04665327314713817,0.18848269732148443,0.0,0.13291993543179972
1733715408.4460878,0.6669489980373664,-0.0481418912313195,0.1643531938481407,0.0,0.17483167435461675
1733715408.5460877,0.6443460563200792,-0.05147673565747168,0.14507305880543214,0.0,0.18599999999999994
1733715408.6460876,0.6326877824617331,-0.04993451093139078,0.14543446138821256,0.0,0.18199999999999994
1733715408.7460876,0.624982480244692,-0.05032658202841086,0.14434536072843204,0.0,0.19044180744962338
1733715408.8460875,0.6191477198861747,-0.049615461298189306,0.1415040598103687,0.0,0.22735718880669023
1733715408.9460874,0.6159764490974765,-0.04699086560836334,0.14723623849580117,0.0,0.238
1733715409.0460873,0.6102853544776812,-0.04640896637873349,0.1573218831446496,0.11620298681795435,0.2370338311363257
1733715409.1460872,0.6029340264959158,-0.04722793439278602,0.1625024575107716,0.25988603512125197,0.289886035121252
1733715409.246087,0.6132208249063685,-0.04833998377988703,0.15722919051844503,0.30803818947856676,0.3548152757914268
1733715409.346087,0.6382196731394516,-0.049075023086643445,0.13454055863937042,0.3819999999999999,0.37554876086256833
1733715409.446087,0.6699452595841173,-0.04816667790796622,0.0889900445697743,0.39018998802596466,0.3713139928155789
1733715409.5460868,0.7008521023005877,-0.04374178033318205,0.032331993254464814,0.45298461785291694,0.4134769267793754
1733715409.6460867,0.7314092247289835,-0.038049756533236306,-0.009378903161136324,0.46799999999999997,0.45636905380191195
1733715409.7460866,0.7651135366333351,-0.026575848493160366,-0.029093540336336803,0.4784687629865632,0.478
1733715409.8460865,0.7909614609169113,-0.01954943221252628,-0.03834922426956155,0.488,0.4889443144595227
1733715409.9460864,0.8246677876798929,-0.009573595481512737,-0.04382766307343152,0.47356722426991776,0.5164327757300823
1733715410.0460863,0.8530142764739367,-0.005766133409084675,-0.03731187672731414,0.4490648453194053,0.5284675773402974
1733715410.1460862,0.8787734801399425,-0.003764439967181231,-0.021673112418283794,0.3558920134535396,0.5604215973092922
1733715410.2460861,0.8947962736415385,9.338329788923717e-05,0.00862908229112449,0.2882970241324573,0.5872772319006572
1733715410.346086,0.9130074905015179,0.0029110067101703325,0.05905854092305961,0.2126513492490875,0.6317982010012165
1733715410.446086,0.9342969866958702,0.004999011901113224,0.1315220520242411,0.15211742098204448,0.6844706447544888
1733715410.5460858,0.9543987840543956,0.003929259894831644,0.19195432358420134,0.0,0.7252186279296875
1733715410.6460857,0.9816605299323657,0.0037210803053266714,0.2758703420584424,0.0,0.7395365143904967
1733715410.7460856,1.0096392322587182,-0.0008793372360865286,0.36399687977228323,0.0,0.7215541919805589
1733715410.8460855,1.0249017738682682,-0.008895096217059495,0.40606249158728225,0.023843849840255612,0.718
1733715410.9460855,1.0327622849001767,-0.01806167341127781,0.4281285769738659,0.23015661782368482,0.6906144607254383
1733715411.0460854,1.0486749404609377,-0.026063309000232442,0.4123794688101161,0.35288816299865267,0.568891429504716
1733715411.1460853,1.0523850994473596,-0.03122779067551186,0.341635343422899,0.37847388981902247,0.44173499162879687
1733715411.2460852,1.0428903997614536,-0.03169622462123803,0.22262194071071695,0.3919999999999999,0.33502635346305076
1733715411.346085,1.0279404091462636,-0.028076478142358953,0.12094812865920727,0.3839999999999999,0.28644587716321684
1733715411.446085,1.007538943062053,-0.02074404584511653,0.049393237991344804,0.2976650573205381,0.37480193121535443
1733715411.546085,0.9910336279935147,-0.013233721332464404,0.03494665709989411,0.22218453585525655,0.42799999999999994
1733715411.6460848,0.9721529256041184,-0.009904431882007868,0.06077116058115886,0.18599999999999994,0.43350649821676834
1733715411.7460847,0.9474000715849712,-0.010987138148178881,0.10249656643809926,0.18999999999999995,0.43244413064089887
1733715411.8460846,0.9306766825366392,-0.015456865653401807,0.12062577329140119,0.18399999999999994,0.44199999999999995
1733715411.9460845,0.917469415021604,-0.022991657281735904,0.12499596672548649,0.1060000000000001,0.3999999999999999
1733715412.0460844,0.9017142342671111,-0.02985596053445506,0.1235709545434659,0.0,0.32213525535420107
1733715412.1460843,0.8720751373073071,-0.0364914234137408,0.12441980425795258,0.0,0.22937824085291977
1733715412.2460842,0.8466873480699966,-0.04218363432797078,0.10666462290843277,0.025085779703982358,0.1405527434786163
1733715412.346084,0.810110632297784,-0.0491607258206698,0.08314073409155326,0.3137811311691951,0.0
1733715412.446084,0.8021119461784556,-0.05402511381042785,0.05959939071300373,0.399854835184486,0.0
1733715412.546084,0.8120749738944473,-0.05597422256655401,-0.006355808411134653,0.4372049434827607,0.0
1733715412.6460838,0.8182371821645431,-0.05190518654530191,-0.08444362605978717,0.43554128139415677,0.0
1733715412.7460837,0.8166841269975188,-0.04458295688439816,-0.1447091920693795,0.429541978074262,0.0
1733715412.8460836,0.8113104129247894,-0.03693573370068534,-0.18862472980884748,0.42399999999999993,0.0
1733715412.9460835,0.8071802187392146,-0.029676465020837702,-0.20960558034621313,0.42599999999999993,0.0
1733715413.0460835,0.8049135637765159,-0.022237602198449676,-0.22702805548471383,0.44199999999999995,0.0
1733715413.1460834,0.805513856782118,-0.01852396182329137,-0.24864635059699075,0.45999999999999996,0.19350588517415715
1733715413.2460833,0.8193202671232193,-0.011840526957758632,-0.28151881954551966,0.44931509134233516,0.30600000000000005
1733715413.3460832,0.8401806517171098,-0.004722700077268172,-0.26391740389875323,0.4575567808587296,0.3173296574238112
1733715413.446083,0.8576442959790798,-0.0017792641234668644,-0.22326221052983478,0.44354685121669063,0.3264531487833094
1733715413.546083,0.8686980735029084,0.0006408521854882811,-0.18693781145914581,0.42799999999999994,0.3400000000000001
1733715413.6460829,0.8741400884397961,-0.0001629475050889182,-0.15643405130138943,0.42599999999999993,0.3480000000000001
1733715413.7460828,0.8781991272308652,-0.003020453734469739,-0.14066058338180232,0.42599999999999993,0.3520000000000001
1733715413.8460827,0.8846995451212251,-0.0061961929435166326,-0.13005113654976908,0.42599999999999993,0.3600000000000001
1733715413.9460826,0.8949786912323602,-0.009588609103745182,-0.12342754719739008,0.42399999999999993,0.36270670088878526
1733715414.0460825,0.90745605324189,-0.012041286224650494,-0.11910813374958623,0.41751591375770014,0.3824840862422997
1733715414.1460824,0.9207248943876964,-0.011248296371598639,-0.11355140605309881,0.4175302650928023,0.3819999999999999
1733715414.2460823,0.9338471965045788,-0.011722768910566976,-0.10350358295205143,0.4179999999999999,0.3824775148997651
1733715414.3460822,0.9436860626774167,-0.012824044533044796,-0.09129898380356687,0.4179999999999999,0.3879999999999999
1733715414.446082,0.9515453261868257,-0.013228081101171322,-0.08470263074249808,0.4179999999999999,0.3864690571894773
1733715414.546082,0.9606400821677809,-0.011597568774929541,-0.07492806795004862,0.41999999999999993,0.3879999999999999
1733715414.646082,0.9675557106839331,-0.010678480667290742,-0.0655181763882576,0.42199999999999993,0.388467354224514
1733715414.7460818,0.9769808467744087,-0.00859535338893907,-0.05387633252475668,0.42151966435321325,0.3924803356467866
1733715414.8460817,0.9852660305131317,-0.0072403584701830875,-0.04852891551802592,0.4159999999999999,0.3999999999999999
1733715414.9460816,0.9960234853520028,-0.00629395631864313,-0.041423481155476005,0.4139999999999999,0.3999999999999999
1733715415.0460815,1.0054389742566585,-0.006267210824719807,-0.03200653435818102,0.41381015855198533,0.3999999999999999
1733715415.1460814,1.0126418247572881,-0.005997403931972942,-0.023827132102040464,0.4079999999999999,0.3999999999999999
1733715415.2460814,1.019448864795517,-0.008548538056547827,-0.010237383358391455,0.40103446097974965,0.3999999999999999
1733715415.3460813,1.0247123318388844,-0.011803032212963457,-0.003669944502124582,0.3939999999999999,0.3979999999999999
1733715415.4460812,1.029106371242618,-0.013726410093784412,-0.0009043696885621405,0.3939999999999999,0.3959999999999999
1733715415.546081,1.0316924584590135,-0.015303774977270937,-0.0005378735361286778,0.3959999999999999,0.3919999999999999
1733715415.646081,1.0329189314678788,-0.01351686904883496,-0.004027025499913294,0.3959999999999999,0.38755219032925975
1733715415.7460809,1.0360792257007025,-0.014046189291667437,-0.009413516568069163,0.3944263573602848,0.3879999999999999
1733715415.8460808,1.0415360901673458,-0.012396443735178212,-0.005973742481302582,0.39155027342034876,0.3859999999999999
1733715415.9460807,1.0440075597598022,-0.012424464572687522,-0.0004887877590169709,0.3879999999999999,0.38161562334109184
1733715416.0460806,1.043129862251098,-0.013864008062379808,-0.0012003680631897519,0.3899999999999999,0.3799999999999999
1733715416.1460805,1.0414666049199601,-0.0142870963570181,-0.012707484087539415,0.3899999999999999,0.3799999999999999
1733715416.2460804,1.040824415260847,-0.0157618274045844,-0.011567735218058123,0.3899999999999999,0.3799999999999999
1733715416.3460803,1.0425880738556632,-0.01735710034542309,-0.01094817128122477,0.3899999999999999,0.3799999999999999
1733715416.4460802,1.0447497195927173,-0.018621176310927738,-0.013232304443100638,0.3879999999999999,0.3819999999999999
1733715416.54608,1.047393836904808,-0.021137388861581025,-0.012411463113772931,0.3879999999999999,0.3819999999999999
1733715416.64608,1.0504527783220523,-0.021851402894129714,-0.009282842642942404,0.3879999999999999,0.3819999999999999
1733715416.74608,1.0530548267499356,-0.022843677774682117,-0.0109535329190079,0.3879999999999999,0.3839999999999999
1733715416.8460798,1.0551271582591972,-0.021098192440524376,-0.01269021244429786,0.3879999999999999,0.3839999999999999
1733715416.9460797,1.0584793842232914,-0.02026005729219629,-0.015715508159308764,0.3879999999999999,0.3839999999999999
1733715417.0460796,1.0598459179815796,-0.02206115111956981,-0.018787421473610982,0.3879999999999999,0.3859999999999999
1733715417.1460795,1.062533526699154,-0.021658507402908492,-0.023352993917558455,0.3859999999999999,0.3899999999999999
1733715417.2460794,1.061529943587782,-0.019340107527604025,-0.024219476530730213,0.3899999999999999,0.3879999999999999
1733715417.3460793,1.0585793780879613,-0.016064673942619376,-0.02230212764788081,0.39445893776781843,0.3875410622321814
1733715417.4460793,1.0590441014786585,-0.01483725964530663,-0.025783515261830217,0.40040492193154786,0.3859999999999999
1733715417.5460792,1.0596961790554331,-0.014981197708948,-0.024836405033731107,0.4059999999999999,0.3819999999999999
1733715417.646079,1.0609018209038945,-0.016351224132891546,-0.021172582272241152,0.4059999999999999,0.37953691421330843
1733715417.746079,1.0622467224235577,-0.017145383001246045,-0.02021576250475564,0.4059999999999999,0.3740000000000001
1733715417.8460789,1.0648534913270153,-0.0163854412553319,-0.02111752480372598,0.4099999999999999,0.3635421203663667
1733715417.9460788,1.0670570558499932,-0.016650433501923932,-0.02403043548849648,0.4079999999999999,0.35567833041739577
1733715418.0460787,1.066306874528393,-0.017888198654098714,-0.03509328595127819,0.4079999999999999,0.3297561129592308
1733715418.1460786,1.0607711410461715,-0.01830773290628744,-0.04615173945044726,0.4039999999999999,0.3051698493272098
1733715418.2460785,1.0514305119032588,-0.017991262632360856,-0.05980570633262146,0.4039999999999999,0.2832061944594893
1733715418.3460784,1.0451979418668127,-0.016699913920002574,-0.07042419265400399,0.4159999999999999,0.2495510309791812
1733715418.4460783,1.040856861464485,-0.016300753304454924,-0.08820536903142323,0.4159999999999999,0.244
1733715418.5460782,1.0380603713607282,-0.014141321533182477,-0.10463303876614835,0.4159999999999999,0.244
1733715418.646078,1.0353093960606021,-0.011332114412499305,-0.10732728687516006,0.4224303070201687,0.24113938595966244
1733715418.746078,1.0309704867612701,-0.008794201796835405,-0.10297587602043858,0.42799999999999994,0.2423862581244197
1733715418.846078,1.0296365338855313,-0.009018309171586268,-0.11202842824062269,0.44399999999999995,0.2476225304576885
1733715418.9460778,1.0315907153681922,-0.011523787567901312,-0.13102263750022297,0.44599999999999995,0.24
1733715419.0460777,1.0326200902903404,-0.012816905210457022,-0.14496073891346295,0.4504139638625713,0.24
1733715419.1460776,1.031919224639589,-0.012784685731923384,-0.1567998172866054,0.45199999999999996,0.2444270213231927
1733715419.2460775,1.0311006435749779,-0.010926439273986273,-0.16181000207894403,0.44799999999999995,0.2789139511892531
1733715419.3460774,1.0308813550489626,-0.007860420681179935,-0.1588660302427303,0.44799999999999995,0.2996869115528098
1733715419.4460773,1.0308553498328061,-0.00398685069847609,-0.14796670262190478,0.4375877266160701,0.35364909353571944
1733715419.5460773,1.0336546820961645,-0.002118977480500234,-0.13512476234809565,0.42799999999999994,0.4071877195107181
1733715419.6460772,1.0377738964288246,-0.004947268208343838,-0.10666355090119956,0.4106871790789316,0.45087521394737884
1733715419.746077,1.0419063378821425,-0.00844375729410525,-0.05433852527713584,0.3813140322985523,0.48234298385072377
1733715419.846077,1.043922019604045,-0.011468386447031678,-0.019420020142506038,0.3350632075471699,0.4924683962264151
1733715419.9460769,1.0420302641491415,-0.015842798187230108,0.012777630581045885,0.2975806419318023,0.49841935806819776
1733715420.0460768,1.0376279341354202,-0.018458087216911254,0.03351423443437984,0.2573305815486353,0.5083347092256824
1733715420.1460767,1.031069624800081,-0.020172629901270448,0.060560295992776424,0.23534090812011446,0.514
1733715420.2460766,1.0248368284685696,-0.02146675186711242,0.09176073947825861,0.22399999999999998,0.5144316230784588
1733715420.3460765,1.0193005189421867,-0.023305349556923628,0.11880416269700164,0.23083341330774151,0.5095832933461293
1733715420.4460764,1.0179893786698488,-0.02349913991478253,0.1324201944724119,0.24,0.502
1733715420.5460763,1.0175926338513412,-0.024312787381123444,0.13091050395121473,0.244,0.498
1733715420.6460762,1.0155230243284823,-0.02694470849181805,0.12779886258312428,0.24645963126522366,0.498
1733715420.746076,1.0143420500735463,-0.027869494224468914,0.1301639871400784,0.25,0.5
1733715420.846076,1.0165945996480128,-0.028435809517987947,0.13626925377046872,0.256,0.5
1733715420.946076,1.0213737688524365,-0.028794918106475855,0.1423661228413128,0.2684126235893339,0.498
1733715421.0460758,1.0242691804177202,-0.02778754021209382,0.14267406850012992,0.27,0.498
1733715421.1460757,1.022933107254169,-0.02881103714345983,0.14818001420456237,0.272,0.5
1733715421.2460756,1.0210342331616902,-0.029646818468883115,0.15705449157588547,0.272,0.5104270625063112
1733715421.3460755,1.0198164815325752,-0.031941846649833114,0.1587428441737951,0.266,0.518
1733715421.4460754,1.0192651508354973,-0.034491058589258425,0.1580969540250087,0.268,0.518
1733715421.5460753,1.0174404114949607,-0.03595793242209708,0.15963941062333037,0.27,0.52
1733715421.6460752,1.0151552320492094,-0.03498894337039994,0.16431642466763788,0.272,0.52
1733715421.7460752,1.010784296068972,-0.034762607655062686,0.163690709626292,0.27,0.528430842287416
1733715421.846075,1.010457136024036,-0.03562991524504018,0.16133270330741237,0.27,0.5324418586116203
1733715421.946075,1.013728487201816,-0.03568784694332037,0.16705489081622454,0.262,0.54
1733715422.0460749,1.0163369535882452,-0.037267871721532606,0.17155515705043953,0.2495149713565762,0.542
1733715422.1460748,1.0170702905208713,-0.03943233868423727,0.1720777770655408,0.2355747932288809,0.544
1733715422.2460747,1.016737672670271,-0.040988296673270044,0.17189389849619727,0.20799999999999996,0.55
1733715422.3460746,1.0164387697239168,-0.04138084083672172,0.17645288624454936,0.19799999999999995,0.554
1733715422.4460745,1.0148591601115728,-0.04160249264140046,0.1863958692840376,0.19399999999999995,0.556
1733715422.5460744,1.0166381814135188,-0.04115203693912003,0.19742111705113635,0.19399999999999995,0.556
1733715422.6460743,1.0180969014711823,-0.039897177303170286,0.20244036972342153,0.20136946145891332,0.554
1733715422.7460742,1.019360976046532,-0.04112059263260377,0.21064287617279354,0.25029158243713107,0.5310833670251476
1733715422.846074,1.019322742368423,-0.04246142397773853,0.2095619565668682,0.3169149045899949,0.46817019082001027
1733715422.946074,1.017247445322297,-0.04167318585478378,0.17550581937026646,0.3566626145373947,0.36779128487535145
1733715423.046074,1.0076660401946265,-0.042315592385023394,0.12378521245720907,0.4025733898120994,0.24256652546975127
1733715423.1460738,0.9925775963314835,-0.04136028308640282,0.050141455425256186,0.42399999999999993,0.17670756062767468
1733715423.2460737,0.9755597473320041,-0.033433590490357955,-0.04062716608691972,0.42999999999999994,0.14248647575167803
1733715423.3460736,0.9694380765463925,-0.02929358560907735,-0.07179464889027531,0.43199999999999994,0.14439004655512402
1733715423.4460735,0.962731317523507,-0.020218277791081735,-0.11421964148874755,0.42999999999999994,0.14556414790365035
1733715423.5460734,0.957136833767328,-0.013791407356050963,-0.13989338706982907,0.42599999999999993,0.15244952252377444
1733715423.6460733,0.9529159285276279,-0.008420503594978666,-0.14952060031661016,0.4215585087476797,0.18332447375696057
1733715423.7460732,0.9499030480482312,-0.006937878539927459,-0.15150531757930888,0.4156933319016428,0.19399999999999995
1733715423.8460732,0.9498499108587501,-0.008278648536811005,-0.14670502163449292,0.4139999999999999,0.19799999999999995
1733715423.946073,0.9505764365100632,-0.013175982435343809,-0.14072379844075564,0.4119999999999999,0.19799999999999995
1733715424.046073,0.9488708488322173,-0.01725468731151821,-0.13700212447102827,0.4079999999999999,0.20599999999999996
1733715424.1460729,0.9461489729488138,-0.01942908566878706,-0.13727843241534182,0.4075829481253209,0.21525115562403696
1733715424.2460728,0.9437083935813805,-0.022138958074853315,-0.13907759856736887,0.4039999999999999,0.24044624883365429
1733715424.3460727,0.9435119823095073,-0.023680871233855615,-0.1343528070528384,0.4019999999999999,0.2668171157878388
1733715424.4460726,0.9457946577366201,-0.024121849340498804,-0.1308810742704829,0.40154603577983494,0.27690792844032996
1733715424.5460725,0.9455613858307206,-0.02183118844341167,-0.12279979747297998,0.3999999999999999,0.30440859754911503
1733715424.6460724,0.9447303371903218,-0.019040121274833746,-0.1116270374925329,0.3999999999999999,0.30600000000000005
1733715424.7460723,0.9424559553537316,-0.01707350340738644,-0.10064146058975286,0.3979999999999999,0.31200000000000006
1733715424.8460722,0.9412344508754565,-0.015296383572474119,-0.09291589856379955,0.3979999999999999,0.3184334207806663
1733715424.946072,0.9424659711109722,-0.01604757566652065,-0.08693689014599713,0.3979999999999999,0.32843780817560053
1733715425.046072,0.9482002302775666,-0.015807056704306068,-0.07391188430383036,0.3761167540496126,0.35988324595038745
1733715425.146072,0.9534938890878001,-0.01607649923973086,-0.05735627839425478,0.3332136884295335,0.40678631157046646
1733715425.2460718,0.9598410089908729,-0.01793698295821024,-0.02100431773138711,0.3011276655107817,0.43399999999999994
1733715425.3460717,0.9632116450768987,-0.018965129106528852,0.010121287594688808,0.2915686678282909,0.43999999999999995
1733715425.4460716,0.9667596441620258,-0.021433704629848838,0.04008584799653402,0.29000000000000004,0.44199999999999995
1733715425.5460715,0.971516113060267,-0.024717270961256872,0.0589330591470354,0.29000000000000004,0.44199999999999995
1733715425.6460714,0.9757721102488615,-0.026497088630236497,0.06536576414643173,0.29000000000000004,0.44199999999999995
1733715425.7460713,0.9799440690209501,-0.02773032484316959,0.06626420321612653,0.28800000000000003,0.44199999999999995
1733715425.8460712,0.9817735184054518,-0.02978455851540942,0.07175256653115869,0.28800000000000003,0.44399999999999995
1733715425.9460711,0.983177647043223,-0.03358269668953834,0.07938278728868371,0.28800000000000003,0.44435145427913786
1733715426.046071,0.9838316621550635,-0.034707188250211726,0.07738731988773198,0.28800000000000003,0.44599999999999995
1733715426.146071,0.984427855656199,-0.03645724554285681,0.07893477304030097,0.28800000000000003,0.44799999999999995
1733715426.2460709,0.9855790400851124,-0.037186651605592806,0.08238119838618149,0.28800000000000003,0.44757080531540183
1733715426.3460708,0.9887652592509811,-0.037092990759832356,0.09088359946498824,0.2924253850450882,0.4415746149549118
1733715426.4460707,0.9923590843535004,-0.038949818332108976,0.09246067104232092,0.298892589708261,0.4235370514586952
1733715426.5460706,0.9926539387274985,-0.039716530315728825,0.08668911939174269,0.33642803659732934,0.33028785361068297
1733715426.6460705,0.9894812688792827,-0.04041909344893481,0.06178845498448959,0.3500000000000001,0.30600000000000005
1733715426.7460704,0.9853667732632065,-0.036535919400243456,0.024058885689975697,0.3604476906121632,0.2751046187756738
1733715426.8460703,0.9788318197673194,-0.03366884143761691,-0.008238473853459037,0.3660000000000001,0.24954774622070677
1733715426.9460702,0.9728666313560702,-0.0328677825792771,-0.030837639765560768,0.3660000000000001,0.246
1733715427.04607,0.9676388816742626,-0.029816928683124293,-0.052354998174821324,0.3660000000000001,0.2455885448804036
1733715427.14607,0.9649161415558467,-0.028578156063932283,-0.06276875974705558,0.3660000000000001,0.24643995329924714
1733715427.24607,0.9618924531201696,-0.027852464402238,-0.06557958017848417,0.3660000000000001,0.2588758167257235
1733715427.3460698,0.9594521503196953,-0.02825596675546861,-0.06538716390573303,0.3660000000000001,0.27687707826641683
1733715427.4460697,0.9552728877879971,-0.02667641649349257,-0.06806935701812887,0.3675523973756715,0.30444760262432863
1733715427.5460696,0.9565276519169043,-0.02621693759623848,-0.06496631181451873,0.3680000000000001,0.31241871833789997
1733715427.6460695,0.9608827805776728,-0.027678829239328448,-0.05816699176904049,0.3660000000000001,0.3340000000000001
1733715427.7460694,0.9642789070104437,-0.028371616157494697,-0.05047730409702446,0.3660000000000001,0.3400000000000001
1733715427.8460693,0.9655475873548254,-0.026876940070036583,-0.03945891929759641,0.3675426929064709,0.3420000000000001
1733715427.9460692,0.9651875499236189,-0.026961821428145242,-0.027752361467294914,0.3660000000000001,0.3420000000000001
1733715428.0460691,0.9658531510052099,-0.027177139109174624,-0.020690527953200723,0.3680000000000001,0.34444855802013563
1733715428.146069,0.9681899237330585,-0.02816647770990858,-0.022871175929118984,0.3680000000000001,0.3460000000000001
1733715428.246069,0.9719127398617637,-0.030412580084666376,-0.025470623501187173,0.3680000000000001,0.34641998841135696
1733715428.3460689,0.9747851564037556,-0.03175418733954885,-0.024696395323089235,0.3700000000000001,0.34566485703944994
1733715428.4460688,0.9778621250254987,-0.03283488103731443,-0.023659638793197813,0.3759999999999999,0.30511014795405744
1733715428.5460687,0.9761643473531689,-0.03450211983219752,-0.03632900318300672,0.38441926939195054,0.24358073060804933
1733715428.6460686,0.9707459453725015,-0.0342394602190225,-0.06762207384602227,0.3939999999999999,0.21310004981568195
1733715428.7460685,0.9652915425265925,-0.03258513372227122,-0.09407060726672728,0.3999999999999999,0.18957023098727455
1733715428.8460684,0.958489319240092,-0.029257789904080272,-0.11582062418957487,0.3999999999999999,0.17399999999999993
1733715428.9460683,0.9503277481164173,-0.02458115162421462,-0.13873750213110855,0.3999999999999999,0.16642668065531427
1733715429.0460682,0.9454744564513382,-0.021012311712120466,-0.15464864743293966,0.3959999999999999,0.20335451384726047
1733715429.146068,0.9471916013193689,-0.018155561320041064,-0.1572351094057207,0.38958563796032825,0.2720718101983583
1733715429.246068,0.956961992238923,-0.018003838416336074,-0.1412298484416826,0.38353277556336074,0.3192705710564743
1733715429.346068,0.9653718039015177,-0.021103578590825747,-0.12247890632928209,0.3779999999999999,0.3544275323329548
1733715429.4460678,0.9794109475902677,-0.0253072196139283,-0.08316529736317262,0.3755494834257449,0.36645051657425515
1733715429.5460677,0.9836136472244196,-0.026461413549836606,-0.06770064069031521,0.3680000000000001,0.3779999999999999
1733715429.6460676,0.9910171725914481,-0.02784023321863889,-0.05006016822271608,0.3615532042085128,0.3859999999999999
1733715429.7460675,0.9962591835788362,-0.028515931358730227,-0.04012631988508529,0.3560000000000001,0.3939999999999999
1733715429.8460674,0.9993401065641998,-0.028844590905653597,-0.032781093016934104,0.3480000000000001,0.3859999999999999
1733715429.9460673,0.9998465293399031,-0.028989472099717466,-0.017876153104093538,0.3331611489582089,0.3700000000000001
1733715430.0460672,0.9964033621913283,-0.02922891521539758,-0.008164554712421161,0.3017169435215947,0.3597169435215948
1733715430.1460671,0.9873777963638791,-0.028802682772209667,-0.00653326131464937,0.28400000000000003,0.36524099521762826
1733715430.246067,0.9810697081199967,-0.028225466022761096,-0.0013924184832241472,0.28,0.38439621946728847
1733715430.346067,0.9719341928907488,-0.0285081869897328,0.021659648969693385,0.278,0.3839999999999999
1733715430.4460669,0.9676467377113376,-0.028267680700891733,0.033510661746479466,0.27156339455865064,0.3844366054413493
1733715430.5460668,0.9610896844577642,-0.029269744287574045,0.050792994675612,0.21882755281157312,0.3919999999999999
1733715430.6460667,0.9524198302241474,-0.03057741913481651,0.06750173780582254,0.1588316274930215,0.3979999999999999
1733715430.7460666,0.9436054436190965,-0.03481939024036492,0.08936922033319794,0.08008300682049056,0.4039999999999999
1733715430.8460665,0.930784176689278,-0.0399234902035375,0.11943975122584256,0.0,0.4119999999999999
1733715430.9460664,0.9233032736279931,-0.043277893399815616,0.14365272673606444,0.0,0.4163562480177608
1733715431.0460663,0.9162333732148399,-0.047971177967127576,0.16827395469841516,0.0,0.42010405847278315
1733715431.1460662,0.9109278240765714,-0.050996901105316225,0.1825694819406884,0.11523598140126386,0.42441199380042116
1733715431.246066,0.9063074800207684,-0.05381740835107528,0.20429429447817776,0.16692869371342112,0.43399999999999994
1733715431.346066,0.9109046764791067,-0.055170455895915405,0.20981561249072725,0.17999999999999994,0.43360901068652846
1733715431.446066,0.9141392239006727,-0.05624218535417372,0.20963481133656947,0.17999999999999994,0.4250857734751603
1733715431.5460658,0.912182617625126,-0.05484570564540456,0.19624368458132876,0.17799999999999994,0.4015948686765657
1733715431.6460657,0.9069708658127006,-0.05215783496856576,0.1805076263339996,0.20484855599906077,0.37757572200046946
1733715431.7460656,0.9022446659575222,-0.05110459240986516,0.163845588797803,0.24241377310339493,0.3411724537932102
1733715431.8460655,0.8970955758966127,-0.0510866694129389,0.1384773194446907,0.2669097300840136,0.29818053983197285
1733715431.9460654,0.8887756950223376,-0.05189383508817042,0.09924007451070692,0.2864118500268235,0.2475881499731765
1733715432.0460653,0.8791518446720964,-0.050967998966464104,0.05970286783114986,0.28800000000000003,0.246
1733715432.1460652,0.868794238167919,-0.0476604924406098,0.02397332638091485,0.28600000000000003,0.25245050982824796
1733715432.2460651,0.8613039256266797,-0.04277504339317349,0.001710501866703644,0.28400000000000003,0.26640629769459395
1733715432.346065,0.8542134905095166,-0.036188553682042345,-0.017604577970666307,0.28400000000000003,0.28838797814207656
1733715432.446065,0.849351778155992,-0.03132859606146739,-0.02403881494602747,0.28200000000000003,0.30000000000000004
1733715432.5460649,0.844957198998083,-0.027396591080772977,-0.023530915426810475,0.28200000000000003,0.30000000000000004
1733715432.6460648,0.8412262362558085,-0.02479658588936848,-0.02241537272331706,0.28200000000000003,0.2996007967165621
1733715432.7460647,0.8398270292141335,-0.02629426111257751,-0.02016938658120406,0.28200000000000003,0.30000000000000004
1733715432.8460646,0.8426281586124288,-0.030080302129860334,-0.019273340765388728,0.28200000000000003,0.30400000000000005
1733715432.9460645,0.8472393309714092,-0.03335812045771222,-0.02110335366254914,0.28200000000000003,0.2832136556938101
1733715433.0460644,0.8475357720044578,-0.03601591656888029,-0.021991051984420248,0.28826119535424843,0.256
1733715433.1460643,0.8453440640800173,-0.03596498106288257,-0.024925600117395166,0.29400000000000004,0.254
1733715433.2460642,0.842851871654171,-0.033725674606888814,-0.030353122413830563,0.29600000000000004,0.252
1733715433.346064,0.8409160208379766,-0.03224952364508528,-0.0384659064505205,0.29800000000000004,0.25
1733715433.446064,0.839670464709418,-0.03074026489416962,-0.05035851285022655,0.29842376221531464,0.25
1733715433.546064,0.8369580004393703,-0.03267757518756273,-0.054024317191468454,0.29800000000000004,0.25
1733715433.6460638,0.8327745097746424,-0.033911594044453035,-0.05144809765297184,0.29800000000000004,0.252
1733715433.7460637,0.8299729620809682,-0.03443111646207998,-0.05385502760833083,0.29800000000000004,0.252
1733715433.8460636,0.8267912037377074,-0.03387919289455172,-0.06086390764534631,0.29800000000000004,0.254
1733715433.9460635,0.8240411689550872,-0.03154087713131016,-0.07164048826752031,0.2983753805372047,0.256
1733715434.0460634,0.823108858916651,-0.028768437458708936,-0.07719648715510037,0.30000000000000004,0.256
1733715434.1460633,0.8238185670509512,-0.025382218146934612,-0.07436081160919181,0.30000000000000004,0.25357427842136265
1733715434.2460632,0.8243721753478568,-0.02274385652712942,-0.06692346118379774,0.30000000000000004,0.254
1733715434.3460631,0.8251192184877936,-0.021145767012946858,-0.0648220438570034,0.30000000000000004,0.26
1733715434.446063,0.8260652810892836,-0.02125489132413061,-0.05623868203110475,0.30000000000000004,0.27243796886343474
1733715434.546063,0.8280493523019912,-0.024169542054495445,-0.03957004886899275,0.29800000000000004,0.28628058478767676
1733715434.6460629,0.8304621647351531,-0.026768678940568755,-0.028922247217671365,0.29754815379503124,0.29000000000000004
1733715434.7460628,0.8314571768981559,-0.027050216589951832,-0.027721078129441235,0.29400000000000004,0.28972147946169413
1733715434.8460627,0.8324735633370102,-0.027732078471375977,-0.029512384577782175,0.29400000000000004,0.28400000000000003
1733715434.9460626,0.8352088963345862,-0.028532851901829016,-0.03513127662112366,0.29600000000000004,0.278
1733715435.0460625,0.8373282164772015,-0.026654816651643223,-0.041836293910886224,0.29800000000000004,0.276
1733715435.1460624,0.8402656956567465,-0.02448744125975304,-0.04138883689169581,0.29800000000000004,0.276
1733715435.2460623,0.8434852352335359,-0.020516770513954456,-0.04011107542242605,0.30200000000000005,0.276
1733715435.3460622,0.84525276934748,-0.01824873828194198,-0.039336257895934805,0.30600000000000005,0.274
1733715435.446062,0.8449861828304968,-0.019118472599386396,-0.039186919464707336,0.30000000000000004,0.278
1733715435.546062,0.8424586859936116,-0.02320685890585246,-0.029887394743799152,0.29800000000000004,0.28
1733715435.646062,0.8410288493560252,-0.026378148457259755,-0.026850281433172384,0.29800000000000004,0.28
1733715435.7460618,0.8413541171601433,-0.02872275058644515,-0.02968189669238541,0.29800000000000004,0.28400000000000003
1733715435.8460617,0.8431750688291275,-0.030253430726479246,-0.03162377352753666,0.29800000000000004,0.2855878037235721
1733715435.9460616,0.8439566656857587,-0.02698709441094896,-0.0356383289962883,0.3003540274722995,0.28400000000000003
1733715436.0460615,0.8441485713259438,-0.02355446680842607,-0.03543114049689998,0.30200000000000005,0.28400000000000003
1733715436.1460614,0.8426348808198568,-0.01897342852789749,-0.031654724338579354,0.30200000000000005,0.28400000000000003
1733715436.2460613,0.8412285202037062,-0.016848148682971676,-0.031223728758388684,0.30000000000000004,0.28400000000000003
1733715436.3460612,0.8406581492061428,-0.017650110342608216,-0.02751979703364907,0.30600000000000005,0.28200000000000003
1733715436.4460611,0.8406516031433935,-0.018888012126273605,-0.022809663334796632,0.30200000000000005,0.28600000000000003
1733715436.546061,0.8409431951590338,-0.02019786918411212,-0.02185593927826222,0.30200000000000005,0.28600000000000003
1733715436.646061,0.8426622226868967,-0.019108265058110287,-0.021067374835092603,0.30200000000000005,0.2875695570555578
1733715436.7460608,0.8448708477511107,-0.01608828040919452,-0.022144215437898972,0.30200000000000005,0.28800000000000003
1733715436.8460608,0.846357810727106,-0.013452123252516214,-0.02705470938868284,0.30200000000000005,0.28800000000000003
1733715436.9460607,0.8490783604896521,-0.011148216563037164,-0.029337153400638527,0.3015850818653681,0.28800000000000003
1733715437.0460606,0.8527543086842418,-0.011910365931478142,-0.02533593544338,0.29755512724698113,0.29244487275301895
1733715437.1460605,0.856379342556735,-0.012366593653141718,-0.015470415433306428,0.29400000000000004,0.29400000000000004
1733715437.2460604,0.8599369147841776,-0.013806822740969671,0.0002566293291163711,0.29200000000000004,0.29600000000000004
1733715437.3460603,0.8643616002406124,-0.019318021834397195,0.0001955781346164719,0.29200000000000004,0.29600000000000004
1733715437.4460602,0.8680234856077811,-0.02519777210602634,-0.014092370780435905,0.292454981687134,0.29600000000000004
1733715437.54606,0.8737248816739421,-0.03262151349466916,-0.020575106343818997,0.29000000000000004,0.30000000000000004
1733715437.64606,0.883579320299479,-0.04084145424766129,-0.019564105355610917,0.278,0.30200000000000005
1733715437.74606,0.8958053659142244,-0.04688229938778578,-0.022584718120643534,0.28600000000000003,0.29600000000000004
1733715437.8460598,0.9049776947306083,-0.05034663961920029,-0.026789485815763372,0.2815819457127869,0.29800000000000004
1733715437.9460597,0.9144062680288401,-0.05334850245496766,-0.024750721397548546,0.28,0.29800000000000004
1733715438.0460596,0.9208975894673503,-0.055297341112027124,-0.014536394013564005,0.278,0.298442237157755
1733715438.1460595,0.9280437937914607,-0.059852822981850164,-0.0007763601598077981,0.2775443555451732,0.30200000000000005
1733715438.2460594,0.9326224793033361,-0.06480704269323705,0.0012360944348970438,0.28,0.30000000000000004
1733715438.3460593,0.9338058991918705,-0.07168935950367174,-0.0014791679484989064,0.2792762832070013,0.3005427875947491
1733715438.4460592,0.9325687675641275,-0.076998017627116,-0.0007742908364419801,0.277671615695464,0.30174628822840205
1733715438.5460591,0.9282656100625925,-0.07823395064189345,0.001437609646566327,0.27606694818392674,0.302949788862055
1733715438.646059,0.9218015053664227,-0.07841149489818551,0.002818527458089906,0.2744622806723895,0.30415328949570797
1733715438.746059,0.9151488495856931,-0.07709737353587659,-0.0022952670930693653,0.2728576131608522,0.3053567901293609
1733715438.8460588,0.9110063004611776,-0.07497324266382328,-0.010034086879830042,0.27144138663986433,0.30600000000000005
1733715438.9460588,0.9077555007077976,-0.0688630825619781,-0.012893389115927252,0.270241489055842,0.30600000000000005
1733715439.0460587,0.9078252327916438,-0.06277852689295566,-0.005976041118905067,0.26904159147181966,0.30600000000000005
1733715439.1460586,0.9059999000691832,-0.05662227620872958,0.0050154266263548655,0.2678416938877973,0.30600000000000005
1733715439.2460585,0.9051519942193023,-0.05281542401277695,0.010943195620691631,0.26664179630377494,0.30600000000000005
1733715439.3460584,0.9035541079170973,-0.05258357724515522,0.01668865894629001,0.26748557351832536,0.30581430331020937
1733715439.4460583,0.9008951701018176,-0.0530583764513125,0.021354201708497143,0.2706795028974802,0.305415062137815
1733715439.5460582,0.8959926051995749,-0.0521112278790003,0.02315278033091397,0.27387343227663513,0.3050158209654207
1733715439.646058,0.8916569844592037,-0.05241157223511057,0.02471081263799853,0.27706736165579005,0.3046165797930263
1733715439.746058,0.8857678682328748,-0.051048113010065524,0.02541267351244719,0.28026129103494496,0.30421733862063194
1733715439.846058,0.8798316699393144,-0.049531425285512486,0.021816806452023454,0.281269607110114,0.30436519644494303
1733715439.9460578,0.8725836676289238,-0.04576796824048137,0.01309066738373948,0.27966653496603894,0.30516673251698057
1733715440.0460577,0.8673153041689055,-0.042536737964243745,0.006996879385438302,0.27806346282196387,0.30596826858901816
1733715440.1460576,0.8632724272418818,-0.03654846333094456,0.0020999422749890056,0.2764603906778888,0.3067698046610557
1733715440.2460575,0.8601022417810725,-0.029292486598521707,0.0035408279366396424,0.27485731853381373,0.3075713407330932
1733715440.3460574,0.8590311692181833,-0.023640188083597965,0.004417244958085875,0.274,0.30800000000000005
1733715440.4460573,0.8581099014930768,-0.01933459659386208,0.006360569561951899,0.274,0.30800000000000005
1733715440.5460572,0.8571693423701983,-0.017587842902760546,0.011068456203478181,0.274,0.30800000000000005
1733715440.6460571,0.8576136956452075,-0.015036463236739319,0.01841745540039169,0.274,0.30800000000000005
1733715440.746057,0.8601990825056379,-0.014620730618118041,0.02086389477309407,0.276,0.30800000000000005
1733715440.846057,0.8634755624792526,-0.015179143891614061,0.016859247457923523,0.274,0.31000000000000005
1733715440.9460568,0.8680542583150377,-0.014632508222730826,0.007604108519723773,0.27644084801433266,0.30800000000000005
1733715441.0460567,0.8724406889891047,-0.012828250027142064,0.0025412845982902012,0.27840089851525834,0.30600000000000005
1733715441.1460567,0.877259999633168,-0.008718212197001425,0.006947964655919855,0.27772522512795045,0.3022747748720496
1733715441.2460566,0.8824011525360507,-0.005017688738344149,0.01150672393502251,0.2643837339758327,0.31200000000000006
1733715441.3460565,0.8871484239863215,-0.002351162547626937,0.017734741903390694,0.27,0.31200000000000006
1733715441.4460564,0.8892662243730755,-0.0021371081240868315,0.015943521338430727,0.27,0.31200000000000006
1733715441.5460563,0.8900686133445272,-0.000814913559707706,0.010063847735320128,0.27239971607454866,0.31200000000000006
1733715441.6460562,0.8900874408959076,0.0004961386942690064,0.007698130517601666,0.26717024689764535,0.31800000000000006
1733715441.746056,0.8914155281242687,0.006326898968170888,0.010125414220687239,0.24441527031299398,0.32000000000000006
1733715441.846056,0.8907639952748032,0.011303978334778463,0.014527377267468557,0.256,0.31600000000000006
1733715441.946056,0.8880389567250765,0.020315685846066453,0.018360336761183153,0.264,0.31600000000000006
1733715442.0460558,0.8864469429572142,0.02669014748975366,0.019720102660206254,0.266,0.31600000000000006
1733715442.1460557,0.8864999851920273,0.03053266676419347,0.024292238432264787,0.27,0.31600000000000006
1733715442.2460556,0.8880970618475268,0.0325724600160644,0.025973177853917534,0.26958792164574197,0.31600000000000006
1733715442.3460555,0.8892408318773914,0.03553677545816304,0.027662830981676684,0.262,0.31800000000000006
1733715442.4460554,0.8899819944865454,0.03916151397498058,0.02988493710539835,0.25556554839950013,0.31600000000000006
1733715442.5460553,0.8906888059475362,0.0453268149851835,0.032664638572991844,0.2404137315564017,0.3095862684435983
1733715442.6460552,0.8911366907257584,0.05107676699860047,0.03499738080341721,0.246,0.30600000000000005
1733715442.7460551,0.8940328558025853,0.05993286457985065,0.03265431670516634,0.248,0.3122755863425481
1733715442.846055,0.8981120781332284,0.06521225243552592,0.02761616093305426,0.242,0.31800000000000006
1733715442.946055,0.9041746530761112,0.07029321789037067,0.021190201451348378,0.246,0.31400000000000006
1733715443.0460548,0.9069738077948237,0.0733594521724012,0.02120978769425467,0.246,0.3163935486188441
1733715443.1460547,0.9100945738526006,0.07956735524400833,0.02809282465317172,0.25,0.3224103753774774
1733715443.2460546,0.9152260246241243,0.08643826026989687,0.034475321150662465,0.25362102677144155,0.31124205354288315
1733715443.3460546,0.9199344253273463,0.09166806242810571,0.03501225736992382,0.246,0.3212858560890637
1733715443.4460545,0.9247262238354839,0.09666348924307397,0.032404814216271616,0.23675732913588637,0.31682844724274245
1733715443.5460544,0.9250671772956033,0.10117114619851407,0.03633146366436985,0.22873473647590883,0.3050203513654549
1733715443.6460543,0.9220261331268647,0.10542857796563232,0.04728079959548257,0.2051765601827728,0.0905319652090265
1733715443.7460542,0.8925907791975137,0.10678325602711754,0.02828169723600603,0.0,0.0
1733715443.846054,0.8640242831568072,0.1086225643546663,0.006487057241455435,0.0,0.0
1733715443.946054,0.8395346500184987,0.1111606244276948,-0.001501409613272862,0.0,0.0
1733715444.046054,0.8246314287153509,0.11368935553704035,-0.0013762204306576212,0.0,0.0
1733715444.1460538,0.8082182463263742,0.1192772826170542,0.0014590847523083539,0.0,0.0
1733715444.2460537,0.7944861746327948,0.1249317881503561,0.0027236843871538043,0.0,0.0
1733715444.3460536,0.7779549577231339,0.13199061205828258,0.0020735366013661938,0.0,0.0
1733715444.4460535,0.7650943004942945,0.137045231247434,0.002052217813408812,0.0,0.0
1733715444.5460534,0.752543650161486,0.1407655381420654,0.005521549776402702,0.0,0.0
1733715444.6460533,0.7419639727803724,0.142449812009268,0.0074987586711200305,0.0,0.0
1733715444.7460532,0.729651107576689,0.14149581147607007,0.012112582626412207,0.0,0.0
1733715444.8460531,0.718020377951094,0.1386162764991182,0.0161080558705124,0.0,0.0
1733715444.946053,0.7086922445826096,0.1339343040907542,0.014456158422987158,0.0,0.0
1733715445.046053,0.6940905485313572,0.1276376017773054,0.005308998352486699,0.0,0.0
1733715445.1460528,0.6842225186608085,0.12450993332944699,0.0011765708113053576,0.0,0.0
1733715445.2460527,0.6738256353993496,0.12318749293032921,-0.000820847821175362,0.0,0.0
1733715445.3460526,0.6662706172278346,0.1211813830675883,-0.003514743561642202,0.0,0.0
1733715445.4460526,0.6598838917992894,0.12075040015398059,-0.005520658125442849,0.0,0.0
1733715445.5460525,0.6538707816557915,0.12064379222887037,-0.0051748539184175175,0.0,0.0
1733715445.6460524,0.6456783973428551,0.12021743617292083,-3.430105571755192e-05,0.0,0.0
1733715445.7460523,0.6386230415239772,0.11771794210513555,0.005199162069491085,0.0,0.0
1733715445.8460522,0.6303533432317835,0.11312751424050665,0.01096751886267358,0.0,0.0
1733715445.946052,0.6231830312560471,0.10715716565056327,0.01522498127876918,0.0,0.0
1733715446.046052,0.6157187470962745,0.1010747538492589,0.016917006268915347,0.0,0.0
1733715446.146052,0.6100161316629452,0.09563408998316374,0.016129589627707625,0.0,0.0
1733715446.2460518,0.6041924252295263,0.0934641208706225,0.010381233765277274,0.0,0.0
1733715446.3460517,0.5973818935301405,0.09231407171217078,0.006376139752270449,0.0,0.0
1733715446.4460516,0.5872128595580983,0.09156775488926777,0.003600220978563525,0.0,0.0
1733715446.5460515,0.5766706996819347,0.08910677661359359,0.0018583641361337928,0.0,0.0
1733715446.6460514,0.5683260687797868,0.08669178657386883,0.00250286803011065,0.0,0.0
1733715446.7460513,0.5585015008069635,0.08367509683442852,0.005757508799253501,0.0,0.0
1733715446.8460512,0.550860793626295,0.08102946082119208,0.009942164172624494,0.0,0.0
1733715446.9460511,0.5425317905926147,0.07759767122377098,0.014842506945575042,0.0,0.0
1733715447.046051,0.5338437294781688,0.07358236725197854,0.016209255754947662,0.0,0.0
1733715447.146051,0.5290956997062023,0.07224279404300599,0.01570094958289871,0.0,0.0
1733715447.2460508,0.5219126966799478,0.07213207219889985,0.014718183315135662,0.0,0.0
1733715447.3460507,0.5105994216282017,0.07257200457045788,0.013220185266764337,0.0,0.0
1733715447.4460506,0.5032017910589237,0.07285886748608249,0.01065736696060802,0.0,0.0
1733715447.5460505,0.4946374901127203,0.06931901897815057,0.007428793065421913,0.0,0.0
1733715447.6460505,0.4885584520119409,0.06614100370518892,0.005469708144826875,0.0,0.0
1733715447.7460504,0.483605143083658,0.06137095205380935,0.006570470097971596,0.0,0.0
1733715447.8460503,0.47965672133564724,0.057619694069395065,0.01106200573761812,0.0,0.0
1733715447.9460502,0.4776606347703003,0.0557448243006861,0.014879450803461477,0.0,0.0
1733715448.04605,0.47622727583849783,0.0541995250415418,0.018944352958345807,0.0,0.0
1733715448.14605,0.4748287995758865,0.05032476041810901,0.020238724744133595,0.0,0.0
1733715448.24605,0.47211927250722974,0.04495728827670362,0.016873911618151462,0.0,0.0
1733715448.3460498,0.46653955827885724,0.035754475518384336,0.012173115118784147,0.0,0.0
1733715448.4460497,0.4595137394265809,0.030178235487480304,0.008188069549499044,0.0,0.0
1733715448.5460496,0.4496795109696131,0.021615981196522097,0.0067816609595035575,0.0,0.0
1733715448.6460495,0.4432191893310805,0.017215862520474454,0.006446703595113497,0.0,0.0
1733715448.7460494,0.43873027001689385,0.007579733832864184,0.006211071427725258,0.0,0.0
1733715448.8460493,0.43764823938901537,-0.0018663217463257935,0.00851887094581447,0.0,0.0
1733715448.9460492,0.436356263024434,-0.014965439390770706,0.013347884760339665,0.0,0.0
1733715449.046049,0.43326857919072526,-0.02584221143760669,0.016381650454427035,0.0,0.0
1733715449.146049,0.4258388853823421,-0.03649785148149714,0.016157601070144783,0.0,0.0
1733715449.246049,0.41300397699081753,-0.048705593069402406,0.008783512683267292,0.0,0.0
1733715449.3460488,0.40362825763021126,-0.0557752208548709,0.005460396194250044,0.0,0.0
1733715449.4460487,0.3904754679549803,-0.06395682785749197,0.005367359736629274,0.0,0.0
1733715449.5460486,0.379361825821695,-0.06742192409246132,0.007448319753329961,0.0,0.0
1733715449.6460485,0.37027136739400374,-0.06898270580696653,0.009846479982244371,0.0,0.0
1733715449.7460485,0.36220280376377206,-0.06712467176108991,0.008373918874704532,0.0,0.0
1733715449.8460484,0.35473530682511273,-0.0656943468297235,0.004402504737646478,0.0,0.0
1733715449.9460483,0.347705543826518,-0.06445924359188054,0.0027058122554167994,0.0,0.0
1733715450.0460482,0.3405517787050718,-0.06310907148516343,0.004494368112545264,0.0,0.0
1733715450.146048,0.3324876119577706,-0.061732885507770195,0.008286121082913139,0.0,0.0
1733715450.246048,0.3222647161266725,-0.06065107188115796,0.010510624311552851,0.0,0.0
1733715450.3460479,0.3129215570811132,-0.058612090351230536,0.009643010398544587,0.0,0.0
1733715450.4460478,0.30514919314213557,-0.055966194710747354,0.005494648298073496,0.0,0.0
1733715450.5460477,0.3000197543784142,-0.05284390951294974,0.003349761020367716,0.0,0.0
1733715450.6460476,0.2966662774753046,-0.049967713804759485,0.004386903560421822,0.0,0.0
1733715450.7460475,0.2940147120602446,-0.04738541389169472,0.007394119742882439,0.0,0.0
1733715450.8460474,0.289248617506513,-0.04557167149775414,0.008258167496231442,0.0,0.0
1733715450.9460473,0.2829301510291328,-0.04272018383008672,0.005947755870221332,0.0,0.0
1733715451.0460472,0.27765686899203634,-0.04130073431563,0.003868254239381367,0.0,0.0
1733715451.146047,0.27397256244940604,-0.04088222543787643,0.0040915605118975575,0.0,0.0
1733715451.246047,0.2723198946234124,-0.04111102949964576,0.010806432424997266,0.0,0.0
1733715451.346047,0.27143371860652993,-0.04183167959065426,0.0141322074453772,0.0,0.0
1733715451.4460468,0.27032919405284933,-0.04227325092434132,0.01087541597269965,0.0,0.0
1733715451.5460467,0.2658817141200926,-0.04404744871946862,0.005858317306409766,0.0,0.0
1733715451.6460466,0.259105850512161,-0.04420671685109834,0.005464570319672321,0.0,0.0
1733715451.7460465,0.25257615319601484,-0.044649901072863755,0.007992694164074941,0.11762223124630844,0.0
1733715451.8460464,0.24877119653589752,-0.04612282590174165,0.007306566080492764,0.177731950191788,0.0
1733715451.9460464,0.25395318679879864,-0.04803299833971626,-0.009719433018331697,0.22399999999999998,0.020713261077462564
1733715452.0460463,0.26379167299109485,-0.0510711579818911,-0.041692870103279024,0.26759265104896346,0.12159265104896351
1733715452.1460462,0.27713980656513176,-0.05504865089431804,-0.07246969832866292,0.2864624252940043,0.1419999999999999
1733715452.246046,0.2939268236336331,-0.057649164557529255,-0.10425554252292302,0.2887172098297199,0.13285519344685334
1733715452.346046,0.3049291376006791,-0.06256698246615411,-0.13066330478290408,0.286310613520572,0.1359999999999999
1733715452.4460459,0.31709010738804183,-0.06818279210039799,-0.1566226606899491,0.28625700062227755,0.1439999999999999
1733715452.5460458,0.3312237560202165,-0.07663877164044341,-0.17892595116485652,0.28658873823300807,0.19029436911650396
1733715452.6460457,0.34792318204151795,-0.08118435515301871,-0.18615956042772652,0.2963126488126594,0.19199999999999995
1733715452.7460456,0.3583622020749496,-0.08445104529913026,-0.18985049368823895,0.30600000000000005,0.1805957317205821
1733715452.8460455,0.3708529099272114,-0.08598913757929783,-0.19803436668079816,0.32200000000000006,0.20127339195731642
1733715452.9460454,0.38334454090536285,-0.0872795071657384,-0.20192321617535758,0.3255864726183738,0.21799999999999997
1733715453.0460453,0.3950175512146152,-0.09024519846216772,-0.19600336325834103,0.3331991718278688,0.20999999999999996
1733715453.1460452,0.400912013037432,-0.09426289958801572,-0.19084674762258236,0.30600000000000005,0.21799999999999997
1733715453.246045,0.40483271319750574,-0.10064430981885224,-0.17884925437827603,0.3263460412772145,0.2223460412772144
1733715453.346045,0.40915502336284193,-0.1056952500983334,-0.17082054163485227,0.3460000000000001,0.22599999999999998
1733715453.446045,0.41711424666404734,-0.11009001820110029,-0.17010898201561978,0.34640196817234814,0.224200984086174
1733715453.5460448,0.42555833375601304,-0.11086840402581208,-0.18012046697923828,0.3740000000000001,0.242
1733715453.6460447,0.4348314385688308,-0.11002046746785231,-0.18362284168516976,0.3964596070304092,0.244
1733715453.7460446,0.45273667726718997,-0.10383994711668135,-0.1803231918171868,0.41999999999999993,0.244
1733715453.8460445,0.46723108603537167,-0.10137540517661618,-0.18046122938516665,0.4059999999999999,0.25838855659434146
1733715453.9460444,0.4771754818867689,-0.097871522347223,-0.1816472113307645,0.4059999999999999,0.2702358053931901
1733715454.0460443,0.48469482171936973,-0.097225743026088,-0.1816376923649479,0.40361507781061917,0.27038492218938076
1733715454.1460443,0.4916576788792288,-0.0953966020633797,-0.179865177132624,0.4039999999999999,0.268
1733715454.2460442,0.49607674803755847,-0.09278652122652155,-0.17680623101229198,0.4039999999999999,0.26555415327685267
1733715454.346044,0.498124140979431,-0.08366040155136384,-0.1721976484686156,0.4039999999999999,0.26
1733715454.446044,0.5001760368715892,-0.07418497962267787,-0.16822501321897335,0.4043927114495512,0.258
1733715454.5460439,0.5005389153872918,-0.0610700172750021,-0.1616442216862648,0.42399999999999993,0.252
1733715454.6460438,0.5038971717989139,-0.05227873495818253,-0.16023914018753846,0.42160663400770343,0.252
1733715454.7460437,0.5043381097990847,-0.043582546187745,-0.15916768558218747,0.4139999999999999,0.25
1733715454.8460436,0.5032958169402243,-0.037779549217103504,-0.15449968211699325,0.4119999999999999,0.252
1733715454.9460435,0.4991600218480992,-0.02649740322603317,-0.15165419094086524,0.4119999999999999,0.252
1733715455.0460434,0.49808711966520847,-0.020425573589262114,-0.15326518215467635,0.4099999999999999,0.2517347710350681
1733715455.1460433,0.4914261914135775,-0.008675559263272493,-0.15470452818227437,0.4059999999999999,0.246
1733715455.2460432,0.4865354231956269,-0.0009722936246468122,-0.15793730790457053,0.39376661311523287,0.24623338688476704
1733715455.346043,0.4775398686515003,0.007730835853064235,-0.15407419549809578,0.3839999999999999,0.254
1733715455.446043,0.4720183836435924,0.011238005192993051,-0.14036713929102462,0.390362271402283,0.25472454280456625
1733715455.546043,0.4695448441618757,0.014310384057066314,-0.1287152097773437,0.3999999999999999,0.272
1733715455.6460428,0.47005730595557,0.015835859903864286,-0.1257285563584448,0.4019999999999999,0.2716331760435572
1733715455.7460427,0.46807052329604765,0.016468195696600477,-0.12671452077329456,0.3999999999999999,0.252
1733715455.8460426,0.46255112689078637,0.0160751243660148,-0.12598291714570328,0.40021251249945644,0.242
1733715455.9460425,0.45642288680936877,0.01820239384656929,-0.12306219652958515,0.4119999999999999,0.2416134722471708
1733715456.0460424,0.44940772359318704,0.019927563565150866,-0.12233658226940938,0.4099999999999999,0.24234343808447992
1733715456.1460423,0.44182135088607655,0.018371835559724693,-0.12552298912864837,0.4059999999999999,0.2504357689056633
1733715456.2460423,0.43576542379996985,0.016093633558774533,-0.1221037795215463,0.4059999999999999,0.24
1733715456.3460422,0.42737889293020825,0.010881391609374413,-0.1173610254504224,0.4039999999999999,0.24
1733715456.446042,0.4221727162397263,0.004839763239706926,-0.11843120463374797,0.3979999999999999,0.24
1733715456.546042,0.4168030500969738,-0.0014034122863215296,-0.12345626566743136,0.3879999999999999,0.24
1733715456.6460419,0.4091496784214766,-0.007262675618982724,-0.12588403732157205,0.37576781680816257,0.238
1733715456.7460418,0.40152278411808867,-0.012283203013687892,-0.12462615031682026,0.3600000000000001,0.236
1733715456.8460417,0.3901691273288569,-0.01595963287988846,-0.12180103595332749,0.3540000000000001,0.23633431886303854
1733715456.9460416,0.3825223683285926,-0.01950009358599949,-0.11973356339232522,0.3540000000000001,0.236
1733715457.0460415,0.37824893474332627,-0.02410650522282866,-0.1160398200326434,0.3520000000000001,0.236
1733715457.1460414,0.377283835603192,-0.031238965804936045,-0.1100747925289367,0.34356741054780277,0.23843258945219728
1733715457.2460413,0.3764217007623436,-0.036690703884110276,-0.10214069197702003,0.31950943320568603,0.250245283397157
1733715457.3460412,0.3750378145474937,-0.04140263258073898,-0.09338504307560384,0.29720637001114103,0.25452908665923935
1733715457.446041,0.37049199571767416,-0.04565234713275359,-0.07707147417606758,0.2385386427991525,0.2903653393002119
1733715457.546041,0.36949042071521493,-0.04729472535001014,-0.055623593162903766,0.1668251640576309,0.30439161198078973
1733715457.646041,0.3588880864108491,-0.04989770682648174,-0.012347950611151263,0.07991486202202705,0.3186702140824156
1733715457.7460408,0.3490511382685098,-0.05155749356228907,0.027526773900420312,0.0,0.34642547761411707
1733715457.8460407,0.34324695377557096,-0.053651128057605614,0.07600983244587789,0.0,0.3712975859383692
1733715457.9460406,0.34262176490108837,-0.053596529981421365,0.10899954184064557,0.0,0.4039999999999999
1733715458.0460405,0.34737855597761286,-0.05163358853197331,0.14457319427185267,0.0,0.41833972568733313
1733715458.1460404,0.346702612465933,-0.045885891878900645,0.1944399948696888,0.0,0.4155668324071365
1733715458.2460403,0.34152065867322606,-0.039519732353890585,0.21881458501279152,0.0,0.3640000000000001
1733715458.3460402,0.33136536828976826,-0.03285960502744657,0.23250531251528678,0.0,0.3371754915678622
1733715458.4460402,0.3272853624232625,-0.026208234785666442,0.23524478989532266,0.0,0.3781959128677295
1733715458.54604,0.3264124525081718,-0.06168114862438284,0.24380494377142128,-0.018918614307747057,0.39242041365128316
1733715458.64604,0.3311291642403124,-0.05641209615696049,0.2576868627389054,-0.1531737051633425,0.3904694820653369
1733715458.7460399,0.32658963624634774,-0.05258706611839312,0.27865576342297266,-0.20799999999999996,0.3925039257389333
1733715458.8460398,0.31280612667836905,-0.05168802011938191,0.3087085386175796,-0.21999999999999997,0.4062776721186762
1733715458.9460397,0.2947279218069451,-0.04950499455929394,0.36401118137345007,-0.22560599952788216,0.40321199905576427
1733715459.0460396,0.27518773765855287,-0.04093080803295419,0.4239995548786201,-0.2151594415870683,0.3636135194709773
1733715459.1460395,0.24229062734478343,-0.022397431414972944,0.48982499325784495,-0.28400000000000003,0.3779999999999999
1733715459.2460394,0.2159117092754179,-0.005673952720136243,0.5371373579337004,-0.26733598520925544,0.3839999999999999
1733715459.3460393,0.20053270453685673,0.013674784005778337,0.5704195577874636,-0.24118041480084845,0.3779999999999999
1733715459.4460392,0.19740700658503413,0.024245595004156077,0.5791545723544103,-0.22720075302411277,0.3807992469758871
1733715459.546039,0.19863685379358584,0.033925307932497664,0.5991405386101571,-0.23399999999999999,0.4039999999999999
1733715459.646039,0.2033345437119988,0.04045012941661554,0.6180490804559747,-0.2737004040866118,0.41940080817322345
1733715459.746039,0.20480387250888768,0.04729426503198524,0.6405080167135749,-0.21399999999999997,0.4059999999999999
1733715459.8460388,0.21638129498529157,0.051009938139877226,0.648223480927649,-0.20599999999999996,0.414333744640803
1733715459.9460387,0.22966757980752653,0.051822166112670216,0.6444505389978195,-0.22399999999999998,0.43199999999999994
1733715460.0460386,0.24233999164315134,0.05245540895874746,0.6399623918804545,-0.22399999999999998,0.4423808358296193
1733715460.1460385,0.25758371556467985,0.04706716490445478,0.6493405952489965,-0.207162522861851,0.42558126143092545
1733715460.2460384,0.2746059410098601,0.03317208282830006,0.6630405660773324,-0.1983879566244623,0.41999999999999993
1733715460.3460383,0.28243275709573523,0.02471197647445299,0.6735998857599675,-0.19799999999999995,0.4019999999999999
1733715460.4460382,0.29017904487278884,0.008960766040429176,0.6924109403522554,-0.21844171292624898,0.41622085646312446
1733715460.5460382,0.2945798890028186,-0.0064085148978128325,0.7157083763991339,-0.21799999999999997,0.42027745689379564
1733715460.646038,0.2947383536436347,-0.027477446003375823,0.7566288371416793,-0.22580210304016893,0.43199999999999994
1733715460.746038,0.29694609349799783,-0.046347974636911815,0.7865146934981585,-0.21199999999999997,0.43999999999999995
1733715460.8460379,0.29901941261502213,-0.061259527241052734,0.8027614828999208,-0.19799999999999995,0.4437655977961432
1733715460.9460378,0.29894518422461047,-0.08123409448553982,0.8137614007887659,-0.20720452608482778,0.44840150869494255
1733715461.0460377,0.2862603433497093,-0.1008464020278465,0.8354566720939004,-0.2202923839236557,0.45370761607634424
1733715461.1460376,0.27128459555920353,-0.11940682184496966,0.8574165133571918,-0.19932512424894294,0.4386625621244714
1733715461.2460375,0.2509557533624048,-0.1340277565121618,0.8663070247779,-0.18200000000000005,0.4139999999999999
1733715461.3460374,0.23560982068745961,-0.14355454907752307,0.8515621697787593,-0.1763786324317405,0.3943786324317404
1733715461.4460373,0.21825665361137886,-0.15472465588184744,0.8314200670261419,-0.1904397778899545,0.4202198889449772
1733715461.5460372,0.20324889570804167,-0.16300885087733713,0.8239107282281941,-0.22399999999999998,0.43199999999999994
1733715461.646037,0.18469089401401845,-0.16529018230791206,0.8256550003297352,-0.20924929619202842,0.42199999999999993
1733715461.746037,0.16593396644909034,-0.16540901011695233,0.8329669273073248,-0.17000000000000004,0.4159999999999999
1733715461.846037,0.14880825836741784,-0.16110421797158783,0.83854350713287,-0.18024919249236146,0.41624919249236136
1733715461.9460368,0.12134690821961773,-0.14930666819469746,0.8403393588337759,-0.18959305246796432,0.4375930524679643
1733715462.0460367,0.10634880419130274,-0.14630272540243847,0.8299424644809988,-0.16000000000000003,0.42199999999999993
1733715462.1460366,0.09140994806443922,-0.1413252707769123,0.8191660875704877,-0.15086776040519712,0.4061129340086617
1733715462.2460365,0.07467450343881563,-0.1312690626296107,0.8293864562755086,-0.14065354831469082,0.3883267741573453
1733715462.3460364,0.06076823478478139,-0.12024456577190461,0.8214732455755718,-0.15600000000000003,0.4363511362821707
1733715462.4460363,0.05593368723543238,-0.11020353040884988,0.7941937951503677,-0.15376824693416408,0.43799999999999994
1733715462.5460362,0.05123925545091905,-0.09559235578750064,0.7632912799146454,-0.1408063624614773,0.4155968187692613
1733715462.6460361,0.04457268699019764,-0.07805420951646594,0.7706204771565208,-0.21799999999999997,0.41999999999999993
1733715462.746036,0.036988919087641035,-0.06690130770008795,0.7962908917388378,-0.18692452632241546,0.4137311315806038
1733715462.846036,0.03343198208397356,-0.051317737549572154,0.8221519071009399,0.0,0.38431777946149714
1733715462.9460359,0.03799228460541156,-0.04110577700380484,0.8193978093859368,0.09668662301216098,0.2245806616208861
1733715463.0460358,0.02564137840420234,-0.03428235150057276,0.7624496806241736,0.27289039989481395,0.0
1733715463.1460357,0.012912526367710602,-0.03477199173768248,0.6952341694076265,0.42799999999999994,0.0
1733715463.2460356,0.047892518242253115,-0.035812827429875474,0.5506995329490074,0.5007345660422815,-0.01652773595133409
1733715463.3460355,0.09745939900155266,-0.03222489532807513,0.33645856979281663,0.5361923425503172,-0.14638468510063443
1733715463.4460354,0.13225957508215963,-0.030284423463343955,0.14106104058728045,0.55,-0.16200000000000003
1733715463.5460353,0.15531480595928357,-0.03132485791600905,-0.0064717533121469205,0.554,-0.16000000000000003
1733715463.6460352,0.18168239976323527,-0.03177126292671798,-0.19498757504754402,0.5563437871313867,-0.17468757426277323
1733715463.746035,0.20715367179551217,-0.03514069467066589,-0.3074769580010785,0.5780000000000001,-0.20037211914770253
1733715463.846035,0.24053562319433436,-0.041371824769129886,-0.4224549433090685,0.5780000000000001,-0.20399999999999996
1733715463.946035,0.2641577148391895,-0.04572133346725934,-0.49618346550397996,0.5800000000000001,-0.20799999999999996
1733715464.0460348,0.29202469237047507,-0.052696307618033275,-0.5767403362793088,0.5780000000000001,-0.2077930182513748
1733715464.1460347,0.31187014839552346,-0.059153305766893385,-0.6412230311091661,0.5740000000000001,-0.20399999999999996
1733715464.2460346,0.32311737829674686,-0.06055394786449283,-0.682556358628819,0.5700000000000001,-0.20399999999999996
1733715464.3460345,0.3373941948079166,-0.06610410385570765,-0.7472178576723283,0.5720000000000001,-0.20399999999999996
1733715464.4460344,0.34486983297069124,-0.06707293360587435,-0.7840443128506315,0.5720000000000001,-0.20599999999999996
1733715464.5460343,0.35626835525266903,-0.07109549902934152,-0.819238106922408,0.5720000000000001,-0.20599999999999996
1733715464.6460342,0.3648750184650236,-0.07633889600951882,-0.8347502975590865,0.5760000000000001,-0.20599999999999996
1733715464.7460341,0.37555745167389687,-0.08425751182393217,-0.8583812024976084,0.5780000000000001,-0.20799999999999996
1733715464.846034,0.3854511068124272,-0.08899496987516803,-0.8747545824741652,0.5800000000000001,-0.20799999999999996
1733715464.946034,0.4058150151217889,-0.096961766864299,-0.8883808608369863,0.5800000000000001,-0.20799999999999996
1733715465.0460339,0.4210231493031129,-0.10180657405533618,-0.8891467883771145,0.5800000000000001,-0.20599999999999996
1733715465.1460338,0.4420991023247605,-0.1055567484191342,-0.901429970177244,0.5800000000000001,-0.20199999999999996
1733715465.2460337,0.4553364403906556,-0.10635364868931273,-0.9215695610149899,0.5783323475928954,-0.19999999999999996
1733715465.3460336,0.47480997157120697,-0.10786366410916892,-0.9440129878264574,0.5780000000000001,-0.19999999999999996
1733715465.4460335,0.4920419483385394,-0.1082572760775769,-0.9483524515920875,0.5760000000000001,-0.19799999999999995
1733715465.5460334,0.5102566836800134,-0.10622738200881582,-0.9474873054143408,0.5760000000000001,-0.19799999999999995
1733715465.6460333,0.5279950901559988,-0.10315761272802525,-0.94920325466697,0.5720000000000001,-0.19399999999999995
1733715465.7460332,0.5483404049292238,-0.09786506688429931,-0.9382057309423433,0.5720000000000001,-0.19399999999999995
1733715465.846033,0.5616738574146585,-0.09569293921619686,-0.9349411202684726,0.5700000000000001,-0.19199999999999995
1733715465.946033,0.5791324542035442,-0.09303983795135752,-0.9420489860769208,0.5697914279910624,-0.18999999999999995
1733715466.046033,0.599971371858267,-0.08697903196818425,-0.9645460399714911,0.5698138630365329,-0.18999999999999995
1733715466.1460328,0.6155388035506857,-0.0738199471228154,-0.9746517718594834,0.5700000000000001,-0.18999999999999995
1733715466.2460327,0.6271313537180052,-0.059191690248466544,-0.9762994956612935,0.5700000000000001,-0.18799999999999994
1733715466.3460326,0.6398845953415472,-0.03756145014445078,-0.9737743953688531,0.5700000000000001,-0.18600000000000005
1733715466.4460325,0.6472121369013256,-0.023529558376844346,-0.9661261227618358,0.5680000000000001,-0.17162356092101058
1733715466.5460324,0.6542977247047433,-0.009209644783083523,-0.9583660433419251,0.5640000000000001,-0.11217684598252525
1733715466.6460323,0.6649908022514602,-0.0015055503059999526,-0.9516946147902471,0.552,0.0
1733715466.7460322,0.6815725001079034,0.005495150902556047,-0.8936183095432012,0.55,0.11417364188412943
1733715466.8460321,0.6917715879123062,0.008784189361750227,-0.8349777811363956,0.5801968252769861,0.19839365055397212
1733715466.946032,0.7263887322185457,0.009877043964977924,-0.7485147889191242,0.6220000000000001,0.21799999999999997
1733715467.046032,0.756964800607808,0.013594752570453622,-0.7023942882927348,0.6220000000000001,0.2421830705949499
1733715467.1460319,0.7941177824373663,0.017277754764721084,-0.6350244700531684,0.6321942696560571,0.2703885393121144
1733715467.2460318,0.8216972762860124,0.01923965428930659,-0.5856433843936285,0.6359999999999999,0.29000000000000004
1733715467.3460317,0.8512355911076371,0.0211723019413373,-0.52997180913385,0.6359999999999999,0.2963772901810203
1733715467.4460316,0.8808243977251609,0.021232718838538465,-0.4760875784080188,0.6359999999999999,0.30200000000000005
1733715467.5460315,0.9090649672599164,0.018778408171338606,-0.4315985623631777,0.6319999999999999,0.30200000000000005
1733715467.6460314,0.9344989454581027,0.016524500560265748,-0.40165098506454816,0.6299999999999999,0.30000000000000004
1733715467.7460313,0.9627070077260186,0.01411224106291281,-0.3800477661727105,0.6319999999999999,0.29200000000000004
1733715467.8460312,0.9821023554814112,0.013911614648858702,-0.36334786604488883,0.6319999999999999,0.29000000000000004
1733715467.946031,1.0044809106678807,0.01329045091983612,-0.3441052750287021,0.6303803676470587,0.29000000000000004
1733715468.046031,1.0274701721094515,0.014692910869051631,-0.32658217347345636,0.6279999999999999,0.29400000000000004
1733715468.146031,1.0422448117993846,0.017024855548176482,-0.3098325414003645,0.621729558926081,0.29600000000000004
1733715468.2460308,1.0549580670486214,0.01896625818488217,-0.2992245705699012,0.6140000000000001,0.30000000000000004
1733715468.3460307,1.068869344942637,0.021112443951373322,-0.28120555782357287,0.6120000000000001,0.30200000000000005
1733715468.4460306,1.0816736897858097,0.022744482169210607,-0.2665101680219397,0.6120000000000001,0.30020694688935645
1733715468.5460305,1.0958343195199083,0.024090090792274286,-0.25369685809322606,0.6120000000000001,0.30000000000000004
1733715468.6460304,1.1069904866681815,0.025806794990460142,-0.24307143958264896,0.6080000000000001,0.30200000000000005
1733715468.7460303,1.1202150466787006,0.028392834350659,-0.23623996288066887,0.5745892270963892,0.30235269322590275
1733715468.8460302,1.1234681981389618,0.029598480478427155,-0.22508306001902478,0.5189870144222799,0.30633766185924005
1733715468.9460301,1.114759612738163,0.030427509848651602,-0.17786498619864735,0.4280219858295999,0.3182472517713001
1733715469.04603,1.0986217004513186,0.028565117100944483,-0.14031888192434558,0.3369379608691378,0.3262124078261725
1733715469.14603,1.0829384697249356,0.02531085764412602,-0.1077859045197251,0.2739885166018207,0.33633524723302993
1733715469.2460299,1.0581363331958027,0.02094386854040187,-0.06598632247145407,0.14789501677440464,0.35230071188937084
1733715469.3460298,1.0364243972405487,0.019734244785385734,-0.03319477924819715,0.0,0.3959999999999999
1733715469.4460297,1.0149079897985245,0.018345311059424475,0.025405139781660074,0.0,0.4179999999999999
1733715469.5460296,1.0037297731521282,0.016133767797743424,0.07698073338024695,0.0,0.42399999999999993
1733715469.6460295,0.9939754197299098,0.013979568097230458,0.11820830539129043,-0.11986943796226714,0.42599999999999993
1733715469.7460294,0.9757036190896444,0.008948119499045367,0.16353381679161524,-0.15637955855888944,0.42599999999999993
1733715469.8460293,0.9449595542536297,-0.0019586318522957424,0.2224941632173119,-0.17869920717546253,0.41930079282453747
1733715469.9460292,0.9178543945914729,-0.017278890485834857,0.27143184791068165,-0.21599999999999997,0.3798008459323253
1733715470.046029,0.8934757392617676,-0.03115583959024848,0.30752056349981827,-0.2719178082191781,0.3264657534246576
1733715470.146029,0.8572833693886017,-0.05028535636077126,0.3455851137023307,-0.29563691222712984,0.2614583855899086
1733715470.246029,0.8053216115366141,-0.06908748308480722,0.37822287235613816,-0.2761927691759395,0.14187953906466552
1733715470.3460288,0.7603144660353909,-0.07956847292541568,0.3785589749361597,-0.3087469691044193,0.0
1733715470.4460287,0.701134379104698,-0.09791500585676897,0.37220205291000175,-0.32599999999999996,0.0
1733715470.5460286,0.660458575858762,-0.1105586504185753,0.3918694084795342,-0.348,-0.13435763244899607
1733715470.6460285,0.6148600577301647,-0.12031831625311816,0.39178174604941896,-0.35435780191978566,-0.1557248307165712
1733715470.7460284,0.5489689288761491,-0.13355558232293013,0.3869657515407477,-0.372,-0.21399999999999997
1733715470.8460283,0.4830243468951045,-0.14232273230023662,0.38240151579037585,-0.38618826526052374,-0.21399999999999997
1733715470.9460282,0.4095752848793402,-0.14796060680337353,0.3785232907848648,-0.396,-0.21399999999999997
1733715471.0460281,0.348359466557219,-0.15478539474426392,0.3815674818973613,-0.39,-0.21399999999999997
1733715471.146028,0.27292797394323326,-0.15901162670824784,0.3947200597302707,-0.388,-0.21799999999999997
1733715471.246028,0.2171853620820726,-0.16388369520852675,0.4003828473660533,-0.3936371590324241,-0.2243628409675759
1733715471.3460279,0.14855960976663815,-0.16735066581417232,0.40390337688482586,-0.392,-0.24635395189003437
1733715471.4460278,0.08462191471725151,-0.1679758395477829,0.3808285650321607,-0.3902111355633803,-0.26
1733715471.5460277,0.032509078725897464,-0.16786526369154114,0.3550706281810415,-0.396,-0.262
1733715471.6460276,-0.01845898154723947,-0.16444901490842903,0.3110722761007912,-0.3917899435050966,-0.2617899435050966
1733715471.7460275,-0.06516051197405695,-0.1529560147218631,0.2368733508280508,-0.30073174888390797,-0.26
1733715471.8460274,-0.0821237552191112,-0.14315828296623398,0.1617690029994562,0.0,-0.27455101008135147
1733715471.9460273,-0.07520709586384734,-0.14088414356406173,0.08774232749276877,0.0,-0.30600000000000005
1733715472.0460272,-0.07687830482953278,-0.1420657333099486,0.013801458331080315,0.0,-0.31200000000000006
1733715472.146027,-0.0834907917460139,-0.14460655762643984,-0.040675292858399874,0.13744667374578504,-0.31200000000000006
1733715472.246027,-0.09307288548348534,-0.1444990731346217,-0.08915555849264356,0.16199999999999992,-0.31000000000000005
1733715472.346027,-0.09475001123247594,-0.14172850274066562,-0.11214389550451434,0.13371523744822592,-0.29022296245973134
1733715472.4460268,-0.09575460872693643,-0.1356250580167357,-0.15712784654902145,0.0,-0.1777818242815075
1733715472.5460267,-0.09507122695691664,-0.12823877225668318,-0.18580956571458784,0.0,0.0
1733715472.6460266,-0.08663751737293847,-0.12070457920267712,-0.18912689626520116,0.0,0.0
1733715472.7460265,-0.07909933152445767,-0.11551608832614806,-0.1760328298831355,0.0,0.0
1733715472.8460264,-0.071973435301254,-0.11251031273559683,-0.1571009489487653,0.16134638359121978,0.0
1733715472.9460263,-0.054240229527496284,-0.11225679346918496,-0.1535124721690829,0.20451273637855102,0.10502547275710224
1733715473.0460262,-0.03607113203458236,-0.11228576790622231,-0.17234685893843554,0.24486557218149876,0.15864917913612397
1733715473.1460261,-0.00470729437359106,-0.11106869433026274,-0.20645291441098387,0.2889889052417073,0.19898890524170718
1733715473.246026,0.0222407429597189,-0.10793859945946171,-0.23283773160221194,0.31830146507666107,0.2484521976149915
1733715473.346026,0.07284752977383181,-0.10017314227219566,-0.2604285806400303,0.3443567128454342,0.2843567128454341
1733715473.4460258,0.12004769710001986,-0.09277369556817451,-0.27134431326740566,0.3686843073336855,0.29868430733368545
1733715473.5460258,0.18288377608912715,-0.08406098263155316,-0.28064958542467705,0.3882410072670593,0.31624100726705945
1733715473.6460257,0.24407561362742167,-0.07617233401253401,-0.2902643776337639,0.40268308461368807,0.3380000000000001
1733715473.7460256,0.3223518361833107,-0.0657673120017873,-0.2965603358415034,0.41826698245236293,0.3502669824523631
1733715473.8460255,0.3544466687834552,-0.06114118130224395,-0.29758658380500425,0.42399999999999993,0.3562131705189709
1733715473.9460254,0.4290079276495592,-0.04655027373950086,-0.3043869626435907,0.42599999999999993,0.3683810839532413
1733715474.0460253,0.4567696814121333,-0.038246881115152405,-0.30749539893242617,0.43799999999999994,0.3801654290429042
1733715474.1460252,0.5337891411036751,-0.01686408379612625,-0.3079106326223117,0.44199999999999995,0.3859999999999999
1733715474.246025,0.5784665417462646,-0.0038415782525794053,-0.2946183275928921,0.43999999999999995,0.3879999999999999
1733715474.346025,0.6357442471749816,0.011953911870323623,-0.2779367593942639,0.4201710893096332,0.40909734641421996
1733715474.446025,0.6759573151450173,0.024088176820741422,-0.2649948600233585,0.2978974890876875,0.4342102510912312
1733715474.5460248,0.7027353304039642,0.03398824296162115,-0.2252379645622117,0.0,0.4604810312756845
1733715474.6460247,0.711963860626888,0.03958703424717094,-0.13253961677210818,0.0,0.49212862861767986
1733715474.7460246,0.7248999124479287,0.038552222376022044,-0.03392601572900765,-0.008703469032155867,0.5183868208458736
1733715474.8460245,0.747258165675902,0.03634132998635848,0.09033068791839627,-0.10434776702949759,0.532
1733715474.9460244,0.7569491737301343,0.03377570493429417,0.14712986764453348,-0.11419503981617209,0.536
1733715475.0460243,0.7696499955752305,0.028529759321639713,0.23811667613502743,-0.11577763529623915,0.538
1733715475.1460242,0.7752465325452288,0.02046973756819701,0.31392606638814824,0.0,0.538
1733715475.2460241,0.7830092698918583,0.014236744516722119,0.3554188766375593,0.0,0.54
1733715475.346024,0.7883406227969523,0.004081847439291331,0.3851771782772384,0.11896664337758267,0.5397583391556043
1733715475.446024,0.7942586144509209,-0.0031270418846332305,0.3971040292078196,0.14591276537082978,0.536
1733715475.5460238,0.8056258015327292,-0.011440842598447878,0.3851169803138056,0.29594063871282306,0.488215626523647
1733715475.6460238,0.8230742357163561,-0.015642228380423655,0.35434920005305953,0.42730975058801607,0.5136548752940081
1733715475.7460237,0.8594302987537966,-0.01469075184632945,0.2742002834844311,0.515557556365801,0.5563893890914503
1733715475.8460236,0.9063410736945519,-0.007557104314076412,0.1932309498284439,0.5865000111450417,0.562
1733715475.9460235,0.9728832296173384,0.0011706062321086572,0.09910785483089893,0.6246782403306762,0.5622260801102255
1733715476.0460234,1.0055575576693985,0.006032006673558662,0.059949314210680546,0.6699999999999999,0.5682323491116805
1733715476.1460233,1.0655239234954637,0.01167946629869012,-0.0010974097324019014,0.6759999999999999,0.6106755395818125
1733715476.2460232,1.0972336442397763,0.014822001392884539,-0.021708982739691157,0.7085422162480046,0.6359999999999999
1733715476.346023,1.1469366530527612,0.016443879368992796,-0.03671664487061978,0.7667121393102173,0.6563213889076898
1733715476.446023,1.2160327141393799,0.01695553633334404,-0.08434591626279589,0.7859044153605778,0.7098998262149462
1733715476.546023,1.275478606339953,0.01884706143456032,-0.12716179656204224,0.8050966914109383,0.7634782635222026
1733715476.6460228,1.3396469166052056,0.02330930017849826,-0.13589552906869362,0.8242889674612988,0.8170567008294589
1733715476.7460227,1.3926517174560755,0.027026230587726637,-0.13086391904568587,0.8434812435116593,0.8706351381367152
1733715476.8460226,1.4787027649821038,0.03301838816285916,-0.07927336864568874,0.8581580671650973,0.8999999999999999
1733715476.9460225,1.531981649893891,0.03248020842478146,-0.031193134124222095,0.8673588042243567,0.8999999999999999
1733715477.0460224,1.5991422828073458,0.028117365620532943,-0.00614146278428062,0.8765595412836161,0.8999999999999999
1733715477.1460223,1.6370411243235277,0.023549366269049937,-0.01629331139897872,0.8857602783428756,0.8999999999999999
1733715477.2460222,1.6795908820181449,0.022145513510603093,-0.03189456009301044,0.894961015402135,0.8999999999999999
1733715477.3460221,1.7002685133334863,0.020134017425851525,-0.03675273049004417,0.8999999999999999,0.8999999999999999
1733715477.446022,1.7088597430557233,0.0208066736211507,-0.03801937781814102,0.8999999999999999,0.8999999999999999
1733715477.546022,1.7094456352935368,0.017757096044243064,-0.033121247479162175,0.8999999999999999,0.8999999999999999
1733715477.6460218,1.7037868686520583,0.012339019540773849,-0.026454848197053953,0.8999999999999999,0.8999999999999999
1733715477.7460217,1.6965608726645354,0.00678731251427067,-0.022232029996079674,0.8999999999999999,0.8999999999999999
1733715477.8460217,1.6930195575431335,0.002578936462877769,-0.018753873278566962,0.8999999999999999,0.8999999999999999
1733715477.9460216,1.6826773311529166,-0.002092216859199412,-0.02026962012045399,0.8999999999999999,0.8999999999999999
1733715478.0460215,1.6671186680549872,-0.001797926088605874,-0.026684973530200638,0.8999999999999999,0.8999999999999999
1733715478.1460214,1.6463664944329681,-0.004363387626986277,-0.027763832560158026,0.8999999999999999,0.8999999999999999
1733715478.2460213,1.6346565863263771,-0.008262827499982086,-0.031857254628684634,0.8999999999999999,0.8999999999999999
1733715478.3460212,1.626754832564922,-0.01216800895582492,-0.036821824502086854,0.8999999999999999,0.8999999999999999
1733715478.446021,1.6164217003430645,-0.010307969638794365,-0.035582100926312456,0.8999999999999999,0.8999999999999999
1733715478.546021,1.601651295879117,-0.011573523721975187,-0.030582848031508517,0.8999999999999999,0.8999999999999999
1733715478.646021,1.5853050221759772,-0.01401381637160531,-0.014444361756133842,0.8999999999999999,0.8999999999999999
1733715478.7460208,1.5761169928805805,-0.018315550289901086,-0.012218779212289367,0.8999999999999999,0.8999999999999999
1733715478.8460207,1.5656212498235915,-0.022263313195162962,-0.013768907646766856,0.8999999999999999,0.8999999999999999
1733715478.9460206,1.5490453282404242,-0.019422213169284473,-0.018119974782370117,0.8999999999999999,0.8999999999999999
1733715479.0460205,1.5421047368569,-0.017277764157409378,-0.01445090021873692,0.8999999999999999,0.8999999999999999
1733715479.1460204,1.521226697007019,-0.015097727484340087,-0.015685963847076403,0.8999999999999999,0.8999999999999999
1733715479.2460203,1.5087588551103266,-0.014677958190557915,-0.022519311385812164,0.8999999999999999,0.8999999999999999
1733715479.3460202,1.4922736642780237,-0.012616520488277603,-0.028491878294587564,0.8999999999999999,0.8999999999999999
1733715479.4460201,1.4829758527214452,-0.014172677647096723,-0.03173981407598544,0.8999999999999999,0.8999999999999999
1733715479.54602,1.4734405202846235,-0.023083769321310663,-0.028093509151962803,0.8999999999999999,0.8999999999999999
1733715479.64602,1.46652415721924,-0.030075826556741493,-0.017903159970084834,0.8999999999999999,0.8999999999999999
1733715479.7460198,1.45453454945668,-0.03314733848188757,-0.020524085465488607,0.8999999999999999,0.8999999999999999
1733715479.8460197,1.4343114900237872,-0.03395471123834688,-0.0057793611560352206,0.8280542200240328,0.8999999999999999
1733715479.9460196,1.4208140331492456,-0.036161489706709446,0.0009869849120941684,0.6671246875390725,0.8999999999999999
1733715480.0460196,1.3819056883519278,-0.03549857354751249,0.020594705514250362,0.5061951550541122,0.8999999999999999
1733715480.1460195,1.3083951393396578,-0.03077381996070792,0.11456968696062927,0.34526562256915183,0.8999999999999999
1733715480.2460194,1.2472283431753761,-0.033322590939106576,0.20774897283347885,0.1843360900841915,0.8999999999999999
1733715480.3460193,1.1682432585519638,-0.03989297183471787,0.3084332364288973,0.1685122258508759,0.8999999999999999
1733715480.4460192,1.0999443533999866,-0.039905052982228476,0.37070213114087086,0.32926171257726516,0.8999999999999999
1733715480.546019,1.0836196535085187,-0.03511980855635301,0.3875900687766875,0.4900111993036544,0.8999999999999999
1733715480.646019,1.1154810881733248,-0.02768573391530257,0.3291144240857577,0.6507606860300437,0.8999999999999999
1733715480.746019,1.1875219267435937,-0.014129482135396505,0.19839824451127286,0.8115101727564329,0.8999999999999999
1733715480.8460188,1.266633314121386,0.000489032304213174,0.05681980058273905,0.8999999999999999,0.8999999999999999
1733715480.9460187,1.3148266124533696,0.008536180369319283,-0.015606128324992674,0.8999999999999999,0.8999999999999999
1733715481.0460186,1.3524888999752576,0.015384146543326142,-0.05186339962046546,0.8999999999999999,0.8999999999999999
1733715481.1460185,1.375397137647537,0.01795969804041197,-0.04756862797675624,0.8999999999999999,0.8999999999999999
1733715481.2460184,1.3869121177668267,0.01706898221143047,-0.0215092447060387,0.8999999999999999,0.8999999999999999
1733715481.3460183,1.3824935362389728,0.011684709655126009,-0.001243786471818595,0.8999999999999999,0.8999999999999999
1733715481.4460182,1.3595064083351793,0.007919724064818378,0.005535987122972334,0.8999999999999999,0.8999999999999999
1733715481.5460181,1.3403488541507393,0.0046908018500969794,-0.002605052472406972,0.8999999999999999,0.8999999999999999
1733715481.646018,1.3081745980990311,-0.0038828235556581923,-0.020345030932323635,0.8999999999999999,0.8999999999999999
1733715481.746018,1.2803156106591584,-0.010247020070273387,-0.033714955554863126,0.8999999999999999,0.8999999999999999
1733715481.8460178,1.2516391459859026,-0.015811606442268204,-0.039742046895727245,0.8999999999999999,0.8999999999999999
1733715481.9460177,1.21722862377217,-0.034296165369907115,-0.045028900383416406,0.8999999999999999,0.8999999999999999
1733715482.0460176,1.1909920980142135,-0.04778540036165707,-0.044573848887958435,0.8999999999999999,0.8999999999999999
1733715482.1460176,1.1539556297791511,-0.06649535367534308,-0.040568819948015214,0.8999999999999999,0.8999999999999999
1733715482.2460175,1.134358769469916,-0.08053729562065014,-0.03934318790122799,0.8999999999999999,0.8999999999999999
1733715482.3460174,1.1138257707322332,-0.09514911150122862,-0.04636854416671833,0.8999999999999999,0.8999999999999999
1733715482.4460173,1.099946315932771,-0.10716892815369587,-0.04664585056484318,0.8999999999999999,0.8999999999999999
1733715482.5460172,1.0885386352666133,-0.12065970482276735,-0.04531422403460894,0.8999999999999999,0.8999999999999999
1733715482.646017,1.0779252641130284,-0.13228352556497827,-0.03794616021031174,0.8999999999999999,0.8999999999999999
1733715482.746017,1.0609485585306209,-0.15083259244251584,-0.029171216640713205,0.8999999999999999,0.8999999999999999
1733715482.846017,1.0538925581998646,-0.16233526838753687,-0.03396564308035421,0.8999999999999999,0.8999999999999999
1733715482.9460168,1.0473252498436543,-0.18003199482966403,-0.0417183796220705,0.8999999999999999,0.8999999999999999
1733715483.0460167,1.0422361610460256,-0.1963905241293939,-0.04615877705256102,0.8999999999999999,0.8999999999999999
1733715483.1460166,1.040491925954907,-0.2108130055548342,-0.04340009637406615,0.8999999999999999,0.8999999999999999
1733715483.2460165,1.0384948861477519,-0.2275943146970367,-0.04198871181460907,0.8999999999999999,0.8999999999999999
1733715483.3460164,1.0390344944905683,-0.2347926533824363,-0.04997021965055746,0.8999999999999999,0.8999999999999999
1733715483.4460163,1.0395014021196103,-0.24010870372563384,-0.04924081395585026,0.8999999999999999,0.8999999999999999
1733715483.5460162,1.0326600582867338,-0.24824285251669545,-0.04337965034007769,0.8999999999999999,0.8999999999999999
1733715483.6460161,1.0136656995859556,-0.2592562852795033,-0.03118202501781149,0.8999999999999999,0.8999999999999999
1733715483.746016,1.000858065136718,-0.26789103506379625,-0.029189232745592472,0.8999999999999999,0.8999999999999999
1733715483.846016,0.992857945251697,-0.27445747806985715,-0.0340663276772501,0.8999999999999999,0.8999999999999999
1733715483.9460158,0.9839804485932553,-0.28193137455491163,-0.03216429191460624,0.8999999999999999,0.8999999999999999
1733715484.0460157,0.9715745811569997,-0.2879447224529255,-0.022432231199261618,0.8999999999999999,0.8999999999999999
1733715484.1460156,0.9596929588956068,-0.2897969948211717,-0.017348315994510734,0.8999999999999999,0.8999999999999999
1733715484.2460155,0.94170995570461,-0.29265344533776066,-0.01853203174254439,0.8999999999999999,0.8999999999999999
1733715484.3460155,0.9290324180732131,-0.2908544632644992,-0.02297402788406461,0.8999999999999999,0.8999999999999999
1733715484.4460154,0.9136734356903855,-0.2825794851617241,-0.02194831262387027,0.8999999999999999,0.8999999999999999
1733715484.5460153,0.899129094376484,-0.2711047522810565,-0.029897015254655702,0.8999999999999999,0.8999999999999999
1733715484.6460152,0.8912832974038617,-0.264163149041731,-0.02890051621009126,0.8999999999999999,0.8999999999999999
1733715484.746015,0.8771240496191904,-0.24687768229175927,-0.02730117405205447,0.8999999999999999,0.8999999999999999
1733715484.846015,0.8674986850735729,-0.23411966306993728,-0.02541980948234546,0.8999999999999999,0.8999999999999999
1733715484.946015,0.861240866631663,-0.21812923466079454,-0.020799155568421008,0.8999999999999999,0.8999999999999999
1733715485.0460148,0.8514887553218586,-0.20486201157766054,-0.014503346402279347,0.8999999999999999,0.8999999999999999
1733715485.1460147,0.8389173429486851,-0.18929827115944192,-0.016091134865470254,0.8999999999999999,0.8999999999999999
1733715485.2460146,0.8254897958481886,-0.17995715784584437,-0.019070069191155767,0.8999999999999999,0.8999999999999999
1733715485.3460145,0.8160057443304319,-0.15761596683358214,-0.015029487991696108,0.8999999999999999,0.8999999999999999
1733715485.4460144,0.8142722582290817,-0.14153949130885024,-0.015374141311684925,0.8999999999999999,0.8999999999999999
1733715485.5460143,0.823005657821403,-0.12267459326880857,-0.02298106537925124,0.8999999999999999,0.8999999999999999
1733715485.6460142,0.8359664780265301,-0.10672511197981908,-0.021425053497560277,0.8999999999999999,0.8999999999999999
1733715485.746014,0.8463598498216888,-0.09361493557343405,-0.016419553296631462,0.8999999999999999,0.8999999999999999
1733715485.846014,0.8528163667995212,-0.0793123899399579,-0.017450893843076187,0.8999999999999999,0.8999999999999999
1733715485.946014,0.8618891888623814,-0.060276623261647636,-0.022773077719218507,0.8999999999999999,0.8999999999999999
1733715486.0460138,0.8660746901909456,-0.041412696814684874,-0.019680765825735812,0.8999999999999999,0.8999999999999999
1733715486.1460137,0.871460617264604,-0.02484763315186876,-0.013056356188988311,0.8999999999999999,0.8999999999999999
1733715486.2460136,0.8798272732244868,-0.0032641581661001597,-0.015650663597225167,0.8999999999999999,0.8999999999999999
1733715486.3460135,0.8860347739367866,0.013388990925076762,-0.019205578053046343,0.8185274165522065,0.8185274165522065
1733715486.4460135,0.8932439294109555,0.036394153821854645,-0.019362883410776376,0.6386224668272442,0.6386224668272442
1733715486.5460134,0.8726298463696427,0.05731950386739149,-0.012415105412462905,0.4587175171022819,0.4587175171022819
1733715486.6460133,0.6865271993776709,0.07911833655228023,0.08085544560014783,0.27881256737731963,0.27881256737731963
1733715486.7460132,0.5331535937501183,0.0853230367207015,0.07221082932526773,0.09890761765235734,0.09890761765235734
1733715486.846013,0.41123624103898493,0.09576311344735546,0.009849658881976054,0.0,0.0
1733715486.946013,0.3550752633611913,0.11112282938097715,-0.012586820457852296,0.0,0.0
1733715487.0460129,0.32015991867908017,0.1240562309742574,-0.023621884380685493,0.0,0.0
1733715487.1460128,0.3237666518380461,0.13751727601813007,-0.023252396022275787,0.0,0.0
1733715487.2460127,0.3374178682202915,0.1502275347920989,-0.01587427360056992,0.0,0.0
1733715487.3460126,0.36173027358975074,0.16093460209657176,-0.015681981706426998,0.0,0.0
1733715487.4460125,0.3984640530743872,0.16944252854956335,-0.018433694392693486,0.0,0.0
1733715487.5460124,0.4295388048120853,0.1764771807027194,-0.01680146662362974,0.0,0.0
1733715487.6460123,0.4620010317336034,0.18548968612879232,-0.0038419229180126305,0.0,0.0
1733715487.7460122,0.47498751990849525,0.18943371577360882,0.0016113114859490677,0.0,0.0
1733715487.846012,0.48923436605434967,0.19996670331421754,0.001479083201531816,0.0,0.0
1733715487.946012,0.4925364977092359,0.20476076145605393,-0.0050871555074681,0.0,0.0
1733715488.046012,0.4859216081140975,0.20830653125995996,-0.00946864174606301,0.0,0.0
1733715488.1460118,0.4752788895612524,0.21031359729886825,-0.006360586424726623,0.0,0.0
1733715488.2460117,0.4552552010689035,0.21143947920195494,-0.0014099094036093772,0.0,0.0
1733715488.3460116,0.4409864396135831,0.20685610387146414,-0.0025852960915153803,0.0,0.0
1733715488.4460115,0.42103526027189186,0.19877107624534307,-0.00787884622016245,0.0,0.0
1733715488.5460114,0.39486229853122434,0.18976814585826174,-0.013805162765560354,0.0,0.0
1733715488.6460114,0.3656581194835333,0.18168369789782152,-0.021754408713845055,0.0,0.0
1733715488.7460113,0.35091101520010837,0.17806018306649285,-0.0255726122243622,0.0,0.0
1733715488.8460112,0.33375616564871313,0.17293820490954998,-0.022451554965543265,0.0,0.0
1733715488.946011,0.3249245110287175,0.16793589559896768,-0.01275556992514719,0.0,0.0
1733715489.046011,0.32252336833318385,0.16402646342689248,-0.0095354627834029,0.0,0.0
1733715489.1460109,0.3231685004249265,0.1573019092474874,-0.013274720180972912,0.0,0.0
1733715489.2460108,0.3287668588182545,0.1483228823219689,-0.01929921228707528,0.0,0.0
1733715489.3460107,0.33906598125915133,0.13988038584241777,-0.023301633321072858,0.0,0.0
1733715489.4460106,0.3525761049670714,0.13327171797098142,-0.024725297945652897,0.0,0.0
1733715489.5460105,0.36852538960379694,0.12897220023800843,-0.022939083448217826,0.0,0.0
1733715489.6460104,0.3857217256387736,0.12574123356628,-0.016023173131497963,0.0,0.0
1733715489.7460103,0.4000297658321471,0.12175237665354112,-0.007427924134919902,0.0,0.0
1733715489.8460102,0.408123570938816,0.11597943080000987,-0.004259631533442464,0.0,0.0
1733715489.94601,0.41106641245106595,0.11123856362516805,-0.00506771415774746,0.0,0.0
1733715490.04601,0.4107239998841014,0.10259941576422027,-0.004578882309939723,0.0,0.0
1733715490.14601,0.4060477668601102,0.09538794713027901,-0.003537313653399135,0.0,0.0
1733715490.2460098,0.40015750244833476,0.09039643173761475,-0.0029267198053414623,0.0,0.0
1733715490.3460097,0.3936204174964996,0.08585513511072472,-0.003763576025478921,0.0,0.0
1733715490.4460096,0.38964266450998153,0.08186379200271796,-0.006521409415571682,0.0,0.0
1733715490.5460095,0.3900057279445269,0.07765265603011351,-0.010168443732083594,0.0,0.0
1733715490.6460094,0.3904258662899095,0.07565960958253808,-0.01291863159261629,0.0,0.0
1733715490.7460093,0.3975884783911493,0.05257942903151658,-0.014947339556069139,0.0,0.0
1733715490.8460093,0.40562273641361185,0.04772571269609365,-0.015648248491976356,0.0,0.0
1733715490.9460092,0.4171056398456515,0.0445399957909997,-0.011955826056840042,0.0,0.0
1733715491.046009,0.4303241291870184,0.042806894088814544,-0.007464765322344533,0.0,0.0
1733715491.146009,0.44848447912785705,0.04071332782841741,-0.0025316859131835063,0.0,0.0
1733715491.2460089,0.4602826010690187,0.040609394489069764,0.0002969253112368582,0.0,0.0
1733715491.3460088,0.47104397408580034,0.039728128318837236,0.0011021175232433656,0.0,0.0
1733715491.4460087,0.4744779471122779,0.03890487621077931,-0.0008798837617637465,0.0,0.0
1733715491.5460086,0.46887191931838457,0.034929958507184874,-0.003669440616414106,0.0,0.0
1733715491.6460085,0.45894806113607445,0.03182692869559715,-0.005797613017884436,0.0,0.0
1733715491.7460084,0.4498769782844062,0.02877424178588345,-0.008372156196761342,0.0,0.0
1733715491.8460083,0.43571088696143306,0.025219816732782976,-0.012079612275629132,0.0,0.0
1733715491.9460082,0.4261058444024661,0.0237050060894833,-0.010988253063166016,0.0,0.0
1733715492.046008,0.42173270822995984,0.023799813293690526,-0.005450338161894486,0.0,0.0
1733715492.146008,0.42042924637796397,0.023637570967690667,0.0026894459602087623,0.0,0.0
1733715492.246008,0.4240537204054867,0.02346634828113623,0.007711502133050039,0.0,0.0
1733715492.3460078,0.43078620277982216,0.022129901031841773,0.005983897667312403,0.0,0.0
1733715492.4460077,0.44032208735386785,0.020572039360676447,-0.0004776006993425745,0.0,0.0
1733715492.5460076,0.45135271043536246,0.018723377176582425,-0.006825813843025005,0.0,0.0
1733715492.6460075,0.4573237053609816,0.017570270004962363,-0.008107831484710072,0.0,0.0
1733715492.7460074,0.4592102847105049,0.01630675925036365,-0.005704043830494884,0.0,0.0
1733715492.8460073,0.4548719418879613,0.015725200515912318,-0.002648249990707015,0.0,0.0
1733715492.9460073,0.4449304617229609,0.015015022896020276,-5.114812995989421e-05,0.0,0.0
1733715493.0460072,0.4238433919966514,0.014486311554103183,0.0057397681358997196,0.0,0.0
1733715493.146007,0.408564008319088,0.013858069707887801,0.007668382627170168,0.0,0.0
1733715493.246007,0.3988689295699439,0.013256106657147786,0.00721929936817542,0.0,0.0
1733715493.3460069,0.3910291212330794,0.011701472092843664,0.0017288384206580745,0.0,0.0
1733715493.4460068,0.38905304528572593,0.010716106780810834,-0.003909613408333205,0.0,0.0
1733715493.5460067,0.3877078977727659,0.009794328240307895,-0.009230406540802668,0.0,0.0
1733715493.6460066,0.38945319039505,0.009943439535509102,-0.011478988867593224,0.0,0.0
1733715493.7460065,0.39359739602204097,0.010836636127360057,-0.010137063647479648,0.0,0.0
1733715493.8460064,0.3983409051882868,0.01238645824614456,-0.006397351682934431,0.0,0.0
1733715493.9460063,0.40429509376534967,0.01370731901901437,-0.0003039309302274824,0.0,0.0
1733715494.0460062,0.4072300941159539,0.013138655487008224,0.003593838562553393,0.0,0.0
1733715494.146006,0.40436854282445095,0.010954167382197847,0.0060314090158420835,0.0,0.0
1733715494.246006,0.3977540264876615,0.009545372993628735,0.0062113374051583825,0.0,0.0
1733715494.346006,0.378534669839729,0.006706495913770321,0.0036683906353239476,0.0,0.0
1733715494.4460058,0.36689580063024385,0.005804719325821457,0.0017254724544478722,0.0,0.0
1733715494.5460057,0.3485865022402854,0.00497561545006639,-0.001959881066760993,0.0,0.0
1733715494.6460056,0.3393527356780684,0.004766743912814571,-0.001684766870613658,0.0,0.0
1733715494.7460055,0.33579185416634455,0.004367501994407691,0.0009955733786032885,0.0,0.0
1733715494.8460054,0.3365014485447397,0.004653561533260035,0.0017103865043905466,0.0,0.0
1733715494.9460053,0.3400794414502988,0.004991484889490911,0.0011643016250258733,0.0,0.0
1733715495.0460052,0.34407944351935965,0.005278770246546633,-0.00021438455656187309,0.0,0.0
1733715495.1460052,0.34968206828805865,0.004303648925145473,0.000780948573556537,0.0,0.0
1733715495.246005,0.35289222941422826,0.0026238815527847106,0.0020998206904015945,0.0,0.0
1733715495.346005,0.3533052910129424,-0.0002576288296444155,0.00543585083120474,0.0,0.0
1733715495.4460049,0.34770172473428274,-0.00171739963895676,0.004669131528100218,0.0,0.0
1733715495.5460048,0.3372455993378443,-0.0019495566349826635,0.0039020599132089926,0.0,0.0
1733715495.6460047,0.3234717362828508,-0.0006032187322896747,0.0055152685953010205,0.0,0.0
1733715495.7460046,0.3085563232791109,0.0010718723288962431,0.007757626788811357,0.0,0.0
1733715495.8460045,0.3007054435683524,0.0016067718182192344,0.007647625166019648,0.0,0.0
1733715495.9460044,0.29870859022059765,0.0011126106921369942,0.0056409308986906815,0.0,0.0
1733715496.0460043,0.30198412558612187,9.612696307916884e-05,0.003975961771057271,0.0,0.0
1733715496.1460042,0.3102426527879655,-0.0010132389884787518,0.0020435337574300034,0.0,0.0
1733715496.246004,0.3192125072469375,-0.0014283983097539824,0.0016358432404158314,0.0,0.0
1733715496.346004,0.3238294266855123,-0.0009963376568257758,0.003626517130334446,0.0,0.0
1733715496.446004,0.32393042471563027,0.0005072203943142868,0.008211459512315517,0.0,0.0
1733715496.5460038,0.3193840034948927,0.0026362558572084437,0.012338995379684317,0.0,0.0
1733715496.6460037,0.30984963742992233,0.0037390592401932783,0.01284754330273244,0.0,0.0
1733715496.7460036,0.30156826403635406,0.0030579771100420145,0.0090734107721387,0.0,0.0
1733715496.8460035,0.2917824048357719,0.0013790787252884059,0.0046287971015704634,0.0,0.0
1733715496.9460034,0.28354050518438845,-0.00041123225685391063,0.004157031172112261,0.0,0.0
1733715497.0460033,0.276395097418087,-0.0019130753296150256,0.00677846055395044,0.0,0.0
1733715497.1460032,0.2751053299602766,-0.0021427988124411456,0.006779959312252126,0.0,0.0
1733715497.2460032,0.2754677158280785,-0.0020700162292647825,0.00520424406562726,0.0,0.0
1733715497.346003,0.2784149742069019,-0.0011168199150193606,0.00667706402531562,0.0,0.0
1733715497.446003,0.2822706068522718,-0.0012974291557605064,0.006553495240805257,0.0,0.0
1733715497.5460029,0.2859878852683409,-0.0015410706846303902,0.005287736744451168,0.0,0.0
1733715497.6460028,0.2894121324306677,-0.0017034261001514974,0.005430025286505805,0.0,0.0
1733715497.7460027,0.28890252579764986,-0.00157252001982291,0.006852720838396357,0.0,0.0
1733715497.8460026,0.28227699230104325,-0.0009356987342420917,0.008415795494548657,0.0,0.0
1733715497.9460025,0.2722285048424265,0.00019556602407840278,0.009176037024339131,0.0,0.0
1733715498.0460024,0.2593249230591044,0.001034622011419775,0.008624123418477214,0.0,0.0
1733715498.1460023,0.24908259276724465,0.0005316645231567185,0.009381488550645238,0.0,0.0
1733715498.2460022,0.242235666542723,-0.0013461127974996692,0.010213113000798637,0.0,0.0
1733715498.346002,0.24185020120473058,-0.0030935059698156396,0.010530813508312382,0.0,0.0
1733715498.446002,0.24793028088442812,-0.005267498852270355,0.01018248708115395,0.0,0.0
1733715498.546002,0.25498765004475754,-0.006652129157285766,0.007569626571040054,0.0,0.0
1733715498.6460018,0.26403324005927703,-0.006786405313559771,0.0030957174089192054,0.0,0.0
1733715498.7460017,0.2695298215140092,-0.004308889527222623,-0.0003827660839831326,0.0,0.0
1733715498.8460016,0.2689708174193992,-0.0002231974103763437,0.0011159086026509314,0.0,0.0
1733715498.9460015,0.2603446050296645,0.005215652418015053,0.008943024496775776,0.0,0.0
1733715499.0460014,0.25483057377504276,0.006667722468220257,0.01196290557889098,0.0,0.0
1733715499.1460013,0.2397399125598743,0.004566106532074528,0.012401795201193416,0.0,0.0
1733715499.2460012,0.2310046154415551,0.0009195503221799332,0.010252598954737069,0.0,0.0
1733715499.3460011,0.22421556947328697,-0.0035691521696708567,0.007818283204553828,0.0,0.0
1733715499.446001,0.2220121033571278,-0.006543133637456085,0.006278916048640973,0.10865506863392801,0.12298260295089194
1733715499.546001,0.22759567723729607,-0.0068618179111766655,0.005577085057587663,0.22379888770053474,0.12240222459893056
1733715499.6460009,0.25081311468238826,-0.005769825624286902,-0.010018104669275975,0.2691842167815546,0.1281973694635923
1733715499.7460008,0.28290083181354597,-0.003110669593840159,-0.04202089772395056,0.3564083023053158,0.1624083023053156
1733715499.8460007,0.33057972092879157,0.0012541539533469424,-0.09216777444827798,0.382173931936242,0.19836232198937365
1733715499.9460006,0.38371251492732866,0.005732282250593096,-0.1401531217153027,0.453094181912772,0.256
1733715500.0460005,0.42591463810200714,0.007907945741930572,-0.17410874932411638,0.486,0.252
1733715500.1460004,0.47294699192092443,0.008202924303288207,-0.21776231952036537,0.5286275325813165,0.252
1733715500.2460003,0.5115769635296769,0.006083395313100091,-0.24677117130942408,0.6140000000000001,0.2522180107844295
1733715500.3460002,0.5645830468172947,0.0030766946368233033,-0.2847799439514035,0.6003188352445288,0.30631883524452874
1733715500.446,0.6050834444694939,0.003980961559696057,-0.3098511251780853,0.6043299831365937,0.32016499156829686
1733715500.546,0.6564642736697601,0.006938692047488417,-0.3199316037615221,0.6100000000000001,0.3159010440497484
1733715500.646,0.6991212540845729,0.00953039058334406,-0.32407865298393274,0.6202021444972025,0.31240428899440476
1733715500.7459998,0.7467327430506694,0.012030728692760763,-0.3317661361012944,0.634424895433781,0.3586373431506718
1733715500.8459997,0.8188885829934325,0.016509114132740036,-0.3360369992490123,0.678133479256602,0.3621334792566021
1733715500.9459996,0.8618848168918148,0.01797637891928282,-0.34068753400143303,0.6880486396303901,0.3660000000000001
1733715501.0459995,0.9230911414202742,0.022870648170943413,-0.3567142832068531,0.7715488257590559,0.3308720643976399
1733715501.1459994,1.004867338145082,0.03002189532922892,-0.4051589672925981,0.7704305472961308,0.3035694527038693
1733715501.2459993,1.0488369728151066,0.03928282472434012,-0.4376540199164354,0.7746168157423972,0.30000000000000004
1733715501.3459992,1.099046114774858,0.0492745463758286,-0.45350482307372797,0.8110672163018434,0.2996442612327189
1733715501.4459991,1.1352861176122535,0.055821842075190906,-0.45620676755397466,0.8220000000000001,0.16048547591498682
1733715501.545999,1.1570457331251975,0.060996430571484295,-0.4624745652972838,0.8223030745087638,0.0
1733715501.645999,1.1747039313187033,0.06911271698183136,-0.4884094180579559,0.8440000000000001,0.0
1733715501.7459989,1.1928940423648617,0.0778484195041171,-0.5065964396428257,0.8420000000000001,0.0
1733715501.8459988,1.206344257386393,0.08568940085332204,-0.5094890633055563,0.8460000000000001,-0.09599999999999997
1733715501.9459987,1.2059122915414264,0.08759527925252197,-0.51454379113967,0.8280000000000001,0.0
1733715502.0459986,1.2050869776579929,0.08944912795041185,-0.522966538009435,0.8320000000000001,0.0
1733715502.1459985,1.2033714834438405,0.08865188596777107,-0.5269643485328345,0.8340000000000001,-0.09986868112646491
1733715502.2459984,1.1964805383858332,0.08606155844026923,-0.5345487127506839,0.8380000000000001,-0.09999999999999998
1733715502.3459983,1.1938432822859208,0.08346191946924314,-0.5466862822037664,0.8320000000000001,0.0
1733715502.4459982,1.1980766499384234,0.07527510884154505,-0.5571858098962699,0.8280000000000001,0.0
1733715502.545998,1.2002665228065266,0.0649829624023889,-0.5539801938020933,0.8280000000000001,0.0
1733715502.645998,1.2077387100763233,0.05465972468411845,-0.5432525796657413,0.8380000000000001,0.0
1733715502.745998,1.2181471063263398,0.047352107108556446,-0.5441238864315225,0.8400000000000001,0.01688739450590096
1733715502.8459978,1.2319475023170372,0.04520202680108482,-0.5620599040363069,0.8167345454545455,0.1526327272727272
1733715502.9459977,1.2435646297356717,0.05644724880539663,-0.5708777812504527,0.7389874326750449,0.22250628366247754
1733715503.0459976,1.2372444332297046,0.07462932916510609,-0.5046186061481182,0.6277193175362398,0.2929878497993293
1733715503.1459975,1.2128781826125987,0.0867099003427379,-0.40098274458094146,0.43631121281464524,0.3426320874650395
1733715503.2459974,1.1725139124991257,0.09830855898315212,-0.262151723898835,0.21062015964505712,0.382197120050706
1733715503.3459973,1.1259242934046956,0.10240090074394313,-0.11666712150173754,0.0,0.43599999999999994
1733715503.4459972,1.0866330331437273,0.09468067102263292,0.012242632607870445,0.0,0.4550234741784037
1733715503.5459971,1.0621658124998585,0.07254545910693254,0.1053771837393723,0.0,0.4818696194886249
1733715503.645997,1.037992305305526,0.04088895803870029,0.1749859506020292,-0.09248316725020196,0.478
1733715503.745997,1.010132267025808,0.007800588247281064,0.21185691773794216,-0.11599999999999999,0.4801547940679119
1733715503.8459969,0.9806157147576446,-0.025927391759605324,0.23403927757476214,-0.118,0.48018995649564955
1733715503.9459968,0.9611313876362468,-0.04532317283868793,0.24185644016225583,-0.10568850043398395,0.476
1733715504.0459967,0.9432988140315658,-0.06011940407132165,0.25265826592036783,-0.13314194084808173,0.48019032347468027
1733715504.1459966,0.9221816423053809,-0.0608383775427688,0.27628891370607905,-0.1663269808635142,0.484
1733715504.2459965,0.9125500048486543,-0.055162930193626204,0.3092441580624775,-0.2170219200435137,0.49834064001450457
1733715504.3459964,0.9042463147357923,-0.05179393316630754,0.34205795435656283,-0.26420368932038835,0.502
1733715504.4459963,0.8798671269054918,-0.05157702472062581,0.4347286942696165,-0.2882240424370076,0.496
1733715504.5459962,0.8483920339132017,-0.0588982302829848,0.5192401597853811,-0.304308083882034,0.518308083882034
1733715504.645996,0.8218239464993081,-0.06659753326776928,0.580037342943551,-0.31418040342371456,0.528
1733715504.745996,0.7836490224424413,-0.0863188005103726,0.6566705790392281,-0.33019882222610925,0.526
1733715504.845996,0.7442588247312573,-0.10548875584841083,0.7092618486795051,-0.3542808701795062,0.5342808701795062
1733715504.9459958,0.6934552161135649,-0.12293935307469911,0.7372376100591189,-0.3876725942445762,0.54
1733715505.0459957,0.6420887508616553,-0.13940159977371416,0.7697498873594719,-0.27595723059072996,0.5324377363019864
1733715505.1459956,0.5998341447109157,-0.1553355157550673,0.8031445342872261,0.0,0.5733187374173139
1733715505.2459955,0.58872737763053,-0.16094150231570084,0.7874133827820748,0.009012652581207682,0.558
1733715505.3459954,0.5814445567133539,-0.16042243942799017,0.7151541518870841,0.26003481402088047,0.538
1733715505.4459953,0.5902070722662129,-0.15423019002674873,0.6459348929333951,0.30708531838414693,0.5374390330210642
1733715505.5459952,0.6225087921275596,-0.13989054173979196,0.5419854378477477,0.4208262643399579,0.5321652528679917
1733715505.6459951,0.6653956465984101,-0.1191571535100374,0.42133724507765413,0.44445039924753343,0.538
1733715505.745995,0.7073133483422497,-0.09570462806118178,0.3106311459847678,0.4630275627451661,0.558
1733715505.845995,0.7649796094519022,-0.06762289981050723,0.2142862273312563,0.492,0.558
1733715505.9459949,0.8017820885469705,-0.053232525045152246,0.17527210955626954,0.502,0.56
1733715506.0459948,0.8381367963269493,-0.04320357784727737,0.14616898285881613,0.5145580792712853,0.5578139735762383
1733715506.1459947,0.8639569688685514,-0.037344149800361895,0.12516099731250865,0.5426605365915103,0.5673394634084898
1733715506.2459946,0.8961338461540347,-0.029678702588021383,0.0945861659870174,0.5229692114660747,0.5940000000000001
1733715506.3459945,0.9131894159515513,-0.0211891291020701,0.06871661263348255,0.47593430371187584,0.5963442827146874
1733715506.4459944,0.9220648759149815,-0.013423826124235014,0.06185924696493093,0.39448234780191405,0.6123794130495216
1733715506.5459943,0.9219581799271691,-0.007012907681355002,0.06889144660580482,0.1955679050408509,0.652202674579929
1733715506.6459942,0.9110583558428137,-0.0006874057491915179,0.10775488013710725,0.0,0.6643349517211281
1733715506.745994,0.8950995770647465,0.002110553755781156,0.18653279097321174,0.0,0.6839999999999999
1733715506.845994,0.8909175047520344,0.002634506078929527,0.2763730427643794,-0.1088164858481124,0.6881632971696224
1733715506.945994,0.8885706230455346,0.001710665491801385,0.32406744435505175,-0.20844680979984243,0.7002978731998949
1733715507.0459938,0.8843349361035524,0.0003123160093276034,0.37742855913876183,-0.19668904686677194,0.727310953133228
1733715507.1459937,0.8898568499851357,-0.005715621099472581,0.4424228748925965,-0.17648047458320554,0.7321201186458014
1733715507.2459936,0.8977818756679686,-0.01471867748680152,0.5295944677121057,-0.1563782848276274,0.7256396188505838
1733715507.3459935,0.9014300117647336,-0.02714880914045256,0.6023961165781552,-0.10949219526454251,0.718
1733715507.4459934,0.9073558727458567,-0.03493897447668816,0.6318443346974308,0.0,0.7116618705035971
1733715507.5459933,0.9220649385967598,-0.04238922606786845,0.6342755930928613,0.21344542772861352,0.696
1733715507.6459932,0.9297190997527767,-0.04862920833844747,0.6103548566860886,0.32068617396069843,0.69
1733715507.7459931,0.9532682894664548,-0.05363612255912402,0.5622740977730699,0.37219846587047295,0.6659999999999999
1733715507.845993,0.9814242634091304,-0.053867944320589244,0.46302285149391514,0.3732657275288559,0.6663671362355721
1733715507.945993,0.9974281706175501,-0.04910418739047623,0.38101422860514317,0.3660000000000001,0.6659999999999999
1733715508.0459929,1.009711101171472,-0.04202787492765102,0.3200916444590797,0.3867398267884683,0.6399999999999999
1733715508.1459928,1.01806073960837,-0.0355631351561336,0.27164245652977753,0.5352682878880217,0.5690921422533274
1733715508.2459927,1.0364679315315841,-0.033336371717940114,0.18640073523460296,0.821231031873824,0.32056379614720554
1733715508.3459926,1.0695234364589883,-0.0319699683604287,0.026541479138738926,0.8218519245951516,0.15111154757090858
1733715508.4459925,1.092527245314163,-0.023459957377048254,-0.21433989672129972,0.8160000000000001,0.0
1733715508.5459924,1.1030421122880074,-0.01055346751793029,-0.3609242537647136,0.792,0.0
1733715508.6459923,1.104663208318817,0.010415844241391678,-0.4312299821861343,0.7713436143614362,0.0
1733715508.7459922,1.106391349886939,0.018281194580245644,-0.43444622213317496,0.756,0.0
1733715508.845992,1.1096664638517082,0.023619499371348204,-0.4252531402514707,0.76,0.0
1733715508.945992,1.1150237539657624,0.022170704148851746,-0.42243741608346613,0.7618175385686116,0.0
1733715509.045992,1.117593048380221,0.020972328135395662,-0.4219233108884424,0.7138271190870284,0.0
1733715509.1459918,1.1116861351160299,0.017843128420435492,-0.4175948797300025,0.7263359326867221,0.0
1733715509.2459917,1.1088976753075148,0.01292939407175662,-0.4206756217400849,0.711357345747199,0.13707109042133492
1733715509.3459916,1.1047004617753828,0.009773298178557823,-0.44530095754884785,0.712,0.22811660897792282
1733715509.4459915,1.1119644719879072,0.0103122764596615,-0.4460619246100669,0.712,0.266
1733715509.5459914,1.1254753224092586,0.010282552029343526,-0.4106391789958056,0.69,0.40141063640848534
1733715509.6459913,1.1396511125131128,0.01200779128334769,-0.3676725864063951,0.6533561696559156,0.47864383034408436
1733715509.7459912,1.1521325216832472,0.016259220206987245,-0.29559877484522157,0.6499999999999999,0.5026677872363499
1733715509.8459911,1.1622268114053806,0.017827253796004423,-0.2379428007412624,0.6479999999999999,0.536
1733715509.945991,1.1767145178332399,0.01692603842606344,-0.19504047672602545,0.690192676932126,0.496
1733715510.045991,1.1998477082684817,0.013569545121574472,-0.17331815937097445,0.6911680664193877,0.5110399169757653
1733715510.1459908,1.2159758262643794,0.012258265388744591,-0.17479323296101407,0.6719999999999999,0.5662121297179963
1733715510.2459908,1.2338410934317336,0.011624741584682883,-0.16304846881695095,0.6819999999999999,0.6716043973583926
1733715510.3459907,1.281825970345483,0.010157738908480048,-0.11068292301496786,0.6731388547937732,0.6599999999999999
1733715510.4459906,1.2994660209725113,0.008537869793842367,-0.07973601254916293,0.6459999999999999,0.6591861203624815
1733715510.5459905,1.3188875649558538,0.004545998567523449,-0.04066554910744195,0.6519999999999999,0.6519999999999999
1733715510.6459904,1.337550817955769,0.002171117796048521,-0.0267535681690171,0.6296698492370923,0.6579999999999999
1733715510.7459903,1.3514650781610926,0.0001439570603980919,-0.01991813559782371,0.6140000000000001,0.6539999999999999
1733715510.8459902,1.359631333377238,0.00034286134330895377,-0.011208684109201424,0.6040000000000001,0.6559999999999999
1733715510.94599,1.3658888913816416,-0.0004274298694265424,-0.002391584919858608,0.5942050184417224,0.6557949815582776
1733715511.04599,1.3704902591744648,-0.0023194912740817954,0.006579410785362209,0.6000000000000001,0.6541612916165261
1733715511.14599,1.374542532228704,-0.0055388907662055915,0.007863754229856072,0.5980000000000001,0.6641659042033234
1733715511.2459898,1.37786875165814,-0.006643508246897878,0.006817840060001683,0.6020000000000001,0.6759999999999999
1733715511.3459897,1.3841262195248405,-0.005823951641002089,0.01662113316142144,0.6000000000000001,0.6839999999999999
1733715511.4459896,1.394491632617482,-0.006790167279229017,0.02947376755221537,0.6000000000000001,0.679849833619038
1733715511.5459895,1.405943911946753,-0.007967780206074268,0.029719680634765773,0.595667972733616,0.6686640545327679
1733715511.6459894,1.4126653733099448,-0.0068644237816275116,0.020525851970298624,0.5940000000000001,0.676188366420086
1733715511.7459893,1.4208733424692408,-0.006379272260483565,0.022230336470141974,0.5940000000000001,0.6819999999999999
1733715511.8459892,1.4279789664244242,-0.00594293824296778,0.027831348166835076,0.5940000000000001,0.69
1733715511.9459891,1.4341410360234335,-0.006733423243266948,0.030897425935349384,0.5938709368069847,0.692
1733715512.045989,1.4463149515554141,-0.01074711612378681,0.03892477789840756,0.5940000000000001,0.6778159068482336
1733715512.145989,1.4503896337359312,-0.014336809343261056,0.035821512963428996,0.5960000000000001,0.6678918094924192
1733715512.2459888,1.4507062742683705,-0.013530890491533259,0.03394243006007384,0.5981936766522545,0.6639999999999999
1733715512.3459888,1.4459384993835018,-0.012625286247456867,0.031300175706173,0.6143270056213072,0.6633459887573857
1733715512.4459887,1.4457216612269277,-0.01291650175493686,0.020651596664912664,0.6158442595006519,0.6559999999999999
1733715512.5459886,1.446593754723079,-0.01229646740817336,0.012810756170171517,0.5916298406111479,0.6719999999999999
1733715512.6459885,1.4460152746562709,-0.012222439459494387,0.020294525806471873,0.6000000000000001,0.6618379003306086
1733715512.7459884,1.4425519086879783,-0.013855956885093659,0.03371658678623167,0.5760000000000001,0.6759999999999999
1733715512.8459883,1.4397110044678632,-0.017495338751763945,0.05627187383523975,0.5700000000000001,0.6779999999999999
1733715512.9459882,1.4359185695579724,-0.02164478953812858,0.06862265242444401,0.575586225006565,0.682413774993435
1733715513.045988,1.432889423038859,-0.024174988662345576,0.06654725144024348,0.5601694340225114,0.696
1733715513.145988,1.4304840202429177,-0.026271858555594895,0.0698899541996259,0.5543287064976866,0.69
1733715513.245988,1.4305365698150185,-0.028314585761453053,0.07131519133720068,0.558,0.6839999999999999
1733715513.3459878,1.431762335866635,-0.029346710999847595,0.0668911780190238,0.56,0.678196463959588
1733715513.4459877,1.4278796416066963,-0.026644242846828387,0.05836366207809613,0.5576543533523992,0.6983456466476008
1733715513.5459876,1.4248726186259124,-0.022930634293443213,0.050764520133372154,0.556,0.6958288979968827
1733715513.6459875,1.4245577257256,-0.022559890495168284,0.0602316647943046,0.5455026419292043,0.6918342139764013
1733715513.7459874,1.4179566777667865,-0.027920054305598897,0.06865370782365186,0.54,0.694
1733715513.8459873,1.4102761802904549,-0.031602576366733096,0.07956488690603902,0.528,0.702
1733715513.9459872,1.404089933421235,-0.032350277661467315,0.08088344825777326,0.528,0.706
1733715514.0459871,1.4006635100649432,-0.03349699928114301,0.08355590554607376,0.5320089154938547,0.71
1733715514.145987,1.3962129896860487,-0.0359072582378647,0.09585210445216501,0.5274902750125802,0.722
1733715514.245987,1.3902184757286808,-0.038353905469084376,0.10589451554050196,0.5176851691240243,0.7121574154379878
1733715514.3459868,1.3793103356571221,-0.040648259541023885,0.10904513386708398,0.5018460355732607,0.7100754097214942
1733715514.4459867,1.3667773406334631,-0.040979668127632284,0.10795761913256947,0.5221067300596725,0.6889525580228947
1733715514.5459867,1.361053515972581,-0.04169551576581645,0.1079477297949029,0.5423674245460843,0.6678297063242952
1733715514.6459866,1.3556540871417935,-0.03968104248577235,0.11201095588457746,0.5626281190324962,0.6467068546256955
1733715514.7459865,1.349497361721748,-0.03847087312357077,0.11931948753703746,0.582888813518908,0.625584002927096
1733715514.8459864,1.3354974298455804,-0.03919502034645646,0.10522684735555762,0.6030293658182658,0.5701172821232287
1733715514.9459863,1.3176225130069181,-0.04166405942502446,0.027538233362642023,0.6230240171310538,0.47294327674307857
1733715515.0459862,1.304476415132475,-0.03872262372561292,-0.05339743838541625,0.6430186684438419,0.3757692713629285
1733715515.145986,1.2889142531374584,-0.029501597546924614,-0.1517566608050333,0.6630133197566299,0.27859526598277834
1733715515.245986,1.2778431836505064,-0.022406652040141094,-0.22520176381783757,0.683007971069418,0.1814212606026282
1733715515.345986,1.2589061053519655,-0.011780427885602103,-0.2977523975334027,0.6920212436316494,0.13915299043979412
1733715515.4459858,1.241576851250106,-0.005502075772294503,-0.3235318754418621,0.6876264637621383,0.16392356788612902
1733715515.5459857,1.2221612049032538,0.0026104211645691607,-0.345832159943457,0.6832316838926273,0.18869414533246393
1733715515.6459856,1.2058240497459334,0.00830837434270986,-0.3632761926558793,0.6788369040231162,0.2134647227787988
1733715515.7459855,1.203032463720127,0.00968268455656252,-0.3752220245208706,0.6744421241536053,0.23823530022513373
1733715515.8459854,1.2046021219915075,0.005871082938177694,-0.35598891233353813,0.6679108370734983,0.27049012801548566
1733715515.9459853,1.2086138135485878,-0.0008033318911697986,-0.31652182768602777,0.6587074886459418,0.31210526873139355
1733715516.0459852,1.2182372612160235,-0.00570405596786709,-0.282629321505605,0.6495041402183852,0.35372040944730143
1733715516.1459851,1.228574793691854,-0.011253472908166173,-0.24731217819322338,0.6403007917908285,0.3953355501632093
1733715516.245985,1.2304860252703076,-0.015453211232662405,-0.2135926553362701,0.631097443363272,0.4369506908791172
1733715516.345985,1.228164645495687,-0.017940720534099737,-0.186222685175747,0.6238589458026621,0.46214105419733775
1733715516.4459848,1.2219251999220233,-0.01812757926857766,-0.15460024583918325,0.619059792516877,0.46694020748312287
1733715516.5459847,1.2150180893786067,-0.01680835599322791,-0.13789685074886823,0.614260639231092,0.47173936076890804
1733715516.6459846,1.206781274473474,-0.014288377647204507,-0.12690697042740445,0.6094614859453069,0.47653851405469316
1733715516.7459846,1.2084625713893737,-0.015457293469949894,-0.11048091830006752,0.6046623326595217,0.4813376673404783
1733715516.8459845,1.2148016126581485,-0.01790148083829432,-0.10028856015759068,0.6020000000000001,0.48417818901769955
1733715516.9459844,1.2219630395769334,-0.01974295934156352,-0.09378167963405644,0.6020000000000001,0.4845783893898192
1733715517.0459843,1.2274655760646964,-0.020242536122802628,-0.0963040641366697,0.6020000000000001,0.4849785897619388
1733715517.1459842,1.2335405677197706,-0.02042406039774526,-0.09827348536355829,0.6020000000000001,0.4853787901340585
1733715517.245984,1.2406469684354664,-0.02019553530814846,-0.09612819534000237,0.6020000000000001,0.4857789905061781
1733715517.345984,1.248570320817442,-0.018443651731924682,-0.09709074286665294,0.6005665516180354,0.4868959052387279
1733715517.445984,1.2631856337126828,-0.016212750932550753,-0.09556065594041356,0.5973651242835302,0.4888967973227937
1733715517.5459838,1.2723021831714152,-0.01522268166542856,-0.08997256965103155,0.5941636969490248,0.4908976894068595
1733715517.6459837,1.2746119008588506,-0.014208789288756832,-0.07918559540479368,0.5909622696145196,0.4928985814909253
1733715517.7459836,1.2776291933838761,-0.013478407094832761,-0.06557958423557611,0.5877608422800142,0.4948994735749911
1733715517.8459835,1.279659934522552,-0.0131655212780655,-0.06277171294587129,0.5870798566759404,0.4963599522253134
1733715517.9459834,1.2858981414011352,-0.013707298525380683,-0.06867230650458989,0.5894796335366858,0.49715987784556187
1733715518.0459833,1.2903988319389885,-0.012909624458944132,-0.07398264407521028,0.5918794103974311,0.49795980346581037
1733715518.1459832,1.2909850748370213,-0.009131815967654196,-0.07439342631628634,0.5942791872581765,0.4987597290860588
1733715518.2459831,1.2909938268257641,-0.006640383602259133,-0.07719378405285363,0.5966789641189219,0.49955965470630725
1733715518.345983,1.2913690297969571,-0.0049719782430666555,-0.07885211552333032,0.5976403262113698,0.4989209786341091
1733715518.445983,1.2935729943917254,-0.004153278199252512,-0.07744766769762025,0.5968401926745518,0.49652057802365507
1733715518.5459828,1.2964703877165604,-0.003919054674618773,-0.07181445304119476,0.5960400591377337,0.4941201774132011
1733715518.6459827,1.2980953302469336,-0.004107375736109215,-0.0724918653419404,0.5952399256009158,0.49171977680274703
1733715518.7459826,1.2943515868489253,-0.0059887509136251895,-0.07634124140172693,0.5944397920640978,0.489319376192293
1733715518.8459826,1.2913490860623773,-0.009279588253811906,-0.08380461186251212,0.5925593507235767,0.4899808927550822
1733715518.9459825,1.294672591679281,-0.008813379814561621,-0.08227336260743688,0.5893604078093547,0.49437943926213734
1733715519.0459824,1.2993898018932553,-0.007670810880496434,-0.07600083981470535,0.5861614648951329,0.49877798576919247
1733715519.1459823,1.2946310574832955,-0.009192233734638674,-0.073806039095284,0.5829625219809109,0.5031765322762476
1733715519.2459822,1.2916155477190192,-0.008298348714917022,-0.06902172100557932,0.5797635790666891,0.5075750787833027
1733715519.345982,1.291961601452411,-0.006063461182657355,-0.06784652935212668,0.5760261535997193,0.5116149652365933
1733715519.445982,1.294579660114547,-0.0058996686853917185,-0.07104777931761236,0.5716271143130652,0.5152141791984013
1733715519.545982,1.2972436285543765,-0.006130555901856877,-0.0703147386141784,0.5672280750264111,0.5188133931602091
1733715519.6459818,1.2956191220584554,-0.007535631463966817,-0.06613995821387343,0.562829035739757,0.5224126071220171
1733715519.7459817,1.287696791509353,-0.008313674128149071,-0.06336422797973884,0.5584299964531029,0.526011821083825
1733715519.8459816,1.2837151456939013,-0.007561711945927355,-0.05556187073524708,0.5565372414223992,0.5287163218965323
1733715519.9459815,1.2861259476269413,-0.006170827971495641,-0.04904980983607394,0.5577374926730485,0.5303166568973979
1733715520.0459814,1.290598301968768,-0.0030499154933203345,-0.046784888719054916,0.5589377439236977,0.5319169918982636
1733715520.1459813,1.2919997114307837,-0.0016035454083487659,-0.053620634292065435,0.5601379951743469,0.5335173268991292
1733715520.2459812,1.2929540482370687,-0.001448956567045366,-0.05501959337929479,0.5613382464249962,0.5351176618999949
1733715520.3459811,1.2911651858891944,-0.004165309370195708,-0.04740209992257082,0.5623589318582806,0.536
1733715520.445981,1.2915509556637517,-0.00750990170041674,-0.03764001466205534,0.5631589509322398,0.536
1733715520.545981,1.2957662746771874,-0.010469455618018092,-0.0339735671933139,0.5639589700061991,0.536
1733715520.6459808,1.295616373080936,-0.012180802255897249,-0.03788712042749372,0.5647589890801584,0.536
1733715520.7459807,1.2933614718141035,-0.01039213696329572,-0.04163714901125593,0.5655590081541176,0.536
1733715520.8459806,1.2894933590911544,-0.010078040884073821,-0.03996804192652725,0.5668968961785816,0.5358206207642837
1733715520.9459805,1.2892943129225622,-0.008831473785187553,-0.044023099857307686,0.5688954466898337,0.5354209106620333
1733715521.0459805,1.291502180275341,-0.01009987920968816,-0.05357432159816259,0.5708939972010859,0.5350212005597829
1733715521.1459804,1.2920754252739748,-0.011357986459892435,-0.05578702781197703,0.572892547712338,0.5346214904575325
1733715521.2459803,1.2928243001006852,-0.011842200708086939,-0.05650368737286236,0.5748910982235902,0.534221780355282
1733715521.3459802,1.293661698436279,-0.01202739058219888,-0.05780063772604026,0.571245596130981,0.5365600636217795
1733715521.44598,1.2893299303704335,-0.011187207363054657,-0.05357104057252378,0.5605650703110768,0.5423111159863433
1733715521.54598,1.2857392048798322,-0.01214406305170335,-0.04115635412916063,0.5503682511320027,0.548
1733715521.64598,1.2859343584513812,-0.013335236691000193,-0.03343087805990275,0.554,0.5640000000000001
1733715521.7459798,1.2865525967158136,-0.016177693716526755,-0.0314489204740217,0.5338538030047464,0.5740000000000001
1733715521.8459797,1.2847215239248426,-0.017599867910500114,-0.027733546348154805,0.522,0.5660000000000001
1733715521.9459796,1.2829667984635538,-0.0200904660440825,-0.018549505280166204,0.514,0.5741111246993601
1733715522.0459795,1.2825371972356916,-0.01859824906589536,-0.009946951900496475,0.518,0.5901655277739707
1733715522.1459794,1.2852692791071805,-0.01670589061018926,0.001653626448688644,0.5158438105898578,0.6043123788202843
1733715522.2459793,1.2907836359942146,-0.015422453483805162,0.012111424825984733,0.482,0.6160000000000001
1733715522.3459792,1.293857393047536,-0.015882349253509905,0.03467639221247472,0.48168148666200417,0.6020000000000001
1733715522.445979,1.293670940236015,-0.01611247836872511,0.04360252319867338,0.48819802592184813,0.6020000000000001
1733715522.545979,1.2939952798339762,-0.01722303549863784,0.04836121092434681,0.5040504005340454,0.6000000000000001
1733715522.645979,1.299466027798827,-0.018347839130492396,0.0541034886883361,0.516,0.6023097437483091
1733715522.7459788,1.3049438735542787,-0.018436025210646776,0.05154836443487897,0.5039688072612605,0.6219688072612606
1733715522.8459787,1.3058250998640208,-0.018013075808204167,0.04743741328370365,0.4957051094890511,0.6220000000000001
1733715522.9459786,1.3024568872076991,-0.014374620251019616,0.049257625688471515,0.478,0.6259999999999999
1733715523.0459785,1.2960790498867722,-0.012245965820830571,0.0666201314572736,0.47817775801399787,0.6321777580139978
1733715523.1459785,1.2936675552014494,-0.011480001791991849,0.07940653667281854,0.488,0.6379999999999999
1733715523.2459784,1.2921648073994938,-0.012874256589757261,0.09275950559660488,0.46983223974521315,0.6299999999999999
1733715523.3459783,1.2879957669745954,-0.01422776117604176,0.09846950047557286,0.4502895356086965,0.579420928782607
1733715523.4459782,1.2682388085634777,-0.016839494117239708,0.09307033249912622,0.4214517122188013,0.5278172374062672
1733715523.545978,1.244596899168663,-0.018313392117463283,0.07532058282989475,0.4015537432456862,0.48766530743426467
1733715523.645978,1.2232545079028823,-0.019448125119144788,0.06489325181336834,0.3819999999999999,0.4274512231652521
1733715523.7459779,1.1930782885917117,-0.020805683961857287,0.044383725854553975,0.3578491581149747,0.4078491581149745
1733715523.8459778,1.1713057212794866,-0.02013826655448398,0.03193224722742864,0.3480000000000001,0.391672914732663
1733715523.9459777,1.1466759497604013,-0.017940565312454086,0.026951853282280534,0.3460000000000001,0.3819999999999999
1733715524.0459776,1.1311600855335806,-0.017359781872903848,0.026098158282443638,0.3602611578075057,0.3858694210962471
1733715524.1459775,1.1201949189794986,-0.016737897198560777,0.024645486869012117,0.3701491909821998,0.4131935278575974
1733715524.2459774,1.119421739272497,-0.015186652525931283,0.027426578446315228,0.4019999999999999,0.472
1733715524.3459773,1.1299666204257433,-0.017374075266111264,0.040614144967720714,0.4481948287220026,0.504
1733715524.4459772,1.1402839269337823,-0.019666606821108424,0.045142014645943807,0.49052618979766316,0.516
1733715524.545977,1.15461294667202,-0.019786477764926057,0.04354668011709089,0.486,0.522
1733715524.645977,1.1671764394591284,-0.020039593096115013,0.036827999729470894,0.486,0.53
1733715524.745977,1.1799181761327162,-0.016565497570257912,0.03253194321260544,0.4881434685775152,0.5358565314224848
1733715524.8459768,1.188236719429497,-0.011897666423831273,0.03643111373091002,0.5003137870786627,0.5341568935393314
1733715524.9459767,1.1934294437397448,-0.009062523657389706,0.04057264724202378,0.49386204451447707,0.540137955485523
1733715525.0459766,1.1937147448447427,-0.011143167905571004,0.039327050561477624,0.4761490586401247,0.55
1733715525.1459765,1.191997187035813,-0.01742302002826749,0.041357526588882886,0.5,0.5441380215166624
1733715525.2459764,1.1927257106319211,-0.021829962668503622,0.03696053880735106,0.5001339115351258,0.5700000000000001
1733715525.3459764,1.196041842308569,-0.02224172535683515,0.03553246267136235,0.5139395033298064,0.5660000000000001
1733715525.4459763,1.2003810153326617,-0.02011737845610179,0.03624754516258288,0.504,0.5680000000000001
1733715525.5459762,1.2046069174141267,-0.015184718956291435,0.03215493227845514,0.5141689524074922,0.5738310475925079
1733715525.645976,1.2115038416256732,-0.009552775596416227,0.03231097267658947,0.532130658540031,0.5781306585400311
1733715525.745976,1.2195659955396085,-0.00787485777967366,0.03243484996770615,0.538,0.5840376794754752
1733715525.8459759,1.230619922449194,-0.008746780001538315,0.031513275568075406,0.534,0.5920000000000001
1733715525.9459758,1.2418066670885,-0.011196984919478294,0.03961517486092954,0.514190187204279,0.5940950936021395
1733715526.0459757,1.2467589610739147,-0.012333621818159383,0.0485990291032452,0.5002387666759487,0.5960000000000001
1733715526.1459756,1.2504205454685977,-0.01255724472286275,0.05445102922033978,0.504,0.5900000000000001
1733715526.2459755,1.2506146380735068,-0.01116591877860289,0.056132292879278296,0.5,0.5940000000000001
1733715526.3459754,1.250751136352506,-0.009819654951125105,0.058198799869412,0.502,0.6078901269653044
1733715526.4459753,1.254520617172713,-0.00918709653034137,0.06305432667079548,0.498,0.6040000000000001
1733715526.5459752,1.2556619629969215,-0.009044046092689505,0.06456022678283149,0.5041135229390896,0.5980000000000001
1733715526.645975,1.2588558876125828,-0.007264987758687828,0.06323617857158072,0.4998289145924653,0.6001710854075348
1733715526.745975,1.2615806454346765,-0.0052732082350312,0.062096485337771956,0.504,0.5981407371948302
1733715526.845975,1.2627756411351772,-0.005437116785144998,0.06753622328256505,0.5,0.6040000000000001
1733715526.9459748,1.2626904510290533,-0.006669924792017306,0.07044376933810766,0.504,0.5981176210657402
1733715527.0459747,1.2609258582103915,-0.009866291010589978,0.07150985370573233,0.498,0.6000000000000001
1733715527.1459746,1.2594104846807255,-0.012305220975752897,0.07197964344199212,0.49991133893787165,0.5920886610621284
1733715527.2459745,1.2558413846466197,-0.01304247453897151,0.07355771398962271,0.49812941747965833,0.5980000000000001
1733715527.3459744,1.2556364892982392,-0.010400238089041823,0.06744149206782901,0.5161155901304416,0.6000000000000001
1733715527.4459743,1.2603005663471794,-0.007538302153841188,0.05914509533117497,0.5136825885978429,0.6101587057010787
1733715527.5459743,1.2638062880292322,-0.005637046567675679,0.06237291677456532,0.516,0.5940000000000001
1733715527.6459742,1.2630767121536204,-0.005613174017840953,0.07192977284866935,0.5221595708751366,0.5940000000000001
1733715527.745974,1.2640443847529796,-0.008103353664965987,0.07083892773894714,0.522,0.5960000000000001
1733715527.845974,1.2688469109997242,-0.009853200031739878,0.06535103117818333,0.524,0.6061717122364024
1733715527.9459739,1.2769348140787986,-0.009573374154715689,0.061100179081167716,0.536,0.6100542155117741
1733715528.0459738,1.2818353717887199,-0.00986823024971222,0.05810600102670587,0.5195391555677069,0.6141536148107645
1733715528.1459737,1.2829901074931545,-0.010499334926185183,0.05376255140042313,0.5080881251644503,0.6080000000000001
1733715528.2459736,1.2800018740068642,-0.01196112439186212,0.054584620040640505,0.5301632669548006,0.5940000000000001
1733715528.3459735,1.2787181000452243,-0.012393538983142507,0.04832499652462064,0.536,0.5980000000000001
1733715528.4459734,1.2786643493996572,-0.013839128966784998,0.046933112699013076,0.544,0.6040000000000001
1733715528.5459733,1.2777725730168537,-0.015049525282663631,0.04061250570459712,0.5255756502133827,0.6158939125533458
1733715528.6459732,1.2771344972531995,-0.014992673244426215,0.036093637278886204,0.5401465570961209,0.5958534429038792
1733715528.745973,1.2768297139969242,-0.015195425419149398,0.033609255476991264,0.532317561892573,0.5980000000000001
1733715528.845973,1.2772535366871227,-0.01561520382372143,0.03382862069021362,0.562,0.5980000000000001
1733715528.945973,1.28159717044822,-0.014544892981066756,0.03420153934065869,0.5720000000000001,0.5960000000000001
1733715529.0459728,1.283907119418188,-0.010945513842177507,0.026844295750433744,0.544089306883743,0.6040000000000001
1733715529.1459727,1.2803093326034816,-0.00957242159520007,0.02233918944786765,0.5276730628387286,0.6040000000000001
1733715529.2459726,1.2750896385456996,-0.011403149350259219,0.027564947433416306,0.512,0.6020000000000001
1733715529.3459725,1.2710551792924831,-0.014840996356699514,0.034046422286385665,0.548,0.5840000000000001
1733715529.4459724,1.270765794881339,-0.016745128356982556,0.024028102210298923,0.5418199447658597,0.5961800552341404
1733715529.5459723,1.2760530730783846,-0.016209813084360578,0.015037489262540428,0.5318379201867717,0.6044862394396852
1733715529.6459723,1.2842340301695656,-0.01326286201666165,0.019777138298392345,0.516,0.6100000000000001
1733715529.7459722,1.2907980613929912,-0.01180500920638287,0.028362422093225887,0.5417459924540355,0.5940000000000001
1733715529.845972,1.296335918939801,-0.013067588628809733,0.03242927230089207,0.53,0.5960000000000001
1733715529.945972,1.2971238407064696,-0.013048246385033092,0.035394873033374324,0.5358538709220145,0.5940000000000001
1733715530.0459719,1.2992755161625844,-0.01560945738841556,0.042782188515506046,0.546,0.6002908367296176
1733715530.1459718,1.3036616510761518,-0.016757821763015195,0.043004231385395456,0.5338303152789006,0.6140000000000001
1733715530.2459717,1.3055025397086286,-0.01747636546314032,0.04366162146921438,0.5338609551907125,0.5998609551907126
1733715530.3459716,1.3015127551545114,-0.018921359770743405,0.04085596193782427,0.546297557840617,0.5778512210796916
1733715530.4459715,1.2961197769795259,-0.01951514046545134,0.030131463538177215,0.556,0.5801632019857277
1733715530.5459714,1.2934412911253328,-0.019553910454481023,0.01420990959295637,0.552092668357745,0.6040000000000001
1733715530.6459713,1.2951972386758892,-0.019351228593364724,0.012794644844731813,0.534,0.6140000000000001
1733715530.7459712,1.3028664383001123,-0.018513489859488516,0.02275971209027287,0.5361377145501741,0.5980000000000001
1733715530.845971,1.305970283735653,-0.01813072965024694,0.03344633885142478,0.53,0.5920000000000001
1733715530.945971,1.3043487895182324,-0.015711841675067006,0.03950160646065775,0.534,0.5938342521354578
1733715531.045971,1.3024527565452504,-0.014380478379267427,0.04529760154892318,0.542096476390389,0.5960000000000001
1733715531.1459708,1.2998517231314715,-0.01572066521985164,0.05151360378180928,0.544,0.6040000000000001
1733715531.2459707,1.299694426236391,-0.01937435174206594,0.049035870989193944,0.514,0.6178324062159756
1733715531.3459706,1.2962870794345225,-0.02312617741745801,0.050746819554087434,0.52,0.603603078024338
1733715531.4459705,1.2908184343061018,-0.027038479202269365,0.058885318786043195,0.5243263102705013,0.5936736897294989
1733715531.5459704,1.2863940893756574,-0.029241722381911382,0.051303705744581686,0.55,0.5903029978798867
1733715531.6459703,1.2864428664992529,-0.026375261787032932,0.0287148690617189,0.54,0.6120000000000001
1733715531.7459702,1.2861508672716797,-0.0248393957792855,0.024679148693645788,0.528,0.6120000000000001
1733715531.8459702,1.2887047923120385,-0.023080101054021803,0.022898639675202295,0.516,0.6120000000000001
1733715531.94597,1.2903559495101178,-0.023578331043422263,0.02263467584971921,0.502,0.6160000000000001
1733715532.04597,1.2920555802470908,-0.023974240365746753,0.02898869011828851,0.514,0.6120000000000001
1733715532.1459699,1.2937639619233359,-0.02499294288136955,0.03753954002942533,0.514,0.6120000000000001
1733715532.2459698,1.2942993853029392,-0.026497034198289866,0.03843204020773237,0.52,0.6100000000000001
1733715532.3459697,1.2975815224123932,-0.02744329087001062,0.03693845354097141,0.526,0.6100000000000001
1733715532.4459696,1.3022435835211197,-0.023603717944386777,0.031144089054343037,0.518,0.6080000000000001
1733715532.5459695,1.3057592807396847,-0.021513131262826637,0.030324359617718257,0.534206364749082,0.5797936352509181
1733715532.6459694,1.3022393125581642,-0.019719624677733034,0.02245147579952733,0.556,0.544
1733715532.7459693,1.3001848190516838,-0.01783647857308111,0.005932610051112155,0.558,0.546
1733715532.8459692,1.298359873892878,-0.016870776762331206,-0.004439249094774122,0.5681211632616946,0.538
1733715532.945969,1.2981940334705477,-0.01661495345343025,-0.008747133238451955,0.5701682697924375,0.534
1733715533.045969,1.299713434820483,-0.018169123383512332,-0.016017088230422024,0.5476032001270522,0.5316032001270522
1733715533.145969,1.297116963466163,-0.017988815022617097,-0.026109054986461364,0.5760000000000001,0.474
1733715533.2459688,1.289814943327596,-0.017972135720310894,-0.04591522481831003,0.5741321693821209,0.472
1733715533.3459687,1.2792922386991996,-0.01560048595822647,-0.05701231967427505,0.5800000000000001,0.46992804237182934
1733715533.4459686,1.273486765881087,-0.01521851004217328,-0.06042227855733113,0.5820000000000001,0.47
1733715533.5459685,1.2716384423917906,-0.013526117361099342,-0.06765880207514528,0.5818527273825586,0.4475581821476753
1733715533.6459684,1.2683342264327462,-0.011510811427431638,-0.07305164605535458,0.558,0.43361320994658886
1733715533.7459683,1.2596473541132633,-0.010542844293084781,-0.07086392758594785,0.5802508114026513,0.37787459429867426
1733715533.8459682,1.2535371186121098,-0.012786888626239784,-0.08030767689200474,0.6222891165223595,0.37971088347764054
1733715533.9459682,1.2566881265820367,-0.015608889251166748,-0.10139172303304135,0.6361740164909545,0.3539419945030152
1733715534.045968,1.263282904327728,-0.016984677481881157,-0.12666687479182387,0.6517947347427203,0.3478973673713603
1733715534.145968,1.271922076183736,-0.01730337744309307,-0.16648818784135438,0.6539999999999999,0.30558652447891427
1733715534.2459679,1.2759371628404963,-0.015205011534014797,-0.19934122200441184,0.6501597055465889,0.28984029445341103
1733715534.3459678,1.2776837472017983,-0.010588035434759887,-0.21879498533924646,0.6622385853140569,0.265522829371886
1733715534.4459677,1.2776285225528023,-0.0056837645550898664,-0.23350230226231727,0.7023097708082026,0.21792255729794932
1733715534.5459676,1.283195851874145,0.0007004970654597947,-0.26944057868004023,0.7018098917778784,0.23399999999999999
1733715534.6459675,1.283634073885635,0.00536059398626016,-0.28903356177293815,0.6599999999999999,0.254
1733715534.7459674,1.2772695971707841,0.007557783857192242,-0.2780839102324694,0.698,0.22599999999999998
1733715534.8459673,1.2794269115949986,0.005530234009308157,-0.27239934936707744,0.734,0.21613766722742928
1733715534.9459672,1.2856879621523547,0.0003759235117427529,-0.29414355294762706,0.734,0.23399999999999999
1733715535.045967,1.2909186842901155,-0.00041662587596495845,-0.3104105651712075,0.7316174692922597,0.2281275102359134
1733715535.145967,1.2917951168432795,-0.0001892016744151057,-0.321571990921433,0.6719999999999999,0.266
1733715535.245967,1.2844141278351526,0.001536897782344176,-0.3190452898765012,0.6299999999999999,0.3165468235294118
1733715535.3459668,1.2715362874142708,0.0038640225200940216,-0.28346683299759656,0.6020000000000001,0.4159999999999999
1733715535.4459667,1.2630278212370254,0.0021014222056871742,-0.2175703556598459,0.5900000000000001,0.4481074850242823
1733715535.5459666,1.2543087805246635,-0.0024750241223892135,-0.16262673604517594,0.5536727667182259,0.46399999999999997
1733715535.6459665,1.2434459782017822,-0.006773859542534216,-0.12476542733217541,0.507052218051693,0.4724061922635601
1733715535.7459664,1.2269732074761854,-0.008000762852523628,-0.08328889121508819,0.44599999999999995,0.492
1733715535.8459663,1.209310654819631,-0.009721669221658485,-0.0445573326520224,0.45599999999999996,0.478
1733715535.9459662,1.1974696908136662,-0.010725002704621515,-0.027452349782909655,0.46799999999999997,0.4738728919299658
1733715536.0459661,1.1903628823126484,-0.01373216232913642,-0.024974761280601086,0.46599999999999997,0.476
1733715536.145966,1.1871627718748923,-0.01641182630821276,-0.02027780380109376,0.46209052120123306,0.4959094787987669
1733715536.245966,1.189413470923025,-0.018627019381355022,-0.011562209479690512,0.4741515973122716,0.4896968053754568
1733715536.3459659,1.192662306431256,-0.02156505029483617,-0.0032398893335845846,0.4825631409672917,0.4840938568278819
1733715536.4459658,1.2012329071808405,-0.021160707278015112,-0.007380895979214843,0.52,0.486
1733715536.5459657,1.2159845167489487,-0.01868259501396389,-0.020588289071646174,0.522,0.498
1733715536.6459656,1.2209977859244534,-0.016958380545467694,-0.024443949938058516,0.4961362193476708,0.5242724386953417
1733715536.7459655,1.2287016186797293,-0.01713947623739356,-0.016512596554321184,0.478,0.542
1733715536.8459654,1.2345915670373124,-0.02068083097113299,-0.006462043418491504,0.498,0.532
1733715536.9459653,1.240208862828074,-0.02559396063484307,0.002526134462086847,0.474,0.554
1733715537.0459652,1.2439226315800593,-0.026996564494996968,0.006239054062853177,0.514,0.526
1733715537.145965,1.2496542084485227,-0.02641225421116291,0.007886445668220643,0.5037546231939003,0.532
1733715537.245965,1.2488581653537507,-0.024448535318701115,0.004384449127123474,0.4958796181154479,0.53
1733715537.345965,1.245148838049541,-0.021025810763314973,0.009008086982954135,0.4740096125344061,0.538
1733715537.4459648,1.2402808854022116,-0.01856211773913648,0.015395914320008466,0.4902332816199886,0.55
1733715537.5459647,1.240970591068873,-0.018348524743307858,0.023978891220832382,0.526,0.548
1733715537.6459646,1.244322027159516,-0.01803298778808654,0.025011577036701628,0.508,0.558
1733715537.7459645,1.2443324598308452,-0.01784407136073555,0.02868401719452801,0.4465825180943291,0.5815631114292532
1733715537.8459644,1.2406041781024477,-0.018302997939961884,0.03872943436535772,0.4783117355627806,0.5029089255302679
1733715537.9459643,1.228683697994648,-0.020713243020877427,0.03502171284708094,0.5245075478094403,0.42498490438111947
1733715538.0459642,1.2199336691590488,-0.022384968192083823,-0.0011356185545797308,0.618634116413007,0.3055244126902449
1733715538.1459641,1.2185693908015398,-0.021908308227614304,-0.06436999092226244,0.6220000000000001,0.254
1733715538.245964,1.2135263268103484,-0.014926904093097612,-0.15011143743491395,0.6201650410525276,0.21150487684241762
1733715538.345964,1.2058184688764073,-0.005305022700981334,-0.20650536375125494,0.6299999999999999,0.1337660060060059
1733715538.4459639,1.1967914125832606,0.0013130989599655497,-0.24346841657847798,0.6418276350474091,0.10034472990518166
1733715538.5459638,1.1886513014922944,0.006984657245771201,-0.27155965297995116,0.656148258647095,0.105851741352905
1733715538.6459637,1.185924566793562,0.01079091824404656,-0.29155763149508945,0.6739999999999999,0.12400000000000011
1733715538.7459636,1.1886065977847686,0.016899728870132434,-0.31677028899154325,0.6579999999999999,0.14818971663343597
1733715538.8459635,1.188781934108773,0.021194581362021084,-0.32777615995846343,0.6599999999999999,0.21167566403726826
1733715538.9459634,1.1980003560087826,0.02639772955012635,-0.3222620595485389,0.6780425102465346,0.3462975717257431
1733715539.0459633,1.2230632010488043,0.02549967970938691,-0.2842814802456684,0.688,0.43033125121241506
1733715539.1459632,1.2461324861795198,0.019260498602629232,-0.24289554064295335,0.663612545903317,0.4565166054622439
1733715539.245963,1.254296939215772,0.013803090561820726,-0.20374254114501508,0.6401673903394507,0.4638326096605492
1733715539.345963,1.2556795182982876,0.007070193209667816,-0.17228975073864333,0.6539405738132498,0.44599999999999995
1733715539.445963,1.2536959707564208,0.0016490569542280363,-0.16094345799874646,0.6479999999999999,0.44399999999999995
1733715539.5459628,1.248650328089437,0.0004336394569575477,-0.15702955475096195,0.6479999999999999,0.44399999999999995
1733715539.6459627,1.2471761945932645,0.0021298159729410426,-0.1582785660654575,0.6538666049283297,0.44599999999999995
1733715539.7459626,1.248041995683379,0.004958045717322525,-0.1657376617425657,0.6034898770567008,0.472
1733715539.8459625,1.2433354980278597,0.008807396497591,-0.15466952242783644,0.6001306301886052,0.46586936981139476
1733715539.9459624,1.2380686171331026,0.011789481317601621,-0.1226723975603486,0.5978932956951306,0.4541067043048694
1733715540.0459623,1.2401702628987812,0.012193580754360901,-0.1115127096908816,0.5920000000000001,0.46399999999999997
1733715540.1459622,1.2399223983406173,0.011026765437371236,-0.10044156257088896,0.586146567352408,0.472
1733715540.2459621,1.2416266034635661,0.009999370505038173,-0.0845090976083521,0.5758299230263413,0.478
1733715540.345962,1.24537076614046,0.007609800821516941,-0.07800047005160346,0.5739033277937661,0.46819334441246807
1733715540.445962,1.2476416933326515,0.005151481284695152,-0.07320233037461783,0.496,0.494
1733715540.5459619,1.2410598046740349,0.004937643671950631,-0.057519913067809646,0.5658884796190399,0.48233456114288037
1733715540.6459618,1.2401707882479283,0.002130434092508405,-0.045059202212447386,0.532,0.514
1733715540.7459617,1.240772530350779,0.0001983402605447659,-0.034818186423857034,0.5776501440230437,0.504
1733715540.8459616,1.2468591045902415,-0.0017863232291727112,-0.04258129676621843,0.56,0.5016312565249079
1733715540.9459615,1.2456012064566706,-0.002650704475195997,-0.04943496263557622,0.5024932429722901,0.5117533785138549
1733715541.0459614,1.2382064933898294,-0.002913073014560876,-0.037812301670269804,0.522,0.488
1733715541.1459613,1.2304878142526934,-0.004407792276693579,-0.032776482263513707,0.518,0.494
1733715541.2459612,1.2240380281447283,-0.005592721927211277,-0.03511715909378008,0.5195994629494344,0.494
1733715541.345961,1.2196932278453345,-0.00672241235858112,-0.033083224211137706,0.4961333845314363,0.4937332309371274
1733715541.445961,1.213602717597176,-0.008983605216355392,-0.021412460176305086,0.488,0.496
1733715541.545961,1.2104486588884877,-0.0090524450446886,-0.01926559206750494,0.4499661127936482,0.5100084718015879
1733715541.6459608,1.2027581165000045,-0.006230481030500777,-0.007075661884372667,0.44999999999999996,0.508
1733715541.7459607,1.1970023454718601,-0.005888572083237054,0.009482091044304712,0.472,0.5
1733715541.8459606,1.1982313247196401,-0.006971518206448031,0.01071852131071108,0.45199999999999996,0.514
1733715541.9459605,1.198549371861409,-0.009551787293604834,0.019902369348416618,0.4278895732868663,0.516
1733715542.0459604,1.1977998071098688,-0.0141769858947608,0.03395451554240018,0.44621918788384707,0.514
1733715542.1459603,1.198193791773092,-0.01761241938143659,0.04310934462917164,0.45599999999999996,0.532
1733715542.2459602,1.2026178951778401,-0.016786762764376007,0.043434410728567796,0.4541492060990504,0.54
1733715542.3459601,1.2074696301227825,-0.015396084219228874,0.046475987042067984,0.4882146063991874,0.54
1733715542.44596,1.2148376935410503,-0.01219484707056709,0.04729519992041834,0.49336394769613945,0.5391475326899129
1733715542.54596,1.2183890012866778,-0.009200672437681742,0.04097676835789903,0.522,0.528
1733715542.6459599,1.2238075631447616,-0.005914194989216793,0.035115344797996044,0.522,0.53
1733715542.7459598,1.2278729001553303,-0.0029997043686208363,0.03460171719406649,0.522,0.532
1733715542.8459597,1.2278654744870596,-0.0031459949379254023,0.02911119879845208,0.522,0.534
1733715542.9459596,1.2281633995673604,-0.004887151032378293,0.02881778808118686,0.524,0.534
1733715543.0459595,1.2278674842435005,-0.007845771230641839,0.030244669069392962,0.532,0.534
1733715543.1459594,1.228655224343313,-0.009613762527711225,0.030138812905205814,0.550401593721219,0.536
1733715543.2459593,1.235149214774701,-0.009371701090209655,0.02412175307277875,0.5720000000000001,0.536
1733715543.3459592,1.2430225963768522,-0.007039309935061205,0.005392647339319591,0.5820000000000001,0.534
1733715543.445959,1.2469617176209014,-0.005543733526413353,-0.008704548214559788,0.5881110387688666,0.5318889612311335
1733715543.545959,1.2495307097033037,-0.004442167971426125,-0.02171162733606305,0.6020000000000001,0.506
1733715543.645959,1.2495179313935656,-0.0033072712197459646,-0.03506346626722258,0.6100000000000001,0.482
1733715543.7459588,1.2471593808821888,-0.002680214850693151,-0.053519508387211805,0.6100870972964223,0.4759129027035778
1733715543.8459587,1.2480757109602412,-0.001104571253216478,-0.07572255339274973,0.6120000000000001,0.46186586411095526
1733715543.9459586,1.2485639371874049,-0.00027442259601376267,-0.08814397510612453,0.6140000000000001,0.4317392170138197
1733715544.0459585,1.2448375008727528,-0.0004073484147989645,-0.09928230701415523,0.6220000000000001,0.3759999999999999
1733715544.1459584,1.2427462963391394,0.0029332294886676162,-0.11288492370223627,0.632138943978636,0.3154442240854557
1733715544.2459583,1.2378849879831157,0.0077535617811719075,-0.13968753136539988,0.6421571545126072,0.2533713819495707
1733715544.3459582,1.2308028360182066,0.013642816147519025,-0.18500885985333856,0.6521224988973093,0.1835100044107622
1733715544.4459581,1.2234053716194686,0.017444880050796335,-0.21968956220555325,0.6559999999999999,0.13370742803357116
1733715544.545958,1.2156995923165068,0.021424201797261518,-0.2487220643515032,0.6579999999999999,0.11187521032523715
1733715544.645958,1.2125803319007713,0.02371601653758086,-0.2675109620699218,0.6579999999999999,0.1060000000000001
1733715544.7459579,1.2089381864194535,0.025961714375178066,-0.2887140495218549,0.6579999999999999,0.1221441726903655
1733715544.8459578,1.2061582016566523,0.031423481894817355,-0.30600765585414885,0.6579999999999999,0.14015563763608077
1733715544.9459577,1.2070446949494222,0.03432806516927075,-0.3095533045479064,0.6579999999999999,0.15014441778852816
1733715545.0459576,1.2057189653499243,0.03473778014510536,-0.3157873464295715,0.6579999999999999,0.15799999999999992
1733715545.1459575,1.2043005490161385,0.032880964007597914,-0.3144793846471819,0.6579999999999999,0.16199999999999992
1733715545.2459574,1.2022553398018012,0.03070721389026379,-0.318470549597608,0.6579999999999999,0.1641327712131108
1733715545.3459573,1.1994926287187215,0.028367371315258638,-0.32055376002890834,0.6579999999999999,0.1721260837158212
1733715545.4459572,1.1934823190806039,0.02688409707358097,-0.32152748680320825,0.6579999999999999,0.17999999999999994
1733715545.545957,1.1863226872107822,0.02465169587841999,-0.32183322911406864,0.6579999999999999,0.18799999999999994
1733715545.645957,1.1813409557201198,0.024963170406792728,-0.3160800832941598,0.6579999999999999,0.19199999999999995
1733715545.745957,1.1768928897385111,0.026663499905583796,-0.30850777041697497,0.6559999999999999,0.19599999999999995
1733715545.8459568,1.1667055891655642,0.032240034733167826,-0.2955395853357885,0.6539999999999999,0.2102039675999437
1733715545.9459567,1.163270451707915,0.03518703302947831,-0.2908923817090461,0.6499368880977424,0.236
1733715546.0459566,1.1613128864665316,0.03697593859779394,-0.2815237667587795,0.6479999999999999,0.24
1733715546.1459565,1.1659276460377197,0.032900817002302796,-0.26744788643794387,0.6479999999999999,0.244
1733715546.2459564,1.1706331564431953,0.028884278251994085,-0.26801510197664463,0.6479999999999999,0.252
1733715546.3459563,1.1747745544090034,0.024726079424290233,-0.2697476259065508,0.6398788590400226,0.3066057047998867
1733715546.4459562,1.1797328355178585,0.022298313420158544,-0.25518544614245287,0.532,0.45799999999999996
1733715546.5459561,1.1774769194869896,0.022863351479275977,-0.18834581797106406,0.37877098228162875,0.5366145088591856
1733715546.645956,1.1659651672191653,0.020891430065526746,-0.09920322890507906,0.20799999999999996,0.6259999999999999
1733715546.745956,1.1549747030556585,0.014526609287286094,0.016878309051293262,0.09800000000000009,0.6619999999999999
1733715546.8459558,1.1384680927318425,0.0027563426785281626,0.1441236983727829,0.0,0.6779999999999999
1733715546.9459558,1.1267412214246106,-0.009677029851290183,0.2266912744930386,0.0,0.690090511065117
1733715547.0459557,1.115924438835965,-0.022253221424418598,0.2879899465922688,0.0,0.706
1733715547.1459556,1.1030996664073873,-0.033568670422023814,0.33280691400182627,0.0,0.712
1733715547.2459555,1.091302706644446,-0.041434664586217446,0.3665905723530648,0.0,0.716
1733715547.3459554,1.0812184039077466,-0.045138034727727025,0.390306549537501,0.0,0.72
1733715547.4459553,1.0731108716834827,-0.04502145420393756,0.40578252663768904,0.0,0.7201200736789592
1733715547.5459552,1.0644482147225056,-0.0440500536082765,0.4135925354444976,0.0,0.724
1733715547.645955,1.0546203218964965,-0.04249247673751515,0.42928611040198555,0.0,0.724
1733715547.745955,1.0477299701066152,-0.04288293175455583,0.435751495057353,0.0,0.724
1733715547.845955,1.0441686303008664,-0.044544042942557815,0.44451643888300113,0.0,0.724
1733715547.9459548,1.0412507821177657,-0.04831972849474773,0.44619914280915524,0.0,0.732
1733715548.0459547,1.0442474857572837,-0.050690568619096536,0.44701191828637465,-0.09399999999999997,0.74
1733715548.1459546,1.0435547508192131,-0.048915372720856255,0.455022720297739,-0.09599999999999997,0.746
1733715548.2459545,1.0415851695522638,-0.047719577064027734,0.4675103147242182,-0.09599999999999997,0.748
1733715548.3459544,1.036176302167236,-0.04928667984566591,0.49064592365952275,-0.09799999999999998,0.754
1733715548.4459543,1.0295226192421436,-0.05040471934845411,0.5206081901323197,-0.10009219088937091,0.762
1733715548.5459542,1.0260566627355643,-0.0502234309901299,0.5406655492972995,-0.09599999999999997,0.764
1733715548.6459541,1.028747468790194,-0.048512743733747074,0.5508254985956238,0.0,0.76
1733715548.745954,1.027480821517811,-0.04710363029031961,0.5455369161059325,0.0,0.74
1733715548.845954,1.0206976664273186,-0.04301141284123,0.5230215136729479,0.18399999999999994,0.728
1733715548.9459538,1.0256424135212885,-0.037793955165170284,0.48981757768517725,0.28072159563101035,0.7198797340614983
1733715549.0459538,1.0418806622788446,-0.031237049014275032,0.424818366877293,0.4139999999999999,0.6639999999999999
1733715549.1459537,1.0530572871608455,-0.025306883414077316,0.3554820413157861,0.494,0.5780000000000001
1733715549.2459536,1.0526552949435644,-0.017322890422434897,0.23882076837312957,0.5383647063205333,0.4912705873589333
1733715549.3459535,1.0467405762157977,-0.012187955544104337,0.14685829410012147,0.5883087197023033,0.3855883737302624
1733715549.4459534,1.0390514246570486,-0.0059033987694209165,0.02386822617861358,0.6362753473104202,0.3035869790343696
1733715549.5459533,1.0385497785839786,0.0017476048238079245,-0.08901490593446872,0.6639999999999999,0.236
1733715549.6459532,1.0401450711634996,0.012430232113846376,-0.17791694609542408,0.6699999999999999,0.23013106460346633
1733715549.745953,1.041138598943204,0.019916092739903458,-0.21832441508471165,0.6519999999999999,0.29400000000000004
1733715549.845953,1.0529863494228968,0.027926947235934866,-0.22916812388186245,0.6337093906894058,0.39145304655297025
1733715549.945953,1.0711460662806707,0.03204525659408071,-0.21094961993575143,0.6020000000000001,0.532
1733715550.0459528,1.099681783962538,0.033580038491609336,-0.15360353358559417,0.562,0.5980000000000001
1733715550.1459527,1.124576105220389,0.030729226822696423,-0.09580151101571972,0.524,0.6439999999999999
1733715550.2459526,1.147543248474221,0.024438862714270652,-0.024649026785737525,0.5,0.6719999999999999
1733715550.3459525,1.1703709354372154,0.0175118605594121,0.043351697323993195,0.4758641590708049,0.688135840929195
1733715550.4459524,1.185020053033374,0.013426797525284823,0.08347349378439063,0.47,0.694
1733715550.5459523,1.1959427466295964,0.010236623303536554,0.1033069228560423,0.44999999999999996,0.71
1733715550.6459522,1.204386257166742,0.008879348811172657,0.12251800936307601,0.45399999999999996,0.712
1733715550.7459521,1.2152507505443984,0.008328782291752239,0.1460229944370095,0.45999999999999996,0.712
1733715550.845952,1.226144901248462,0.009375302354040004,0.15665694230162636,0.46399999999999997,0.712
1733715550.945952,1.2336038180954843,0.009094705305483682,0.15750313945981567,0.46799999999999997,0.716
1733715551.0459518,1.2392125795798214,0.006678369407166187,0.16229750454664546,0.46799999999999997,0.718
1733715551.1459517,1.2461291393263456,0.005567680294429715,0.17311285875671953,0.46799999999999997,0.72
1733715551.2459517,1.254341405314748,0.005400325370767452,0.17770432135046632,0.46799999999999997,0.714
1733715551.3459516,1.262340419944918,0.006109122169844478,0.17910768055608767,0.474,0.714
1733715551.4459515,1.2679340401819224,0.007636827533946897,0.1706548696891718,0.486,0.71
1733715551.5459514,1.2717659479754677,0.007753720270044269,0.16738670721854954,0.484,0.716
1733715551.6459513,1.2766592375868937,0.00788669498492124,0.16727077076344798,0.48,0.728
1733715551.7459512,1.281212500012415,0.0052210147741579074,0.16288045646029017,0.46799999999999997,0.732
1733715551.845951,1.2826982865987742,0.002637620799683022,0.16635873225622777,0.45999999999999996,0.74
1733715551.945951,1.2868957268037027,3.597878969756953e-05,0.18424922475503802,0.472,0.73
1733715552.045951,1.2913756649356347,-0.0002909280152451325,0.19221421958673648,0.472,0.73
1733715552.1459508,1.2974010319632543,-0.0017071599434729798,0.1820945497343963,0.478,0.734
1733715552.2459507,1.302346121524711,-0.0033411868671092072,0.17500480191863665,0.48,0.734
1733715552.3459506,1.3047154345665635,-0.00664294925840094,0.17128445280251753,0.474,0.74
1733715552.4459505,1.3105037726955908,-0.01171831016696042,0.1766494357359716,0.47852790672677636,0.7416765780909446
1733715552.5459504,1.3193962352698778,-0.01581683774381175,0.17738840023804592,0.48513692104494555,0.7412045056396468
1733715552.6459503,1.327650112521175,-0.01465215535894279,0.1627368292817879,0.4917459353631147,0.7407324331883489
1733715552.7459502,1.3309468803406757,-0.012964010645989066,0.15556041104424922,0.49835494968128385,0.7402603607370511
1733715552.8459501,1.3315143068743958,-0.010621899981111016,0.1536603243508289,0.5009247908634403,0.7414336121820796
1733715552.94595,1.3299037907043905,-0.009439196078140309,0.15622176586431016,0.49852730135956624,0.7446302648539116
1733715553.04595,1.324523585948583,-0.011651219831846039,0.16956947515274975,0.4961298118556922,0.7478269175257437
1733715553.1459498,1.3140440195293344,-0.017513101055849772,0.1845588573408729,0.49373232235181813,0.7510235701975758
1733715553.2459497,1.3125187437015098,-0.023449496169371458,0.18586370872776284,0.49133483284794405,0.7542202228694079
1733715553.3459496,1.3162483084134686,-0.02849051823130058,0.18277617475690022,0.48858006252568836,0.7549350468942663
1733715553.4459496,1.3188533898044452,-0.02972115531576052,0.18292762659370085,0.48537650174072317,0.7525323763055424
1733715553.5459495,1.3196773991057038,-0.03210307203712451,0.17086129777484588,0.48217294095575797,0.7501297057168185
1733715553.6459494,1.3198532335476596,-0.03305478425711921,0.16458451000830324,0.47896938017079277,0.7477270351280946
1733715553.7459493,1.3227401152955272,-0.032190369349351974,0.16577917844980344,0.47576581938582757,0.7453243645393707
1733715553.8459492,1.3305904501086072,-0.03294665352479913,0.15940917894220163,0.49713895502270516,0.7224753906765533
1733715553.945949,1.3394878576399205,-0.03215897559767629,0.1546900058770539,0.5486969396229093,0.6745144747693866
1733715554.045949,1.3495465423075688,-0.03178398284575918,0.15856686013790938,0.6002549242231137,0.6265535588622199
1733715554.145949,1.3499352408747916,-0.034313988516591745,0.1779097049935214,0.6518129088233178,0.5785926429550532
1733715554.2459488,1.3511365787373044,-0.039188864580251434,0.15633616432157252,0.703370893423522,0.5306317270478865
1733715554.3459487,1.3642504206443142,-0.03865889119053458,-0.010276649852893298,0.7321780581505737,0.5015071858919684
1733715554.4459486,1.3725964772635062,-0.029983124414479635,-0.1134895346213552,0.7325784405581088,0.49590183218647665
1733715554.5459485,1.3747261694025636,-0.0166969530165019,-0.18175339450893052,0.7329788229656439,0.49029647848098484
1733715554.6459484,1.373680646399465,-0.007674330075956579,-0.19854299613061246,0.733379205373179,0.4846911247754931
1733715554.7459483,1.3736664117839932,-0.003135402720161877,-0.1986227685027291,0.7337795877807142,0.4790857710700013
1733715554.8459482,1.3724453875925586,-0.004631056998548261,-0.1912170373664155,0.7314892803619236,0.47725535981903816
1733715554.9459481,1.371322403384545,-0.007938945039951855,-0.17525468230397367,0.7259036443012105,0.48004817784939474
1733715555.045948,1.3670220387735306,-0.012919441998493809,-0.15001063130891393,0.7203180082404973,0.4828409958797513
1733715555.145948,1.3620974925895992,-0.02080667863716799,-0.1396048880931242,0.7147323721797841,0.4856338139101079
1733715555.2459478,1.3564618802057336,-0.030455545256432424,-0.13734754350770795,0.709146736119071,0.4884266319404645
1733715555.3459477,1.3535097694812015,-0.03565967638353087,-0.1385542781608861,0.7047743434664056,0.49
1733715555.4459476,1.3524028419963627,-0.036870168405004906,-0.15114345362146106,0.701967310994428,0.49
1733715555.5459476,1.3477810886307593,-0.03561224163315364,-0.1586189579914547,0.6991602785224504,0.49
1733715555.6459475,1.3408523218003483,-0.03675059422589022,-0.1558438849178229,0.6963532460504728,0.49
1733715555.7459474,1.3360542043701578,-0.038420299897095826,-0.1570330316297759,0.6935462135784952,0.49
1733715555.8459473,1.3360054522674591,-0.03679253138633338,-0.15733349314888734,0.692680311929554,0.490680311929554
1733715555.9459472,1.3463793848986054,-0.035154673010989075,-0.16200496244657583,0.6941949288877894,0.4921949288877895
1733715556.045947,1.3561012597946192,-0.036055721435635756,-0.16119820113354327,0.695709545846025,0.49370954584602494
1733715556.145947,1.3639209652354383,-0.03835733830641547,-0.1564706618511811,0.6972241628042604,0.4952241628042604
1733715556.245947,1.3724871690687996,-0.03999793678408321,-0.14917213845343763,0.696,0.496
1733715556.3459468,1.377191688749163,-0.040541725699727034,-0.14840265567216027,0.7076181480334468,0.518
1733715556.4459467,1.3867714928166883,-0.03761645764357606,-0.1471243913043945,0.702,0.522
1733715556.5459466,1.396025702543073,-0.03646147626283452,-0.1499910971238003,0.6739999999999999,0.52
1733715556.6459465,1.4001323454995223,-0.035943474956679336,-0.14589738664964982,0.6579999999999999,0.516
1733715556.7459464,1.3963043012622267,-0.036560614044996435,-0.1326798714894743,0.6619999999999999,0.5
1733715556.8459463,1.3866320478638534,-0.03737775138293041,-0.12561287030153048,0.6799999999999999,0.514
1733715556.9459462,1.3858659606410475,-0.038934887002134135,-0.12272533134821495,0.6759999999999999,0.532
1733715557.0459461,1.3838216928640923,-0.037555564848286496,-0.12160674485136112,0.6599999999999999,0.5338360829423339
1733715557.145946,1.374339893339313,-0.036596612184362026,-0.1151013785693294,0.6279999999999999,0.52
1733715557.245946,1.3608372634795285,-0.03633985452129725,-0.1052386558117677,0.6439999999999999,0.496
1733715557.3459458,1.3530378145117479,-0.03597808829917051,-0.09882998153080842,0.6619999999999999,0.504
1733715557.4459457,1.3564878228292185,-0.03560227336344031,-0.108350860367573,0.6699999999999999,0.512
1733715557.5459456,1.3613220140808895,-0.03615261086188544,-0.11344750995426248,0.6759999999999999,0.4935049441786284
1733715557.6459455,1.3673053352629347,-0.03776936478527335,-0.1197175810917994,0.6599999999999999,0.492
1733715557.7459455,1.3691696758919458,-0.03887591816565536,-0.1187163862180767,0.6579999999999999,0.498
1733715557.8459454,1.3720014129248603,-0.040789987834843396,-0.11478794400484124,0.6639999999999999,0.516
1733715557.9459453,1.380675338212007,-0.04071072708273467,-0.10875064771998366,0.6479999999999999,0.55
1733715558.0459452,1.3848514491325654,-0.036034668735061004,-0.09081318331528707,0.5858992791309412,0.5878992791309412
1733715558.145945,1.3795831071991398,-0.03584044650250437,-0.05982947120110154,0.52,0.6120000000000001
1733715558.245945,1.3686866199079355,-0.039318478602056756,-0.010064860275319557,0.54,0.6000000000000001
1733715558.345945,1.3615666876304646,-0.042817559092966306,0.01737021553466127,0.562,0.5979471462752374
1733715558.4459448,1.3571011814515412,-0.044933335871233236,0.01952725624449911,0.562498557777211,0.6040000000000001
1733715558.5459447,1.3529420624685669,-0.04471477622032251,0.016263810152607933,0.568181578792226,0.6057276318116612
1733715558.6459446,1.3455819758600667,-0.04435658075665649,0.00746287804633747,0.5800000000000001,0.5860000000000001
1733715558.7459445,1.341694569086532,-0.041338636300434176,-0.0075704028779455465,0.5840000000000001,0.5860000000000001
1733715558.8459444,1.3400438156247443,-0.03743925863634941,-0.01798155629188657,0.5840000000000001,0.5861132580759146
1733715558.9459443,1.3417384306784585,-0.03314699047370095,-0.024091415925543386,0.5878936510014401,0.5980000000000001
1733715559.0459442,1.3457680501943303,-0.029402194054221904,-0.023110519868386196,0.5860000000000001,0.6080000000000001
1733715559.145944,1.349755883546102,-0.026969074181129073,-0.01656710515221571,0.5780000000000001,0.6040000000000001
1733715559.245944,1.3528765814188948,-0.026017135033383508,-0.002031526295891732,0.5760000000000001,0.6000000000000001
1733715559.345944,1.355886462284067,-0.02733269983336834,0.009001262416178515,0.5840000000000001,0.5820875469672572
1733715559.4459438,1.3562839513216018,-0.030772110047474547,0.005813902414155097,0.5860000000000001,0.5820000000000001
1733715559.5459437,1.356706076031251,-0.03278276477777327,0.0012862245806740933,0.5920000000000001,0.5820000000000001
1733715559.6459436,1.3558618439666252,-0.03355327394147082,-0.014575683473648404,0.5900000000000001,0.5840000000000001
1733715559.7459435,1.3551814475578532,-0.03180938609475058,-0.023746680986758816,0.5780000000000001,0.593922384365081
1733715559.8459435,1.3545289986811924,-0.02657471161457677,-0.015530387673877953,0.5860000000000001,0.5900000000000001
1733715559.9459434,1.3538427962417425,-0.021645758737729674,-0.004005004253621726,0.6240000000000001,0.5760000000000001
1733715560.0459433,1.3584517257405833,-0.018259384671186856,-0.013131836429749414,0.6339999999999999,0.5740000000000001
1733715560.1459432,1.3586540292719917,-0.016583140190333814,-0.03424927043443242,0.6259999999999999,0.5720000000000001
1733715560.245943,1.3558333079409992,-0.018937420704353232,-0.04341184850490729,0.6259999999999999,0.552096465076661
1733715560.345943,1.3527838569663662,-0.020897241828206986,-0.05127834507133913,0.6437958755313007,0.5281020622343496
1733715560.4459429,1.3519385545963325,-0.022047007360128164,-0.067006943797743,0.6519999999999999,0.526
1733715560.5459428,1.3515740488280998,-0.0189604588825343,-0.09007627018328777,0.6539999999999999,0.532
1733715560.6459427,1.3523831191013653,-0.017430463763081664,-0.09810669600965519,0.6479999999999999,0.546
1733715560.7459426,1.3566460116506134,-0.015303327782666121,-0.10015792614615984,0.6399999999999999,0.538
1733715560.8459425,1.3576838068247066,-0.014050255093458175,-0.08846997322683102,0.6339999999999999,0.532078257874798
1733715560.9459424,1.3524749387998307,-0.013317041857925415,-0.07308422273663441,0.6338631683168315,0.5301368316831684
1733715561.0459423,1.3516899764344819,-0.014011942885907715,-0.07346196221390992,0.6381466689553889,0.534
1733715561.1459422,1.3519556374475261,-0.015404983382064806,-0.07932341201173712,0.6399999999999999,0.5441297499124889
1733715561.245942,1.3530897251723348,-0.014889038584493492,-0.08167965783198068,0.6399999999999999,0.536
1733715561.345942,1.349557185114778,-0.014558975606478675,-0.08656973634879435,0.6200000000000001,0.54
1733715561.445942,1.3429738652565788,-0.015928011346941814,-0.08256329122354504,0.5961911567184227,0.5458725621877183
1733715561.5459418,1.334062920420575,-0.016308181747979284,-0.08062802557671991,0.5880000000000001,0.5681049430564665
1733715561.6459417,1.3269968502504281,-0.018025491309616615,-0.06653429762704331,0.5880000000000001,0.5780000000000001
1733715561.7459416,1.3242698866112868,-0.01795687743251457,-0.0543559478334124,0.5503413062624577,0.6103413062624578
1733715561.8459415,1.3203956644348582,-0.01809358516871559,-0.028184476378599818,0.546,0.5900000000000001
1733715561.9459414,1.3158954002216148,-0.02128460389530097,-0.006260438841749556,0.5261070061662768,0.5940000000000001
1733715562.0459414,1.3110659775505067,-0.021664210510197207,0.0041751687245474255,0.5341055832385138,0.5860000000000001
1733715562.1459413,1.306567661984313,-0.020304928855986337,0.00810532028061402,0.5399048374306107,0.5880000000000001
1733715562.2459412,1.3037376353020331,-0.020528844718983103,0.004128134493288857,0.554,0.5920000000000001
1733715562.345941,1.304403105046183,-0.019901126160586667,0.0019073963834111986,0.534,0.5999669013072835
1733715562.445941,1.3029379442381337,-0.018194782577989035,0.01335256712490383,0.532,0.6000000000000001
1733715562.5459409,1.3011665893482134,-0.01883426173794704,0.02295111518900736,0.5680000000000001,0.5740000000000001
1733715562.6459408,1.302370755412502,-0.019768270087217044,0.01201936987284195,0.5680000000000001,0.5820000000000001
1733715562.7459407,1.3057856861955774,-0.02039114407529493,-0.0032771423860807293,0.5720000000000001,0.5840000000000001
1733715562.8459406,1.3140915542537017,-0.020598938288851155,-0.013622795592280664,0.532,0.5978617956790795
1733715562.9459405,1.3158011768915443,-0.02004889526282628,-0.011476418141379056,0.5619415499182985,0.5740584500817016
1733715563.0459404,1.3163947278321024,-0.020175536320647017,-0.007840401688350564,0.56,0.5800000000000001
1733715563.1459403,1.3162716520091566,-0.017137794268740743,-0.01556412311348248,0.5681151541605493,0.5780000000000001
1733715563.2459402,1.314922473449896,-0.013686962634715756,-0.021508615398429066,0.5760000000000001,0.5859502253893704
1733715563.34594,1.3157718658380846,-0.010829971967816415,-0.019243268579703782,0.552158779277597,0.6020000000000001
1733715563.44594,1.3153359951890415,-0.009314563208795467,-0.010810510269324074,0.554,0.5940000000000001
1733715563.54594,1.3123712961767005,-0.0106255954420708,0.004478338354182911,0.5599699443916994,0.5820000000000001
1733715563.6459398,1.3080928116062143,-0.012491424262970684,0.00736594382253264,0.5640000000000001,0.5819269418435976
1733715563.7459397,1.3037094629497596,-0.013509553316288234,0.0031793047288710334,0.5780000000000001,0.5920000000000001
1733715563.8459396,1.3042156722426776,-0.01228172719913648,-0.003790015262701278,0.5638546211782107,0.6038546211782108
1733715563.9459395,1.305083830505906,-0.008485642080473546,-0.01224757291934836,0.5700571353095459,0.5959428646904542
1733715564.0459394,1.303699907601145,-0.008158329389154494,-0.015182968764768276,0.5717597675635682,0.592120116218216
1733715564.1459394,1.3011012615326325,-0.009381289703625598,-0.02275835752372052,0.5640000000000001,0.5960000000000001
1733715564.2459393,1.2978440220135932,-0.009543492547660414,-0.018710135044080808,0.5778651931969591,0.6060000000000001
1733715564.3459392,1.295326322643974,-0.010586193270088397,-0.0067571798849048615,0.5640000000000001,0.6160000000000001
1733715564.445939,1.2992530074076818,-0.010962690988662578,0.0031420410059141016,0.558,0.6160000000000001
1733715564.545939,1.2988492534278875,-0.01201190335845728,0.015812995563521576,0.53,0.6040000000000001
1733715564.6459389,1.2976079887186283,-0.013051792602923204,0.02524938904710975,0.5323586769982839,0.5938804410005721
1733715564.7459388,1.2969326800785175,-0.014115770044337275,0.028145976836831822,0.532,0.6220000000000001
1733715564.8459387,1.2977803494796905,-0.013720447374492763,0.03560980279830606,0.532,0.6220000000000001
1733715564.9459386,1.2997434458050159,-0.01407581893454094,0.04491676352353603,0.53,0.6180000000000001
1733715565.0459385,1.3017009685158734,-0.015810384178997664,0.05150628068279972,0.5217420348662459,0.6120000000000001
1733715565.1459384,1.3045962009551655,-0.017009498035646605,0.05718076708829372,0.516,0.6080823661141002
1733715565.2459383,1.303877294417628,-0.01729736967607788,0.06058352860202583,0.518,0.6180000000000001
1733715565.3459382,1.3017813151763047,-0.01750689306067866,0.05953756706294432,0.528,0.6319999999999999
1733715565.445938,1.3013873285497446,-0.016442275495033586,0.056014962885888565,0.524,0.6299999999999999
1733715565.545938,1.302458722255498,-0.016430203395625828,0.05607831485230722,0.484,0.6319999999999999
1733715565.645938,1.300666887034815,-0.016284463646764797,0.06311721013254731,0.47,0.6300478085492297
1733715565.7459378,1.2975425116775101,-0.016520990433271265,0.08159033698440356,0.46786580163177033,0.6401341983682295
1733715565.8459377,1.2963709498577234,-0.01560174403236498,0.09760882542976489,0.45425338760644846,0.6579999999999999
1733715565.9459376,1.296599659418963,-0.016118398684865844,0.10818242729368052,0.42399999999999993,0.6559999999999999
1733715566.0459375,1.2919020048612426,-0.01833403266187214,0.11706828975521036,0.44009764309764304,0.6479999999999999
1733715566.1459374,1.2883535849946888,-0.02006705127671385,0.1240515459728846,0.42408138420785657,0.6479999999999999
1733715566.2459373,1.2837204137029623,-0.02030024800532631,0.12630453151197998,0.4299384233127177,0.6499999999999999
1733715566.3459373,1.2830113359980426,-0.02126504963969086,0.12496148412982704,0.42799999999999994,0.6578470113916172
1733715566.4459372,1.2833870478391636,-0.022963968504424004,0.1225594536601233,0.43199999999999994,0.6580597803874553
1733715566.545937,1.2841726757390801,-0.023371701943657768,0.12142651866209346,0.44211616175240764,0.6521161617524076
1733715566.645937,1.2822134871642488,-0.0235576599715445,0.11583526116557268,0.45599999999999996,0.6439999999999999
1733715566.7459369,1.278927628041469,-0.023136077982991336,0.107514357526312,0.46799999999999997,0.6478008636017271
1733715566.8459368,1.2794110326779202,-0.021869983840492196,0.10322026383939953,0.44637632679318107,0.6639999999999999
1733715566.9459367,1.2803739702063472,-0.0218049712320186,0.1034824624631509,0.3475925419282302,0.7160452731190855
1733715567.0459366,1.280779125529745,-0.020219088825975867,0.12950668281550778,0.30811410204901574,0.734
1733715567.1459365,1.2829553634878932,-0.021073487700362596,0.1840972892243686,0.2718388162143213,0.7660805918928394
1733715567.2459364,1.2850619006820323,-0.024217196955674883,0.2223914083520366,0.22199999999999998,0.784
1733715567.3459363,1.2873500611975959,-0.028618096673014664,0.2677261656397424,0.19799999999999995,0.798
1733715567.4459362,1.286649842767436,-0.03513556000188898,0.3201956446371045,0.18999999999999995,0.81
1733715567.545936,1.2862014957727865,-0.04127126289853333,0.34947284656234934,0.15999999999999992,0.808
1733715567.645936,1.2798365975636712,-0.0424820479292092,0.36363368888565367,0.16171605491291394,0.806
1733715567.745936,1.2738948842190914,-0.041922173406525556,0.3638801338232485,0.19999999999999996,0.78
1733715567.8459358,1.2668190359057772,-0.040731654343428736,0.3509240328072003,0.22199999999999998,0.78
1733715567.9459357,1.2647098824932093,-0.036778286903667246,0.3388540073604609,0.2983616822258497,0.7799276635548301
1733715568.0459356,1.2678453162035623,-0.03125797249212407,0.3241926129138871,0.31789799936149843,0.7781020006385017
1733715568.1459355,1.2695582746046263,-0.02593279737425851,0.3090104940226161,0.3620000000000001,0.746
1733715568.2459354,1.2637431745552146,-0.02091570198919367,0.2859718260252902,0.376062975667274,0.7140629756672741
1733715568.3459353,1.2518379352939972,-0.01630312533788556,0.2548758796708816,0.4078494452434764,0.6324516642695704
1733715568.4459352,1.2186709401950402,-0.01579446899476795,0.20252209740602892,0.44799999999999995,0.5700000000000001
1733715568.5459352,1.203187061558648,-0.014698859544171099,0.16275127233417339,0.478,0.49440307929996535
1733715568.645935,1.1761944576866736,-0.011969079250212353,0.08419911985985666,0.5259004035468197,0.4202489911329508
1733715568.745935,1.1516233495722603,-0.009347646702421912,0.017053914530104894,0.502,0.3788352361825634
1733715568.8459349,1.1324485809935563,-0.007370222528261779,-0.021216002481781876,0.5257880530137393,0.29842389397252145
1733715568.9459348,1.122080246637585,-0.006303191220787263,-0.05814418467680132,0.548,0.23399999999999999
1733715569.0459347,1.1187457185285836,-0.004820299393380173,-0.10640296614503723,0.5900000000000001,0.09702940779347043
1733715569.1459346,1.116480823874179,-0.004120667123712227,-0.1561842090412792,0.5839371674792143,0.0
1733715569.2459345,1.11810989550845,0.001795520804178093,-0.216173124907817,0.5918735610989648,0.0
1733715569.3459344,1.124901767340929,0.008813469023473852,-0.24901683366402694,0.6449337214944201,0.0
1733715569.4459343,1.1411613468139632,0.015642092152862375,-0.284837384146834,0.6851343960947331,-0.004083825941039624
1733715569.5459342,1.164988938521177,0.020897562474038695,-0.33813440345350815,0.7436888319179619,-0.1396888319179619
1733715569.645934,1.1809148870238562,0.025527941369432663,-0.3872431255987027,0.754,-0.13215855399617488
1733715569.745934,1.1918588200452147,0.03115057254365653,-0.44183805825897904,0.752,-0.1146405329516049
1733715569.845934,1.2008729490759589,0.03924635601742618,-0.49447711240381315,0.754,0.0
1733715569.9459338,1.2115068313831927,0.045599109354286994,-0.5198286355437148,0.7074106081643987,0.0
1733715570.0459337,1.1972200853320203,0.04841846202400413,-0.5151657667208939,0.6259999999999999,0.0
1733715570.1459336,1.1799370282807085,0.04709500157212316,-0.4729249810581586,0.7223531985274503,-0.23480232620178199
1733715570.2459335,1.1795401594745818,0.04125013270019306,-0.4616084391550083,0.794,-0.3096724216877206
1733715570.3459334,1.1717640357341745,0.03822213315703217,-0.49765724453525906,0.798,-0.34199999999999997
1733715570.4459333,1.1542727940476076,0.052941259349793456,-0.6141715025954593,0.8220000000000001,-0.3539563286257613
1733715570.5459332,1.1380722626785198,0.07120132392404377,-0.7252504478266082,0.8200000000000001,-0.354
1733715570.6459332,1.1252371220266024,0.09103771758121923,-0.8227998209524412,0.820115673336361,-0.36211567333636097
1733715570.745933,1.1128248891738581,0.10213009077581399,-0.8526859087481821,0.8236914899271781,-0.369691489927178
1733715570.845933,1.1002111782336632,0.11658742773414171,-0.8700938551219003,0.8224270648870095,-0.3664270648870094
1733715570.9459329,1.0869827109874535,0.1318044290794064,-0.9012246334326152,0.8160000000000001,-0.36193352043152005
1733715571.0459328,1.0642422617419203,0.14134317626625925,-0.9260053949548112,0.8160000000000001,-0.362
1733715571.1459327,1.0452097084490963,0.14595173969153005,-0.9406873811318437,0.8260000000000001,-0.3539265544065499
1733715571.2459326,1.0343856324700582,0.15423459418746868,-0.9590261010482307,0.8260000000000001,-0.33612421058437436
1733715571.3459325,1.0260083044226336,0.1649900789408564,-0.9967589887328419,0.8220000000000001,-0.31799999999999995
1733715571.4459324,1.0183649263795065,0.17479765388942645,-1.027490869964981,0.8281991278306101,-0.318099563915305
1733715571.5459323,1.008931708534505,0.18067418574281727,-1.0327598841980024,0.8200000000000001,-0.30400000000000005
1733715571.6459322,0.9909581805470711,0.18559728839849107,-1.039820627966591,0.8200000000000001,-0.29600000000000004
1733715571.745932,0.9811151192819477,0.18782375300783935,-1.040764617787543,0.81,-0.29600000000000004
1733715571.845932,0.9681209220552959,0.19214656221202744,-1.043069902923093,0.764,-0.18999999999999995
1733715571.945932,0.9471260240365276,0.1954893194784173,-0.9980064585607769,0.7288570942883046,0.0
1733715572.0459318,0.9192477346062606,0.19516070954600456,-0.8820244190168988,0.3580000000000001,0.0
1733715572.1459317,0.8530158916257317,0.19396557981091647,-0.7256676053527162,0.0,0.19057466941647452
1733715572.2459316,0.7846496330772667,0.1899820783400432,-0.5373369890209241,0.0,0.27
1733715572.3459315,0.7537595773896246,0.1731011204406498,-0.37052641863107105,-0.13007498535442297,0.31000000000000005
1733715572.4459314,0.7257155108364427,0.14423950685335418,-0.1909450161919061,-0.13590539312630287,0.3122838206210915
1733715572.5459313,0.7063672060775641,0.12000939364423709,-0.09309119304269861,-0.11440603655408871,0.27620301827704435
1733715572.6459312,0.6872421562064194,0.09234250493495977,-0.03694176716844107,-0.1358654113619343,0.27
1733715572.7459311,0.6643824117119645,0.06546771551815708,-0.012329377642900373,-0.136,0.276
1733715572.845931,0.645298619151998,0.053243893603955726,0.009887080324544847,-0.14007761776909936,0.278
1733715572.945931,0.614351357118313,0.0568967789249574,0.04344214233642435,0.0,0.26821263915904486
1733715573.0459309,0.5852509385876599,0.07659928520586612,0.08207404368299309,0.0,0.28
1733715573.1459308,0.561350612461982,0.09115083981793978,0.10823456467988032,0.0,0.28
1733715573.2459307,0.5432912601367612,0.09138270115260146,0.13820257169422703,0.0,0.276
1733715573.3459306,0.5279501615296929,0.06542273391078454,0.17336006119617073,0.0,0.2799014868883482
1733715573.4459305,0.5227714422379667,0.03224904626468907,0.1975367697816148,0.0,0.28800000000000003
1733715573.5459304,0.5155561949639794,-0.010567643238117683,0.21998103602546548,0.0,0.2840756898817346
1733715573.6459303,0.5067006943840943,-0.031040549543110568,0.22128136418558753,0.0,0.29992618464838705
1733715573.7459302,0.49803884164886714,-0.029335411062930306,0.21380647715970913,0.0,0.30200000000000005
1733715573.84593,0.4956492269719626,-0.011625436330088824,0.20741599653377582,0.0,0.30013115904857046
1733715573.94593,0.49801482616899895,0.021189244016110553,0.20550586670048035,0.0,0.3118573335469059
1733715574.04593,0.5046109985129528,0.04165378533352525,0.2179034094575325,0.0,0.3397757316846659
1733715574.1459298,0.5101154994490011,0.03915966832312127,0.24804555870890774,-0.114493067132924,0.35232871142194944
1733715574.2459297,0.5034135923913295,0.003223147164632897,0.30015857854641004,-0.13,0.3600000000000001
1733715574.3459296,0.4917765374572099,-0.03320623083365524,0.3243535692189359,0.0,0.33212602693317533
1733715574.4459295,0.4872572271486495,-0.05097548117900319,0.30837416485839614,0.0,0.3424240439467569
1733715574.5459294,0.48961574390604523,-0.051898801972570414,0.27012442261602,0.0,0.3718915520206364
1733715574.6459293,0.4989408448394722,-0.03765188304092205,0.259077894239987,0.0,0.3899162828723258
1733715574.7459292,0.5143050267156112,-0.0071664549369774115,0.2797826049522649,0.0,0.3979999999999999
1733715574.8459291,0.523910646936038,0.015131783093779043,0.315268338110325,0.0,0.4059999999999999
1733715574.945929,0.529523089909923,0.028573286373208127,0.3697364687768608,0.0,0.3880919058631478
1733715575.045929,0.5256643145809983,0.021726061058573252,0.4071397042349219,0.0039009487601622604,0.3277749452638369
1733715575.1459289,0.5084860989114639,-0.0032780502664693984,0.42299619459789595,0.27097204884667575,0.3021027951153325
1733715575.2459288,0.5085765249408856,-0.032023301583715476,0.36052400415858354,0.3734387127813119,0.24040091944192013
1733715575.3459287,0.5306893191485625,-0.04799274248889189,0.232774438073314,0.4536979677082496,0.13870474201408403
1733715575.4459286,0.5576902895171524,-0.04871056241511415,0.06678225204841816,0.46599999999999997,0.1080000000000001
1733715575.5459285,0.5788435448955166,-0.03592868489452618,-0.04860762983504698,0.486,0.0
1733715575.6459284,0.6069227387718023,-0.00657243961610688,-0.16193428174494565,0.46799999999999997,0.0
1733715575.7459283,0.6217599370723556,0.018991607295250776,-0.20646002744475242,0.436266594652984,0.0
1733715575.8459282,0.6287033669016394,0.0480330749257644,-0.22067478511235683,0.40836716059271116,0.0
1733715575.945928,0.6252250875848321,0.060055450785887254,-0.20694963913481235,0.32740571800928575,0.11839618799380966
1733715576.045928,0.6093335383277985,0.06251821034550357,-0.18329921680410668,0.21915036194415716,0.19736091003102374
1733715576.145928,0.5880681226360867,0.05386044648531327,-0.1424861149756334,0.0,0.24751618141746898
1733715576.2459278,0.5593162556121897,0.0348951973310056,-0.059847768670127095,0.0,0.295242476094615
1733715576.3459277,0.5510936048548758,0.01976666955332595,-0.0016497839304731865,0.0,0.3098816954643629
1733715576.4459276,0.5507854833152778,0.010536759897557008,0.02741590218071882,0.0,0.3238519398471882
1733715576.5459275,0.5541599123981089,0.009614205068593453,0.0318427302310395,0.0,0.33027325938504903
1733715576.6459274,0.5605984780784251,0.014960120406746595,0.03135796019271206,0.0,0.3420000000000001
1733715576.7459273,0.5681119554960684,0.027327637786439558,0.03964558923369048,0.0,0.3460000000000001
1733715576.8459272,0.57314566568861,0.038445933773783726,0.06003425239761217,0.0,0.3501568425505307
1733715576.9459271,0.577441667713506,0.04814580487410199,0.09265362992860872,0.0,0.37991723990828125
1733715577.045927,0.5818135568737861,0.052889118283258055,0.14770067001265885,-0.11439253602197057,0.39406542267032835
1733715577.145927,0.577565272741001,0.04632021183426409,0.22653184413465055,-0.17792364337526403,0.4039999999999999
1733715577.2459269,0.5597244663389538,0.03178084165174633,0.30801510471602334,-0.13492561983471074,0.38813223140495856
1733715577.3459268,0.5465209078857594,0.01452222393750848,0.36714235655149124,0.0,0.3215021722589039
1733715577.4459267,0.5302621356580628,-0.006121503421708982,0.39046011165726796,0.1369857925418167,0.18930398101766407
1733715577.5459266,0.5043629120731816,-0.022656619429168877,0.3616128980168332,0.2081238608889715,0.0
1733715577.6459265,0.4867419846005056,-0.032181122076367114,0.3036363704118977,0.2437231914893617,0.0
1733715577.7459264,0.49204998555181145,-0.03602917141381639,0.22426095297772822,0.2461429540582345,0.0
1733715577.8459263,0.5023749086943912,-0.033639463541588185,0.1391413724914511,0.242,0.0
1733715577.9459262,0.5119959762985724,-0.02639833608656289,0.06394001063458699,0.242,0.0
1733715578.045926,0.5188002826020489,-0.014518251361678614,-0.00302607803994264,0.246,0.0
1733715578.145926,0.5210305972265694,-0.005748791549547295,-0.04001187195297953,0.248,0.0
1733715578.245926,0.5186944350090577,0.0010093997646212227,-0.058157564247344966,0.24608894263065967,0.0
1733715578.3459258,0.5107586036628706,0.0030980029525230126,-0.05719041696592987,0.24608597748208802,0.0
1733715578.4459257,0.5024123226908557,0.00262296620587237,-0.049097330306980665,0.31518879196404975,0.0
1733715578.5459256,0.49870678538184054,-0.0010370034973636707,-0.05020825544390531,0.3480000000000001,0.0
1733715578.6459255,0.49774341078322226,-0.004283957017380707,-0.07276976671535923,0.3440000000000001,0.0
1733715578.7459254,0.49975355742155847,-0.007683054588493265,-0.1121290230423792,0.3440000000000001,0.0
1733715578.8459253,0.5042622928473274,-0.0075317743463312594,-0.15479407192336622,0.3261148729387398,0.0
1733715578.9459252,0.5129318097016448,-0.004207518993744874,-0.19662983393592404,0.32400000000000007,0.0
1733715579.0459251,0.5261272802525452,0.002530389376021653,-0.23868298632464688,0.32413334935127347,0.0
1733715579.145925,0.5367446391697717,0.011152585145633031,-0.26752069055233046,0.30036195080486644,0.0
1733715579.245925,0.5468332403790984,0.027583486485992504,-0.29292227877161087,0.27810009943652636,0.08739542591978794
1733715579.3459249,0.5492315578428857,0.040231210473545706,-0.29171858359088787,0.2661672245617824,0.15041806140445588
1733715579.4459248,0.5544870170044277,0.05081586290068941,-0.2648709217443364,0.2761185425440088,0.21376291491198238
1733715579.5459247,0.5595333292665194,0.05369222777862634,-0.22350779281978392,0.2444424613247121,0.22999999999999998
1733715579.6459246,0.5584012065967854,0.05145869354896287,-0.15500456302863863,0.198281373313485,0.23571862668651494
1733715579.7459245,0.5502278510730174,0.04307487893173274,-0.08192202645542865,0.18410768141978326,0.24989231858021668
1733715579.8459244,0.5416107071788154,0.03168791975402202,-0.026730527454676765,0.16410208360982076,0.258
1733715579.9459243,0.5370415618776105,0.019413688464928195,0.005096103946848364,0.15999999999999992,0.258
1733715580.0459242,0.5370624073985593,0.008429849197816808,0.012626748497340313,0.16183517309137135,0.258
1733715580.145924,0.543312441975325,0.0017431217398595738,0.0007118613049923752,0.15999999999999992,0.256
1733715580.245924,0.5515649888530615,0.0012159388393201806,-0.016976262262888262,0.15999999999999992,0.256
1733715580.345924,0.5627329378634665,0.006713709412384782,-0.035602208205284265,0.16227877403010274,0.25572122596989716
1733715580.4459238,0.5696965361617822,0.013758887501202835,-0.03875422081002286,0.16199999999999992,0.254
1733715580.5459237,0.5738152098130751,0.023836481717801273,-0.014881586345378846,0.16599999999999993,0.25987124237965104
1733715580.6459236,0.5728924140901913,0.028705129319544394,0.020906089598397137,0.16191505339120701,0.2541698932175858
1733715580.7459235,0.5657898516317359,0.026236624020812192,0.06870163726358718,0.1679983388704318,0.252
1733715580.8459234,0.5574453122872876,0.018262045079997215,0.09892498388376458,0.16999999999999993,0.25810680964497756
1733715580.9459233,0.549853735459379,0.00437696889294308,0.12447313303372591,0.17199999999999993,0.258
1733715581.0459232,0.5448090023666001,-0.006179520394629966,0.13882456369019683,0.17399999999999993,0.258
1733715581.1459231,0.5421264034493682,-0.01718900262465843,0.139033391875464,0.17599999999999993,0.258
1733715581.245923,0.5436256253080681,-0.020858701047358912,0.12441701797159942,0.17599999999999993,0.254
1733715581.345923,0.5518346777923655,-0.019016829768542413,0.09225320024675458,0.17599999999999993,0.254
1733715581.4459229,0.5614346063811484,-0.013968582203479945,0.06494159107697206,0.17599999999999993,0.2658468763417776
1733715581.5459228,0.5780388603096634,-0.0035593050902461374,0.03846720447608286,0.17199999999999993,0.266
1733715581.6459227,0.5892344398908582,0.0051276968684077235,0.03417935027693391,0.1780385716623036,0.258
1733715581.7459226,0.5983709115217835,0.014818730319921735,0.04441935509277438,0.1800762309242729,0.256
1733715581.8459225,0.6000870578526912,0.019154817586164646,0.06593313645711203,0.18799999999999994,0.256
1733715581.9459224,0.5967896357751689,0.017277811994184496,0.08486804564668074,0.2076860555297037,0.25031394447029626
1733715582.0459223,0.5895052824107712,0.009917514215513814,0.09789160084389416,0.24412962280378425,0.17982716959495426
1733715582.1459222,0.5828778031522334,0.0016574659147054053,0.09143149870123102,0.29800000000000004,0.1140000000000001
1733715582.245922,0.5755540413214199,-0.007638081413415439,0.057744896341614435,0.31001047098920054,0.0
1733715582.345922,0.5751042241323419,-0.012396835228813734,0.008277556262952051,0.32200000000000006,0.0
1733715582.445922,0.5807190354714771,-0.013734843148415922,-0.038933884589346816,0.32600000000000007,0.0
1733715582.5459218,0.5896763905777381,-0.011013713155117897,-0.08824370786672353,0.32600000000000007,0.0
1733715582.6459217,0.5999656718738772,-0.005354126771557543,-0.13234778403223238,0.32400000000000007,0.0
1733715582.7459216,0.610978602165186,0.0030872424847541826,-0.1749470636741542,0.3162012964054214,0.0
1733715582.8459215,0.6214890262121645,0.013593373628194043,-0.2129393596143962,0.29800000000000004,0.0
1733715582.9459214,0.6240534139847925,0.022042986038561422,-0.23135082220382372,0.2919337215153476,0.0
1733715583.0459213,0.6215670599960714,0.02874468971937824,-0.23369473372277158,0.262,0.0
1733715583.1459212,0.6141283671124551,0.03235835097048338,-0.21875263713449566,0.21995550154248852,0.0
1733715583.2459211,0.5993081059961021,0.03380187822009492,-0.18961443955028204,0.20599999999999996,0.0
1733715583.345921,0.5878732691747105,0.032734555577294475,-0.16540577252916433,0.2117949493508346,0.0
1733715583.445921,0.5776653319329199,0.028901983319631678,-0.14448700892542019,0.21249356375791192,0.10325965436313216
1733715583.5459208,0.5683408414919165,0.023832962094685967,-0.13449396013514678,0.18611590816465148,0.12388409183534857
1733715583.6459208,0.5621968100320264,0.020037845472962723,-0.12851055270086753,0.15830471398884385,0.13184764300557794
1733715583.7459207,0.5563649163012935,0.01714467272668886,-0.11868087939991126,0.13599431421446373,0.1439999999999999
1733715583.8459206,0.5528076820097986,0.01687441971634745,-0.11202601407028019,0.10616932229694784,0.15399999999999991
1733715583.9459205,0.5505389541900896,0.019644313087161493,-0.10134948201627092,0.0,0.1698905664863579
1733715584.0459204,0.5470339358056183,0.023764482617806594,-0.08304848766801746,0.0,0.17999999999999994
1733715584.1459203,0.5434338094338762,0.027598794176316437,-0.0544571278092791,0.0,0.1859181160203089
1733715584.2459202,0.5386029406667519,0.028927610060510884,-0.02891358693483228,0.0,0.19199999999999995
1733715584.34592,0.5275406943393837,0.02660751684168226,0.0026504099116415056,0.0,0.19399999999999995
1733715584.44592,0.512680910476333,0.01976569032100438,0.03548639059874117,0.0,0.19799999999999995
1733715584.54592,0.4969524982985046,0.010491944608706437,0.06637588466580188,0.0,0.19999999999999996
1733715584.6459198,0.48271167932361647,0.00046678657888837155,0.08837868326446115,0.0,0.20399999999999996
1733715584.7459197,0.47385533503083777,-0.006732755305555981,0.09712402244890014,0.0,0.20599999999999996
1733715584.8459196,0.467522679330488,-0.013695332580186518,0.1017885832262745,0.11551810154525397,0.16672284768211915
1733715584.9459195,0.46630387230348763,-0.01674023095736209,0.09583155611169801,0.19166738479323203,0.0
1733715585.0459194,0.4689167193289218,-0.01714994265024095,0.05969171500282032,0.22975098407315447,0.0
1733715585.1459193,0.4769159649281585,-0.012748172703327967,0.010142088500785872,0.24,0.0
1733715585.2459192,0.48344822283405897,-0.004141254343760407,-0.038260101693642225,0.242,0.0
1733715585.3459191,0.4845323214729781,-0.0004811252812290164,-0.0549006528626469,0.23199999999999998,0.0
1733715585.445919,0.4805710588842388,0.002390151124618087,-0.06838381131124384,0.23199999999999998,0.0
1733715585.545919,0.4732764678572046,0.0008577212063027887,-0.07246036096062997,0.2182005773243019,0.0
1733715585.6459188,0.4650085511084076,-0.003653342965427689,-0.0757599552020535,0.21199999999999997,0.0
1733715585.7459188,0.45848697428974394,-0.008498254813942348,-0.08293723315801743,0.22199999999999998,0.0
1733715585.8459187,0.4559138471081231,-0.012638685301640177,-0.10220546186470252,0.21999999999999997,0.0
1733715585.9459186,0.4567420314850664,-0.012636348397651726,-0.12361555785874528,0.21999999999999997,0.0
1733715586.0459185,0.46160677913549736,-0.007585085151887744,-0.15330077671512668,0.21999999999999997,0.0
1733715586.1459184,0.4661780044713057,-1.9796227098009544e-05,-0.16804394315679583,0.21999999999999997,0.0
1733715586.2459183,0.4714930757564983,0.01380537489818748,-0.17581035472205464,0.21599999999999997,0.0
1733715586.3459182,0.4717121660657774,0.019456965570706395,-0.1731917120894718,0.21599999999999997,0.0
1733715586.445918,0.4680191798378235,0.025535041715431774,-0.15803681758423768,0.21609788475565278,0.0
1733715586.545918,0.45930940382875735,0.024524538946283946,-0.13795177596113278,0.21799999999999997,0.0
1733715586.645918,0.45091126460854036,0.01907531092296603,-0.12974426629205077,0.21599999999999997,0.0
1733715586.7459178,0.44300312128550784,0.012783394585760059,-0.13320456889194918,0.21389858858595595,0.0
1733715586.8459177,0.44055621977913423,0.00945732069650818,-0.14765383732294168,0.15546546016331927,0.12830545133524598
1733715586.9459176,0.43765787287336283,0.008884955847774652,-0.16663824113469264,0.0,0.19599999999999995
1733715587.0459175,0.4388182229176677,0.013657574997596485,-0.14726850684531723,0.0,0.242282267070836
1733715587.1459174,0.4492634949200035,0.02158217961414828,-0.10453018079690757,0.0,0.25811558371320403
1733715587.2459173,0.4590205254040475,0.02912122930499036,-0.05668619566678825,-0.10599999999999998,0.266
1733715587.3459172,0.4607623687253329,0.03558895868212074,0.002367155172818416,-0.14610903851396084,0.274
1733715587.4459171,0.45164778134092826,0.03640453637432366,0.07634683139910331,-0.15400000000000003,0.274
1733715587.545917,0.4402689230257403,0.030455477515274228,0.13191025565268963,-0.15400000000000003,0.274
1733715587.645917,0.4251274822332021,0.015983841727709214,0.1944295364708056,-0.14184705098300568,0.274
1733715587.7459168,0.41648156375675555,0.0015193526111233076,0.22926310881572842,-0.11399999999999999,0.27
1733715587.8459167,0.4103887079665339,-0.012718310434877644,0.24511366416802532,-0.09999999999999998,0.266
1733715587.9459167,0.40821529492461506,-0.0204189580310158,0.24585830011686402,-0.09799999999999998,0.264
1733715588.0459166,0.4067839395946525,-0.021890676851988068,0.24130530255686009,-0.09799999999999998,0.264
1733715588.1459165,0.4046299098843047,-0.017781503337028277,0.2435732224380303,-0.09791326851535681,0.262
1733715588.2459164,0.40063045947537396,-0.013174808734213742,0.2596408467244872,0.0,0.26
1733715588.3459163,0.4004523783396395,-0.014640954512831109,0.28530708395580506,0.0,0.25807874270318815
1733715588.4459162,0.39920868769777623,-0.02030936756559956,0.29842573698341585,0.0,0.27
1733715588.545916,0.39441414668302294,-0.033394979917338675,0.31124754738363547,0.12908971123653937,0.22472867022403728
1733715588.645916,0.3871494911669325,-0.04548774620638155,0.3083903864806751,0.19221304088776342,0.0
1733715588.745916,0.37685022368026905,-0.06036179814296002,0.2589468991082425,0.21399999999999997,0.0
1733715588.8459158,0.37526348903042106,-0.06685839581452677,0.19422423719098378,0.2281794956990438,0.0
1733715588.9459157,0.379396277433268,-0.06587023259117565,0.13193721103715014,0.23199999999999998,0.0
1733715589.0459156,0.38954466287530626,-0.057622101937723595,0.07028540800100724,0.22999999999999998,0.0
1733715589.1459155,0.39868907839563433,-0.048502809348265466,0.030674892029836396,0.22999999999999998,0.0
1733715589.2459154,0.40536232693346025,-0.041936203536392415,0.0013737470069093566,0.22999999999999998,0.0
1733715589.3459153,0.4107778405929943,-0.03888718335133691,-0.023632035157107302,0.22999999999999998,0.0
1733715589.4459152,0.4120019834829977,-0.03982057894097732,-0.037749046434804215,0.22799999999999998,0.0
1733715589.5459151,0.40986408541008446,-0.04353660054677742,-0.05224414639783886,0.22799999999999998,0.0
1733715589.645915,0.4067599365213655,-0.04576492045775486,-0.06318718378568135,0.22599999999999998,0.0
1733715589.745915,0.4040322642984446,-0.0460332629143648,-0.07748921566902715,0.20190968540415777,0.0
1733715589.8459148,0.4015134097186751,-0.0433826374176647,-0.09066668479695053,0.19599999999999995,0.0
1733715589.9459147,0.4012414615724235,-0.03841902161086411,-0.09965142851307328,0.19999999999999996,0.0
1733715590.0459146,0.4036718453903638,-0.03180584714224623,-0.11371820917627505,0.20799999999999996,0.0
1733715590.1459146,0.4070422791618764,-0.026082871528523094,-0.1299237621163617,0.20791332107961688,0.0
1733715590.2459145,0.41083519859600276,-0.019000064122079097,-0.1507799426047365,0.20199999999999996,0.0
1733715590.3459144,0.41187350315559373,-0.014586028430267205,-0.16117646937372526,0.19999999999999996,0.0
1733715590.4459143,0.4098034131795229,-0.010898091300381097,-0.16281629417849053,0.19615404630666924,0.0
1733715590.5459142,0.40736905248794913,-0.007382966437459571,-0.15471882893957806,0.1893819381137024,0.0
1733715590.645914,0.40374307292278205,-0.0057192702951765996,-0.14475010453397155,0.1826098299207356,0.0
1733715590.745914,0.39970319753502603,-0.005431238248755475,-0.13900668543327327,0.1758377217277688,0.0
1733715590.845914,0.39613545615466683,-0.0056839948310038035,-0.1387020038919699,0.16199999999999992,0.0
1733715590.9459138,0.3908569127971934,-0.004170037843534215,-0.13792713183386213,0.0,0.0
1733715591.0459137,0.3831673670659908,-0.00017365576205742356,-0.1276638556118607,0.0,0.16199999999999992
1733715591.1459136,0.38659840463573364,0.005229364467977294,-0.10332568204880564,0.0,0.20999999999999996
1733715591.2459135,0.3914783222537491,0.009097968034738805,-0.07240561532573798,0.0,0.2240841744204384
1733715591.3459134,0.39286812670576565,0.011019547410785015,-0.038181038755913305,0.0,0.23399999999999999
1733715591.4459133,0.387137612633978,0.010027645361724378,0.00012691278397946324,-0.09199999999999997,0.236
1733715591.5459132,0.38029253553019426,0.007610652416215518,0.0339364839105165,-0.09599999999999997,0.238
1733715591.6459131,0.3738723447260215,0.003830885186904942,0.07470510203672744,-0.09599999999999997,0.238
1733715591.745913,0.37297025550424634,0.00019203677185808835,0.10730226963478075,-0.09199999999999997,0.236
1733715591.845913,0.37485258328863497,-0.0022666394663647116,0.13188977741889668,-0.08999999999999997,0.22599999999999998
1733715591.9459128,0.37642945629952157,-0.004586554018021419,0.15555316481539352,-0.10037859266600592,0.16930591344565568
1733715592.0459127,0.3699269782547002,-0.0071843083391381025,0.1710099902266647,-0.17400000000000004,0.0
1733715592.1459126,0.34498059821172183,-0.010106277680672758,0.17417447654218243,-0.2625741787185136,0.0
1733715592.2459126,0.2996014869613362,-0.013857879595570388,0.1922703671552934,-0.33599999999999997,0.0
1733715592.3459125,0.27373284620706767,-0.015043618538079714,0.205826502790595,-0.38,-0.09599999999999997
1733715592.4459124,0.2282181140427783,-0.01926397948292884,0.2304906537906038,-0.388,-0.10199999999999998
1733715592.5459123,0.18476995553015352,-0.027540010858483004,0.2476449546080751,-0.20135059581067546,0.0
1733715592.6459122,0.17619729505347773,-0.03429575973245164,0.25093570289674627,-0.19799999999999995,0.0
1733715592.745912,0.16192881870592354,-0.036497474421197836,0.24868518507425327,-0.23392112320555292,0.0
1733715592.845912,0.14089520956612792,-0.03355394188391544,0.2573586060783227,-0.10599999999999998,0.0
1733715592.945912,0.1307367089704214,-0.029157042961797986,0.25592608357043684,0.0,0.0
1733715593.0459118,0.12075750383594228,-0.025552434336834937,0.23261164825866418,0.0,-0.10199999999999998
1733715593.1459117,0.10770337660488413,-0.02428265331330555,0.19893707882614972,0.003686693157780285,-0.10183970899313997
1733715593.2459116,0.09925776181280917,-0.025761563375581484,0.16056811698958745,0.09400000000000008,-0.09399999999999997
1733715593.3459115,0.09599490394776482,-0.027350902762955456,0.13190286217233907,0.09393986410377539,-0.09399999999999997
1733715593.4459114,0.09474736210739429,-0.03242937896038909,0.10274261038864103,0.09400000000000008,-0.09399999999999997
1733715593.5459113,0.09286446574908538,-0.03737998466980488,0.08788285689729254,0.09600000000000009,-0.09599999999999997
1733715593.6459112,0.08999392101082068,-0.042414324517656685,0.06794927626227601,0.09800000000000009,-0.09399999999999997
1733715593.7459111,0.0881332171308992,-0.04210056048087326,0.034497949210814005,0.09600000000000009,0.0
1733715593.845911,0.08985116502588306,-0.038572396965220086,0.014983776282290393,0.10000000000000009,0.0
1733715593.945911,0.09181820935429286,-0.03410360404545624,0.004877838759992644,0.10400000000000009,0.0
1733715594.0459108,0.09406076324756193,-0.03050754885544208,-0.0031373367217865937,0.1100000000000001,-0.09009943092294286
1733715594.1459107,0.0961160031731679,-0.02939706178224296,-0.0049732758428731386,0.1180000000000001,-0.09999999999999998
1733715594.2459106,0.09506265141630306,-0.032307985374283386,-0.021342667930463376,0.12608192599338722,-0.09999999999999998
1733715594.3459105,0.09642541106562126,-0.036271714026435156,-0.04359975212437596,0.1279999999999999,-0.09999999999999998
1733715594.4459105,0.10044507632804685,-0.04150820385085046,-0.07618915323926831,0.1259999999999999,0.0
1733715594.5459104,0.10803179886526289,-0.043636472895388974,-0.09334858175603303,0.11137472877187916,0.0
1733715594.6459103,0.11306494510931385,-0.04172951472099107,-0.10070925393485253,0.0,0.0
1733715594.7459102,0.10939810829084619,-0.03533597700583714,-0.09334008146066966,0.0,0.0
1733715594.84591,0.10606744942736797,-0.03174281481110958,-0.08362962722342174,0.0,0.0
1733715594.94591,0.10424393267558647,-0.029773710492650117,-0.07733709705909327,-0.13744937232600316,0.17313879254185954
1733715595.04591,0.10822663526488556,-0.026876987793332988,-0.06495946790178486,-0.244,0.23399999999999999
1733715595.1459098,0.10731644821795525,-0.024007769818001228,-0.013774274320650072,-0.29621170958486187,0.2601411397232412
1733715595.2459097,0.10004764104355575,-0.02233897947897163,0.10260752955602821,-0.31399999999999995,0.28
1733715595.3459096,0.09510889727548648,-0.02130218140062619,0.1845251646581223,-0.31599999999999995,0.29400000000000004
1733715595.4459095,0.08987889282325265,-0.019464606907463683,0.2571994322678422,-0.31599999999999995,0.3001357658657257
1733715595.5459094,0.08415170243229089,-0.015697901646782007,0.31013921602402394,-0.32399999999999995,0.31000000000000005
1733715595.6459093,0.0757461557367607,-0.005252815865943818,0.3764863811491455,-0.344,0.32400000000000007
1733715595.7459092,0.06912443198553736,0.005296629110916256,0.44265747018389145,-0.37633029003043306,0.3481651450152166
1733715595.845909,0.06453574387867053,0.013798879027514168,0.5095515120504085,-0.402,0.3720000000000001
1733715595.945909,0.06241172733792997,0.020597849556548895,0.5871499262275428,-0.41400000000000003,0.3839999999999999
1733715596.045909,0.06134327569925787,0.023567463257289003,0.6508814562621182,-0.42600000000000005,0.3939999999999999
1733715596.1459088,0.057587439316555945,0.025937327773005774,0.7217797982093762,-0.434063060445839,0.3999999999999999
1733715596.2459087,0.05105411647898557,0.0310521904332828,0.7769085903717134,-0.43999999999999995,0.4019999999999999
1733715596.3459086,0.04051162842292432,0.04478693489186194,0.8609443855867634,-0.44607581631773924,0.4039999999999999
1733715596.4459085,0.035967875666386484,0.050919297458294155,0.8890002704131219,-0.45799999999999996,0.4059999999999999
1733715596.5459085,0.026478689042043306,0.06173996886145837,0.9175004837350937,-0.47,0.4079999999999999
1733715596.6459084,0.019614336365034398,0.07460420565802278,0.9459144370225315,-0.474,0.4119999999999999
1733715596.7459083,0.01604770651316075,0.08178259034831804,0.9865833721934445,-0.478,0.4139999999999999
1733715596.8459082,0.013031971710036847,0.08350373478173288,1.0137737632625106,-0.484,0.4179999999999999
1733715596.945908,0.008941848043749158,0.08627116261496172,1.0465526265674994,-0.492,0.41999999999999993
1733715597.045908,0.0025206463723090474,0.09093842088569408,1.0850838644662277,-0.5000791042371516,0.42203955211857574
1733715597.1459079,-0.001868064479620114,0.09664056415065445,1.1093660255366011,-0.51,0.42599999999999993
1733715597.2459078,-0.0047498252976886255,0.10267196091498507,1.1149708782012673,-0.5160324380626442,0.42803243806264407
1733715597.3459077,-0.007496634078334254,0.10793621325019571,1.128581672799649,-0.522,0.4320718369687953
1733715597.4459076,-0.01063227198565204,0.10760335660196658,1.1499462581128612,-0.526,0.43399999999999994
1733715597.5459075,-0.015146602564467858,0.10238862952303235,1.1665284088888765,-0.534,0.43799999999999994
1733715597.6459074,-0.022620322308217776,0.0982893281591864,1.1778650910003523,-0.536,0.43999999999999995
1733715597.7459073,-0.0289770554764529,0.09540168729597594,1.2019196561261982,-0.536,0.43999999999999995
1733715597.8459072,-0.03368721632745945,0.09436688805271629,1.2400145819864559,-0.49892337714937957,0.4358923377149379
1733715597.945907,-0.02980868412315317,0.09222595234795998,1.2374385372141707,-0.42600000000000005,0.4119999999999999
1733715598.045907,-0.01871403148914054,0.10041824604251427,1.231765074738221,0.0,0.3720000000000001
1733715598.145907,0.007006109342833811,0.10511153451167767,1.2291754714772893,0.3380000000000001,0.3440000000000001
1733715598.2459068,0.0776978663978039,0.10115939434633964,1.1741973906306022,0.5187365715465001,0.30963171422675
1733715598.3459067,0.15405994448016505,0.0861550444923903,1.0189378185279903,0.6000000000000001,0.23399999999999999
1733715598.4459066,0.22833368322307585,0.0647950460808849,0.8170002940913157,0.6924307928444826,0.0
1733715598.5459065,0.3007308201673097,0.03482051488353094,0.5797030195755487,0.7382472413178279,0.0
1733715598.6459064,0.3632249307607642,0.009439845301996628,0.35902124306588384,0.752,0.0
1733715598.7459064,0.43212380183814264,-0.015418876293337887,0.14601046238964105,0.752,0.0
1733715598.8459063,0.5022177858017949,-0.030725486023417473,-0.0403154735587748,0.746,0.0
1733715598.9459062,0.5513891931305596,-0.03603533832151335,-0.15604771584871194,0.742,0.0
1733715599.045906,0.6073324795589864,-0.039636254023278784,-0.27117888757433506,0.728,0.0
1733715599.145906,0.6507551802147753,-0.03473917467205431,-0.36300178116817694,0.7215960151150808,0.0
1733715599.2459059,0.6832649983345817,-0.024529702090811217,-0.4243117718219299,0.6639999999999999,0.0
1733715599.3459058,0.7047319429956956,-0.01157607169888369,-0.4611978762825995,0.6619999999999999,0.15599999999999992
1733715599.4459057,0.7380347060756235,-0.005304508092753516,-0.47155314262880205,0.722,0.0
1733715599.5459056,0.7842351768148881,-0.0025907924805997026,-0.5111651918883889,0.748,-0.10199999999999998
1733715599.6459055,0.8099643249761311,0.0018845462983787414,-0.5613930961789984,0.7439529258777633,-0.21065903771131336
1733715599.7459054,0.8207650428695605,0.00309592944031249,-0.6146719054697551,0.734,-0.29600000000000004
1733715599.8459053,0.8169035281712573,0.011829651696513718,-0.679580293686873,0.724,-0.33799999999999997
1733715599.9459052,0.8091798421531728,0.02915504559353632,-0.7891687567534807,0.5576294714361987,0.0
1733715600.045905,0.7633637806321499,0.05221276267164617,-0.8211548406987517,-0.3385117410495341,0.371926002942619
1733715600.145905,0.7389615544025627,0.06339860917583438,-0.6784558682444959,-0.8160000000000001,0.17399999999999993
1733715600.245905,0.6934304825178819,0.06566239093307544,-0.44242392762958554,-0.9,-0.14591181773479758
1733715600.3459048,0.5938072101479929,0.2031496209889907,-0.07950123270799975,-0.9,-0.3110350354352172
1733715600.4459047,0.4219202564582163,0.13917026727909237,0.5375596868188768,-0.85,-0.356
1733715600.5459046,0.2787187077618057,0.09538876161557495,0.44903665469685067,-0.712,-0.23399999999999999
1733715600.6459045,0.23875641948867943,0.08938035817145923,0.31170367452334174,-0.348,0.0
1733715600.7459044,0.2426307282281626,0.09367232623943118,0.29503502999233727,-0.17400000000000004,0.0
1733715600.8459044,0.2428252163298621,0.09622820845155677,0.3081809108376,0.0,0.0
1733715600.9459043,0.23770804054829203,0.10282054266848295,0.27354746103210054,0.0,0.0
1733715601.0459042,0.22634551916724988,0.11025459916148951,0.23471320024549316,0.0,0.0
1733715601.145904,0.21028869918663284,0.12076766296568932,0.20108074086400152,0.1814052861856261,0.0
1733715601.245904,0.2120623209184066,0.11843947554431743,0.1704710738904454,0.31400000000000006,0.0
1733715601.3459039,0.24603008234389181,0.10013901446315276,0.0897911579268488,0.3879999999999999,0.0
1733715601.4459038,0.2924208130667613,0.07783923337124536,-0.005623236615825729,0.3981095481049562,0.10403651603498551
1733715601.5459037,0.33856460608532035,0.053132850409655374,-0.08704127252153773,0.4139999999999999,0.1080000000000001
1733715601.6459036,0.36878017581272854,0.037506454038204094,-0.12998384886205933,0.42399999999999993,0.1100000000000001
1733715601.7459035,0.4028677340004191,0.029414163767153553,-0.18369929773269825,0.42599999999999993,0.13206574788215947
1733715601.8459034,0.43229048864450087,0.03840150918039238,-0.23207530394853285,0.42599999999999993,0.1399999999999999
1733715601.9459033,0.46659959080415736,0.05696480758136394,-0.26906322311990694,0.42999999999999994,0.15399999999999991
1733715602.0459032,0.4891971611301788,0.06827094486339608,-0.27943688421448054,0.42999999999999994,0.18799999999999994
1733715602.145903,0.5183092630085586,0.07503047088759572,-0.2710927090261102,0.44399999999999995,0.23199999999999998
1733715602.245903,0.5479095385410311,0.07292341172887969,-0.2537045962655823,0.46799999999999997,0.248
1733715602.345903,0.5876733356958399,0.060430053677880013,-0.22558806392790845,0.4699234380000711,0.2641531239998578
1733715602.4459028,0.6285351135424271,0.044655388085977195,-0.2296043108327745,0.46199999999999997,0.272
1733715602.5459027,0.6631841775427761,0.028754595253382028,-0.22622624121181345,0.43599999999999994,0.29200000000000004
1733715602.6459026,0.683109797442435,0.024052668754763043,-0.20487839485999806,0.42396515488743747,0.30006969022512503
1733715602.7459025,0.706818935606068,0.02465012168273756,-0.17832484668591655,0.4119999999999999,0.30800000000000005
1733715602.8459024,0.7224610438446152,0.027820024672077174,-0.16269210974510587,0.4059999999999999,0.31200000000000006
1733715602.9459023,0.7469597928030605,0.03194966846139254,-0.14535732653965863,0.3897437073378839,0.3341708617747441
1733715603.0459023,0.7571709363516951,0.031004395111843962,-0.13222756042999054,0.359871780577545,0.3420000000000001
1733715603.1459022,0.7720262465295057,0.024089263539275818,-0.1006102644243709,0.3056378298371868,0.3541810850814067
1733715603.245902,0.7776995905005377,0.012920440647865067,-0.06655640125158452,0.23380911780378896,0.3720000000000001
1733715603.345902,0.775247732137226,0.004232875653515151,-0.04181540834435415,0.18199999999999994,0.3779999999999999
1733715603.4459019,0.7693514004557162,-0.002427306683341134,-0.010544213805738195,0.15799999999999992,0.3779999999999999
1733715603.5459018,0.7616611157678302,-0.007396415723966267,0.03267257285292811,0.09200000000000008,0.3959999999999999
1733715603.6459017,0.7521210429505221,-0.008348862908208176,0.07978930401946395,0.0,0.3959999999999999
1733715603.7459016,0.7435841866489851,-0.008982754002526063,0.14215345337143384,0.0,0.3879999999999999
1733715603.8459015,0.739430210103358,-0.011800494920195425,0.174894065443558,0.0,0.4019999999999999
1733715603.9459014,0.7366921274672393,-0.019691649288546872,0.20924739520646865,0.10545683050180198,0.39613579237454943
1733715604.0459013,0.7368853709359495,-0.03470563461705522,0.23162584901351005,0.15399999999999991,0.3939999999999999
1733715604.1459012,0.7413713443858813,-0.05268070123201249,0.22797843243912605,0.16799999999999993,0.3899090227268762
1733715604.245901,0.7415595716473098,-0.06662214559157385,0.2108750752089733,0.19199999999999995,0.3859999999999999
1733715604.345901,0.742619778834663,-0.06880190891624247,0.19383368950065494,0.20199999999999996,0.3859999999999999
1733715604.445901,0.7449545874005075,-0.06246634632188661,0.16915411500328617,0.21399999999999997,0.381995364745902
1733715604.5459008,0.7512428788132693,-0.05167464301091999,0.1533272864693974,0.20799999999999996,0.3859999999999999
1733715604.6459007,0.7577221503101882,-0.046589225964721336,0.1525628855797003,0.20799999999999996,0.3859999999999999
1733715604.7459006,0.7638187544463982,-0.04867898719615335,0.1587908565080771,0.21204459746329626,0.3879999999999999
1733715604.8459005,0.770054261788608,-0.056122010716059594,0.17470452519774135,0.244,0.3819999999999999
1733715604.9459004,0.7692805985650089,-0.06545286151362678,0.1769313424703215,0.23414619657231114,0.3879999999999999
1733715605.0459003,0.7657867121706579,-0.07053637321667176,0.15335262017810455,0.22799999999999998,0.3859999999999999
1733715605.1459002,0.7624474973649306,-0.06760056430835598,0.1316861287588776,0.264,0.3480000000000001
1733715605.2459002,0.7608749315409193,-0.06007023915138495,0.0999768709425664,0.266,0.32600000000000007
1733715605.3459,0.7596567251284714,-0.05008872974852865,0.06756328239234599,0.26009390166701835,0.32381219666596334
1733715605.4459,0.7577818840741142,-0.04296137235570508,0.05067531712223892,0.274,0.31600000000000006
1733715605.5458999,0.759341581264553,-0.041470806799208865,0.04634499805561089,0.28,0.31400000000000006
1733715605.6458998,0.763986138829993,-0.043457486858575915,0.038742268686865686,0.2838900914689698,0.31994504573448496
1733715605.7458997,0.7699734769981504,-0.048123092778479426,0.022752420026797743,0.28600000000000003,0.31200000000000006
1733715605.8458996,0.7758684060375649,-0.051549738602628375,0.004286291873745521,0.28600000000000003,0.32200000000000006
1733715605.9458995,0.783473710263059,-0.051893943577521175,-0.011856226571203155,0.3020707657869084,0.3401415315738167
1733715606.0458994,0.7920003953898578,-0.047134642183320766,-0.023463687936421354,0.3000245014987619,0.3600000000000001
1733715606.1458993,0.7965477807043226,-0.04054383670499761,-0.02635196755321243,0.31000000000000005,0.3700000000000001
1733715606.2458992,0.7996583203211156,-0.03348016947619548,-0.026416717742561387,0.2938860743169802,0.38794303715849
1733715606.345899,0.8016615408448472,-0.02996248104556836,-0.01753065559772947,0.28800000000000003,0.3640000000000001
1733715606.445899,0.8007357908448216,-0.02881517653170319,-0.0005405444373299211,0.28800000000000003,0.3540000000000001
1733715606.545899,0.800971903203577,-0.031299698051111983,-0.0019746439473924842,0.29400000000000004,0.3520000000000001
1733715606.6458988,0.8051028959390817,-0.03479950307082496,-0.0026549546752033825,0.28800000000000003,0.3700000000000001
1733715606.7458987,0.8129425037479935,-0.037435975582622016,0.003248559611418889,0.29000000000000004,0.3799999999999999
1733715606.8458986,0.8193377190051646,-0.037003569187180105,0.00417579948763463,0.28590599424906,0.3779999999999999
1733715606.9458985,0.8234005205679096,-0.035508843451447065,0.004913733788488873,0.2641419537184243,0.3755031619855148
1733715607.0458984,0.8244555583366986,-0.03391821397981703,0.008737689626048982,0.274,0.3320000000000001
1733715607.1458983,0.8243672308697093,-0.03216704992156813,0.006672580828881049,0.274,0.3580000000000001
1733715607.2458982,0.8276972781229558,-0.029521036625185737,0.006922373003434489,0.28600000000000003,0.3899999999999999
1733715607.3458982,0.8381367967201097,-0.03001806350563428,0.015344450122178114,0.28400000000000003,0.3919999999999999
1733715607.445898,0.8477977296954745,-0.033536188358413196,0.013343995250816365,0.276,0.383923183978889
1733715607.545898,0.8522210748574243,-0.03634037679003577,0.0065621013612543015,0.2680999784374326,0.3919000215625673
1733715607.6458979,0.8551634748561877,-0.037408754668153146,0.004269104285493602,0.28400000000000003,0.3879999999999999
1733715607.7458978,0.8601287738259471,-0.03457104953736707,0.0020912751786445883,0.32355811476741464,0.3782651311395511
1733715607.8458977,0.8675462851750834,-0.028834566985553815,-0.005100349336573126,0.29200000000000004,0.4119999999999999
1733715607.9458976,0.8721011167763693,-0.024803492654884834,-0.0003363387914095961,0.258,0.42399999999999993
1733715608.0458975,0.8734907292167048,-0.023882112204322688,0.015962805845595233,0.29600000000000004,0.3959999999999999
1733715608.1458974,0.87472676009767,-0.03179440350623125,0.028975810803921448,0.29400000000000004,0.3999999999999999
1733715608.2458973,0.8750288314121745,-0.040169321264722294,0.025287316614631968,0.28800000000000003,0.42799999999999994
1733715608.3458972,0.8767588440398231,-0.04859558200007594,0.02331786032083812,0.29792013316979155,0.42399999999999993
1733715608.445897,0.8786800964625014,-0.048112547390068934,0.02239627434773964,0.29400000000000004,0.42599999999999993
1733715608.545897,0.8786962971823423,-0.03955758306306749,0.021602159162437223,0.29200000000000004,0.4079999999999999
1733715608.645897,0.8795633089277238,-0.02830395005568642,0.024863090015326706,0.29800000000000004,0.40814044608454975
1733715608.7458968,0.8821425424992325,-0.022115538263996867,0.03291754000220526,0.29400000000000004,0.4179999999999999
1733715608.8458967,0.8861516900924856,-0.024539587718244438,0.047991734232736054,0.28800000000000003,0.43199999999999994
1733715608.9458966,0.8913863456551967,-0.03390175270033982,0.056931300066783035,0.274,0.4460701489391597
1733715609.0458965,0.8970571166729228,-0.04942315242263176,0.05709204100819769,0.28805907080052134,0.42982278759843595
1733715609.1458964,0.8989769492286045,-0.05575222314939041,0.051936815030400076,0.276,0.43199999999999994
1733715609.2458963,0.9014777401630829,-0.058788500043931276,0.03612984100899424,0.2880805021348028,0.4139999999999999
1733715609.3458962,0.9036314765467818,-0.05120052072204674,0.02401530392538243,0.2800994836126041,0.43609948361260403
1733715609.4458961,0.9072347176179537,-0.04147437550615767,0.024470134527433227,0.29800000000000004,0.44199999999999995
1733715609.545896,0.9111453016336579,-0.03543556571527195,0.029938858770056333,0.29800000000000004,0.44599999999999995
1733715609.645896,0.9128127602261694,-0.03347328128739316,0.039204669414170265,0.30600000000000005,0.4339155947233017
1733715609.7458959,0.9150190765768543,-0.0370323776118674,0.05066455315765764,0.28,0.43399999999999994
1733715609.8458958,0.9158874750188081,-0.04205297141195347,0.0598322200544233,0.31415023336150827,0.4219248833192458
1733715609.9458957,0.9229657141224678,-0.04885849879269844,0.059015740621494166,0.3118404681911781,0.423920234095589
1733715610.0458956,0.9271252450973784,-0.04857128621393694,0.04253889246162047,0.32400000000000007,0.42399999999999993
1733715610.1458955,0.9300506616209004,-0.04696431278678807,0.029175782866721935,0.32800000000000007,0.41999999999999993
1733715610.2458954,0.9297112661826059,-0.045000082486538986,0.017743502747555488,0.34634819369715614,0.40969049449141676
1733715610.3458953,0.9292671456837406,-0.044774926241425664,0.015086273504664627,0.3700000000000001,0.3819999999999999
1733715610.4458952,0.9274426429684055,-0.046188432721583,0.0013845001235793292,0.32400000000000007,0.3779999999999999
1733715610.545895,0.922584680963232,-0.04700955282852975,-0.008225119694267072,0.3234565710168867,0.39415526542374657
1733715610.645895,0.9187520566773546,-0.04381531645870465,-0.010487651262168371,0.3340000000000001,0.3759999999999999
1733715610.745895,0.9169963935410428,-0.04084851867062532,-0.014373988038442989,0.4148153972753039,0.22280826552070948
1733715610.8458948,0.914244567484739,-0.041887115494362546,-0.05019809200112251,0.4880546133731789,0.09074389241688466
1733715610.9458947,0.9095265120868845,-0.042041102166717595,-0.11464213818108074,0.498,0.0
1733715611.0458946,0.9073619228044656,-0.039233555395778094,-0.17396300026441514,0.53,0.0
1733715611.1458945,0.9115720594047604,-0.03659722441484742,-0.21636307224037632,0.529937723680625,0.0
1733715611.2458944,0.9152625376314605,-0.03393460198949915,-0.24546996858559655,0.534,0.0
1733715611.3458943,0.9206216766034325,-0.02759624076470687,-0.27423960662485936,0.528,0.0
1733715611.4458942,0.9236407777708927,-0.021852959896791525,-0.29122726333149,0.528,0.0
1733715611.5458941,0.9270563505629702,-0.014771169881873526,-0.30499082219258944,0.532,-0.11199999999999999
1733715611.645894,0.9262643529339176,-0.011097188679981076,-0.32093290218780907,0.498,-0.10999999999999999
1733715611.745894,0.9214859688440448,-0.009875632378836657,-0.3411109497390549,0.506,-0.122
1733715611.8458939,0.9192902808656588,-0.006795253781325104,-0.3716693181319964,0.51,-0.122
1733715611.9458938,0.917744098456556,-0.004803225569609574,-0.3936185089183137,0.51,-0.128
1733715612.0458937,0.9143156702552819,-0.0009344542896433229,-0.4196689791609755,0.514,-0.138
1733715612.1458936,0.9084239265628119,0.00375634714153582,-0.45233102031393163,0.522,-0.15200000000000002
1733715612.2458935,0.9002214489951416,0.012017551119393764,-0.4893140149524306,0.52,-0.14800000000000002
1733715612.3458934,0.888817309970584,0.02551014276498044,-0.5232777625644656,0.526,-0.15600000000000003
1733715612.4458933,0.8783603792171251,0.0398706550529012,-0.5434270548520362,0.5197905031369172,-0.15400000000000003
1733715612.5458932,0.8680075057121087,0.04889784073022526,-0.5530609331505465,0.524,-0.15000000000000002
1733715612.645893,0.8570423117985315,0.05678549501025797,-0.5558945093564104,0.526,-0.14400000000000002
1733715612.745893,0.8471831777803637,0.0625001459355862,-0.5537104295701069,0.5319174940825674,-0.1539174940825674
1733715612.845893,0.8379269348999044,0.06520384722564668,-0.5661871930015384,0.5276223590266648,-0.16600000000000004
1733715612.9458928,0.8258059664279632,0.06909813010309852,-0.5928056024286735,0.5088477272321986,-0.16437676765875497
1733715613.0458927,0.816626495727887,0.07379395541420346,-0.6101089194673818,0.51,-0.16800000000000004
1733715613.1458926,0.8070466930296339,0.08016790441179045,-0.6345689907969883,0.514,-0.16994377759130216
1733715613.2458925,0.797388147303069,0.08738440393716264,-0.657057558867924,0.512,-0.15794227061566996
1733715613.3458924,0.7880174222648144,0.09333771461170519,-0.6635534261754985,0.51,-0.15400000000000003
1733715613.4458923,0.7744248958127464,0.10368214006170352,-0.6855651802976668,0.5099474140315294,-0.15394741403152948
1733715613.5458922,0.7591538136318768,0.10824848300652415,-0.6997290127273305,0.492,-0.14607176380521256
1733715613.6458921,0.7466378506997612,0.11158637038220445,-0.69976980532325,0.488,-0.14600000000000002
1733715613.745892,0.7321537707019755,0.11646709345168073,-0.7008140074627284,0.474,-0.138
1733715613.845892,0.7134043448003536,0.12216368122097684,-0.6951814025813994,0.46991449587369927,-0.12791449587369932
1733715613.9458919,0.7004748892085759,0.12635002893953654,-0.6844796786720444,0.46799999999999997,-0.11813375044268681
1733715614.0458918,0.6810357114462533,0.1273283316375044,-0.6692397891823334,0.45762083409215076,-0.1098483336368603
1733715614.1458917,0.673291806567911,0.12491758501727585,-0.6630667327507119,0.31276583381754797,0.0
1733715614.2458916,0.6497779782259886,0.1258909210324424,-0.6243387995449269,0.0,0.0
1733715614.3458915,0.5992078266221511,0.12719986360913924,-0.5057523145115054,0.0,0.16199999999999992
1733715614.4458914,0.5735568458973838,0.12431765973881473,-0.4212825901696477,-0.09599999999999997,0.20799999999999996
1733715614.5458913,0.5614246071506271,0.12006049637830175,-0.3371945677897175,-0.22799999999999998,0.28600000000000003
1733715614.6458912,0.5419209553432884,0.11397186006910097,-0.2279900513204196,-0.23399999999999999,0.3040352558744312
1733715614.745891,0.5154157448884009,0.101345626953311,-0.08547285074250084,-0.22615089734813534,0.31000000000000005
1733715614.845891,0.49724294677660286,0.09101275704640947,0.0203055827259725,-0.21399999999999997,0.32000000000000006
1733715614.945891,0.4767082494427997,0.07791903999477216,0.12970987848021723,-0.20399999999999996,0.32000000000000006
1733715615.0458908,0.46012776908820185,0.0678261555285903,0.18826183381732892,-0.21199999999999997,0.34147333781061123
1733715615.1458907,0.4313759117228021,0.052633126834698576,0.2734410950776425,-0.21399999999999997,0.3480000000000001
1733715615.2458906,0.41614307432628433,0.044132307960321714,0.31838344680201064,-0.21199999999999997,0.3580000000000001
1733715615.3458905,0.392204715643493,0.028813947339698404,0.39209876121520737,-0.2059390923783754,0.3580609076216247
1733715615.4458904,0.3726338237356624,0.016600555853533244,0.44344869433622647,-0.2002415776986951,0.3655168446026098
1733715615.5458903,0.358636789542257,0.010125127580146923,0.4707935156771563,-0.18799999999999994,0.3640000000000001
1733715615.6458902,0.34944678108305927,0.0025073516300827135,0.48721052290650585,-0.18000000000000005,0.3424177573399364
1733715615.7458901,0.3390567203873841,-0.0058288611274165715,0.5077369027215968,-0.16217027408363607,0.3500000000000001
1733715615.84589,0.32974871180653076,-0.012852914773218585,0.5205108019248968,-0.16804882515612699,0.3680488251561271
1733715615.94589,0.3195354655319266,-0.021002032938047716,0.541095502933262,-0.16412261679965892,0.360122616799659
1733715616.0458899,0.3115008254050957,-0.028920579995076395,0.5743708423603158,-0.14666445541083517,0.3520000000000001
1733715616.1458898,0.3046265237548595,-0.036212876382531796,0.6008139998894878,-0.12,0.3420000000000001
1733715616.2458897,0.29426868507140935,-0.04400340115722799,0.6160133712227349,-0.008058930190389849,0.3441790873375643
1733715616.3458896,0.28555296211704817,-0.04989584903541388,0.6140174019187972,0.0,0.30042119639442777
1733715616.4458895,0.2759324560340165,-0.0534125483556494,0.5914384132204179,0.19799999999999995,0.17999999999999994
1733715616.5458894,0.26954180830624525,-0.05832686463781929,0.5433202985445333,0.3345600000000001,0.0
1733715616.6458893,0.2873540471596807,-0.06813199244033954,0.4214215508015446,0.37976699427900823,0.136737919906117
1733715616.7458892,0.3059677935994856,-0.07344995107637017,0.3265655247038558,0.3939999999999999,0.28200000000000003
1733715616.845889,0.3402567716204398,-0.07305311156168741,0.24898167463506057,0.4322529702333951,0.28400000000000003
1733715616.945889,0.3755040634385794,-0.06914431446659948,0.19934679922162293,0.4139999999999999,0.30400000000000005
1733715617.045889,0.4123806628675085,-0.06410976060367787,0.12399046438244674,0.42135481280118614,0.30600000000000005
1733715617.1458888,0.44874579843974716,-0.06123110505189605,0.06575794457638648,0.43599999999999994,0.31601571596956823
1733715617.2458887,0.49240554526451,-0.0594921452213734,0.003205973230310013,0.42633641838095615,0.3163364183809563
1733715617.3458886,0.5261728900313948,-0.05878685597976448,-0.034605002254062656,0.4220355116879467,0.3341065350638403
1733715617.4458885,0.5662401822731631,-0.055798501822484976,-0.06200498009868266,0.432186723121125,0.34162655375775
1733715617.5458884,0.6041363595626751,-0.049104653148144224,-0.07841287407933113,0.41988467246131006,0.34011532753868995
1733715617.6458883,0.630717973351628,-0.03878966566770483,-0.0859676666046544,0.4259523221164328,0.32200000000000006
1733715617.7458882,0.6538716094916905,-0.026715905049142695,-0.09051713144860918,0.4099999999999999,0.32800000000000007
1733715617.8458881,0.669908307522666,-0.015412448832017783,-0.08611999703771439,0.4058188367597961,0.3380000000000001
1733715617.945888,0.6889692996238934,-0.005255819955586359,-0.0766711618506896,0.4039999999999999,0.3360000000000001
1733715618.045888,0.7040678528500427,-0.0007199572205952548,-0.07306894016196833,0.4179999999999999,0.31400000000000006
1733715618.1458879,0.7217120191671068,0.002047044118362819,-0.0760628497581706,0.3939999999999999,0.31400000000000006
1733715618.2458878,0.74144833749024,0.004049712651441961,-0.0889534789296692,0.3879999999999999,0.31200000000000006
1733715618.3458877,0.7591965967810596,0.006458616771326411,-0.09574596028230506,0.3959999999999999,0.31600000000000006
1733715618.4458876,0.7761000034783012,0.01027538349866978,-0.10227243802022774,0.3959999999999999,0.31600000000000006
1733715618.5458875,0.792736181765349,0.014609185663455036,-0.09660038971792655,0.3779999999999999,0.3320000000000001
1733715618.6458874,0.8061130730803161,0.01960008311380998,-0.0763950011094841,0.36221691669326533,0.3222169166932653
1733715618.7458873,0.8137513735792445,0.022698876482382866,-0.052213082283394406,0.3560000000000001,0.31400000000000006
1733715618.8458872,0.8195209841673183,0.022950655335896124,-0.041859220573573455,0.39015321570452016,0.34010214380301357
1733715618.945887,0.832472323369797,0.019206579813396116,-0.04365497289383333,0.3919132841671155,0.36811562111051266
1733715619.045887,0.8532179965052699,0.013938620006421898,-0.04946203397926295,0.3607533470175547,0.36845200821053287
1733715619.145887,0.8587377381363804,0.01073324383828854,-0.04469599047773924,0.27956613142919284,0.3740000000000001
1733715619.2458868,0.8571979800183968,0.008314529669858205,-0.023545519197763876,0.15845188993045048,0.38811297248261256
1733715619.3458867,0.8453797196213707,0.007139031434986635,0.018632173611679168,0.0,0.4118433974784339
1733715619.4458866,0.8329521258371334,0.005074127109911696,0.07732491251300862,0.0,0.42199999999999993
1733715619.5458865,0.8293720833284944,0.0013682435687110339,0.11586856726672592,0.0,0.45983806309611147
1733715619.6458864,0.8305586319910521,-0.004037867492215371,0.1603501912146803,0.0,0.46799999999999997
1733715619.7458863,0.8317873370187606,-0.009639042612322072,0.18740720669778568,0.0,0.4639192905290636
1733715619.8458862,0.8306285160010809,-0.014809151860407783,0.20779648795411895,0.0,0.46399999999999997
1733715619.9458861,0.8271741652758969,-0.020102204577206913,0.22551660843899785,-0.09186144131859007,0.4778614413185901
1733715620.045886,0.8204074198768901,-0.02334637574682164,0.24973521336041243,-0.09799999999999998,0.482
1733715620.145886,0.8121498479191571,-0.027303181133059934,0.2847360589883046,-0.09799999999999998,0.46199999999999997
1733715620.2458858,0.8006620220832931,-0.032436256774407236,0.328478111458191,-0.08999999999999997,0.4458039264646212
1733715620.3458858,0.7952495275953989,-0.037421049330322156,0.35183078580193455,-0.10799999999999998,0.46399999999999997
1733715620.4458857,0.785601917969076,-0.04349665908636799,0.36369105882836783,-0.10628419978270172,0.46399999999999997
1733715620.5458856,0.7745207366336989,-0.05168020069794707,0.37431217984211745,0.0,0.45999999999999996
1733715620.6458855,0.7708514954418598,-0.06069750961506701,0.37993233362394896,0.0,0.44999999999999996
1733715620.7458854,0.7661448207468267,-0.06756119759687021,0.37334917329443174,0.0,0.44209769182782277
1733715620.8458853,0.760587406640511,-0.06932898006894041,0.36603057328861693,0.0,0.43815171052225677
1733715620.9458852,0.7559717531520486,-0.06795528160618565,0.3588860403825458,0.0,0.43799999999999994
1733715621.045885,0.7496446334551247,-0.06573859271360083,0.3454345492113514,0.0,0.42595316773444225
1733715621.145885,0.7431853557776703,-0.06578407356498006,0.33720489389133673,0.0,0.4119999999999999
1733715621.245885,0.7341795936436043,-0.0683208636821436,0.32977468762854156,0.0,0.4039999999999999
1733715621.3458848,0.7241324934280293,-0.0726492560247172,0.320032580665985,0.0,0.3879999999999999
1733715621.4458847,0.7151813888015213,-0.07396662027897427,0.30845183899668144,0.17102414928649828,0.395721185510428
1733715621.5458846,0.7074661545058957,-0.0729805099022586,0.3002639630001109,0.3091970585554104,0.39613382357409815
1733715621.6458845,0.7201350723976577,-0.0715137118540252,0.28216532621478063,0.43599999999999994,0.3480000000000001
1733715621.7458844,0.7479676146268355,-0.06632423997576511,0.19729217226097082,0.496,0.32000000000000006
1733715621.8458843,0.7744478614216187,-0.05780177269178327,0.08729277490067568,0.522,0.30600000000000005
1733715621.9458842,0.7987186464000459,-0.046250545213280904,-0.019790644355742883,0.524,0.2557182835485783
1733715622.0458841,0.8110569660816654,-0.03798299561710945,-0.07721093063774226,0.5492716482330726,0.19121391961154566
1733715622.145884,0.8231354148059719,-0.03282558817755838,-0.12291211580484016,0.5640000000000001,0.10966086657372043
1733715622.245884,0.8317673050240416,-0.028886951061907546,-0.1806386222854985,0.5780811418622367,0.0
1733715622.3458838,0.8453366643254668,-0.025542316964396385,-0.24278232444416392,0.5918632020933489,0.0
1733715622.4458838,0.8561273548180193,-0.022403210584006367,-0.2832649069235758,0.6040000000000001,0.0
1733715622.5458837,0.8732532058018279,-0.018395790636885487,-0.3315448781573082,0.6060000000000001,0.0
1733715622.6458836,0.8841399722093488,-0.014856024931694281,-0.3705848414354219,0.6080000000000001,0.0
1733715622.7458835,0.8931326909481814,-0.009655215761071211,-0.40762976785131483,0.6080000000000001,0.0
1733715622.8458834,0.899205196018224,-0.004532957333542271,-0.4334399562673184,0.6100000000000001,0.0
1733715622.9458833,0.9060283353612187,-0.00016527130259586878,-0.45107681585031323,0.6080000000000001,0.0
1733715623.0458832,0.915330924591054,0.005268664581607222,-0.46216112391527686,0.6081618696050405,0.0
1733715623.145883,0.9222470699518801,0.007491166762963529,-0.46613274365299984,0.6080000000000001,0.0
1733715623.245883,0.9291959037261107,0.009249058218045302,-0.46292512734838315,0.6100000000000001,0.0
1733715623.345883,0.936729955772848,0.011454175697244703,-0.4497041994109232,0.6100000000000001,0.0
1733715623.4458828,0.9416179674094663,0.012657457948571734,-0.4309422182792963,0.6100000000000001,0.0
1733715623.5458827,0.9441308350465287,0.01226221017468494,-0.41719071670945274,0.6100000000000001,0.0
1733715623.6458826,0.9460401897202945,0.01197930079872249,-0.4071382409517216,0.6100000000000001,0.0
1733715623.7458825,0.9497244265849926,0.012209866994230361,-0.4010623963405647,0.6100000000000001,0.0
1733715623.8458824,0.9550237006994012,0.01302670316914151,-0.40079607442776066,0.6080000000000001,0.0
1733715623.9458823,0.9589372415249234,0.01386753778170649,-0.4049523341614422,0.6080000000000001,0.0
1733715624.0458822,0.9640994548234642,0.01665111440307836,-0.4049363126097971,0.6059598766565105,0.0
1733715624.1458821,0.9662318734076507,0.018212442440850032,-0.40388369370404004,0.5760000000000001,0.0
1733715624.245882,0.9618505590478427,0.02269924273031549,-0.40424042222612727,0.4065859710706287,0.12578345336803234
1733715624.345882,0.9345422225537192,0.027000172557181477,-0.37214762952701935,0.18511417180137726,0.2443407031533164
1733715624.4458818,0.9065568870520383,0.029999814128002164,-0.28722035736806323,0.011896317207750556,0.28451296034903123
1733715624.5458817,0.8831785817577497,0.024199459632193488,-0.17169236126715168,0.0,0.30800000000000005
1733715624.6458817,0.8666374338286893,0.013519146534455613,-0.08427134909837083,-0.09599999999999997,0.32400000000000007
1733715624.7458816,0.8507748019532133,0.0023171554234100323,-0.024768396851610055,-0.10613361874039011,0.3221336187403902
1733715624.8458815,0.8322639936949574,-0.007568857746095938,0.023414626933584384,0.0,0.31400000000000006
1733715624.9458814,0.8222035699032249,-0.0147257667543021,0.0495201513416509,0.0,0.30427845904025985
1733715625.0458813,0.8053817916850721,-0.025756160712489953,0.095966824200121,0.0,0.30586474279305226
1733715625.1458812,0.795884135514497,-0.03016153889039622,0.12220441321128182,0.0,0.30600000000000005
1733715625.245881,0.7762207847105311,-0.037476114730855416,0.16140962812051277,0.0,0.302402570600068
1733715625.345881,0.7523802581922374,-0.04478623402336931,0.18478181159610504,0.0,0.30600000000000005
1733715625.445881,0.7362670542224516,-0.0496884646980461,0.1918772811317327,0.0,0.30800000000000005
1733715625.5458808,0.7228737173025221,-0.053882733311159364,0.19755073623330272,0.0,0.31400000000000006
1733715625.6458807,0.7103252620441526,-0.05696707677392974,0.20252414330937815,0.0,0.32400000000000007
1733715625.7458806,0.701036610071994,-0.05910612097562769,0.20886484099573965,0.0,0.3320000000000001
1733715625.8458805,0.689433814743887,-0.061622321048872525,0.21966921684962532,0.0,0.3379595352268536
1733715625.9458804,0.6776146427687253,-0.06339324817969243,0.22731480640857507,0.0,0.3400000000000001
1733715626.0458803,0.6648746444738544,-0.06484767832394744,0.23302749677313975,0.0,0.3440000000000001
1733715626.1458802,0.6579372480990382,-0.06414502852204616,0.23911960814401778,0.0,0.3520000000000001
1733715626.2458801,0.6555029276428017,-0.06205801126366992,0.24732682590235947,0.0,0.3580000000000001
1733715626.34588,0.6560501303835798,-0.059968915435521346,0.2557566451451678,0.0,0.3620000000000001
1733715626.44588,0.6572157711102611,-0.058898167503789074,0.2654704600579069,0.0,0.3540000000000001
1733715626.5458798,0.6564751727603878,-0.05827629845376234,0.2717039973405012,0.0,0.3440000000000001
1733715626.6458797,0.653800939975548,-0.05882677196526621,0.27070196554222886,0.0,0.32200000000000006
1733715626.7458797,0.6487390817342681,-0.0611375791268709,0.26129439221877154,0.18199999999999994,0.23399999999999999
1733715626.8458796,0.6423763669057873,-0.06261877756878961,0.23938480189308034,0.26108543815961105,0.13709747420846663
1733715626.9458795,0.6391968385763027,-0.06269734766733506,0.16868422938104227,0.29164209180411715,0.0
1733715627.0458794,0.6348481433361562,-0.05609842707618221,0.06981452631178045,0.32600000000000007,0.0
1733715627.1458793,0.6368491796874033,-0.04775332101471857,-0.005883567476184694,0.3620000000000001,0.0
1733715627.2458792,0.6392588164748639,-0.04134987092841357,-0.05560253982114895,0.3779999999999999,0.0
1733715627.345879,0.6401931436290152,-0.03437474722457554,-0.10088950579424096,0.3859999999999999,0.0
1733715627.445879,0.6386382975428535,-0.027825448878975447,-0.14262871269772034,0.3859999999999999,0.0
1733715627.545879,0.638169355313001,-0.022656572477625363,-0.17017069437376153,0.3879999999999999,-0.09181444802235855
1733715627.6458788,0.6367972497483314,-0.015751721258907964,-0.20247094349715428,0.3879999999999999,-0.09599999999999997
1733715627.7458787,0.636205572355692,-0.010620835568634818,-0.2315550752378475,0.3899999999999999,-0.010685470646113485
1733715627.8458786,0.6416469476571647,-0.001775896245400934,-0.27331515548774843,0.3939999999999999,0.0
1733715627.9458785,0.652700198251504,0.006354218474792115,-0.299890281106201,0.3939999999999999,0.0
1733715628.0458784,0.658742027861782,0.013022144503121025,-0.3108780841763373,0.3939999999999999,0.0
1733715628.1458783,0.6651036869215327,0.02100850544417668,-0.3179965490788156,0.3939660728510391,0.0
1733715628.2458782,0.6700106983317766,0.028203750781150547,-0.32138515344253676,0.3879999999999999,0.0
1733715628.3458781,0.6725586418359994,0.03254643979503088,-0.3232034928298033,0.3819999999999999,0.0
1733715628.445878,0.6730467034133244,0.035197064659408035,-0.32135950412228076,0.3819999999999999,0.0
1733715628.545878,0.6722914299153325,0.03631236060521077,-0.3180368000590453,0.39371999221554116,0.0
1733715628.6458778,0.671071826896856,0.03677760816727077,-0.31687829731823197,0.40550104829373884,0.0
1733715628.7458777,0.672371198939138,0.03740245314720057,-0.3178033795585113,0.4172821043719366,0.0
1733715628.8458776,0.6768269438385446,0.03794909755179773,-0.32092094526290504,0.42743963058017603,0.0
1733715628.9458776,0.6830054299615607,0.03820865439385655,-0.3276257918317095,0.43544302710541627,0.0
1733715629.0458775,0.6893742628542023,0.03920129014063346,-0.3305961256148449,0.44344642363065645,0.0
1733715629.1458774,0.6962607596279882,0.0408287612372418,-0.33123665812285963,0.45144982015589663,0.0
1733715629.2458773,0.7041476868601036,0.042676926729937587,-0.3311553100746512,0.45945321668113687,0.0
1733715629.3458772,0.711059387798406,0.04233388276036026,-0.3354442187902184,0.4662447821716632,-0.010015181996651324
1733715629.445877,0.7186863340278697,0.04148178890317967,-0.343960177926172,0.4714423211382637,-0.03320420200148417
1733715629.545877,0.7244352269603233,0.04092167153030143,-0.3497175677222182,0.47663986010486414,-0.05639322200631701
1733715629.645877,0.7247242334549295,0.04005013294512878,-0.3658348079040376,0.4818373990714646,-0.07958224201114986
1733715629.7458768,0.7257132813687515,0.04194526914702932,-0.3971037099999314,0.4870349380380651,-0.1027712620159827
1733715629.8458767,0.72615950300905,0.04705771456037972,-0.4319213383125886,0.49824669845508296,-0.12184141140568376
1733715629.9458766,0.7304428908656946,0.0565060926003757,-0.46774470343761315,0.5174462407018883,-0.13544108716383751
1733715630.0458765,0.7373893654419493,0.06589365098523878,-0.46169092347980634,0.5366457829486935,-0.14904076292199125
1733715630.1458764,0.7418895731127253,0.07109313498896058,-0.44217583067583366,0.5558453251954988,-0.162640438680145
1733715630.2458763,0.7444083010108493,0.07243711786027951,-0.4417589104218009,0.5750448674423041,-0.17624011443829873
1733715630.3458762,0.751347441029537,0.07181245652186687,-0.47919167246775546,0.566750340678762,-0.16818777984326874
1733715630.4458761,0.75602436825096,0.07215681030609213,-0.5376880710717363,0.5219218251983954,-0.1313643564129676
1733715630.545876,0.757209359701464,0.07575309645568593,-0.6132002689476818,0.47709330971802877,-0.09454093298266646
1733715630.645876,0.754245743943271,0.08365274550582627,-0.6912812252028538,0.4322647942376622,-0.05771750955236532
1733715630.7458758,0.7475142137338002,0.0931196320627185,-0.7334634796358852,0.3874362787572956,-0.02089408612206417
1733715630.8458757,0.7243451998164747,0.10902489023502075,-0.7517015974323535,0.3050673592128932,0.02111179992713386
1733715630.9458756,0.6832642516474075,0.12084620976840044,-0.6965054485514212,0.17345769472140152,0.06991538372033136
1733715631.0458755,0.6386738758349392,0.12896345482587768,-0.5833421237399947,0.04184803022990985,0.11871896751352887
1733715631.1458755,0.6069553250427449,0.13210080307270314,-0.5056406744845828,-0.08976163426158185,0.16752255130672636
1733715631.2458754,0.5840605218463207,0.13462504304719802,-0.40835164416401687,-0.2213712987530735,0.21632613509992388
1733715631.3458753,0.5421519462243423,0.12371729105987944,-0.23524775275729687,-0.27039105227525995,0.23725169620766984
1733715631.4458752,0.5007686671987542,0.10752898810386648,-0.07501235660119376,-0.21124173597522952,0.22166505204752665
1733715631.545875,0.46349633626337117,0.0958010465997516,0.02563216060112679,-0.15209241967519907,0.2060784078873835
1733715631.645875,0.4195102334090351,0.08492704517915867,0.11116130652613232,-0.09294310337516862,0.1904917637272403
1733715631.745875,0.38810129748564237,0.07687948181824236,0.15200975963902083,-0.03379378707513819,0.17490511956709714
1733715631.8458748,0.36837457149369934,0.06856808354096718,0.16707672431265833,0.0379160753681382,0.13734848603403124
1733715631.9458747,0.34655391900018395,0.06042720664811452,0.1394225597632946,0.12636660286113421,0.0705103046252967
1733715632.0458746,0.35499993805728386,0.05035515151950997,0.07036770179012561,0.21481713035413022,0.0036721232165621565
1733715632.1458745,0.37133004535624137,0.04394355220119127,-0.006680548538701422,0.3032676578471262,-0.06316605819217239
1733715632.2458744,0.3831779792615209,0.03418485515763045,-0.09982999379038623,0.39171818534012226,-0.13000423960090696
1733715632.3458743,0.394868161434256,0.0269625514774221,-0.18326379038461207,0.39175984291588106,-0.12829128477887514
1733715632.4458742,0.4094076885874593,0.022218520146616738,-0.28970249628988015,0.27533547160290567,-0.036272022229100725
1733715632.545874,0.4218172560683694,0.020453968550210793,-0.37182135052215526,0.15891110028993027,0.05574724032067366
1733715632.645874,0.41415297357973835,0.02761097313869253,-0.4076987064698919,0.04248672897695488,0.14776650287044807
1733715632.745874,0.4092443692127572,0.03323687629609636,-0.37539970560681357,-0.07393764233602051,0.23978576542022245
1733715632.8458738,0.416976066495404,0.04008070771483483,-0.29645667597636605,-0.11076092447912944,0.2914809631564343
1733715632.9458737,0.42628408743726476,0.046391313349508925,-0.20510580361554123,-0.043167499620951,0.2902810798749282
1733715633.0458736,0.43491254120384404,0.048272022340918486,-0.1405521198945344,0.024425925237227447,0.289081196593422
1733715633.1458735,0.43531365622474616,0.04681544241525149,-0.09047042144052038,0.09201935009540588,0.2878813133119159
1733715633.2458735,0.43580956188064757,0.040506408312968714,-0.037580780343285894,0.15961277495358434,0.2866814300304098
1733715633.3458734,0.4388830125437551,0.03347188868745796,-0.007888431706416267,0.20819543546882244,0.286864019954985
1733715633.4458733,0.45541719244434936,0.02378209619170345,0.01869262757197935,0.23179126120787347,0.2888636662040571
1733715633.5458732,0.4722307906596719,0.020422125914212084,0.024594167803959986,0.25538708694692447,0.29086331245312924
1733715633.645873,0.4935764241059672,0.0213340877532128,0.014575902299508437,0.2789829126859755,0.29286295870220136
1733715633.745873,0.5112144591200418,0.022145622446276693,0.0009808246490472915,0.3025787384250265,0.2948626049512735
1733715633.8458729,0.5291764205929395,0.023092167912179874,-0.013049244386897897,0.31824307650770833,0.296862721733734
1733715633.9458728,0.54949785067963,0.022191693031678335,-0.019445902130845013,0.3234449939109235,0.2988634591965091
1733715634.0458727,0.5652983494928074,0.018889424968945454,-0.01693841258610381,0.3286469113141387,0.30086419665928416
1733715634.1458726,0.5812820165581496,0.013647641863306456,-0.009505549094351784,0.3338488287173539,0.3028649341220592
1733715634.2458725,0.6019092972884367,0.006672448009712106,-0.010009414211479752,0.33905074612056907,0.30486567158483424
1733715634.3458724,0.620274551057638,0.002565791775014502,-0.022374180210774343,0.3123744350252174,0.2886751082018815
1733715634.4458723,0.6331895094445376,0.0016086805243809052,-0.03271547335406193,0.2439622019529993,0.24866795435847916
1733715634.5458722,0.6445480609593567,0.003105503653285793,-0.04801119148022584,0.17554996888078125,0.2086608005150768
1733715634.645872,0.6422242861447718,0.009346553481467018,-0.056361880170426905,0.10713773580856317,0.16865364667167443
1733715634.745872,0.6249353049580149,0.014358306869344455,-0.03706263085814748,0.03872550273634512,0.1286464928282721
1733715634.845872,0.6077578181014897,0.01724752503448132,-0.007708761977180135,-0.03104410641569088,0.07946509339887883
1733715634.9458718,0.5918049699931884,0.015023944537821179,0.006658726090176596,-0.10258437439402812,0.018316149260970457
1733715635.0458717,0.5772005811704659,0.011865966588777133,0.021229615767310545,-0.17412464237236536,-0.04283279487693792
1733715635.1458716,0.5632880014114834,0.007810133158988832,0.03129615738804034,-0.2456649103507026,-0.10398173901484628
1733715635.2458715,0.5360033458516792,0.0009286947226887575,0.029091417609511682,-0.3172051783290398,-0.16513068315275464
1733715635.3458714,0.48662509553263766,-0.003819953922030365,0.02685699055352529,-0.36057219750394554,-0.19725632266245802
1733715635.4458714,0.4173746696430069,-0.008799816743500416,0.046359577180873086,-0.36655733419332004,-0.19087217686045857
1733715635.5458713,0.3601543745891518,-0.01480865060969128,0.07550079301670279,-0.3725424708826946,-0.18448803105845912
1733715635.6458712,0.34634817699355974,-0.014500189901283869,0.10559630837995104,-0.3785276075720691,-0.17810388525645968
1733715635.745871,0.32888583030973484,-0.010855263687572917,0.1118983248723417,-0.3845127442614436,-0.1717197394544602
1733715635.845871,0.27957210595241316,-0.004723443868145369,0.12527541972005782,-0.3761120366460171,-0.1448938177063431
1733715635.9458709,0.22937445878134202,-0.005464459130909315,0.13379157085266052,-0.3476274583042991,-0.08952942599990531
1733715636.0458708,0.2073045639729817,-0.011846593405891075,0.10866040843846941,-0.3191428799625811,-0.03416503429346751
1733715636.1458707,0.1975746407357121,-0.018064660661704878,0.08008914781410907,-0.29065830162086315,0.0211993574129703
1733715636.2458706,0.18923021185571864,-0.021526616275414846,0.08456800052242355,-0.2621737232791451,0.07656374911940811
1733715636.3458705,0.18246640862804128,-0.02409072023530815,0.11252647194851075,-0.22474009497760955,0.11266680841954921
1733715636.4458704,0.1680066436970308,-0.022791214406333263,0.16729084260289911,-0.17554940699779314,0.12346476431755765
1733715636.5458703,0.14797509886748642,-0.01852744345168093,0.25841853711187,-0.1263587190179767,0.1342627202155661
1733715636.6458702,0.1257091360345118,-0.01633568604231322,0.3487785604046427,-0.07716803103816028,0.14506067611357454
1733715636.74587,0.11446717448826706,-0.01738143426409017,0.3868280819290045,-0.027977343058343873,0.155858632011583
1733715636.84587,0.11731892374365574,-0.022139018022791744,0.36789435559364375,0.041320418656029555,0.16013391657682438
1733715636.94587,0.12552934644122973,-0.025742744665490865,0.31411817309517914,0.1371365112537942,0.15580673820144147
1733715637.0458698,0.14999993153217558,-0.029547307273314564,0.2824382651768911,0.23295260385155886,0.15147955982605854
1733715637.1458697,0.1797360211536724,-0.03871636235772413,0.24903822722729682,0.31200000000000006,0.1459999999999999
1733715637.2458696,0.19677384875847945,-0.043652256408717706,0.22314610474040522,0.31600000000000006,0.1439999999999999
1733715637.3458695,0.21432099961183654,-0.045280292308888415,0.18157840312673887,0.32400000000000007,0.1439999999999999
1733715637.4458694,0.22852622154243787,-0.04476708889432631,0.14237174905052868,0.3360000000000001,0.1379999999999999
1733715637.5458694,0.25525342629934766,-0.04497848819148068,0.06927216660996634,0.3380000000000001,0.15599999999999992
1733715637.6458693,0.28193400152084347,-0.04669974518330123,0.011546691859579045,0.32600000000000007,0.16399999999999992
1733715637.7458692,0.32304369964703133,-0.051045503711118226,-0.04958463819625526,0.32800000000000007,0.16399999999999992
1733715637.845869,0.36100510722973295,-0.054109970244298616,-0.0973632313878918,0.32400000000000007,0.16799999999999993
1733715637.945869,0.39007885741635795,-0.05541534858561487,-0.13541152895821623,0.32400000000000007,0.16980566944927872
1733715638.0458689,0.41285302112040984,-0.05297829281068247,-0.16907189464866088,0.32200000000000006,0.17599999999999993
1733715638.1458688,0.4351938863279839,-0.046798122493139534,-0.19877035091122386,0.32400000000000007,0.17599999999999993
1733715638.2458687,0.4517971967136535,-0.03947452426658694,-0.22056898367415168,0.3340000000000001,0.17599999999999993
1733715638.3458686,0.4714837955348001,-0.03142714038795207,-0.23954962692541648,0.3660000000000001,0.15999999999999992
1733715638.4458685,0.49218340926711124,-0.025666650566203857,-0.25689368775417964,0.4179999999999999,0.0
1733715638.5458684,0.5168069349577316,-0.019942865663389927,-0.29391203253665626,0.45799999999999996,0.0
1733715638.6458683,0.5369870519049139,-0.01516492914602845,-0.32885556929431137,0.46599999999999997,0.0
1733715638.7458682,0.5595460986254533,-0.008597592992020724,-0.3586749979118003,0.496,-0.128
1733715638.845868,0.5771348603300134,-0.003578161746984089,-0.3863819980784945,0.484,-0.14600000000000002
1733715638.945868,0.5873611184326883,0.005326528542437157,-0.4370986193274168,0.4701515198559319,-0.14200000000000002
1733715639.045868,0.5944060821778487,0.01663085407260728,-0.47444307468456864,0.42399999999999993,-0.122
1733715639.1458678,0.5948912602200116,0.027251787584100663,-0.48932127055761226,0.20799999999999996,0.0
1733715639.2458677,0.5709905205428785,0.04045073311141174,-0.4662105795400968,0.0,0.21599999999999997
1733715639.3458676,0.551250055907765,0.051124316249600656,-0.39217499215531926,-0.31799999999999995,0.3919999999999999
1733715639.4458675,0.5597166771303942,0.06275856278176072,-0.2780756477074586,-0.45599999999999996,0.41999999999999993
1733715639.5458674,0.5411479636436493,0.06704532239274126,-0.17483352004003955,-0.46799999999999997,0.3959516243690907
1733715639.6458673,0.4957971329008325,0.056936324819681486,0.027062657499031518,-0.4625028315389881,0.3879999999999999
1733715639.7458673,0.46445415665370293,0.04827674000395756,0.2072670095033221,-0.372,0.3720000000000001
1733715639.8458672,0.444085627849691,0.03723839475335759,0.2982962612439009,-0.21599999999999997,0.3480000000000001
1733715639.945867,0.44248333976116244,0.028717274589683546,0.32416322178428036,0.0,0.262
1733715640.045867,0.4363656356838203,0.01957504217592554,0.28887522140612126,0.0,0.264
1733715640.1458669,0.42838652504965996,0.010064896613996618,0.24748167250003802,0.0,0.21599999999999997
1733715640.2458668,0.41469336785800104,0.0021588971932522513,0.21210385691292685,0.16999999999999993,0.16199999999999992
1733715640.3458667,0.40819676504549374,-0.003611134589618702,0.17237263077109627,0.223518256000953,0.1973576746679373
1733715640.4458666,0.4219146364836299,-0.004667171829461988,0.13631838930472356,0.16199999999999992,0.31800000000000006
1733715640.5458665,0.4357018068718233,4.88174056489858e-05,0.13410286157077864,0.0,0.3959999999999999
1733715640.6458664,0.4511360610478712,0.004301172953932386,0.19097816307374169,-0.22296694085634752,0.4062066118287304
1733715640.7458663,0.45787704439427895,0.0026198873833907566,0.2550377763381139,-0.23399999999999999,0.3640000000000001
1733715640.8458662,0.44766348384744714,-0.0032293140680368397,0.2987202306568146,0.0,0.28400000000000003
1733715640.945866,0.4401558729704174,-0.018495151961209842,0.32825641366600555,0.0,0.274
1733715641.045866,0.43810238864139317,-0.03538084392488692,0.32133822408727447,0.0,0.27
1733715641.145866,0.4393553046316343,-0.04435333547843419,0.3107580666909285,0.0,0.27
1733715641.2458658,0.44362092384941765,-0.0492715512585442,0.29537445755481173,0.0,0.278
1733715641.3458657,0.44967673061766306,-0.04647455001974253,0.29055423328510244,0.0,0.28400000000000003
1733715641.4458656,0.45207746934407544,-0.03921602678500945,0.28847197559248916,0.0,0.28200000000000003
1733715641.5458655,0.4446363754826168,-0.03342864986463131,0.28091315827067737,0.17999999999999994,0.0
1733715641.6458654,0.42837379811565673,-0.034857504147107705,0.2590592482056605,0.29600000000000004,0.0
1733715641.7458653,0.43131264922826085,-0.040423771268592326,0.20017114004314962,0.31600000000000006,0.0
1733715641.8458652,0.43874558128746366,-0.045991561953547234,0.14514943113285453,0.3620000000000001,0.0
1733715641.9458652,0.45505228106565043,-0.0516244449868928,0.07508009358675129,0.3899999999999999,0.0
1733715642.045865,0.4700258808323758,-0.05359985698557553,0.016354879471133572,0.4019999999999999,0.0
1733715642.145865,0.4887393640695727,-0.05226141860135547,-0.06799130281420393,0.37467848882035476,0.0
1733715642.2458649,0.49823777291196264,-0.045801302729708206,-0.1393912894304062,0.22399999999999998,0.0
1733715642.3458648,0.48215717410791464,-0.03438623519328805,-0.16430276442420888,0.0,0.0
1733715642.4458647,0.46136134135841744,-0.02311122052869771,-0.1375974028267512,0.0,0.0
1733715642.5458646,0.4493161167753674,-0.016478749761434583,-0.11127339051637214,0.0,0.10200000000000009
1733715642.6458645,0.4405284583305492,-0.0124894483852521,-0.08671440134006861,-0.15800000000000003,0.16199999999999992
1733715642.7458644,0.4331254041028962,-0.011183953975007365,-0.05312347108969413,-0.23378016146977432,0.18799999999999994
1733715642.8458643,0.418075860416775,-0.010882556515885692,-0.013351475279526313,-0.23620026939124147,0.18799999999999994
1733715642.9458642,0.3941274902429552,-0.015387158306600741,0.059410877419364246,-0.21399999999999997,0.17999999999999994
1733715643.045864,0.3728496113428618,-0.02308393273345546,0.12710228123505182,-0.21799999999999997,0.18199999999999994
1733715643.145864,0.3565375285077009,-0.0306910528372416,0.177874394270968,-0.18217316282200335,0.18199999999999994
1733715643.245864,0.33900255302108817,-0.034715420704206294,0.21947416663387687,-0.138,0.17999999999999994
1733715643.3458638,0.32578320308675474,-0.034543267843489316,0.22606936379126052,-0.124,0.18399999999999994
1733715643.4458637,0.31374369263097585,-0.03447437746169502,0.21460132389353226,-0.15600000000000003,0.19199999999999995
1733715643.5458636,0.299887711639737,-0.03528736381921745,0.21240668158717116,-0.16400000000000003,0.19399999999999995
1733715643.6458635,0.2894627082473124,-0.03698294320131393,0.21746621495859064,-0.19199999999999995,0.20599999999999996
1733715643.7458634,0.27853804839106433,-0.03807156089478259,0.22991116570925008,-0.268,0.248
1733715643.8458633,0.2646325391378892,-0.03984089258200273,0.2611693654977804,-0.32399999999999995,0.28
1733715643.9458632,0.24801922990910297,-0.0426334737670599,0.3247558971006996,-0.362,0.30000000000000004
1733715644.0458632,0.22740732290261761,-0.04502086680173971,0.3934681875344968,-0.386,0.30600000000000005
1733715644.145863,0.20939868545441118,-0.04631329149699106,0.43252692335496856,-0.396,0.32200000000000006
1733715644.245863,0.19487938947670952,-0.047172871977420025,0.45481089062024366,-0.398,0.3420000000000001
1733715644.3458629,0.17578363047895662,-0.0444991336812169,0.48779967674774105,-0.396,0.35582398316970554
1733715644.4458628,0.15958625757444136,-0.04059709419287033,0.5228457633491906,-0.394,0.3657242790169059
1733715644.5458627,0.1417342244850402,-0.03306544452321061,0.562597539292139,-0.396,0.3839999999999999
1733715644.6458626,0.12312584709151274,-0.025476946976393855,0.6147463850117568,-0.406,0.3979999999999999
1733715644.7458625,0.1072656017835144,-0.021420908308598562,0.6642280812500172,-0.42200000000000004,0.41573387398268763
1733715644.8458624,0.08820902915505331,-0.01978150336982562,0.7360695577618642,-0.43799999999999994,0.43399999999999994
1733715644.9458623,0.07859465666131608,-0.01966026478784181,0.7904090099742265,-0.45599999999999996,0.44399999999999995
1733715645.0458622,0.06763120153936124,-0.01676816711480793,0.8544351106385508,-0.46584034867054724,0.45399999999999996
1733715645.145862,0.06065217401270446,-0.005339499064285006,0.885533788574667,-0.46799999999999997,0.46399999999999997
1733715645.245862,0.05450465037336146,0.004680806680022161,0.8875594984751637,-0.46799999999999997,0.47185373734910374
1733715645.345862,0.04490112349539873,0.015355844726468278,0.9082665557682829,-0.46799999999999997,0.484
1733715645.4458618,0.034891970911540865,0.029341378582675413,0.9565228173206928,-0.46799999999999997,0.492
1733715645.5458617,0.029681526204603577,0.04267901246965444,1.004340537213532,-0.46799999999999997,0.498
1733715645.6458616,0.027290593845800373,0.055739208430918424,1.0493773873021743,-0.46199999999999997,0.5036713244228432
1733715645.7458615,0.027191626319080685,0.06242138368600861,1.0723855143474055,-0.46199999999999997,0.506
1733715645.8458614,0.03142451703351823,0.07509787027348522,1.0918933532871797,-0.45999999999999996,0.51
1733715645.9458613,0.03946019688231417,0.08795547249414068,1.1131300751755877,-0.45199999999999996,0.512
1733715646.0458612,0.04786922895527844,0.09254512058146627,1.1213413675376063,-0.44199999999999995,0.512
1733715646.1458611,0.05517781688084891,0.0958370705836967,1.1247869368019685,-0.44199999999999995,0.514
1733715646.245861,0.06116056998750461,0.10167375727186233,1.1490889754889582,-0.44199999999999995,0.516
1733715646.345861,0.06165883184332468,0.10450165133422655,1.1706028703686786,-0.42200000000000004,0.514
1733715646.4458609,0.06383299715049269,0.10645304043537689,1.199389945122246,-0.3366309898565932,0.5121929579106914
1733715646.5458608,0.07657874222467183,0.10626168539772898,1.2267323487504758,0.0,0.488
1733715646.6458607,0.10795030940226344,0.10019748772067275,1.2245842215301517,0.25,0.4179999999999999
1733715646.7458606,0.1510282551292177,0.08385622626093209,1.2164621050129816,0.4179999999999999,0.4139999999999999
1733715646.8458605,0.21288335575636835,0.0646083973157244,1.1460578148002314,0.506,0.45399999999999996
1733715646.9458604,0.27926078486704625,0.046486361183709524,1.0386241030114853,0.532,0.44999999999999996
1733715647.0458603,0.32015419062355766,0.03864753950290658,0.9473392745813709,0.5596719149591743,0.41049212756123854
1733715647.1458602,0.36068946649053635,0.03355182017554265,0.8301350129181241,0.5840000000000001,0.3839999999999999
1733715647.24586,0.40955929679644054,0.02632489251008871,0.6460791634859251,0.6200000000000001,0.28800000000000003
1733715647.34586,0.4391223996661262,0.017235292930207296,0.5178278551563612,0.645660771513353,0.13518729970326399
1733715647.44586,0.4893059941499096,0.0026603724222604595,0.2539388380947143,0.6579999999999999,0.0
1733715647.5458598,0.5397964518964755,-0.005085276087160006,0.0016064525911947836,0.6790297362794012,0.0
1733715647.6458597,0.591233234826475,-0.0015551385273187988,-0.17263107724776416,0.722,0.0
1733715647.7458596,0.63459238823026,0.0018855944954849473,-0.2929291328446393,0.732,-0.09032344188419349
1733715647.8458595,0.6763475095232604,0.011180893037515724,-0.44127804878555,0.6949243287225386,0.0
1733715647.9458594,0.6934623536591155,0.020622149445586754,-0.5222244914339671,0.5800000000000001,0.1080000000000001
1733715648.0458593,0.685650764544288,0.03297388792053844,-0.544718303564176,0.42599999999999993,0.31800000000000006
1733715648.1458592,0.6815229396607793,0.043813677809312154,-0.47707585347953985,0.34888347704497796,0.4157208692612444
1733715648.2458591,0.6936133775365831,0.05120502000058309,-0.33664572802197645,0.4079999999999999,0.4139999999999999
1733715648.345859,0.7162201594749646,0.04530702135024669,-0.21093359808012827,0.42399999999999993,0.4059999999999999
1733715648.445859,0.7364814412998834,0.03635201895423108,-0.1804482077527984,0.42399999999999993,0.4275933552517736
1733715648.5458589,0.7561306983190563,0.030328651562309163,-0.1670872219723055,0.41615721617988505,0.43599999999999994
1733715648.6458588,0.7767691180116691,0.025551867396139235,-0.1416206984891453,0.4139999999999999,0.43599999999999994
1733715648.7458587,0.7969244643411368,0.022710142948590504,-0.11052016039511921,0.4062337081297462,0.44199999999999995
1733715648.8458586,0.8146955771165124,0.01861043176059917,-0.0814260118656757,0.3939999999999999,0.44799999999999995
1733715648.9458585,0.8269347634412129,0.01385683155888125,-0.050490533775668894,0.3759999999999999,0.45199999999999996
1733715649.0458584,0.8319639468055132,0.007782415872191366,-0.021576609435908355,0.31800000000000006,0.46799999999999997
1733715649.1458583,0.8305920708612569,0.0025410290507566578,-0.0003774538080336537,0.28448189777567445,0.48551810222432557
1733715649.2458582,0.8329657608382183,-0.0013373219193508687,0.026359739749279288,0.252,0.49776758831643975
1733715649.345858,0.840008435632851,-0.0031630557563310205,0.06743120528089176,0.25574803576266597,0.498
1733715649.445858,0.8432163666418635,-0.002322909509488444,0.08901194634495509,0.262,0.498
1733715649.545858,0.8489372678813152,-0.00037027882696624026,0.11597268097975469,0.27355285718644173,0.48822357140677913
1733715649.6458578,0.855519616134895,-0.0016761218068378678,0.11204524273970087,0.29356919011920857,0.47428720658719425
1733715649.7458577,0.865118833030487,-0.005993452908214029,0.10396836522247059,0.29600000000000004,0.46799999999999997
1733715649.8458576,0.8734495469685808,-0.01328944131287991,0.11770913282927938,0.28,0.478
1733715649.9458575,0.8791108390405896,-0.021133533829753436,0.13846456007599042,0.28766243290017895,0.48033756709982106
1733715650.0458574,0.8869048952843231,-0.03153336864072506,0.14357440835275478,0.29600000000000004,0.48
1733715650.1458573,0.8965523600444744,-0.038195584041012164,0.12214771850309633,0.29800000000000004,0.478
1733715650.2458572,0.9072021090072362,-0.038523812652252465,0.08960497408104812,0.2884110173309705,0.48779449133451475
1733715650.3458571,0.9147642481028662,-0.03472252789159803,0.08719082295484502,0.29800000000000004,0.488
1733715650.445857,0.9222957029817019,-0.03176278227203246,0.09465597972705259,0.30200000000000005,0.48975487706337295
1733715650.545857,0.9283051887432995,-0.029556171405815523,0.1120234959059576,0.30600000000000005,0.49
1733715650.6458569,0.9327586552548455,-0.029321218991580716,0.12311578318385441,0.2961644755072509,0.49783552449274915
1733715650.7458568,0.9392918129814853,-0.03296187343098941,0.13217392331006947,0.28600000000000003,0.502
1733715650.8458567,0.9436460071019785,-0.04108002526364687,0.1425958388714801,0.29800000000000004,0.498
1733715650.9458566,0.9500142706005067,-0.051660887370297795,0.14211426249408976,0.30600000000000005,0.492
1733715651.0458565,0.9576890966888929,-0.054272899252937705,0.13880133058681268,0.29400000000000004,0.496
1733715651.1458564,0.9628986956185608,-0.05028952208628062,0.1405625299066616,0.31000000000000005,0.486
1733715651.2458563,0.9635650204481785,-0.04295070609719381,0.13211133394700492,0.32200000000000006,0.4742041056754926
1733715651.3458562,0.9649738386301541,-0.03505329694549513,0.11079837686317599,0.32200000000000006,0.4702194698596687
1733715651.445856,0.9633403095569733,-0.03566548561237994,0.09901862480561378,0.3005440862213138,0.4450881724426275
1733715651.545856,0.9539507923228423,-0.03803481122616296,0.09873069064545874,0.22399999999999998,0.30600000000000005
1733715651.645856,0.9154091802348958,-0.0396894823322931,0.10869021590726304,0.0,0.0
1733715651.7458558,0.870150514618894,-0.04463027215970819,0.10239841965208708,0.0,0.0
1733715651.8458557,0.8324382200999382,-0.04848483709848809,0.059826804145173315,0.0,0.0
1733715651.9458556,0.7957325105335091,-0.051966455855479765,0.019972981114765625,0.0,0.0
1733715652.0458555,0.7636911178926288,-0.05157421717179756,0.01693785139498418,0.0,0.0
1733715652.1458554,0.7412054828223695,-0.0490070726456047,0.030354114574677002,0.0,0.0
1733715652.2458553,0.728550592006966,-0.044250623434736173,0.034113860566711784,0.0,0.0
1733715652.3458552,0.711468187287517,-0.04271116210062187,0.02172957587169199,0.0,0.0
1733715652.4458551,0.6971312375773708,-0.0451195923360245,-0.004719341785690851,0.0,0.0
1733715652.545855,0.6760804853443113,-0.04752517245655355,-0.023185182729178112,0.0,0.0
1733715652.645855,0.6564801705324247,-0.05002578003277653,-0.008899793898093186,0.0,0.0
1733715652.7458549,0.6383388632966177,-0.051845631609282225,0.0014202115944773061,0.0,0.0
1733715652.8458548,0.626805651258207,-0.04727419481857981,-0.0001543989895170082,0.0,0.0
1733715652.9458547,0.6160064975345777,-0.041632678233229685,-0.005516277847671765,0.0,0.0
1733715653.0458546,0.6006379158348778,-0.042437446660017336,-0.021058301483637912,0.0,0.0
1733715653.1458545,0.5738718625669275,-0.044364530183120164,-0.042390075128358067,0.0,0.0
1733715653.2458544,0.5486022350117258,-0.044886706930177864,-0.0436494844005045,0.0,0.0
1733715653.3458543,0.5231438766429883,-0.04380354540011643,-0.03394401449979085,0.0,0.0
1733715653.4458542,0.5141487208041785,-0.03580997017318674,-0.017547477509763296,0.0,0.0
1733715653.545854,0.5161300892976366,-0.03280178643164595,-0.01247425672306106,0.0,0.0
1733715653.645854,0.513408862661037,-0.035050190495766895,-0.029253085865675533,0.0,0.0
1733715653.745854,0.5045086694302661,-0.037619544843213774,-0.04256790170928274,0.0,0.0
1733715653.8458538,0.48567322729120005,-0.04100756743464289,-0.04463319037610158,0.0,0.0
1733715653.9458537,0.47103768867154633,-0.039808116360687,-0.0421774227199571,0.0,0.0
1733715654.0458536,0.46450819215427586,-0.03330592910859786,-0.04038403435915685,0.0,0.0
1733715654.1458535,0.4660859837885749,-0.02715974266142675,-0.04035088891595977,0.0,0.0
1733715654.2458534,0.4675146188537228,-0.02686009194533772,-0.057177565909752245,0.0,0.0
1733715654.3458533,0.4613376879238016,-0.030112862891203126,-0.07816931732293449,0.0,0.0
1733715654.4458532,0.4455994070478527,-0.026402714630994622,-0.06514502856381856,0.0,0.0865287815187719
1733715654.5458531,0.4299754746862963,-0.02206877334064885,-0.03646063184610534,-0.14623395026026606,0.14524679005205313
1733715654.645853,0.4186682201199076,-0.018555006822254458,-0.023542549096923902,-0.3248110948191593,0.2074904692082111
1733715654.745853,0.40517402932178964,-0.014734097079397475,-0.008024621474085777,-0.386,0.21999999999999997
1733715654.8458529,0.370940934876027,-0.01602404976505553,0.06878900671915443,-0.396,0.23199999999999998
1733715654.9458528,0.33879797652366606,-0.020721883766328095,0.15919901995679808,-0.44799999999999995,0.248
1733715655.0458527,0.30416232825619544,-0.02297285619067678,0.2413760685341878,-0.47950988215644424,0.26167325477096287
1733715655.1458526,0.2739339419156029,-0.02232299363482514,0.3192296216429198,-0.538,0.2836792154381525
1733715655.2458525,0.24084635736193524,-0.019946743046153032,0.3985355946409738,-0.56,0.29400000000000004
1733715655.3458524,0.2124252602849987,-0.01573748931111344,0.4522043228860494,-0.56,0.30600000000000005
1733715655.4458523,0.18821311875185034,-0.009055727653581114,0.477906276058978,-0.5680000000000001,0.31800000000000006
1733715655.5458522,0.16971480838562153,-0.008002716765272675,0.4943177871539921,-0.5740000000000001,0.3320000000000001
1733715655.645852,0.14620612576938427,-0.006400184265178239,0.5195585204993227,-0.5525817915261693,0.3340000000000001
1733715655.745852,0.12417589548220583,-0.004108182181338038,0.564381490204107,-0.4953164997823248,0.34378058336961265
1733715655.845852,0.1053798277679533,0.0016477021375196496,0.6485410948913289,-0.3151936824605153,0.3518673686154984
1733715655.9458518,0.10569040642089933,0.003662367208818982,0.7372873701428388,-0.15200000000000002,0.3580000000000001
1733715656.0458517,0.12429936046181365,0.0008454116551592525,0.7839762481908515,0.0,0.3660000000000001
1733715656.1458516,0.14520272541766574,-0.0028153634645182724,0.7828193326594082,0.15655338937578242,0.3778191736719727
1733715656.2458515,0.1674961069285847,-0.006216029808261658,0.7534339329520771,0.27,0.3859999999999999
1733715656.3458514,0.20723984448568786,-0.012247592769693845,0.7059182390707348,0.3336590111276816,0.3879999999999999
1733715656.4458513,0.2514848843340835,-0.021804131893994272,0.6350298122680418,0.36926872542145545,0.3859999999999999
1733715656.5458512,0.29260656360541165,-0.030270356516150728,0.5826074213597651,0.4059999999999999,0.3859999999999999
1733715656.6458511,0.34163007808428036,-0.041464023207795825,0.5299065581389624,0.4216905829596412,0.3879999999999999
1733715656.745851,0.38686154364523767,-0.0520066361652877,0.48426347905714157,0.43199999999999994,0.3879999999999999
1733715656.845851,0.43094087820046256,-0.05884189310782875,0.43346029446308304,0.43399999999999994,0.3879999999999999
1733715656.9458508,0.4695180413256289,-0.06355806632299511,0.3735206057195052,0.43599999999999994,0.3879999999999999
1733715657.0458508,0.5001636881569057,-0.06451609123259089,0.3129740659873267,0.44199999999999995,0.3899999999999999
1733715657.1458507,0.5356231900080227,-0.06460079187603385,0.24447461789104122,0.44199999999999995,0.3899999999999999
1733715657.2458506,0.5888930052218142,-0.07055588258741308,0.1942885637981937,0.44380783236821675,0.3919999999999999
1733715657.3458505,0.6340202798753342,-0.0735668155533276,0.1696031368231676,0.44199999999999995,0.3899999999999999
1733715657.4458504,0.663995319472334,-0.06954761450782262,0.12807135306677947,0.44199999999999995,0.3919999999999999
1733715657.5458503,0.6898794487954747,-0.05952304795622377,0.05906626695688516,0.44199999999999995,0.3959999999999999
1733715657.6458502,0.7133894624776761,-0.04961471178314643,0.0037107351676829896,0.44399999999999995,0.39980057820520376
1733715657.74585,0.736833079233163,-0.03740075503796178,-0.03164980768949031,0.44199999999999995,0.3998034986111931
1733715657.84585,0.7555001456605889,-0.027542834883662565,-0.03523739409210858,0.44199999999999995,0.3999999999999999
1733715657.94585,0.7748168804239809,-0.019678378159318187,-0.013475390063183428,0.44399999999999995,0.4019999999999999
1733715658.0458498,0.7962973339593588,-0.014774584531439702,0.009772877967270013,0.44399999999999995,0.4019999999999999
1733715658.1458497,0.8237902214790906,-0.012617092636793665,0.02420380154455526,0.44399999999999995,0.4019999999999999
1733715658.2458496,0.8480661773928376,-0.01483747214735229,0.03023912686107207,0.44399999999999995,0.4039999999999999
1733715658.3458495,0.8691748154700571,-0.0178757025013211,0.028063069612290593,0.44399999999999995,0.4019999999999999
1733715658.4458494,0.8855604029089816,-0.01947192798321711,0.01185837338729633,0.44399999999999995,0.4019999999999999
1733715658.5458493,0.8940144279746641,-0.02003895311564163,-0.0037988027824948432,0.44199999999999995,0.4039999999999999
1733715658.6458492,0.9046372376830202,-0.017826542789397135,-0.024034734568296846,0.44199999999999995,0.4039999999999999
1733715658.7458491,0.9184571847045876,-0.013587769104561049,-0.04744937440544247,0.44199999999999995,0.4039999999999999
1733715658.845849,0.9284633324235467,-0.011796138844348996,-0.06550641574986657,0.44199999999999995,0.4039999999999999
1733715658.945849,0.9433534941488848,-0.008853166037552138,-0.0711920427540787,0.43999999999999995,0.4059999999999999
1733715659.0458488,0.9534512701642,-0.00791380781521446,-0.06652754853224305,0.43999999999999995,0.4039999999999999
1733715659.1458488,0.9704108314386122,-0.006234973156402061,-0.06895732432897905,0.4496198811096433,0.4019999999999999
1733715659.2458487,0.9856283740205648,-0.004844137674083509,-0.07315728187180678,0.45218352557521585,0.4019999999999999
1733715659.3458486,0.9982236374846519,-0.0016812021567149142,-0.06604824483101004,0.44599999999999995,0.4019999999999999
1733715659.4458485,1.0052289095149556,0.0005561647989633891,-0.059715633300268064,0.4478701772521358,0.3999999999999999
1733715659.5458484,1.015012950187856,0.0003741049377669896,-0.05582111518648325,0.44799999999999995,0.3999999999999999
1733715659.6458483,1.023967364259695,-0.0034524380122917288,-0.0513607192207893,0.44799999999999995,0.3999999999999999
1733715659.7458482,1.0302358550572008,-0.008347752319275384,-0.04355168155129431,0.4364503625906476,0.3979999999999999
1733715659.845848,1.035943178228467,-0.013986618896582929,-0.03181200424474852,0.42999999999999994,0.4019999999999999
1733715659.945848,1.0379999554668757,-0.017742671419235172,-0.026932335034842294,0.42599999999999993,0.4019999999999999
1733715660.045848,1.0385208929771084,-0.019706466984323222,-0.022335040341690992,0.4261003991403131,0.3999999999999999
1733715660.1458478,1.0428976568754909,-0.02041687836263597,-0.026710617298347176,0.42599999999999993,0.3999999999999999
1733715660.2458477,1.0493008362794525,-0.01805550049442921,-0.03232687383058771,0.42199999999999993,0.3999999999999999
1733715660.3458476,1.0549088138251883,-0.019876425787611028,-0.036955906694528404,0.42399999999999993,0.3922090442667938
1733715660.4458475,1.0624522797656257,-0.023761125211140377,-0.039465207273983,0.43199999999999994,0.3879999999999999
1733715660.5458474,1.0680621341309986,-0.030389200291256392,-0.03600744937042021,0.43599999999999994,0.3819999999999999
1733715660.6458473,1.0708487174617438,-0.034391742296379216,-0.03342273120940334,0.43999999999999995,0.3779999999999999
1733715660.7458472,1.0733275406410667,-0.03693239745731716,-0.040976192343719346,0.43799999999999994,0.372216549823237
1733715660.8458471,1.074293919317193,-0.03610746513862305,-0.05161447371040279,0.43199999999999994,0.3680000000000001
1733715660.945847,1.0744493640086468,-0.03344513325116034,-0.059894186951413866,0.42199999999999993,0.3600000000000001
1733715661.045847,1.073581217702104,-0.031779300565607765,-0.06182959586399596,0.4139999999999999,0.3580000000000001
1733715661.1458468,1.0730306226083544,-0.030478478916895865,-0.05652129666854182,0.4139999999999999,0.3540000000000001
1733715661.2458467,1.0710213575524667,-0.0302741303184441,-0.047956051541243105,0.40461296079758746,0.3502043202658626
1733715661.3458467,1.0631260312479098,-0.034650498839497064,-0.04065950276907683,0.26485754198073397,0.348285730915864
1733715661.4458466,1.0462814342508382,-0.03925579545030164,-0.03182594499098939,0.0,0.3340000000000001
1733715661.5458465,1.012590176441318,-0.04569988859099829,-0.005666369327913479,0.0,0.27692340350256506
1733715661.6458464,0.976006542856744,-0.05344311687731775,0.03134215750509995,0.0,0.16999999999999993
1733715661.7458463,0.9367241402904289,-0.0607273159536392,0.041700006382751,0.0,0.0
1733715661.8458462,0.9057885891145239,-0.06255996555090983,0.03488381971730244,-0.08763151530185108,0.0
1733715661.945846,0.8786750354400614,-0.060352385462546336,0.0313476283198869,-0.2242223162987602,0.0
1733715662.045846,0.8373962946200708,-0.05797241148837771,0.040634559099626676,-0.36527406628090475,0.20309258285113094
1733715662.145846,0.7945564973499816,-0.058107969622075914,0.08410094511685737,-0.44882810797724243,0.23780468466287374
1733715662.2458458,0.7457292472500981,-0.06686126664026845,0.19568654734615779,-0.5156342829609107,0.25381714148045537
1733715662.3458457,0.7097948481539079,-0.07921245315322278,0.275158511184747,-0.538,0.256
1733715662.4458456,0.680552529000768,-0.09492852867992826,0.3364889881462601,-0.4583539839464468,0.24027693928781726
1733715662.5458455,0.663775200402572,-0.10601440907047398,0.3153198063989852,0.0,0.011228765674573205
1733715662.6458454,0.6284404797116167,-0.12016249868766855,0.2654344006683924,0.0,0.0
1733715662.7458453,0.6041374079588123,-0.128771865246466,0.21809519872674163,0.21156781501261807,-0.1623379306297318
1733715662.8458452,0.5724220277119558,-0.13430561173163966,0.17254195260358482,0.36724077623382856,-0.21181019405845708
1733715662.9458451,0.5404541431536746,-0.13223463261851257,0.11677258490456142,0.4234170734611263,-0.21599999999999997
1733715663.045845,0.5452520547424058,-0.12725895269687332,0.016938420954160878,0.46983098249027233,-0.21599999999999997
1733715663.145845,0.5569401436418868,-0.11410446691427992,-0.11954075982134112,0.476,-0.2070121665886757
1733715663.2458448,0.5636093048557789,-0.10098689085383679,-0.22423253391841036,0.3660000000000001,-0.124
1733715663.3458447,0.5474649483886412,-0.08697967261567956,-0.28601432211286043,0.0,0.0
1733715663.4458447,0.5085506115782905,-0.07036715208553809,-0.2554327796743673,0.0,0.0
1733715663.5458446,0.4912875719679386,-0.06129311041127294,-0.2193704927892089,0.0,0.0
1733715663.6458445,0.48124936663605683,-0.05014294125913592,-0.1743314376269675,0.0,0.0
1733715663.7458444,0.4787716082801891,-0.04444828221520831,-0.15567879869056703,0.0,0.0
1733715663.8458443,0.4709425262625644,-0.03655521998072525,-0.13131060751503532,0.0,0.0
1733715663.9458442,0.4575914837254871,-0.029895443465948583,-0.11975352124598583,0.0,0.0
1733715664.045844,0.44388891878196846,-0.02545359397289683,-0.12141360498253838,0.0,0.0
1733715664.145844,0.4298239050239037,-0.019404480582093986,-0.12451496962387912,0.0,0.0
1733715664.245844,0.42008663890099335,-0.0129091814466053,-0.12166635907059416,0.0,0.0
1733715664.3458438,0.4085850179743126,-0.0040405404608804115,-0.1113554177071714,0.0,0.0
1733715664.4458437,0.39729612774809,0.004223511733157302,-0.09769294247768187,0.0,0.0
1733715664.5458436,0.38475670657764643,0.010937139905197188,-0.09242716660669607,0.0,0.0
1733715664.6458435,0.3696066894573345,0.015498854230701891,-0.09610864742893967,0.0,0.0
1733715664.7458434,0.3597606641720813,0.018661356073489666,-0.09911551929847798,0.0,0.0
1733715664.8458433,0.3526541291916966,0.020874834549052777,-0.09953337996494219,0.0,0.0
1733715664.9458432,0.35085606807126213,0.021626083742996054,-0.09726087254525465,0.0,0.0
1733715665.0458431,0.3492737721853158,0.021591296235176565,-0.09012485688663596,0.0,0.0
1733715665.145843,0.3438503798364287,0.021823361950553937,-0.08004610223949579,0.0,0.0
1733715665.245843,0.33606143345873996,0.023495770222259002,-0.07585946058317115,0.0,0.0
1733715665.3458428,0.32676535105753346,0.02761935397449564,-0.07633274370049078,0.0,0.0
1733715665.4458427,0.3169901053647478,0.03320037940451204,-0.07650584235649348,0.0,0.0
1733715665.5458426,0.3112231121555847,0.03745869823849485,-0.07663186269427918,0.0,0.0
1733715665.6458426,0.3053266098089445,0.04132216155240939,-0.07616796408504994,0.0,0.0
1733715665.7458425,0.3009272572155743,0.04220921331069942,-0.0731398772337629,0.0,0.0
1733715665.8458424,0.2949451090060331,0.04030509329629474,-0.06829293085233164,0.0,0.0
1733715665.9458423,0.28992894808693165,0.03720689796645982,-0.06564382957321048,0.0,0.0
1733715666.0458422,0.2834311157437587,0.03439085265685464,-0.06238546260823913,0.0,0.0
1733715666.145842,0.2776250950051494,0.034347625192174346,-0.05686381052172607,0.0,0.0
1733715666.245842,0.2723485770231262,0.036154906172709486,-0.049958918190594434,0.0,0.0
1733715666.345842,0.267877896161897,0.039105546280072116,-0.04666621040676494,0.0,0.0
1733715666.4458418,0.263176860191857,0.04241095655651473,-0.04728585453987694,0.0,0.0
1733715666.5458417,0.2593768099199317,0.044997318754721016,-0.047411950357713936,0.0,0.0
1733715666.6458416,0.2547622176812799,0.046041714912301,-0.04638686311445643,0.0,0.0
1733715666.7458415,0.25025861154412066,0.04458358022252454,-0.04080354084612633,0.0,0.0
1733715666.8458414,0.2451664782158014,0.04157094673134155,-0.035350002870317365,0.0,0.0
1733715666.9458413,0.23987878204928736,0.03960353200523054,-0.037138349225885686,0.0,0.0
1733715667.0458412,0.23409396380617142,0.03870235541369044,-0.03903936607832631,0.0,0.0
1733715667.1458411,0.22939221641477187,0.0380065014851473,-0.035843630816735826,0.0,0.0
1733715667.245841,0.22795009188077103,0.038636435569643385,-0.029227577915160074,0.0,0.0
1733715667.345841,0.22742069730761624,0.040332849948786026,-0.023590939899049906,0.0,0.0
1733715667.4458408,0.22592434812919052,0.04298479296517151,-0.01758068869825411,0.0,0.0
1733715667.5458407,0.22298337623331824,0.0438122622505558,-0.015167867755580041,0.0,0.0
1733715667.6458406,0.21931634975222886,0.04241563567489415,-0.021531343341793588,0.0,0.0
1733715667.7458405,0.2136291960850183,0.04008035655370328,-0.03479836829639728,0.0,0.0
1733715667.8458405,0.20865661285476575,0.038659482977091215,-0.03972600108821035,0.0,0.0
1733715667.9458404,0.20612191318307022,0.03878947079277487,-0.032517648846760436,0.0,0.0
1733715668.0458403,0.20449267949257785,0.040377604169369,-0.011447336963912069,0.0,0.0
1733715668.1458402,0.20381283593794258,0.04100153080316248,-0.008839047681062646,0.0,0.0
1733715668.24584,0.20155533510973667,0.040979965343161395,-0.01841337340016797,0.0,0.0
1733715668.34584,0.19833766583606785,0.04053458962432846,-0.02584744646106435,0.0,0.0
1733715668.44584,0.19575103494570892,0.04107501549513312,-0.022816437225256374,0.0,0.0
1733715668.5458398,0.19568961118815967,0.041549978161000596,-0.017715874207990086,0.0,0.0
1733715668.6458397,0.19586349947732626,0.042154761499021955,-0.018737144956576912,0.0,0.0
1733715668.7458396,0.19443144377510777,0.041642237427448596,-0.022103428205879346,0.0,0.0
1733715668.8458395,0.189568440863203,0.04019602876945032,-0.02012047086226948,0.0,0.0
1733715668.9458394,0.1833335996136163,0.03948229318179008,-0.01465972395463863,0.0,0.0
1733715669.0458393,0.1802782589822902,0.040596106453674154,-0.016404323287197882,0.0,0.0
1733715669.1458392,0.17924540715798062,0.04200705020272096,-0.022043959045618695,0.0,0.0
1733715669.245839,0.17941692228405157,0.04340740622876659,-0.022159602898577834,0.0,0.0
1733715669.345839,0.17932526263856433,0.04522188239347311,-0.01482671721952159,0.0,0.0
1733715669.445839,0.17873149258253374,0.045827057237740255,-0.0072279261718968014,0.0,0.0
1733715669.5458388,0.1767799189734071,0.04430228106578291,-0.0019069539918462437,0.0,0.0
1733715669.6458387,0.1743027904205639,0.04165028143995445,-0.003316703326675614,0.0,0.0
1733715669.7458386,0.17176374684718532,0.03788602641565148,-0.01105520769130834,0.0,0.0
1733715669.8458385,0.17011684418560646,0.037556074975253,-0.018943722164340687,0.0,0.0
1733715669.9458385,0.16752971573044553,0.03932950469294992,-0.022795806299615824,0.0,0.0
1733715670.0458384,0.16498370804894608,0.042373108381325485,-0.018049730488646176,0.0,0.0
1733715670.1458383,0.16205647188685005,0.04667770931813818,-0.0030814241052344827,0.0,0.0
1733715670.2458382,0.1603576671750586,0.04854286314690192,0.004268921090682083,0.0,0.0
1733715670.345838,0.16000004947184898,0.046597430044693564,0.0006092222538445606,0.0,0.0
1733715670.445838,0.15989198831273585,0.042316976315770034,-0.007781473827858155,0.0,0.0
1733715670.5458379,0.1596106340711639,0.03873692296200475,-0.009214023795455134,0.0,0.0
1733715670.6458378,0.15832799135698689,0.03671865708201498,-0.006564795564573392,0.0,0.0
1733715670.7458377,0.15572096241293615,0.036824154401312585,-0.008046575214310998,0.0,0.0
1733715670.8458376,0.1525814431186639,0.038537628452726305,-0.011460524410460336,0.0,0.0
1733715670.9458375,0.14875338152837034,0.04211754221071985,-0.00835891049436097,0.0,0.0
1733715671.0458374,0.14697840360773215,0.04523127330779833,-0.002812155641612501,0.0,0.0
1733715671.1458373,0.14707793909310002,0.047353741300681505,0.0004305409867864253,0.0,0.0
1733715671.2458372,0.148783447255068,0.04651581742320825,-0.004881150321971719,0.0,0.0
