time,x,y,psi,u,v,r,throttle_left,throttle_right
0.0,-179.59027330440694,-221.2099066191313,1.1041495163145623,4.039449997347725,0.0518953139798017,-0.004786293715114181,0.038000000000000034,0.18700000000000006
0.04999995231628418,-179.50149338480105,-221.0300552094158,1.103953032268243,4.0353593411541535,0.054517388116730625,-0.004340374270034033,0.038000000000000034,0.18700000000000006
0.09999990463256836,-179.4127686016551,-220.8520738980543,1.1038098465091661,4.033577187875009,0.04548013237405358,-0.004086565509254285,0.038000000000000034,0.18700000000000006
0.14999985694885254,-179.32244817848226,-220.67048460738772,1.103629333701487,4.030360160278122,0.0449775609819031,-0.004062567685885193,0.038000000000000034,0.18799999999999994
0.19999980926513672,-179.23351561697228,-220.49144522513728,1.1034693999641962,4.0297074271403455,0.042890921191661185,-0.004014201326787795,0.038000000000000034,0.18700000000000006
0.2499997615814209,-179.14506439038453,-220.31320717548192,1.1033119585567353,4.02578978079594,0.05426622468786491,-0.003825489267373142,0.038000000000000034,0.18700000000000006
0.2999997138977051,-179.05483273832004,-220.13276939518775,1.1031576116168635,4.023036006068581,0.050039261473450676,-0.0035440992402507475,0.038000000000000034,0.18700000000000006
0.34999966621398926,-178.9650563800959,-219.95271149120248,1.1029646062385865,4.02040457239484,0.04846690510377487,-0.0039979965788577475,0.038000000000000034,0.18600579626141145
0.39999961853027344,-178.87644504224318,-219.7744776168096,1.1027145483643197,4.016581069000645,0.05946510958584441,-0.004448082327891605,0.038000000000000034,0.18700000000000006
0.4499995708465576,-178.78607227717868,-219.59280516719602,1.1024894594191155,4.011312161136875,0.045866613279710665,-0.005177365323378331,0.038000000000000034,0.18700000000000006
0.4999995231628418,-178.69676113622793,-219.41384697948712,1.1021474143936532,4.007004289833541,0.0576394410996037,-0.00619691269896886,0.038000000000000034,0.18600000000000005
0.549999475479126,-178.60784646996444,-219.235742988757,1.1018166236054303,4.001651119890918,0.05391378072410537,-0.007181565436214572,0.038000000000000034,0.18600000000000005
0.5999994277954102,-178.51784540710602,-219.05543590627548,1.1014598159146542,3.9977145840691164,0.053498061660262504,-0.007424080924442967,0.038000000000000034,0.18500000000000005
0.6499993801116943,-178.4289155638531,-218.87719505136613,1.1010915142999704,3.9928462165426346,0.054795321030043,-0.007451552829270085,0.03700078948017668,0.18300157896035335
0.6999993324279785,-178.33964657748416,-218.69865432203454,1.100739049542827,3.9890024756762514,0.04962801197844121,-0.007492467167711339,0.03700000000000003,0.18101740450881912
0.7499992847442627,-178.25000543696893,-218.51939078749191,1.1003823991231956,3.987049293648095,0.047973272440313616,-0.00735422008138721,0.03600000000000003,0.18000000000000005
0.7999992370605469,-178.16159584141468,-218.34252585638154,1.1000001164757232,3.9841864357387546,0.04607927846173056,-0.0074803179472025805,0.03600000000000003,0.18000000000000005
0.849999189376831,-178.0724264715154,-218.16465812732494,1.099704432897282,3.981408717504175,0.04308010081463007,-0.007255819588530906,0.03600000000000003,0.18000000000000005
0.8999991416931152,-177.98328633909978,-217.98695976177905,1.0993783135991888,3.9787360911228475,0.0447274179753786,-0.006964743358116245,0.03700000000000003,0.18200000000000005
0.9499990940093994,-177.89403559648196,-217.80909536756798,1.099076950225441,3.9766429436835127,0.04909757036330135,-0.006722706604046198,0.03700000000000003,0.18200000000000005
0.9999990463256836,-177.8051286178042,-217.63131408444923,1.098732479893614,3.973752629633818,0.05596158775707065,-0.006837413257316079,0.03700000000000003,0.1820063362068966
1.0499989986419678,-177.71738758721338,-217.4558074237079,1.098425938677103,3.9707553730127625,0.06054177975779814,-0.006639051659374929,0.03700000000000003,0.18400000000000005
1.099998950958252,-177.6277669591561,-217.2769431204501,1.0981264847282128,3.9684523766351023,0.06365859783831403,-0.0063502896008272025,0.03700000000000003,0.18400000000000005
1.1499989032745361,-177.53934626492094,-217.10039052788872,1.0978485907129427,3.9662685452316935,0.05377676413412494,-0.0060945949445533245,0.038000000000000034,0.18500000000000005
1.1999988555908203,-177.45090918425478,-216.9237267528686,1.0975669433883368,3.9642660858246153,0.0555343746214072,-0.006055189313529519,0.038000000000000034,0.18500000000000005
1.2499988079071045,-177.3616790421035,-216.74543376712612,1.0972741982980647,3.960656703344277,0.04673682470563536,-0.006241887059873658,0.038000000000000034,0.18500000000000005
1.2999987602233887,-177.27355368380785,-216.5693155444334,1.0969857479634852,3.9578979781307426,0.043985373596117136,-0.006505871383018284,0.038000000000000034,0.18500000000000005
1.3499987125396729,-177.18532822910984,-216.39292637546757,1.0966287323844308,3.9576194274436176,0.050255630151012205,-0.0071335032261778,0.038000000000000034,0.18500000000000005
1.399998664855957,-177.09618789893423,-216.21478648750127,1.0962518035733542,3.9575801253251948,0.06070431256666474,-0.007782555790044899,0.038000000000000034,0.18500000000000005
1.4499986171722412,-177.0078224222648,-216.0383063048815,1.095859934478137,3.95683458462229,0.06627728451592838,-0.0077376514649943875,0.038000000000000034,0.18500000000000005
1.4999985694885254,-176.9197956501624,-215.86182538747906,1.0954589965462351,3.9560202710980037,0.06417379682434521,-0.008119117556814817,0.038000000000000034,0.18500000000000005
1.5499985218048096,-176.8305003166972,-215.6828668305266,1.0950461606079556,3.9568752002787497,0.06313425553610723,-0.008618785939832986,0.038000000000000034,0.18600000000000005
1.5999984741210938,-176.742530615099,-215.5068060872009,1.0946224340011534,3.95771393399982,0.053735286506430495,-0.008712283087707091,0.038000000000000034,0.18600000000000005
1.649998426437378,-176.65373026147128,-215.32946341477623,1.09424201721692,3.9582099321004094,0.052425336434570015,-0.008381448961976897,0.038000000000000034,0.18696843822843828
1.699998378753662,-176.56457175901684,-215.15078089000713,1.0938733589910714,3.9571568524750673,0.05458127506081086,-0.008012999463376988,0.038000000000000034,0.18600000000000005
1.7499983310699463,-176.47620012436607,-214.97354826771735,1.0934940557141302,3.955800602487622,0.05861154686411059,-0.008127511928757014,0.038000000000000034,0.18600000000000005
1.7999982833862305,-176.38774160346924,-214.79649250300395,1.093152914036566,3.954809893387191,0.05778182234095095,-0.00797866401091368,0.038000000000000034,0.18600000000000005
1.8499982357025146,-176.29882003049764,-214.6185442645049,1.092792985784068,3.9540573283257987,0.06414019954549875,-0.007532952858912548,0.038000000000000034,0.18599047433482718
1.8999981880187988,-176.21029452141664,-214.4414167059748,1.092475745902904,3.953361446277785,0.05971043783981839,-0.007219959925049353,0.038000000000000034,0.18600000000000005
1.949998140335083,-176.12207412036983,-214.26512783273628,1.0921514230539193,3.9528802954451874,0.058599230880693354,-0.006894960878134883,0.038000000000000034,0.18500000000000005
1.9999980926513672,-176.03320370173495,-214.0877828333423,1.0918217394927137,3.9514006199181835,0.0614737609757219,-0.006943786076461866,0.038000000000000034,0.18500000000000005
2.0499980449676514,-175.94518809393733,-213.91251599384665,1.091509667532555,3.9506222514410223,0.06444450313368164,-0.0064220187465686505,0.03700000000000003,0.18400000000000005
2.0999979972839355,-175.85558248519473,-213.73470846696384,1.091242602591144,3.9495876703944384,0.05401783038096256,-0.006284051357497183,0.03700000000000003,0.18300000000000005
2.1499979496002197,-175.7670682830092,-213.55928690433828,1.0909692220184446,3.9494019726507554,0.056881568378548304,-0.0059341768293983774,0.03700000000000003,0.18200000000000005
2.199997901916504,-175.6763896955486,-213.37984449091147,1.0907162548709026,3.948337884368266,0.05701879433048759,-0.005602915449935441,0.03700000000000003,0.18200000000000005
2.249997854232788,-175.58828816041293,-213.20586274724977,1.0904790589185578,3.949741016278451,0.050786275937910595,-0.005510584556112505,0.03700000000000003,0.18200000000000005
2.2999978065490723,-175.49661428685187,-213.0265339873294,1.090313806553084,3.950147696137688,0.052711155759382275,-0.004624442298877101,0.03700000000000003,0.18200000000000005
2.3499977588653564,-175.4068447543917,-212.85088299427494,1.0901426535760892,3.9520712602590238,0.04550191601033749,-0.004266814209590625,0.03700000000000003,0.18199030870325728
2.3999977111816406,-175.31722495019807,-212.67560239719796,1.0899922768852268,3.954313571571935,0.05252810913223316,-0.003561516032207407,0.03700000000000003,0.18200000000000005
2.449997663497925,-175.22650680402083,-212.498146672015,1.0898375498697206,3.9549410588286205,0.051475482956579936,-0.003289900636531666,0.03700000000000003,0.18100000000000005
2.499997615814209,-175.136377719505,-212.32279553676807,1.0896952486064635,3.955734631574094,0.053234946643741524,-0.0030814142135316305,0.03700000000000003,0.18101106604459247
2.549997568130493,-175.04577866002077,-212.146453145591,1.0895148304241906,3.9549333828781785,0.04873069235974176,-0.003494699208229852,0.03700000000000003,0.18100000000000005
2.5999975204467773,-174.9549124005731,-211.96936608550143,1.0892860370810165,3.9561739308969512,0.05005672889855786,-0.0042231971328213795,0.03700000000000003,0.18100000000000005
2.6499974727630615,-174.86473594639327,-211.79354986241202,1.0890452142913354,3.9567125861831705,0.053476563925089704,-0.00482203394059042,0.03700000000000003,0.18100000000000005
2.6999974250793457,-174.77378150273844,-211.61797103199893,1.0888717134482828,3.9581586493341367,0.04392866510281772,-0.0047763588681091805,0.03700000000000003,0.18100000000000005
2.74999737739563,-174.68352921846457,-211.44368465690349,1.088685530508142,3.9580294029831076,0.041176184848945835,-0.004484064590701218,0.03700000000000003,0.18100000000000005
2.799997329711914,-174.5918934361896,-211.26632699346172,1.0884198571271875,3.9584455732365624,0.045307730389028876,-0.00498946697012569,0.03700000000000003,0.18298993511106906
2.8499972820281982,-174.50129402356455,-211.09082171120124,1.0881661506371083,3.9594545147983005,0.04354253385379848,-0.005491168747915181,0.03700000000000003,0.18300000000000005
2.8999972343444824,-174.41016421505878,-210.91562626405724,1.0879214916317823,3.959968882952566,0.04796087718259293,-0.005393560364897365,0.03700000000000003,0.18400000000000005
2.9499971866607666,-174.31778650188787,-210.73776876448719,1.0876799899524259,3.9622092633284822,0.04942266376899819,-0.005130600140828453,0.03700000000000003,0.18400000000000005
2.999997138977051,-174.2271684691305,-210.56309870198263,1.0874343201347187,3.962414999258345,0.05046270945472754,-0.00529552363775132,0.03799746001881471,0.18499746001881473
3.049997091293335,-174.1358918398523,-210.38693497475631,1.0871764424736479,3.9632399367663793,0.047936164660607516,-0.005295289826417944,0.038000000000000034,0.18500000000000005
3.099997043609619,-174.04352937590392,-210.20944312563557,1.0869359200501836,3.9631176014012945,0.0499158347609673,-0.0053695808077419355,0.038000000000000034,0.18500000000000005
3.1499969959259033,-173.95250077345727,-210.03433648034658,1.0866722742088812,3.962507884988389,0.05334872019403609,-0.005424935423841553,0.038000000000000034,0.18500000000000005
3.1999969482421875,-173.86166278644387,-209.85922618951545,1.086386563403188,3.9593178845453565,0.05445603755052775,-0.005729928748950426,0.038000000000000034,0.18500000000000005
3.2499969005584717,-173.77017514922412,-209.6826731288582,1.0861039100262158,3.9564634904786202,0.047900684537678914,-0.0060326419570761545,0.038000000000000034,0.18500000000000005
3.299996852874756,-173.67919445985132,-209.50732231526322,1.0858858396896895,3.95409313691119,0.04834249763535103,-0.0054923952661413145,0.03700000000000003,0.18400000000000005
3.34999680519104,-173.58879501029543,-209.33241621000676,1.0855997457581557,3.952106874709086,0.052140475423594616,-0.005414648103060697,0.03700000000000003,0.18400000000000005
3.399996757507324,-173.4977905694727,-209.15624128116661,1.0853299266904992,3.950558257927615,0.05440819627800526,-0.005383400162283255,0.03700000000000003,0.18300000000000005
3.4499967098236084,-173.40740826672382,-208.9813089318689,1.0850706604212599,3.9497297258917903,0.04828762596382754,-0.005516440235340306,0.03700000000000003,0.18300000000000005
3.4999966621398926,-173.31746016590634,-208.80725011734444,1.0848846828058833,3.948795329900424,0.04895617714014753,-0.0048226504579800345,0.03700000000000003,0.18300000000000005
3.5499966144561768,-173.2267018676238,-208.63132904166713,1.0846380845014092,3.948111579545781,0.055202551149595935,-0.004738293363356411,0.03700000000000003,0.18300000000000005
3.599996566772461,-173.1366751001953,-208.45686040742484,1.0843560377488721,3.9499585807871664,0.06785423545189463,-0.004949758636864633,0.03700000000000003,0.18300000000000005
3.649996519088745,-173.0466553369018,-208.28286007853467,1.0840797245309517,3.9514269296065687,0.05092520770018946,-0.005742604398479509,0.03700000000000003,0.18300000000000005
3.6999964714050293,-172.95586296021986,-208.10731237005473,1.0837985938967694,3.950539045566128,0.043028411164292714,-0.005899335650725013,0.03700000000000003,0.18300000000000005
3.7499964237213135,-172.86531483215163,-207.9323823703779,1.083507041835518,3.9499473209210203,0.047699807397665724,-0.006252956936022249,0.03700000000000003,0.18300000000000005
3.7999963760375977,-172.77506455353216,-207.75797913402786,1.083179850201033,3.950308220553907,0.047273191349953406,-0.006647573870777565,0.03700000000000003,0.18300000000000005
3.849996328353882,-172.68581851889502,-207.58576426763426,1.08287829052981,3.9492508751189055,0.05184959880978034,-0.0065234437372726,0.03700000000000003,0.18300000000000005
3.899996280670166,-172.59439757951094,-207.4090494395839,1.0825779755576874,3.9482404765765673,0.050025669357993865,-0.006577763631788707,0.03700000000000003,0.18300000000000005
3.94999623298645,-172.5037021979777,-207.2337658079305,1.0822697124302594,3.9483331455332786,0.047326017411118936,-0.006520225824212307,0.03700000000000003,0.18300000000000005
3.9999961853027344,-172.41255529000242,-207.0581330628503,1.0819973356524664,3.9479775481683537,0.057728760690585815,-0.00617789473866644,0.03700000000000003,0.18300000000000005
4.0499961376190186,-172.32262468445876,-206.8845908153528,1.0816756083839427,3.949777211746465,0.055776711726603014,-0.006398104847215502,0.03700000000000003,0.18300000000000005
4.099996089935303,-172.23252791784944,-206.71031866862108,1.0814280380821002,3.950462059983776,0.053031083640394404,-0.00620663756340523,0.03700000000000003,0.18300000000000005
4.149996042251587,-172.14129094728682,-206.5337809221991,1.08115726404237,3.949353119267239,0.05342697465322281,-0.0059440097921216635,0.03200000000000003,0.16000000000000003
4.199995994567871,-172.0510435588867,-206.35952457080734,1.0809483524712928,3.9485277055320154,0.048232446315748974,-0.005378874406058951,0.03200000000000003,0.16000000000000003
4.249995946884155,-171.96054964964733,-206.18494501453802,1.080765976424274,3.948746532892999,0.05219395103862478,-0.004340264995273003,0.029000000000000026,0.15000000000000002
4.2999958992004395,-171.86938190534076,-206.00824809055933,1.080622625396311,3.947882802673522,0.04327249157260503,-0.004028272963295628,0.029000000000000026,0.15000000000000002
4.349995851516724,-171.7795226564304,-205.8342334406745,1.080482911361438,3.946782158247721,0.060129233761866206,-0.003129028932160658,0.027000000000000024,0.139
4.399995803833008,-171.68950399800133,-205.6601209803517,1.080353624867249,3.945084057759484,0.05931096931016747,-0.00311145042528857,0.027000000000000024,0.139
4.449995756149292,-171.59953211200184,-205.48596580478656,1.080168155352282,3.9421976150784253,0.05510246183744497,-0.00367014547635016,0.02400000000000002,0.129
4.499995708465576,-171.50772410862342,-205.30948449839354,1.0800688465305397,3.9399651615379225,0.05144468462916803,-0.0034066462144500377,0.02400000000000002,0.129
4.54999566078186,-171.41684862675558,-205.1351039828235,1.0799591300061406,3.936635088080094,0.05652021682927621,-0.0026905343937598716,0.02200000000000002,0.118
4.5999956130981445,-171.3265976908052,-204.96173327221155,1.0797847121481954,3.9329053547559942,0.05159507083309542,-0.003035399349721592,0.02200000000000002,0.118
4.649995565414429,-171.23546323553518,-204.7867690320565,1.0796164889149038,3.928318941366293,0.04929286839034999,-0.0037115933288195085,0.019000000000000017,0.10699999999999998
4.699995517730713,-171.14489497953687,-204.61300326880863,1.0794629771808115,3.9246302717397707,0.04821606402386204,-0.0036466874245996723,0.019000000000000017,0.10699999999999998
4.749995470046997,-171.05423511205328,-204.44054038608624,1.0794969112375477,3.917798300187078,0.03837108385865573,-0.002085607940883837,0.017000000000000015,0.09699999999999998
4.799995422363281,-170.9632310977628,-204.26603900399644,1.0792751907887381,3.9107656237045796,0.0659435404044237,-0.0019851025565369466,0.017000000000000015,0.09699999999999998
4.849995374679565,-170.87472497801292,-204.09665425068303,1.0790810867286464,3.904022703292875,0.042253015197924855,-0.004237994294866423,0.014000000000000012,0.08599999999999997
4.89999532699585,-170.78334174910063,-203.92240990861657,1.0788594103739955,3.894430493323292,0.05658458614187647,-0.00417059738957707,0.014000000000000012,0.08599999999999997
4.949995279312134,-170.69242679469394,-203.74902006754942,1.0786049415053975,3.884669909237134,0.044820837931078675,-0.005482613333496508,0.01200000000000001,0.07599999999999996
4.999995231628418,-170.60247399485354,-203.57819143318457,1.0784110708204049,3.8803766809807843,0.048269471305067424,-0.004923865877709001,0.01200000000000001,0.07599999999999996
5.049995183944702,-170.51285846120996,-203.408119785939,1.0782127108410138,3.874943077213602,0.037967912996901367,-0.004537029951529381,0.009000000000000008,0.06499999999999995
5.099995136260986,-170.42214957916428,-203.2370128871659,1.078094165019976,3.868239453559442,0.038644000586176425,-0.003679083573715874,0.009000000000000008,0.06499999999999995
5.1499950885772705,-170.3316653819928,-203.0663913530936,1.0780255517821211,3.862339288876538,0.03968642346917096,-0.002613458806393578,0.006000000000000005,0.05400000000000005
5.199995040893555,-170.2439160640044,-202.90073665120056,1.077966712212518,3.8533564890706065,0.0407257600310804,-0.0020071486780429224,0.006000000000000005,0.05400000000000005
5.249994993209839,-170.15222718065954,-202.7277855219204,1.0779918861556463,3.8457502585489767,0.04679428060437936,-0.0008569728077930086,0.0040000000000000036,0.04400000000000004
5.299994945526123,-170.06204578294225,-202.55936727675837,1.078113473872459,3.83810027688374,0.04069865411142236,0.0005871868563876385,0.0040000000000000036,0.04400000000000004
5.349994897842407,-169.9722949385241,-202.39137631006932,1.0782973291872655,3.8294783194454616,0.04908264290525159,0.0022273127617342572,0.0010000000000000009,0.03300000000000003
5.399994850158691,-169.88158770895527,-202.22108071661245,1.0785413218908806,3.81877079203053,0.03481182130572013,0.0033059385605602593,0.0010000000000000009,0.03300000000000003
5.449994802474976,-169.79249890424822,-202.05384015312,1.0789240587044309,3.8060419643621133,0.03444851098378901,0.005175919553636823,0.0,0.02300000000000002
5.49999475479126,-169.7028120646668,-201.88673377884427,1.079374057908441,3.7956410895984782,0.04262321382483534,0.007272635558291734,0.0,0.02300000000000002
5.549994707107544,-169.6127155899028,-201.71831692308217,1.0798677169772,3.7850505752293477,0.04090448314280936,0.008703662419391146,0.0,0.01200000000000001
5.599994659423828,-169.52426664650216,-201.5523083211919,1.0803444632342143,3.7754637119899046,0.03414686725648708,0.009044508212949573,0.0,0.01200000000000001
5.649994611740112,-169.43599175179762,-201.38611252869438,1.0807960559090797,3.766572185262609,0.0359561606680306,0.00886271326849184,0.0,0.0010000000000000009
5.6999945640563965,-169.3461208777264,-201.21769423746656,1.0812436976881645,3.75741693909669,0.04161709147933891,0.008345920115002306,0.0,0.0010000000000000009
5.749994516372681,-169.2585445634606,-201.05270584279612,1.081594996731823,3.747952559322373,0.04109338577577895,0.00733057477770289,0.0,-0.009000000000000008
5.799994468688965,-169.17159217509285,-200.8884821517194,1.0819279648098123,3.7369830824317356,0.04589615798321923,0.006520035918863093,0.0,-0.009000000000000008
5.849994421005249,-169.08592766332046,-200.72654708117818,1.0822996932111724,3.7270722700658436,0.041067978562058516,0.00632449052317274,0.0,-0.020000000000000018
5.899994373321533,-168.9972204980965,-200.5587147833724,1.0827353380305227,3.7173342088205934,0.0378205643640939,0.007024325010258363,0.0,-0.020000000000000018
5.949994325637817,-168.91219179821013,-200.39758465789987,1.0832240722889015,3.7101296653150526,0.03354198159576801,0.00807427492810397,0.0,-0.030000000000000027
5.999994277954102,-168.8245779071045,-200.23107830352782,1.0837786979019512,3.7011897646196257,0.03279857153701516,0.009540769042652098,0.0,-0.030000000000000027
6.049994230270386,-168.73971788643277,-200.06956017905142,1.0843857846313967,3.6935624560234297,0.03561066729361888,0.010995477339666078,-0.0010000000000000009,-0.04099999999999998
6.09999418258667,-168.65324461643596,-199.9048769382992,1.0850897206642744,3.6841657128463647,0.035454023225694714,0.012289436995797069,-0.0010000000000000009,-0.04099999999999998
6.149994134902954,-168.56940805639607,-199.74490815652965,1.085817028783432,3.676050705195161,0.033061805322323175,0.013395451648723836,-0.0010000000000000009,-0.04099999999999998
6.199994087219238,-168.48446973594736,-199.5824594380798,1.0865995115587284,3.667453128090168,0.031870042156921664,0.014457596376499827,-0.0010000000000000009,-0.04099999999999998
6.2499940395355225,-168.40580249534392,-199.4315599100975,1.0873757153145929,3.6537887521420416,0.0345693281554282,0.01504062325861171,-0.0010000000000000009,-0.04099999999999998
6.299993991851807,-168.3282377882392,-199.28262115524612,1.0882247676790762,3.6388585400210642,0.030474223725790298,0.015623988971182397,-0.0010000000000000009,-0.04099999999999998
6.349993944168091,-168.2489471435547,-199.1300811767578,1.089154790933433,3.6255225492636685,0.029009009627761588,0.01677115634083748,-0.0010000000000000009,-0.04099999999999998
6.399993896484375,-168.1707109980534,-198.97879923280254,1.0900544692760903,3.6146559183968674,0.035773631838107035,0.01758182140380488,-0.0010000000000000009,-0.04099999999999998
6.449993848800659,-168.09244819307256,-198.8270830694842,1.0910023799194892,3.6049697378370538,0.031875236002632513,0.018041283370963078,-0.0010000000000000009,-0.04099999999999998
6.499993801116943,-168.01096323885423,-198.66880424313936,1.092046170933936,3.5962332584942764,0.03737628169203934,0.019186006362975384,-0.0010000000000000009,-0.04099999999999998
6.5499937534332275,-167.93101090042572,-198.51313641917287,1.093100597897334,3.588157737526135,0.03167910810415924,0.01993030143816033,-0.0010000000000000009,-0.04099999999999998
6.599993705749512,-167.85094718724653,-198.35681248232316,1.0941457116222124,3.581190920296057,0.03521902700766974,0.02050353109307302,-0.0010000000000000009,-0.04099999999999998
6.649993658065796,-167.7718730719344,-198.2019119829271,1.0951531861543848,3.5749561206025353,0.027611989115735085,0.020372038452740923,-0.0010000000000000009,-0.04099999999999998
6.69999361038208,-167.68940564784458,-198.04085036769737,1.096267986496755,3.569393589272241,0.023121659190519776,0.02058784087577787,-0.0010000000000000009,-0.04099999999999998
6.749993562698364,-167.6080740542322,-197.88143189150102,1.0973192164925436,3.564965449755686,0.019179430403545864,0.020711622488341123,-0.0010000000000000009,-0.04099999999999998
6.799993515014648,-167.5267723296668,-197.72168011679807,1.098335840510864,3.560941413846867,0.02760629363647512,0.020129362778564943,-0.0010000000000000009,-0.04099999999999998
6.849993467330933,-167.4482382415798,-197.56697195542714,1.0992744824506329,3.5566436137602526,0.022950691133784965,0.01926837640113375,-0.0010000000000000009,-0.04099999999999998
6.899993419647217,-167.36613201265425,-197.4045078129681,1.1002621508620316,3.5540969474966078,0.024194485414097806,0.018851362999452986,-0.0010000000000000009,-0.04099999999999998
6.949993371963501,-167.28473267491023,-197.24329516142032,1.1012583553554411,3.5502256980737585,0.02357370341349597,0.019084112659370003,-0.0010000000000000009,-0.04099999999999998
6.999993324279785,-167.2047852562711,-197.0845398425955,1.1022260817608978,3.5474015400738965,0.02466138272345664,0.018993160931074397,-0.0010000000000000009,-0.04099999999999998
7.049993276596069,-167.12603057763613,-196.92776368186057,1.103183337327307,3.543226100793604,0.016409447602043905,0.018995421065690042,-0.0010000000000000009,-0.04099999999999998
7.0999932289123535,-167.04336821224484,-196.76309722221967,1.1042505991195117,3.539550784526066,0.020810890320342477,0.0195372182817866,-0.0010000000000000009,-0.04099999999999998
7.149993181228638,-166.96396467718634,-196.6044148014904,1.1053196993666328,3.5357194085914445,0.025443430573704216,0.02048678771972028,-0.0010000000000000009,-0.04099999999999998
7.199993133544922,-166.88436495422815,-196.44501774461963,1.10645923575794,3.532564056150774,0.01957648629213301,0.021615645005554355,-0.0010000000000000009,-0.04099999999999998
7.249993085861206,-166.80453401780403,-196.28506721456952,1.1077050824582613,3.530076098554994,0.023375841926760312,0.02319423109480707,-0.0010000000000000009,-0.04099999999999998
7.29999303817749,-166.72424791296214,-196.123726865205,1.1090238478513743,3.5280358154711653,0.01435818547383287,0.024670497362249,-0.0010000000000000009,-0.04099999999999998
7.349992990493774,-166.64484357840766,-195.96375607217777,1.1103835416998011,3.5265933398835663,0.015070713634396807,0.025911667673495644,-0.0010000000000000009,-0.04099999999999998
7.399992942810059,-166.5659161429974,-195.8045887901289,1.111795824639384,3.5262055369432264,0.019346824721721168,0.027288550601825598,-0.0010000000000000009,-0.04099999999999998
7.449992895126343,-166.48778267525375,-195.64686593068853,1.1132463725290513,3.5246221194616743,0.007708048630958631,0.028240121541976474,-0.0010000000000000009,-0.04099999999999998
7.499992847442627,-166.4069195690389,-195.48433283886828,1.1147443425024333,3.5229327715441143,-0.0014451586862015925,0.028635216254748134,-0.0010000000000000009,-0.04099999999999998
7.549992799758911,-166.32806270980973,-195.32531902358696,1.1162303199474257,3.521370436485019,0.002534165923365498,0.029151531607945175,-0.0010000000000000009,-0.04099999999999998
7.599992752075195,-166.24882917506721,-195.16525176335446,1.117789664380639,3.5207219939293513,0.0038303879006317642,0.029797934601564626,-0.0010000000000000009,-0.04099999999999998
7.6499927043914795,-166.17235618141717,-195.0099046393366,1.1192711506895476,3.5184637473336777,-0.0003817588217506667,0.030189772837352573,-0.0010000000000000009,-0.04099999999999998
7.699992656707764,-166.09263253143504,-194.847896712506,1.1208725842274154,3.517893200290224,0.0025913257650636906,0.030433930811746304,-0.0010000000000000009,-0.04099999999999998
7.749992609024048,-166.01442988693026,-194.68829865747796,1.1224425611114097,3.516890420510577,-6.459844861737383e-05,0.030724271218982392,-0.0010000000000000009,-0.04099999999999998
7.799992561340332,-165.93688965578406,-194.52952162551824,1.124045906007918,3.515705135194589,-0.002192785344167356,0.03103656556740123,-0.0010000000000000009,-0.04099999999999998
7.849992513656616,-165.86174109428697,-194.37503336788564,1.1256083955626868,3.5141333887329447,-0.002422479132995894,0.031509636321019004,-0.0010000000000000009,-0.04099999999999998
7.8999924659729,-165.78163300242082,-194.2109101326235,1.1272685103004898,3.5137172007414597,-0.0008832940358487139,0.031679208446894924,-0.0010000000000000009,-0.04099999999999998
7.949992418289185,-165.70417523891757,-194.05119849870377,1.1288526880178356,3.511684437724133,0.001281736507948581,0.03131224198299736,-0.0010000000000000009,-0.04099999999999998
7.999992370605469,-165.62759327909976,-193.89259482762162,1.1304609924319675,3.5100194111461014,-0.0010055651859909687,0.03132231519539351,-0.0010000000000000009,-0.04099999999999998
8.049992322921753,-165.552265518157,-193.73557831510232,1.1320385223692018,3.508504673343692,-0.000825216275234224,0.03136014747714188,-0.0010000000000000009,-0.04099999999999998
8.099992275238037,-165.475094578553,-193.5745220540345,1.1336648879414997,3.506921390444774,0.007583840194887678,0.03152674990869526,-0.0010000000000000009,-0.04099999999999998
8.149992227554321,-165.39915566670908,-193.4153418693303,1.135320418216104,3.505599341547559,-0.00017801828123512777,0.031849528968007496,-0.0010000000000000009,-0.04099999999999998
8.199992179870605,-165.32342764323528,-193.25581869392192,1.1370170445211636,3.504603112071328,-0.0010679389695464412,0.03263776672654011,-0.0010000000000000009,-0.04099999999999998
8.24999213218689,-165.25159781254254,-193.10346947725003,1.1386275841681128,3.5035044146956382,-0.002301081145937566,0.03325305700799128,-0.0010000000000000009,-0.04099999999999998
8.299992084503174,-165.17425546598227,-192.93835842809142,1.1403983593605673,3.5014714194144103,-0.0003127033948138251,0.03350134171010848,-0.0010000000000000009,-0.04099999999999998
8.349992036819458,-165.09956646325557,-192.77787676109529,1.142125721222175,3.500105455672649,0.003419348754711205,0.03367098518759681,-0.0010000000000000009,-0.04099999999999998
8.399991989135742,-165.02613548898995,-192.61926936990503,1.143842652102173,3.4985746771811344,0.004879038710494438,0.03384434076417849,-0.0010000000000000009,-0.04099999999999998
8.449991941452026,-164.9545628418851,-192.4636541772644,1.1455061092660916,3.4963656089816126,0.002757316332218487,0.03386116920483235,-0.0010000000000000009,-0.04099999999999998
8.49999189376831,-164.87926031951886,-192.30056662764162,1.1473146706507997,3.492997815394256,0.0020415700161249975,0.03433795875429403,-0.0010000000000000009,-0.04099999999999998
8.549991846084595,-164.80707888454486,-192.1431271514507,1.1490165383317255,3.4897589313826076,0.003973114587443409,0.03427481923258118,-0.0010000000000000009,-0.04099999999999998
8.599991798400879,-164.7350620728423,-191.98543473636715,1.1507417294020486,3.487419426185986,-0.0008539430797549407,0.034409636957088735,-0.0010000000000000009,-0.04099999999999998
8.649991750717163,-164.6642521835357,-191.8295196713486,1.1524006805593874,3.485663752153248,-0.004365231740562677,0.034091269690488195,-0.0010000000000000009,-0.04099999999999998
8.699991703033447,-164.59092722664334,-191.66736867836758,1.154141041442248,3.4838494635019357,0.0017428631306208161,0.03387488652398601,-0.0010000000000000009,-0.04099999999999998
8.749991655349731,-164.52011021080503,-191.51029867754724,1.155819179730988,3.483320694065742,-0.008707129480373322,0.03359000309467688,-0.0010000000000000009,-0.04099999999999998
8.799991607666016,-164.4482790572222,-191.35046671100588,1.1575102552790861,3.4843267598358607,-0.00840353658135451,0.03342298873506374,-0.0010000000000000009,-0.04099999999999998
8.8499915599823,-164.37886102245466,-191.19540363622065,1.1591247383755392,3.484671894635657,-0.011591012551046156,0.033141860238306904,-0.0010000000000000009,-0.04099999999999998
8.899991512298584,-164.30717045916435,-191.03404711373028,1.1608303669602595,3.4837009271548416,-0.014912735297533229,0.03305055554204279,-0.0010000000000000009,-0.04099999999999998
8.949991464614868,-164.23758101588933,-190.87672466603672,1.1624611987659763,3.4823986794996586,-0.015368975544180243,0.03281375080409869,-0.0010000000000000009,-0.04099999999999998
8.999991416931152,-164.16709119473347,-190.71685576335298,1.1641133325998851,3.4798700885470346,-0.0159340132634849,0.032705566129566516,-0.0010000000000000009,-0.04099999999999998
9.049991369247437,-164.099425819092,-190.5626734730232,1.1657036611311502,3.4771253871726455,-0.014573714437070047,0.03242034252088434,-0.0010000000000000009,-0.04099999999999998
9.09999132156372,-164.02841485674548,-190.4003736973987,1.1674509209248727,3.473633058998346,-0.01400194299764979,0.03297537402200018,-0.0010000000000000009,-0.04099999999999998
9.149991273880005,-163.95917879799808,-190.2412823187331,1.1691315426015356,3.4700237914178023,-0.017349412543981677,0.03323212677606835,-0.0010000000000000009,-0.04099999999999998
9.199991226196289,-163.89100273274627,-190.08447431038243,1.1708345198345365,3.4666613179153885,-0.015924491913058732,0.0336090462860973,-0.0010000000000000009,-0.04099999999999998
9.249991178512573,-163.8243074795913,-189.93041230850486,1.1724807780256856,3.4631460280998256,-0.022706182772288676,0.03378212420671935,-0.0010000000000000009,-0.04099999999999998
9.299991130828857,-163.75438847328084,-189.7683479461504,1.1742418205674034,3.4594579574009168,-0.023007133850813096,0.03388997281132701,-0.0010000000000000009,-0.04099999999999998
9.349991083145142,-163.68706173292776,-189.61159912470316,1.1759425908090653,3.4547723235754955,-0.017861914041245625,0.03396108113885772,-0.0010000000000000009,-0.04099999999999998
9.399991035461426,-163.61977408524882,-189.45438609922553,1.1776602714109707,3.450161315660966,-0.017421769720536592,0.034060115263813494,-0.0010000000000000009,-0.04099999999999998
9.44999098777771,-163.5542910198881,-189.30029618065188,1.1793001051774057,3.445919700374315,-0.015043407402808141,0.03394746641673293,-0.0010000000000000009,-0.04099999999999998
9.499990940093994,-163.4867771890534,-189.14070919518306,1.181058626161804,3.4409313890761952,-0.017346238803604787,0.03392938314247014,-0.0010000000000000009,-0.04099999999999998
9.549990892410278,-163.42118310832848,-188.98498018641513,1.1827744261041142,3.435903411605968,-0.023184399692947756,0.03404594499328585,-0.0010000000000000009,-0.04099999999999998
9.599990844726562,-163.35457719106316,-188.8261840430364,1.1844968965648914,3.4326603027299343,-0.019793423598603352,0.03421491922831274,-0.0010000000000000009,-0.04099999999999998
9.649990797042847,-163.29062160013214,-188.67273803747574,1.1860982168759941,3.430370190451816,-0.019090333816128825,0.03361296529189937,-0.0010000000000000009,-0.04099999999999998
9.69999074935913,-163.22442138109406,-188.5128544344118,1.1877611393652907,3.425960134132347,-0.01869268513371328,0.032852220637565356,-0.0010000000000000009,-0.04099999999999998
9.749990701675415,-163.15975048509088,-188.35556883115026,1.1892888544899038,3.4223959017367442,-0.009564189791135876,0.031564984167567145,-0.0010000000000000009,-0.04099999999999998
9.7999906539917,-163.09581212059675,-188.19942771541363,1.190768860299532,3.4193520580466443,-0.011727621276751239,0.030114402157766677,-0.0010000000000000009,-0.04099999999999998
9.849990606307983,-163.03366190509408,-188.0469012202049,1.1921826879836173,3.4168204646875986,-0.014009157279564435,0.029247273075033206,-0.0010000000000000009,-0.04099999999999998
9.899990558624268,-162.9697989003933,-187.88936178624456,1.1936483840373924,3.4141725346134413,-0.005033557428391438,0.028940947956989548,-0.0010000000000000009,-0.04099999999999998
9.949990510940552,-162.90586096258468,-187.73080349798042,1.195115169522838,3.410722150813552,-0.01366666358621912,0.028607494349145314,-0.0010000000000000009,-0.04099999999999998
9.999990463256836,-162.8432149280333,-187.57462994951658,1.1965548418572551,3.4077438088242022,-0.010591905652258699,0.028597837390287862,-0.0010000000000000009,-0.04099999999999998
10.04999041557312,-162.78248524271407,-187.4223806566945,1.1979793478869118,3.4049193282172667,-0.00988684778307009,0.028724931131756393,-0.0010000000000000009,-0.04099999999999998
10.099990367889404,-162.71922849727463,-187.26145489860303,1.1994928830774763,3.4017903849902997,-0.0034950749680194,0.029161860335678486,-0.0010000000000000009,-0.04099999999999998
10.149990320205688,-162.65958913333162,-187.10897473899897,1.2009402904161095,3.399793339181779,-0.0005635279944421756,0.02928012258394143,-0.0010000000000000009,-0.04099999999999998
10.199990272521973,-162.59891900918697,-186.95324314360334,1.2024317783295893,3.395970371606157,0.00023395292451731074,0.029402873697295828,-0.0010000000000000009,-0.04099999999999998
10.249990224838257,-162.53797708359596,-186.79584919264397,1.2038762323094165,3.3932540679046057,0.004780549790485743,0.029182935777796914,-0.0010000000000000009,-0.04099999999999998
10.299990177154541,-162.47767605458637,-186.6375696333711,1.2053561310067875,3.387155766141854,0.000770941653596,0.02885929169277374,-0.0010000000000000009,-0.04099999999999998
10.349990129470825,-162.418872892852,-186.48251402353762,1.206726751917195,3.3817592027074572,0.0010519248384038647,0.028047771983471467,-0.0010000000000000009,-0.04099999999999998
10.39999008178711,-162.35982438785015,-186.32662760501813,1.2080850995183279,3.37573471670839,0.00336911108683162,0.02729038784052572,-0.0010000000000000009,-0.04099999999999998
10.449990034103394,-162.30148499037455,-186.1721542859609,1.2093866765196166,3.3697449860576487,0.0026839270505192602,0.026564475466881284,-0.0010000000000000009,-0.04099999999999998
10.499989986419678,-162.2421167189075,-186.01306969427293,1.2106848329479611,3.364778558161147,0.0018085464273157037,0.025589555958586356,-0.0010000000000000009,-0.04099999999999998
10.549989938735962,-162.1833347316577,-185.85618967859725,1.2120047643109937,3.3594845023736934,0.005449961629675052,0.025414281842335143,-0.0010000000000000009,-0.04099999999999998
10.599989891052246,-162.12541345707243,-185.70170513406106,1.2132782020211081,3.3546866168315366,-0.010196143052452672,0.025396945391546268,-0.0010000000000000009,-0.04099999999999998
10.64998984336853,-162.06835835566466,-185.54980578421183,1.2145175877772283,3.3512729674152006,-0.005220807581354711,0.02543199899127575,-0.0010000000000000009,-0.04099999999999998
10.699989795684814,-162.00861433697168,-185.39069881354246,1.2157972546620717,3.3464276043131904,-0.013168784835185186,0.025045657860743812,-0.0010000000000000009,-0.04099999999999998
10.749989748001099,-161.95056589513607,-185.23601499624476,1.216990686535979,3.341789460896151,-0.010807486402798407,0.024474392898842446,-0.0010000000000000009,-0.04099999999999998
10.799989700317383,-161.8934687249647,-185.0842839687753,1.2181982140088463,3.337697795245773,-0.01916459907012121,0.02409202682035479,-0.0010000000000000009,-0.04099999999999998
10.849989652633667,-161.83493077565856,-184.92896407433432,1.2194720599273912,3.3342324687720164,-0.017430245435732048,0.024817421842939804,-0.0010000000000000009,-0.04099999999999998
10.899989604949951,-161.77648383846,-184.77446164222584,1.2208265314500242,3.3304062429466543,-0.01955952127343279,0.025900090763681546,-0.0010000000000000009,-0.04099999999999998
10.949989557266235,-161.71850036687508,-184.6204738380341,1.2221659669124232,3.325805862464243,-0.017417053230018305,0.026680606231723972,-0.0010000000000000009,-0.04099999999999998
10.99998950958252,-161.66029327350103,-184.46552700438585,1.2235720313456997,3.3225731730819046,-0.017718878899422814,0.027374915012329665,-0.0010000000000000009,-0.04099999999999998
11.049989461898804,-161.60310155351362,-184.31277741050795,1.2250375984139097,3.31920066382641,-0.025087882476789322,0.028601886641938443,-0.0010000000000000009,-0.04099999999999998
11.099989414215088,-161.5448627804399,-184.15544232957413,1.226570406864097,3.3158873781368303,-0.024640885942798244,0.029592926219521185,-0.0010000000000000009,-0.04099999999999998
11.149989366531372,-161.48882878126898,-184.00312080906195,1.228082377629465,3.3130302468741175,-0.010969666362395587,0.030330387603492732,-0.0010000000000000009,-0.04099999999999998
11.199989318847656,-161.43275193464362,-183.84964919150937,1.229615840840023,3.310270553709116,-0.008924565273436241,0.030752564865726095,-0.0010000000000000009,-0.04099999999999998
11.24998927116394,-161.37721357857038,-183.69648235755804,1.2311398223166516,3.30722136286501,-0.00936289640138289,0.03079463130197645,-0.0010000000000000009,-0.04099999999999998
11.299989223480225,-161.32206846119342,-183.54300525837962,1.2326838088500047,3.3036920044524862,0.0005110803487152257,0.030807668778889574,-0.0010000000000000009,-0.04099999999999998
11.349989175796509,-161.2670801364962,-183.38866947299982,1.2341850773751495,3.2992292950283857,-0.006558421501132191,0.03028210372078622,-0.0010000000000000009,-0.04099999999999998
11.399989128112793,-161.21252505056216,-183.23446445185544,1.2356437110909932,3.2971886083705364,-0.004929840236881091,0.02942915726505564,-0.0010000000000000009,-0.04099999999999998
11.449989080429077,-161.1584401337211,-183.0806548955847,1.2370389780299134,3.2942607353588436,-0.005175159733592856,0.028667507508954818,-0.0010000000000000009,-0.04099999999999998
11.499989032745361,-161.1045034706703,-182.92633748706746,1.2384265532647032,3.292073642560842,0.0037719077749563184,0.027722141187765552,-0.0010000000000000009,-0.04099999999999998
11.549988985061646,-161.05129073443138,-182.77317988693454,1.239762077225266,3.288566543636659,0.006491866247471046,0.026883736015531602,-0.0010000000000000009,-0.04099999999999998
11.59998893737793,-160.99811481459395,-182.619899711408,1.2411152957786127,3.2857052555647197,0.00687679134236276,0.026660707297205724,-0.0010000000000000009,-0.04099999999999998
11.649988889694214,-160.94490027791147,-182.4656507074622,1.242419793745441,3.282888404828805,0.008178452006380996,0.02626061707380942,-0.0010000000000000009,-0.04099999999999998
11.699988842010498,-160.8910396931921,-182.30941848417447,1.2437440239392543,3.279989760679774,0.005469273087947078,0.025795630568186168,-0.0010000000000000009,-0.04099999999999998
11.749988794326782,-160.8395445949584,-182.15947056090027,1.2450003251623836,3.27656514897253,-0.0008516637874016117,0.025459596914286856,-0.0010000000000000009,-0.04099999999999998
11.799988746643066,-160.78653997859172,-182.00478174348456,1.2463113793810117,3.2727460569874327,0.003106371504484968,0.025583254201836367,-0.0010000000000000009,-0.04099999999999998
11.84998869895935,-160.73454122252218,-181.8524214574013,1.2475999718538147,3.268515697080012,0.0034734371363620807,0.0256974258910658,-0.0010000000000000009,-0.04099999999999998
11.899988651275635,-160.68276647860594,-181.69888915498169,1.2489210842361524,3.265081614175464,0.0014091093415349904,0.025980420672950533,-0.0010000000000000009,-0.04099999999999998
11.949988603591919,-160.6312639222643,-181.54568943785043,1.2502552782530345,3.259877446390214,0.00017590573712484778,0.026286974180424288,-0.0010000000000000009,-0.04099999999999998
11.999988555908203,-160.57975267487322,-181.39170191510735,1.2515905815680766,3.25552837100791,0.005936596038595451,0.02641937378769971,-0.0010000000000000009,-0.04099999999999998
12.049988508224487,-160.5285529308592,-181.2382710330376,1.2529849933324781,3.250938846084794,-0.0017772160421650769,0.0270601228659344,-0.0010000000000000009,-0.04099999999999998
12.099988460540771,-160.4775845562557,-181.08382369698376,1.2544307037424027,3.244787640280011,0.0015845141994582012,0.02801182082418305,-0.0010000000000000009,-0.04099999999999998
12.149988412857056,-160.42774431904297,-180.93229690956272,1.2558649873745666,3.239093965128815,-0.002217132154562045,0.028789083446852846,-0.0010000000000000009,-0.04099999999999998
12.19998836517334,-160.37741899601593,-180.77927971442418,1.257353967245997,3.2345060111381105,-0.008584812637615239,0.02926344618155631,-0.0010000000000000009,-0.04099999999999998
12.249988317489624,-160.3273631084494,-180.62705434426616,1.2588513468563256,3.2306960891999004,-0.0048847083065816,0.029885327272322886,-0.0010000000000000009,-0.04099999999999998
12.299988269805908,-160.27678624263368,-180.47380524822321,1.2603299481595036,3.2262184769600553,-0.005411402091420723,0.029968377097245775,-0.0010000000000000009,-0.04099999999999998
12.349988222122192,-160.22670893244606,-180.321778563076,1.2617283141531164,3.221996986135024,-0.012614192668395455,0.028850422756580233,-0.0010000000000000009,-0.04099999999999998
12.399988174438477,-160.17660546757315,-180.16933533868092,1.2630807081638689,3.2183509691255376,-0.009523425426788636,0.02771260018753686,-0.0010000000000000009,-0.04099999999999998
12.44998812675476,-160.12617995923353,-180.01583647491597,1.264404750446111,3.214593530685931,-0.01959404939133503,0.02669105987185803,-0.0010000000000000009,-0.04099999999999998
12.499988079071045,-160.07582528434673,-179.86376731373332,1.2656704079771095,3.2117173362181104,-0.012979347386106864,0.02580394086181309,-0.0010000000000000009,-0.04099999999999998
12.549988031387329,-160.02577294842993,-179.71199119643308,1.2668751373172433,3.2106765270313864,-0.0193990601290032,0.024657005412448463,-0.0010000000000000009,-0.04099999999999998
12.599987983703613,-159.97551648393664,-179.55919701390755,1.268068623922749,3.2086895885507962,-0.02748166421488278,0.023844760978408628,-0.0010000000000000009,-0.04099999999999998
12.649987936019897,-159.92618887587219,-179.40856019740156,1.2692266706546396,3.2088266637814473,-0.017151317654703777,0.023489130256651437,-0.0010000000000000009,-0.04099999999999998
12.699987888336182,-159.87613160811986,-179.25626615982029,1.2704081514835537,3.208357814819071,-0.023576614720250966,0.02327467112584357,-0.0010000000000000009,-0.04099999999999998
12.749987840652466,-159.8260501429383,-179.10297271083746,1.2716041661133095,3.207739758735201,-0.0192738579717256,0.02333493204494643,-0.0010000000000000009,-0.04099999999999998
12.79998779296875,-159.776960102059,-178.9512550524234,1.2727647170236203,3.2065601000839705,-0.018631438873174217,0.02309052849990978,-0.0010000000000000009,-0.04099999999999998
12.849987745285034,-159.72860499181718,-178.80018694483886,1.273913695037668,3.2041107331368814,-0.014921746142940227,0.022899221926053294,-0.0010000000000000009,-0.04099999999999998
12.899987697601318,-159.67953632959043,-178.6464463393846,1.2751292989045315,3.201868197556434,-0.006290678301893995,0.023302410870281388,-0.0010000000000000009,-0.04099999999999998
12.949987649917603,-159.63160682756228,-178.49517627769413,1.2764298923429032,3.2005889595551813,-0.006108861657365874,0.02453894422219151,-0.0010000000000000009,-0.04099999999999998
12.999987602233887,-159.5843123076831,-178.34370394776613,1.2776975517047797,3.199819746022733,0.009648765972519815,0.025442801450022742,-0.0010000000000000009,-0.04099999999999998
13.049987554550171,-159.5368582522895,-178.18976920176047,1.279013253883332,3.198061136813738,0.011379007057738645,0.02570011316541315,-0.0010000000000000009,-0.04099999999999998
13.099987506866455,-159.48946522257276,-178.03546743605446,1.2803877286561445,3.1963797314354476,0.004667568074042874,0.026196509685308428,-0.0010000000000000009,-0.04099999999999998
13.14998745918274,-159.44320955907207,-177.8829644963824,1.2817084864390393,3.1957678022053124,0.011438535462492605,0.026352481116119226,-0.0010000000000000009,-0.04099999999999998
13.199987411499023,-159.39739545150582,-177.73038070927728,1.2830163710498381,3.194157061810326,0.011148661137364384,0.026106051214582992,-0.0010000000000000009,-0.04099999999999998
13.249987363815308,-159.35161473859068,-177.57670344155127,1.2843340832734473,3.1918995349244477,0.015547598556726688,0.026023219712417445,-0.0010000000000000009,-0.04099999999999998
13.299987316131592,-159.3055635118999,-177.42294313721038,1.2856773942246669,3.189719332796521,0.012771798078337346,0.026131961330908213,-0.0010000000000000009,-0.04099999999999998
13.349987268447876,-159.26010502330814,-177.2699472602591,1.2869820401374092,3.1866574832858787,0.014192801980384489,0.02609389847380299,-0.0010000000000000009,-0.04099999999999998
13.39998722076416,-159.21454856413462,-177.11574237410775,1.288290623280289,3.1845258956680746,0.012920909453864239,0.02578983858081334,-0.0010000000000000009,-0.04099999999999998
13.449987173080444,-159.16999546864807,-176.96395902186694,1.2895587586400608,3.1823174810562427,0.014786545557115003,0.02548714094963576,-0.0010000000000000009,-0.04099999999999998
13.499987125396729,-159.1250134515875,-176.810600051562,1.2908868693138977,3.180945346910981,0.010040614876525834,0.02579079056609086,-0.0010000000000000009,-0.04099999999999998
13.549987077713013,-159.07973345365977,-176.6558911336263,1.2922594326662615,3.177855876271491,0.001873426433783615,0.026477686741522382,-0.0010000000000000009,-0.04099999999999998
13.599987030029297,-159.03522213945118,-176.50306154287932,1.2935989274114739,3.1738789419440474,0.0018433433059727362,0.026816432374571816,-0.0010000000000000009,-0.04099999999999998
13.649986982345581,-158.99149954353103,-176.35225058235372,1.2949283614044924,3.1691198318028393,0.007638496567319037,0.026922632673363395,-0.0010000000000000009,-0.04099999999999998
13.699986934661865,-158.94648422264584,-176.19679109506535,1.2963308787744876,3.1668654137391767,0.0006505380732416504,0.027202875980607725,-0.0010000000000000009,-0.04099999999999998
13.74998688697815,-158.90279348586898,-176.04536148288994,1.297728688746552,3.163804468120016,0.0027360608599566534,0.027750568400722705,-0.0010000000000000009,-0.04099999999999998
13.799986839294434,-158.85893496175933,-175.89241609486126,1.2991596276312571,3.161025327633069,0.0003417257412183575,0.028302522362276306,-0.0010000000000000009,-0.04099999999999998
13.849986791610718,-158.815533248624,-175.7402458867856,1.3006239227064353,3.1605163543065125,-0.003677632552099199,0.02880048715619274,-0.0010000000000000009,-0.04099999999999998
13.899986743927002,-158.77100725490746,-175.58550523294755,1.3021806851329378,3.1604018342640763,-0.002787298454973222,0.029848464161862587,-0.0010000000000000009,-0.04099999999999998
13.949986696243286,-158.72770807267867,-175.434528891647,1.3037798343886073,3.1603876497388472,-0.00828307706873543,0.031115369707651597,-0.0010000000000000009,-0.04099999999999998
13.99998664855957,-158.68431393240567,-175.28185868132337,1.3053950735652906,3.1604705370864714,-0.003917886699999734,0.0322093651334316,-0.0010000000000000009,-0.04099999999999998
14.049986600875854,-158.64083881317117,-175.12769699491207,1.3070479023004455,3.1607002386351164,-0.007911186162050983,0.03255736361313001,-0.0010000000000000009,-0.04099999999999998
14.099986553192139,-158.59741730230996,-174.97562390873514,1.3087048958010687,3.159403081555221,-0.011106994472811913,0.032897849867434756,-0.0010000000000000009,-0.04099999999999998
14.149986505508423,-158.554176194189,-174.82265225310988,1.3103292367691033,3.1596216585104004,-0.003369465606192235,0.032776488398225924,-0.0010000000000000009,-0.04099999999999998
14.199986457824707,-158.51084149778305,-174.66802521493705,1.3119498392160256,3.1601975030802407,-0.015413487148012623,0.03207044336533686,-0.0010000000000000009,-0.04099999999999998
14.249986410140991,-158.46887270773158,-174.51684880747516,1.3134975911618147,3.161298114816713,-0.01367893208279492,0.03161704823741114,-0.0010000000000000009,-0.04099999999999998
14.299986362457275,-158.4255386960025,-174.36290326697315,1.3151032856206972,3.1610428544626363,-0.013812183115320668,0.03138607287822997,-0.0010000000000000009,-0.04099999999999998
14.34998631477356,-158.38283848543568,-174.20879048440773,1.316658661010833,3.1601410361250104,-0.0033252119598266953,0.031210105310484508,-0.0010000000000000009,-0.04099999999999998
14.399986267089844,-158.34109231846315,-174.05667168763821,1.3182332785652795,3.1587859494857233,-0.00948157317386054,0.031056444177594247,-0.0010000000000000009,-0.04099999999999998
14.449986219406128,-158.30016185298436,-173.90572406867304,1.319792083168092,3.156269614340405,-0.0023696692031567757,0.031404539177591353,-0.0010000000000000009,-0.04099999999999998
14.499986171722412,-158.25716947167328,-173.74973771896816,1.3214736066674564,3.1541895864755425,-0.009317934601910289,0.03189253009187322,-0.0010000000000000009,-0.04099999999999998
14.549986124038696,-158.2157640462534,-173.59761042986818,1.3231449641328705,3.153090512092158,-0.006643345443100201,0.032848002071334204,-0.0010000000000000009,-0.04099999999999998
14.59998607635498,-158.17485751817446,-173.44517250980957,1.3248069847322255,3.1511865262971788,-0.010607888363688624,0.03316719890362322,-0.0010000000000000009,-0.04099999999999998
14.649986028671265,-158.1342167401509,-173.2920937381005,1.3264949667345993,3.150102005889133,-0.008664577592752715,0.03338239304462559,-0.0010000000000000009,-0.04099999999999998
14.699985980987549,-158.09340051942038,-173.13947998623644,1.3281977189232508,3.148966830496288,-0.00918547585339843,0.033593668231298585,-0.0010000000000000009,-0.04099999999999998
14.749985933303833,-158.0529127377737,-172.98650967457925,1.3298840798833373,3.1467270497516227,-0.009399568607443655,0.03356959093938279,-0.0010000000000000009,-0.04099999999999998
14.799985885620117,-158.012765572848,-172.83320866449841,1.331518116149845,3.1458026098360596,-0.012382327944490382,0.03294359479446787,-0.0010000000000000009,-0.04099999999999998
14.849985837936401,-157.9729139192518,-172.67964223632697,1.3330733875824383,3.1456154640351817,-0.012747161568480617,0.03166169213039132,-0.0010000000000000009,-0.04099999999999998
14.899985790252686,-157.9324584209759,-172.5264588881938,1.3345344315047432,3.1455794809621804,-0.01577954968986634,0.029958096391756193,-0.0010000000000000009,-0.04099999999999998
14.94998574256897,-157.89302175086027,-172.37477424934065,1.3358318880512094,3.1448492503936056,-0.010192216276384827,0.027734647144259827,-0.0010000000000000009,-0.04099999999999998
14.999985694885254,-157.8531072463557,-172.2197090001054,1.3371003247142963,3.142774719549486,-0.011057144910515702,0.025607395784140823,-0.0010000000000000009,-0.04099999999999998
15.049985647201538,-157.81438340856144,-172.0672357667271,1.338331559328686,3.141926341389462,-0.009097066074794786,0.024647932161204096,-0.0010000000000000009,-0.04099999999999998
15.099985599517822,-157.77482230656454,-171.91373162415059,1.339609361391148,3.142530349905421,-0.008703409755936234,0.024864045924021368,-0.0010000000000000009,-0.04099999999999998
15.149985551834106,-157.73546836666503,-171.75842854508645,1.340926687711412,3.1409285559543676,-0.0075322382712205834,0.025387810937107076,-0.0010000000000000009,-0.04099999999999998
15.19998550415039,-157.69744417644,-171.60592390487994,1.3422599358374883,3.1377939233534224,-0.0022492154037968737,0.02611565076984184,-0.0010000000000000009,-0.04099999999999998
15.249985456466675,-157.65995669109626,-171.4536769708565,1.343720949360826,3.1344021323669256,-0.002880426358794204,0.02771729355716104,-0.0010000000000000009,-0.04099999999999998
15.299985408782959,-157.6217023808554,-171.29834686402472,1.3453256251546422,3.1315733427973007,-0.0014401483628323389,0.030054160820011826,-0.0010000000000000009,-0.04099999999999998
15.349985361099243,-157.58472360862433,-171.14581180967429,1.3469710367577452,3.129699716295298,-0.0014946241077529818,0.03212131978020259,-0.0010000000000000009,-0.04099999999999998
15.399985313415527,-157.5480335265347,-170.99214407398557,1.3486945105464045,3.128613127863423,-0.003504036847989709,0.0335535084938927,-0.0010000000000000009,-0.04099999999999998
15.449985265731812,-157.51196996428914,-170.83897658309982,1.3504456513041097,3.127015690006081,0.003783826826166522,0.03464461029178068,-0.0010000000000000009,-0.04099999999999998
15.499985218048096,-157.47594041515663,-170.68623086647355,1.3522339907511711,3.1270767458276194,-0.0007990397822980645,0.035385448768112795,-0.0010000000000000009,-0.04099999999999998
15.54998517036438,-157.44018353483972,-170.53251311266695,1.3539869575909937,3.1277476599693355,0.004526738850543779,0.0353549110431488,-0.0010000000000000009,-0.04099999999999998
15.599985122680664,-157.40440996459347,-170.37777828717552,1.3557642663004685,3.1283473461449085,-0.003821479668252075,0.0349525887196352,-0.0010000000000000009,-0.04099999999999998
15.649985074996948,-157.36940918133172,-170.22578939957808,1.3575009302922798,3.1290837201850836,-0.01266398232458947,0.03481458608542695,-0.0010000000000000009,-0.04099999999999998
15.699985027313232,-157.33336789875457,-170.07152693745132,1.359217404302366,3.1300657660589675,-0.021744718351240915,0.03433450315184069,-0.0010000000000000009,-0.04099999999999998
15.749984979629517,-157.29787448695762,-169.91830714367833,1.3608400890747117,3.130385433336296,-0.016747500246334396,0.03323877577066578,-0.0010000000000000009,-0.04099999999999998
15.7999849319458,-157.26278868655498,-169.76472776443336,1.362341218759363,3.129945195737353,-0.012976417041527568,0.031427485539125964,-0.0010000000000000009,-0.04099999999999998
15.849984884262085,-157.2286281589853,-169.61179160410867,1.3636571500691204,3.1290844686882195,-0.017225163317253975,0.02808213597517636,-0.0010000000000000009,-0.04099999999999998
15.89998483657837,-157.19317391574864,-169.45816333416528,1.3652238121971634,3.1249229889478034,-0.016892773920620337,0.028511434176643542,-0.0010000000000000009,-0.04099999999999998
15.949984788894653,-157.1578955872696,-169.3033850030944,1.3668567925573218,3.1236561051097613,-0.02112089502511166,0.030733693033175857,-0.0010000000000000009,-0.04099999999999998
15.999984741210938,-157.1233641001598,-169.1498222847803,1.3685418403205016,3.121249724842712,-0.010710576262143421,0.03265973607073697,-0.0010000000000000009,-0.04099999999999998
16.04998469352722,-157.08986253980612,-168.9980746930856,1.370248783562374,3.1202696037349975,-0.013597051550884056,0.03396634816481544,-0.0010000000000000009,-0.04099999999999998
16.099984645843506,-157.05565529911897,-168.84268382247595,1.372105073811855,3.1195056793205445,-0.01221065451354491,0.035241803898256784,-0.0010000000000000009,-0.04099999999999998
16.14998459815979,-157.02245308400552,-168.68930089406987,1.3740401820198471,3.1177371714184603,-0.01656265721359952,0.037121862012538955,-0.0010000000000000009,-0.04099999999999998
16.199984550476074,-156.99000631903763,-168.5366495603176,1.3760624104169772,3.1157746500376584,-0.009742838514112383,0.03923337180626778,-0.0010000000000000009,-0.04099999999999998
16.24998450279236,-156.9577269544588,-168.38277820868743,1.378220867120188,3.1151957964925368,-0.009603251619408356,0.04124246229799019,-0.0010000000000000009,-0.04099999999999998
16.299984455108643,-156.925652612609,-168.2297276070656,1.3805630420913397,3.1145487710407314,-0.020977215466458577,0.044241097638886846,-0.0010000000000000009,-0.04099999999999998
16.349984407424927,-156.8944126153621,-168.0777685261928,1.3828359112376558,3.1177073159185857,-0.014360704263986456,0.04585377443887171,-0.0010000000000000009,-0.04099999999999998
16.39998435974121,-156.86334802491803,-167.92404781461875,1.3850505908459076,3.1191023729082037,-0.015236485494132396,0.04508308305653627,-0.0010000000000000009,-0.04099999999999998
16.449984312057495,-156.8326877335005,-167.77064662614723,1.3872003233097188,3.1205652818811904,-0.018645988071318696,0.04369487561244106,-0.0010000000000000009,-0.04099999999999998
16.49998426437378,-156.8012627057815,-167.61774229948352,1.3892692190457772,3.1208036408267548,-0.025704490413427136,0.04195220411305116,-0.0010000000000000009,-0.04099999999999998
16.549984216690063,-156.76987628737007,-167.4628584190706,1.3912355618092114,3.1184997812524737,-0.03012629359029015,0.03986695292857356,-0.0010000000000000009,-0.04099999999999998
16.599984169006348,-156.73939732381942,-167.31055705225575,1.3930629766750866,3.1151163337614576,-0.023173821440814694,0.03771326281254668,-0.0010000000000000009,-0.04099999999999998
16.649984121322632,-156.7092224568851,-167.1576236996772,1.394837023556492,3.1119622334249435,-0.019331067487675206,0.035974175447582295,-0.0010000000000000009,-0.04099999999999998
16.699984073638916,-156.6777596238499,-167.00356189384163,1.3965814237388863,3.109824307814778,-0.020727016441414982,0.03479596283373717,-0.0010000000000000009,-0.04099999999999998
16.7499840259552,-156.6472932685877,-166.85094097577453,1.398290740835918,3.1076171931243057,-0.023610155925380082,0.03410697955987045,-0.0010000000000000009,-0.04099999999999998
16.799983978271484,-156.61745789925018,-166.69842169593673,1.4000706647917185,3.1067542947328026,-0.018931212116374302,0.034590988799496306,-0.0010000000000000009,-0.04099999999999998
16.84998393058777,-156.58828007734587,-166.5451390027657,1.4019125667982233,3.1069037524234693,-0.014209340184387957,0.03570327001068449,-0.0010000000000000009,-0.04099999999999998
16.899983882904053,-156.55925281260846,-166.39112061959747,1.403851972752727,3.107586032414127,-0.006347215384895147,0.037339317747142255,-0.0010000000000000009,-0.04099999999999998
16.949983835220337,-156.53104196422245,-166.2379577552788,1.4059167025220238,3.107423108625951,-0.00515921663186812,0.03931702996363804,-0.0010000000000000009,-0.04099999999999998
16.99998378753662,-156.50318184454855,-166.08377542727825,1.4081300880871,3.1061276561537667,-0.005577495036592337,0.04189431364961471,-0.0010000000000000009,-0.04099999999999998
17.049983739852905,-156.47601833558124,-165.929969283033,1.4103876758848786,3.1057288611824365,-0.010528057045046526,0.04391276343196576,-0.0010000000000000009,-0.04099999999999998
17.09998369216919,-156.4489449972454,-165.7769191828675,1.4127566053472027,3.106011922572273,-0.017795877093040216,0.04573400606525757,-0.0010000000000000009,-0.04099999999999998
17.149983644485474,-156.42242913325578,-165.62398934161754,1.4151051371455057,3.1064740693880757,-0.012289985832845646,0.04693573529282248,-0.0010000000000000009,-0.04099999999999998
17.199983596801758,-156.39599099010175,-165.4692832495667,1.4174589132203426,3.1061918082255437,-0.018376783342291397,0.04677335885285188,-0.0010000000000000009,-0.04099999999999998
17.249983549118042,-156.37042284796576,-165.31722962039862,1.4196770921999133,3.1053335191098017,-0.02197017842595688,0.04559570013395197,-0.0010000000000000009,-0.04099999999999998
17.299983501434326,-156.34385907318588,-165.16287709157152,1.4218929788330936,3.104000767988714,-0.021619276758971257,0.044409848301391865,-0.0010000000000000009,-0.04099999999999998
17.34998345375061,-156.31786200216317,-165.00914680571938,1.4240027993435065,3.1028682196482182,-0.027228670364764597,0.042831543415746756,-0.0010000000000000009,-0.04099999999999998
17.399983406066895,-156.29240342796743,-164.85603870808742,1.4260078357796966,3.100536347942126,-0.025123994612977672,0.041014498347301684,-0.0010000000000000009,-0.04099999999999998
17.44998335838318,-156.26742678745626,-164.7032054178837,1.4279577589506123,3.0986913190894128,-0.029573049249762527,0.03944882113852806,-0.0010000000000000009,-0.04099999999999998
17.499983310699463,-156.24118583383984,-164.54849899162596,1.4299298222752541,3.0984434921565356,-0.026786475725034127,0.03877743720920166,-0.0010000000000000009,-0.04099999999999998
17.549983263015747,-156.21583984902455,-164.3951569968485,1.431878060937169,3.0988261044575407,-0.026355591767709567,0.03857932163055055,-0.0010000000000000009,-0.04099999999999998
17.59998321533203,-156.19088909074824,-164.24062027309486,1.4338894172048295,3.09975926262446,-0.02460503024670479,0.03898871662030584,-0.0010000000000000009,-0.04099999999999998
17.649983167648315,-156.16657668502268,-164.08661596805442,1.4359698405149366,3.100360287463909,-0.02348413004671881,0.040101152612771036,-0.0010000000000000009,-0.04099999999999998
17.6999831199646,-156.14138695017996,-163.93172560145499,1.4381727097037864,3.1010741811230136,-0.0309640309302035,0.04192339957415307,-0.0010000000000000009,-0.04099999999999998
17.749983072280884,-156.11693747354545,-163.7779727735353,1.4404380342078218,3.101818873643339,-0.03278959359042006,0.04389095631915835,-0.0010000000000000009,-0.04099999999999998
17.799983024597168,-156.09287576356772,-163.6232034642673,1.4427727670313437,3.100474278974357,-0.039082768504656334,0.04537398055814385,-0.0010000000000000009,-0.04099999999999998
17.849982976913452,-156.06959032873175,-163.47030059360338,1.4450917268168624,3.1005790195867227,-0.03982810608007328,0.04621136270061396,0.0,-0.030000000000000027
17.899982929229736,-156.0459417279375,-163.31568868881948,1.447453658315885,3.100562930887487,-0.03837234324653522,0.04683620405407568,0.0,-0.030000000000000027
17.94998288154602,-156.02271335390512,-163.1600368645334,1.449768478737629,3.1001735586671937,-0.041299532234097595,0.04642732100770054,0.0,-0.020000000000000018
17.999982833862305,-156.00023996311177,-163.0067908605371,1.4520347784452403,3.0992349763044484,-0.03832681725553063,0.0457118426708928,0.0,-0.020000000000000018
18.04998278617859,-155.97815535500504,-162.8532154719244,1.454268210853822,3.098724014006654,-0.040755252135179505,0.04520501789417325,0.0,-0.009000000000000008
18.099982738494873,-155.95570698755895,-162.70021559687845,1.456424351794996,3.098223162829031,-0.04992550513836779,0.04400551939346363,0.0,-0.009000000000000008
18.149982690811157,-155.9335280822838,-162.5443348914167,1.458542306795683,3.0983964591790136,-0.04750542697780913,0.04259709545927587,0.0,0.0010000000000000009
18.19998264312744,-155.9121831853339,-162.3904524701707,1.460611223792474,3.0979715546386712,-0.04518093614294018,0.04165907634144768,0.0,0.0010000000000000009
18.249982595443726,-155.89163459890307,-162.2376017590099,1.4626424443437531,3.098465359742808,-0.044248103177324916,0.041071914882365265,0.0,0.01200000000000001
18.29998254776001,-155.87088617011545,-162.0824812651001,1.4646866860050554,3.1007343161203873,-0.035921184439632665,0.04071745019960043,0.0,0.01200000000000001
18.349982500076294,-155.85083767176963,-161.9283979400081,1.4667509745327387,3.1022417778961726,-0.02833225126912613,0.04077814145211301,0.0,0.02300000000000002
18.399982452392578,-155.83153625208973,-161.7752134481477,1.4688055797959794,3.1039672083611114,-0.03521103896269934,0.04080029572633181,0.0,0.02300000000000002
18.449982404708862,-155.81243925584914,-161.62107613807515,1.4709281005453456,3.1016807054161197,-0.03708054480163004,0.04142881296601446,0.0010000000000000009,0.03300000000000003
18.499982357025146,-155.79335867522917,-161.4663112350781,1.473023317776521,3.095451477569384,-0.042114036216047195,0.04144796823524056,0.0010000000000000009,0.03300000000000003
18.54998230934143,-155.7748040178075,-161.31305499840354,1.4750800474267112,3.0871817696637285,-0.04707051928817799,0.04106731747759925,0.0040000000000000036,0.04400000000000004
18.599982261657715,-155.756513226853,-161.158600343943,1.4770979887117306,3.078046120056507,-0.0421153134112168,0.04026394533216329,0.0040000000000000036,0.04400000000000004
18.649982213974,-155.7390329021009,-161.00721036551772,1.4789825793574214,3.0678815705547002,-0.04467775828335363,0.03880323388226216,0.006000000000000005,0.05400000000000005
18.699982166290283,-155.72092913114108,-160.85416409644856,1.480798097299553,3.0530998406532697,-0.04725778557219686,0.03679280825146645,0.006000000000000005,0.05400000000000005
18.749982118606567,-155.70302701600932,-160.701019916699,1.482597245127141,3.039178910537743,-0.0493532762518785,0.035456075518981174,0.009000000000000008,0.06499999999999995
18.79998207092285,-155.68568527266024,-160.55063619637787,1.4843424338806737,3.0251232013707967,-0.05022616630199299,0.03478276306660093,0.009000000000000008,0.06499999999999995
18.849982023239136,-155.66915073660394,-160.40216700091148,1.4859458367690248,3.012019111257162,-0.05355992546599783,0.03334455823040476,0.012109154309759522,0.07654577154879752
18.89998197555542,-155.6525801859404,-160.25154519081116,1.4875432163253899,2.9987831576550272,-0.05075601493864515,0.03206728610798324,0.012695118986747595,0.07947559493373788
18.949981927871704,-155.63651826160068,-160.10025860505968,1.489094317851686,2.9870476765798246,-0.0386446401203969,0.030880798240578128,0.013281083663735668,0.08240541831867824
18.99998188018799,-155.62128548341138,-159.95248788906716,1.490600663155498,2.976285451870443,-0.03632214296962717,0.029970167017122424,0.01386704834072374,0.0853352417036186
19.049981832504272,-155.6064770668374,-159.80518441144318,1.4921258436060327,2.9632491004821055,-0.03804459656608579,0.03000950194574784,0.015006701100356037,0.09010424294760529
19.099981784820557,-155.59260504749355,-159.65652270983333,1.4936747256177132,2.9501321564160063,-0.03347150614766668,0.03015487916128764,0.016308851948190907,0.09541301178877823
19.14998173713684,-155.5790784138659,-159.50953944112618,1.4952201059532868,2.9400229628077983,-0.03940956432213497,0.030087813677739435,0.01761100279602578,0.10072178062995117
19.199981689453125,-155.56583115591187,-159.3644818392667,1.4967434983312806,2.9300567187294964,-0.04811076920985649,0.030246713806016994,0.018913153643860654,0.10603054947112411
19.24998164176941,-155.5524294598215,-159.21835504443746,1.4982876375736642,2.9168709657105785,-0.05124077521559145,0.030229991018412287,0.020215304491695524,0.11133931831229706
19.299981594085693,-155.53956647739403,-159.07246762928528,1.4997539413036152,2.900570934704359,-0.0499026500095089,0.02961269709456652,0.021517455339530398,0.11664808715347
19.349981546401978,-155.52669499693133,-158.9270590644982,1.5012005893820393,2.8854313927058777,-0.048593115869826606,0.02862329812489605,0.02281960618736527,0.12195685599464294
19.39998149871826,-155.51391594779855,-158.78271683525034,1.5026062695423028,2.8710446822898015,-0.04950798147642785,0.02785764400833912,0.024121757035200142,0.12726562483581588
19.449981451034546,-155.50147071755143,-158.6412151220176,1.5039341849443006,2.857056140475395,-0.055812101414965044,0.026962678131193418,0.025423907883035016,0.1325743936769888
19.49998140335083,-155.48894575629973,-158.49737366027324,1.5052655188005166,2.8432169591221776,-0.05665940671840585,0.026294992413295352,0.02672605873086989,0.13788316251816177
19.549981355667114,-155.47679115297043,-158.35416209371624,1.5064950751995283,2.831132583539895,-0.047986038701500686,0.025126955389915835,0.02778896076207068,0.14239253127690382
19.5999813079834,-155.46503591920327,-158.2126331788767,1.507647306812165,2.8216930702768446,-0.053343487491045276,0.023456006311834296,0.02878812080348259,0.14668891945497506
19.649981260299683,-155.45368268328806,-158.07351735752835,1.5087359882774114,2.8101232727613685,-0.04488199740563398,0.022439626481220373,0.029787280844894504,0.15098530763304627
19.699981212615967,-155.4424943554309,-157.93031074464784,1.509769656399049,2.7975011467783295,-0.04132688371254374,0.020892705392929936,0.030786440886306415,0.1552816958111175
19.74998116493225,-155.43186658640178,-157.79201933759958,1.5107339350073565,2.78844605690673,-0.03991254628727339,0.019693722571884616,0.03178560092771833,0.1595780839891887
19.799981117248535,-155.4213098507138,-157.65237596771354,1.5116595284475127,2.7809021540032446,-0.04042724325646021,0.01863587810620199,0.032784760969130244,0.16387447216725995
19.84998106956482,-155.41095144963936,-157.5138275462365,1.512559454341131,2.7737797616292146,-0.04095090260754103,0.01804162519837742,0.03378392101054215,0.16817086034533116
19.899981021881104,-155.4016445449767,-157.37344529458224,1.5134637673687614,2.7662708430889666,-0.040662306384675516,0.01765108454106352,0.034783081051954066,0.1724672485234024
19.949980974197388,-155.39240981751607,-157.23559764430829,1.514336990923176,2.758150897078496,-0.042444395346044765,0.017410201902387498,0.03578224109336598,0.1767636367014736
19.999980926513672,-155.3831432945419,-157.09842131984394,1.5151631845197129,2.751165565721562,-0.04198511836290696,0.016903714150781752,0.03678140113477789,0.18106002487954484
20.049980878829956,-155.37381870883326,-156.96076972343008,1.5159295180951167,2.7437356103324393,-0.044559435690959416,0.015920606722469862,0.03700000000000003,0.18200000000000005
20.09998083114624,-155.3652744828672,-156.82347085175257,1.5166981076376602,2.7376478264707136,-0.044598541806637144,0.015279677894530662,0.03700000000000003,0.18200000000000005
20.149980783462524,-155.35665350840836,-156.68679837343544,1.5173943152984892,2.7354248203570646,-0.04235385118007307,0.014533189397476554,0.03700000000000003,0.18200000000000005
20.19998073577881,-155.3479077576512,-156.54909438051249,1.5179966204580604,2.734726252084513,-0.04435665851345805,0.013125807110102198,0.03700000000000003,0.18200000000000005
20.249980688095093,-155.33932045577404,-156.4139118188435,1.5184979325130061,2.7333465111010384,-0.04129527874911077,0.011260528574399463,0.03700000000000003,0.18200000000000005
20.299980640411377,-155.33065389704794,-156.2771007013878,1.5189461754391562,2.7306003858570898,-0.039053863561419405,0.009585405321783895,0.03700000000000003,0.18200000000000005
20.34998059272766,-155.3219824008583,-156.14021429246702,1.5193275663630337,2.7286992780014927,-0.03457677773191446,0.00837419906336156,0.03700000000000003,0.18200000000000005
20.399980545043945,-155.31353776343414,-156.00474720763293,1.5196027441879374,2.7272490823894078,-0.031430798429869254,0.006770447514043627,0.03700000000000003,0.18200000000000005
20.44998049736023,-155.30511573530944,-155.87000526167662,1.5198130775896768,2.7255065302018378,-0.027106566215457477,0.005204263212323332,0.03700000000000003,0.18200000000000005
20.499980449676514,-155.29666171086464,-155.73335333304607,1.5199948517269175,2.724193976783627,-0.023121430351159756,0.004021875494172378,0.03700000000000003,0.18200000000000005
20.549980401992798,-155.2882878063104,-155.59829515022923,1.5201008273821108,2.723091185768389,-0.02339546552060347,0.002856712976485855,0.03700000000000003,0.18200000000000005
20.599980354309082,-155.27994007158793,-155.46341103696383,1.5201226281925813,2.721689513098241,-0.031204482001880432,0.0013615570316727948,0.03700000000000003,0.18200000000000005
20.649980306625366,-155.2715221447456,-155.3279299452085,1.5200789201808773,2.721098691403068,-0.03409696472587633,-9.954261195805242e-05,0.03700000000000003,0.18200000000000005
20.69998025894165,-155.26329513641755,-155.19361332687754,1.5199945938482389,2.7205276948102304,-0.029118235594694914,-0.0011034394850300015,0.03700000000000003,0.18200000000000005
20.749980211257935,-155.2548199398706,-155.05885047306202,1.5199065591821108,2.719335475324403,-0.03411605629856824,-0.0019087436220748262,0.03700000000000003,0.18200000000000005
20.79998016357422,-155.24628923504167,-154.92318438137937,1.5197373352264478,2.7197766987351355,-0.032347883160826214,-0.0025881062688318996,0.03700000000000003,0.18200000000000005
20.849980115890503,-155.23795362627925,-154.7924969922344,1.5195490966810588,2.7200762798008498,-0.027152386208517662,-0.0032619146063030246,0.03700000000000003,0.18200000000000005
20.899980068206787,-155.22900431856624,-154.6558578841757,1.519321160479021,2.7214085209977563,-0.030026304374341648,-0.004087548518217643,0.03700000000000003,0.18200000000000005
20.94998002052307,-155.21993922302585,-154.51967373141994,1.519077884232674,2.722072010180779,-0.03188059521117019,-0.004590157830676474,0.03700000000000003,0.18200000000000005
20.999979972839355,-155.21091018906063,-154.38534390290695,1.5188032822308275,2.7242969996632134,-0.03080132615065233,-0.005125758833185995,0.03700000000000003,0.18200000000000005
21.04997992515564,-155.2019560737135,-154.2536738451972,1.5185295128120424,2.7255395443745463,-0.033106095644663144,-0.00555593639627104,0.03700000000000003,0.18200000000000005
21.099979877471924,-155.19221288220865,-154.11697052278544,1.518181844301027,2.7275309210576757,-0.02742120352658788,-0.006187448552677177,0.03700000000000003,0.18200000000000005
21.149979829788208,-155.18258861264275,-153.9863476869602,1.5178257901494911,2.7281341231339407,-0.027846922985590824,-0.0069506107104645425,0.03700000000000003,0.18200000000000005
21.199979782104492,-155.17265152694122,-153.85086978059823,1.5174251811826382,2.7299336271273753,-0.029627612186302176,-0.007633846627289815,0.03700000000000003,0.18200000000000005
21.249979734420776,-155.1632124251848,-153.72664415674302,1.5169893155479401,2.726360153775023,-0.032258542354053066,-0.008318198886876705,0.03700000000000003,0.18200000000000005
21.29997968673706,-155.15375104763802,-153.60203716844393,1.516488719265137,2.722183028315009,-0.03263890819144128,-0.009353405248754687,0.03700000000000003,0.18200000000000005
21.349979639053345,-155.14428855038358,-153.47651056387738,1.5159350881683995,2.718077132655199,-0.0323578934937816,-0.010517508209175167,0.03700000000000003,0.18200000000000005
21.39997959136963,-155.1347102211501,-153.34888317723875,1.5153275026496817,2.7138636898971966,-0.030394369945844945,-0.011565512686441145,0.03700000000000003,0.18200000000000005
21.449979543685913,-155.12527645643175,-153.22248733602262,1.5146673664369819,2.7096226253969564,-0.025517064957969043,-0.012543745850141999,0.03700000000000003,0.18200000000000005
21.499979496002197,-155.11497348438016,-153.09184767245515,1.513931982793123,2.7064104403830944,-0.02352520679202181,-0.013880939983483047,0.03700000000000003,0.18200000000000005
21.54997944831848,-155.1047736695205,-152.96048235320293,1.5131267520693765,2.7038583166801065,-0.026771724123871743,-0.015348343580856346,0.03700000000000003,0.18200000000000005
21.599979400634766,-155.09478710007517,-152.82994924311217,1.5122647693911153,2.700389057204126,-0.024461930941767046,-0.016540526571263325,0.03700000000000003,0.18200000000000005
21.64997935295105,-155.08482748157326,-152.69952204329434,1.5113805132985672,2.6973897383615895,-0.019312982096510854,-0.01746831400221963,0.03700000000000003,0.18200000000000005
21.699979305267334,-155.07402708810343,-152.5665711292789,1.5104157719473423,2.694979422925503,-0.016375312006313383,-0.018352652371401292,0.03700000000000003,0.18200000000000005
21.749979257583618,-155.0632709487503,-152.4330296903998,1.509409133334827,2.6933018400180777,-0.018501981967665844,-0.019335661315533065,0.03700000000000003,0.18200000000000005
21.799979209899902,-155.05270381806127,-152.30067681760562,1.5083545508559877,2.691817785502411,-0.016792686510735066,-0.020327716737485915,0.03700000000000003,0.18200000000000005
21.849979162216187,-155.0422933711355,-152.17089918552114,1.5073055690243828,2.6908697889104896,-0.01532159748025166,-0.021098226265836385,0.03700000000000003,0.18200000000000005
21.89997911453247,-155.03058695747137,-152.03373125177083,1.506145479909105,2.6887898618637895,-0.016963801041590915,-0.021957280636550894,0.03700000000000003,0.18200000000000005
21.949979066848755,-155.01926118048806,-151.90072539715305,1.5049828588711904,2.6885199564170157,-0.01223687277564641,-0.022661578455687028,0.03700000000000003,0.18200000000000005
21.99997901916504,-155.0079861287142,-151.76748481886366,1.503795648095589,2.688143153567957,-0.009946263868573241,-0.023413449398962928,0.03700000000000003,0.18200000000000005
22.049978971481323,-154.99677749806563,-151.63402195139116,1.5025991038150155,2.687031399765779,-0.006945846582975359,-0.02367190839029124,0.03700000000000003,0.18200000000000005
22.099978923797607,-154.98495412831974,-151.4996651766381,1.501416214985933,2.686700942614819,-0.013348960538286424,-0.023864902050308424,0.03700000000000003,0.18200000000000005
22.14997887611389,-154.97321946244935,-151.36596912580063,1.5002583207392806,2.686263859494585,-0.01154630106686669,-0.023561839440510744,0.03700000000000003,0.18200000000000005
22.199978828430176,-154.96138666347468,-151.23096541547127,1.4990934886141745,2.684836563033446,-0.007885865967771466,-0.0232001521888954,0.03700000000000003,0.18200000000000005
22.24997878074646,-154.9499224954799,-151.09705248145428,1.4978544315997815,2.683311656579002,-0.007178706220543614,-0.0238033580621678,0.03700000000000003,0.18200000000000005
22.299978733062744,-154.93819244732876,-150.96289217480668,1.4966183595718487,2.681380608677813,-0.006706515520777395,-0.024566996625478486,0.03700000000000003,0.18200000000000005
22.34997868537903,-154.92643789923812,-150.82785122161917,1.4953492986500354,2.680699657884703,-0.006545818870057136,-0.025094445670897497,0.03700000000000003,0.18200000000000005
22.399978637695312,-154.9148042135716,-150.69477583115815,1.4940786997420732,2.6790262213609135,-0.005294386748152628,-0.025466916824282256,0.03700000000000003,0.18200000000000005
22.449978590011597,-154.90307254948152,-150.56175697249176,1.4927921202557761,2.676629415023954,-0.010195978094219894,-0.02577724137046578,0.03700000000000003,0.18200000000000005
22.49997854232788,-154.8911052532548,-150.42613124681554,1.4914107645221795,2.674981060076134,-0.005246713111493587,-0.02655725322322096,0.03700000000000003,0.18200000000000005
22.549978494644165,-154.8791594308523,-150.291776738562,1.4899762357548738,2.672463626641225,-0.005643775323773061,-0.027889905274142892,0.03700000000000003,0.18200000000000005
22.59997844696045,-154.86722606264908,-150.15826573409774,1.4884943745540586,2.6705945679463126,0.0003385914441943593,-0.029043450826571813,0.03700000000000003,0.18200000000000005
22.649978399276733,-154.85524272315874,-150.02525399772207,1.486979033873539,2.6683378893137433,0.0021800250177567227,-0.02993370568271225,0.03700000000000003,0.18200000000000005
22.699978351593018,-154.84312440550644,-149.8900650338176,1.485406782299744,2.6672221777045175,0.00344085039198345,-0.030903753328070938,0.03700000000000003,0.18200000000000005
22.7499783039093,-154.83109407609786,-149.75655381182133,1.483832633116817,2.6659363261980076,0.0061759044619983045,-0.031542570955959935,0.03700000000000003,0.18200000000000005
22.799978256225586,-154.8190596466097,-149.6221775743326,1.4821937735223456,2.6655986774940525,0.006795554715268198,-0.03221677722124189,0.03700000000000003,0.18200000000000005
22.84997820854187,-154.80714197144073,-149.49040293441968,1.4806031710388738,2.6644705831485966,0.008384993860399918,-0.032496922809076394,0.03700000000000003,0.18200000000000005
22.899978160858154,-154.7954214370668,-149.355455993347,1.478967448979629,2.6633158030934547,0.01083202376473423,-0.032596450974091085,0.03700000000000003,0.18200000000000005
22.94997811317444,-154.7837527583309,-149.2230451295042,1.477379814068473,2.662578339946493,0.016988762406772693,-0.03238649222887658,0.03700000000000003,0.18200000000000005
22.999978065490723,-154.77175028613794,-149.088473324642,1.4757565975041829,2.6607198937069336,0.019627121313450957,-0.03245145188809903,0.03700000000000003,0.18200000000000005
23.049978017807007,-154.75969160915918,-148.95566494237556,1.4741776122211911,2.6593020231858016,0.019585129251998623,-0.03213419235686249,0.03700000000000003,0.18200000000000005
23.09997797012329,-154.74748372271546,-148.82115329613282,1.4725731060405673,2.657101182765696,0.02356469920738606,-0.03191744091687312,0.03700000000000003,0.18200000000000005
23.149977922439575,-154.73489894539583,-148.68550945423686,1.4709572960645148,2.6554185004512747,0.01776216769094142,-0.03208796457955775,0.03700000000000003,0.18200000000000005
23.19997787475586,-154.72235167344357,-148.55288534598566,1.4693748952691275,2.653705136814995,0.020376624718588157,-0.03187585536271843,0.03700000000000003,0.18200000000000005
23.249977827072144,-154.70944595793208,-148.42029538053836,1.4678131891903483,2.652446960289465,0.012017581953401163,-0.03170620974457423,0.03700000000000003,0.18200000000000005
23.299977779388428,-154.6963185256228,-148.28495135182428,1.4662192290560605,2.652408057183737,0.016831401459657187,-0.03148084384154516,0.03700000000000003,0.18200000000000005
23.349977731704712,-154.68312984769216,-148.15171852649203,1.4646101477446873,2.6513785471022313,0.016465615938479516,-0.031922948099298465,0.03700000000000003,0.18200000000000005
23.399977684020996,-154.6697971364405,-148.0191642204533,1.4629350972413682,2.65073882648793,0.019432087526290644,-0.03287485493006165,0.03700000000000003,0.18200000000000005
23.44997763633728,-154.65591662479872,-147.8855852669542,1.4612333847866987,2.648869232007312,0.022668361052650927,-0.0335912854789294,0.03700000000000003,0.18200000000000005
23.499977588653564,-154.6417202270841,-147.75171212890373,1.4594060687902644,2.647289567370482,0.022641169809106115,-0.03516514479480687,0.03700000000000003,0.18200000000000005
23.54997754096985,-154.62749402799943,-147.61879162245563,1.4575056725576607,2.6457636680334042,0.025196460444603313,-0.03719266499502996,0.03700000000000003,0.18200000000000005
23.599977493286133,-154.61297197068018,-147.48547022647708,1.4555772424079276,2.6453476845443844,0.02104475242165384,-0.03842234856986462,0.03700000000000003,0.18200000000000005
23.649977445602417,-154.5983820911976,-147.35285079208242,1.453627926314003,2.6438142052755205,0.024710128358536677,-0.03873345481702956,0.03700000000000003,0.18200000000000005
23.6999773979187,-154.58280110788996,-147.21975631971392,1.4517399925192362,2.644245234627659,0.022635918822947604,-0.0386010914901254,0.03700000000000003,0.18200000000000005
23.749977350234985,-154.5672118310929,-147.08665525480168,1.4498048671143364,2.6434804619321186,0.028284068849180985,-0.038626769969829354,0.03700000000000003,0.18200000000000005
23.79997730255127,-154.55152428200262,-146.95448189554295,1.4478861400051428,2.6431194984739306,0.03279676499185283,-0.03866905573023388,0.03700000000000003,0.18200000000000005
23.849977254867554,-154.5360442174378,-146.82510811608722,1.4459828341763945,2.64109344827862,0.03160854617355883,-0.03881127429191485,0.03700000000000003,0.18200000000000005
23.899977207183838,-154.5189950636082,-146.68805730188205,1.4439294396674094,2.6394367276226274,0.029833395360742566,-0.03940003094119793,0.03700000000000003,0.18200000000000005
23.949977159500122,-154.50247116178974,-146.55595922880397,1.4418894475266522,2.637854747391847,0.03595063137621317,-0.040258434790562195,0.03700000000000003,0.18200000000000005
23.999977111816406,-154.4858703041682,-146.42460159607947,1.439802836891401,2.637117161258062,0.030938466492321393,-0.04138161602582107,0.03700000000000003,0.18200000000000005
24.04997706413269,-154.4689173677059,-146.29145923371632,1.4376154612087295,2.637367691214267,0.03260409649276379,-0.04252415069226515,0.03700000000000003,0.18200000000000005
24.099977016448975,-154.45144896520577,-146.1596825944036,1.435368781489784,2.6379671723219156,0.03261345564027425,-0.04413372524729062,0.03700000000000003,0.18200000000000005
24.14997696876526,-154.43384731254557,-146.02741109935153,1.433051393923271,2.638919531594061,0.043108654276157884,-0.04554778572274139,0.03700000000000003,0.18200000000000005
24.199976921081543,-154.41597414006708,-145.89516982795416,1.4307343498693474,2.639651768022177,0.035902751689204995,-0.04637057861927585,0.03700000000000003,0.18200000000000005
24.249976873397827,-154.3980173000843,-145.76300582445987,1.4283493388548125,2.638600039552163,0.04491741959234755,-0.04704888491272408,0.03700000000000003,0.18200000000000005
24.29997682571411,-154.37899436579153,-145.63061796748386,1.4259123570045453,2.6388675832889112,0.044075854300203055,-0.04810150878070833,0.03700000000000003,0.18200000000000005
24.349976778030396,-154.35975110091343,-145.49748819077624,1.4234351832020444,2.639473131959284,0.038724362731101046,-0.04906481867666023,0.03700000000000003,0.18200000000000005
24.39997673034668,-154.340645947058,-145.3659477785477,1.4209662080968903,2.641243768736381,0.04320225786935528,-0.04944468163298704,0.03700000000000003,0.18200000000000005
24.449976682662964,-154.32168512727222,-145.2357763245158,1.4185019709875448,2.641566811707864,0.04547118313895373,-0.049766076604808494,0.03700000000000003,0.18200000000000005
24.499976634979248,-154.30155124642863,-145.10139135871808,1.4159758287907542,2.642722509999546,0.051578179011219444,-0.04979104391490572,0.03700000000000003,0.18200000000000005
24.549976587295532,-154.28181441221466,-144.96970661089148,1.4134597703335612,2.6421302536701425,0.054043252863691084,-0.049999859452565944,0.03700000000000003,0.18200000000000005
24.599976539611816,-154.2621057394779,-144.83839055263635,1.4109250657552708,2.6420840264306236,0.055398049888658145,-0.05060441540601202,0.03700000000000003,0.18200000000000005
24.6499764919281,-154.24234852485088,-144.70748464011766,1.4083876099504435,2.6411770818883915,0.05645112008605373,-0.05090837514750872,0.03700000000000003,0.18200000000000005
24.699976444244385,-154.22200804659545,-144.57496608223107,1.405815491086384,2.6406040634784302,0.05684136459384544,-0.051276510264601345,0.03700000000000003,0.18200000000000005
24.74997639656067,-154.20163769721188,-144.44316764510913,1.4032508859554127,2.640412747237436,0.061970012895762934,-0.05130971087770434,0.03700000000000003,0.18200000000000005
24.799976348876953,-154.18120019405978,-144.31248721532702,1.4007211740180519,2.6408516526694195,0.05733773859481271,-0.051153586284600476,0.03700000000000003,0.18200000000000005
24.849976301193237,-154.16050058341014,-144.1818399449801,1.3981986049723174,2.6402375191314933,0.05524931285105712,-0.050972977757066155,0.03700000000000003,0.18200000000000005
24.89997625350952,-154.1385797961005,-144.0470594227343,1.395590753091334,2.6400020757923603,0.051374517879080275,-0.05103528835856405,0.03700000000000003,0.18200000000000005
24.949976205825806,-154.11699878399565,-143.9158659492796,1.3930314081431485,2.639448479616608,0.060035910939744704,-0.0511458980897224,0.03700000000000003,0.18200000000000005
24.99997615814209,-154.0948716568886,-143.78358090190116,1.390463387272564,2.6390024667388525,0.058113877847736535,-0.05110418609800836,0.03700000000000003,0.18200000000000005
25.049976110458374,-154.0727267258943,-143.65247733627163,1.3878580032655308,2.6389273998343783,0.06322776783033789,-0.05143136061247121,0.03700000000000003,0.18200000000000005
25.099976062774658,-154.0501906135313,-143.52091598248862,1.385225279362566,2.6390030609813513,0.06130095601057964,-0.052239684389849335,0.03700000000000003,0.18200000000000005
25.149976015090942,-154.0272937003251,-143.3878502345043,1.3824704737602653,2.639825189457632,0.0604696424044661,-0.053435118069728525,0.03700000000000003,0.18200000000000005
25.199975967407227,-154.00458291063185,-143.25722777213335,1.379705491901375,2.6409516111187417,0.06505070243983588,-0.054665528390465526,0.03700000000000003,0.18200000000000005
25.24997591972351,-153.98175900983998,-143.12660023555017,1.3768709736498046,2.6401688552776044,0.06552385872499421,-0.0561093403344041,0.03700000000000003,0.18200000000000005
25.299975872039795,-153.95819563906028,-142.99346971254963,1.373988241003421,2.6393257239203343,0.0653195190088874,-0.05688790667831967,0.03700000000000003,0.18200000000000005
25.34997582435608,-153.93470388389704,-142.8624769987035,1.3711547135443207,2.638568407181104,0.07156031930710739,-0.056914056544573946,0.03700000000000003,0.18200000000000005
25.399975776672363,-153.91127618191956,-142.7322031843198,1.3682545157410921,2.6368703968839897,0.07404051176853949,-0.05740660444744844,0.03700000000000003,0.18200000000000005
25.449975728988647,-153.88736964480557,-142.60060639150066,1.3653099374589412,2.6369251773371034,0.07869801993009418,-0.0582051381512617,0.03700000000000003,0.18200000000000005
25.49997568130493,-153.86376747814472,-142.47023853432717,1.3623971564168316,2.6372541929081312,0.08209136267565444,-0.05845779953168944,0.03700000000000003,0.18200000000000005
25.549975633621216,-153.83965809164874,-142.33906498132527,1.3594550459138788,2.6370830975940547,0.08182579942196189,-0.0585709274627676,0.03700000000000003,0.18200000000000005
25.5999755859375,-153.81527490455375,-142.20799817988907,1.3564733902673531,2.6361080421475265,0.07840379637693658,-0.05892700738843362,0.03700000000000003,0.18200000000000005
25.649975538253784,-153.79058932134564,-142.07790288760114,1.353511891795625,2.6357011786554976,0.08407978933810582,-0.0590461597885768,0.03700000000000003,0.18200000000000005
25.69997549057007,-153.76527197035188,-141.94757871895007,1.3505406156630515,2.636975528277999,0.07968171919305772,-0.0590333915717196,0.03700000000000003,0.18200000000000005
25.749975442886353,-153.73937428727513,-141.81657350719308,1.3475150348063596,2.638133169434264,0.07797448020132768,-0.05950919329415454,0.03700000000000003,0.18200000000000005
25.799975395202637,-153.71323655886155,-141.68659363581443,1.34448052850721,2.639679871656515,0.08097735452914423,-0.060037196381646465,0.03700000000000003,0.18200000000000005
25.84997534751892,-153.6871300181465,-141.55946054185497,1.3415089979563057,2.6410145471099735,0.07815364023739602,-0.06049589821905981,0.03700000000000003,0.18200000000000005
25.899975299835205,-153.65900456103546,-141.42617873444826,1.3383582674376286,2.6429793684075293,0.06975801981842224,-0.06096885382519538,0.03700000000000003,0.18200000000000005
25.94997525215149,-153.63127757959128,-141.29656952575047,1.3352430233208703,2.643534749064246,0.07256611776935334,-0.06155591681388064,0.03700000000000003,0.18200000000000005
25.999975204467773,-153.60291844493076,-141.16599300411434,1.332059096609052,2.645378760155801,0.07735589308334698,-0.06253515586967917,0.03700000000000003,0.18200000000000005
26.049975156784058,-153.57499667887657,-141.03866495868542,1.328895738339271,2.6470638878650354,0.07238917129852324,-0.0635783926519396,0.03700000000000003,0.18200000000000005
26.099975109100342,-153.54545920560687,-140.90531859869242,1.3255370568105176,2.649593892526967,0.08036149128246865,-0.06464644826083821,0.03700000000000003,0.18200000000000005
26.149975061416626,-153.51619869925227,-140.7751869010961,1.322247525023729,2.6505397470871457,0.08273746672798532,-0.06544131848261103,0.03700000000000003,0.18200000000000005
26.19997501373291,-153.4867787713294,-140.64566898042878,1.3189379341040754,2.6507679140174574,0.08685346325654238,-0.0658942312836189,0.03700000000000003,0.18200000000000005
26.249974966049194,-153.4567053817867,-140.51464497908432,1.3155357995099979,2.6508337761675693,0.09033341592423497,-0.0667985157539668,0.03700000000000003,0.18200000000000005
26.29997491836548,-153.4264157059169,-140.38449007400305,1.3121406128070243,2.650880532938509,0.08927434292809987,-0.06737308312490238,0.03700000000000003,0.18200000000000005
26.349974870681763,-153.3959416033694,-140.25496403355822,1.3087322029722521,2.651259721645613,0.09360975867560656,-0.06779311078286951,0.03700000000000003,0.18200000000000005
26.399974822998047,-153.36502784871124,-140.12515194138263,1.3053060595426207,2.6509173194082454,0.09116784150102222,-0.06818549312607193,0.03700000000000003,0.18200000000000005
26.44997477531433,-153.33374404619138,-139.99522191738154,1.3018334696970353,2.6513321439399187,0.0904691129400726,-0.06870250592536943,0.03700000000000003,0.18200000000000005
26.499974727630615,-153.3016820093282,-139.86531807322416,1.2983794871894245,2.651157672854381,0.0935897480128683,-0.06899103621488983,0.03700000000000003,0.18200000000000005
26.5499746799469,-153.26882154239772,-139.73355086984301,1.294841185011433,2.6517389100494637,0.0997125584037869,-0.06929928347158243,0.03700000000000003,0.18200000000000005
26.599974632263184,-153.23615528930287,-139.60434788461453,1.2913819512486744,2.651449516680045,0.10121092117995853,-0.06929839046157553,0.03700000000000003,0.18200000000000005
26.649974584579468,-153.20358936653173,-139.4770391849479,1.2879583149544456,2.6516187639554505,0.1025989016520319,-0.0693301634394621,0.03700000000000003,0.18200000000000005
26.699974536895752,-153.16912523994228,-139.3444121885371,1.2843584606136809,2.653026118956802,0.1019461825339732,-0.06969772107807659,0.03700000000000003,0.18200000000000005
26.749974489212036,-153.1350729093106,-139.21469013390274,1.2807964170405541,2.6545794226871116,0.09435441422635216,-0.07056525286122457,0.03700000000000003,0.18200000000000005
26.79997444152832,-153.10084044908174,-139.08556039238906,1.2772059030165286,2.655220291516463,0.09886641736192846,-0.07125608864929975,0.03700000000000003,0.18200000000000005
26.849974393844604,-153.0666025676664,-138.95807429805234,1.273664054547425,2.655493647059723,0.09921261725516448,-0.07162938078571643,0.03700000000000003,0.18200000000000005
26.89997434616089,-153.03037599103382,-138.826466651148,1.2699818906118072,2.6567878936659004,0.10432849902035328,-0.07184632922051146,0.03700000000000003,0.18200000000000005
26.949974298477173,-152.9948434575639,-138.69804312544147,1.2663152373569155,2.657308085140657,0.11290787924188632,-0.07247599182431243,0.03700000000000003,0.18200000000000005
26.999974250793457,-152.95853022474395,-138.56790164446537,1.2625703012983884,2.6579400076659634,0.11216614126490816,-0.0733385037778286,0.03700000000000003,0.18200000000000005
27.04997420310974,-152.92307512573572,-138.44235408117606,1.2589754764250516,2.658204925184548,0.11179008706368312,-0.07373468428141665,0.03700000000000003,0.18200000000000005
27.099974155426025,-152.8856876767915,-138.31166146815508,1.2552252611233914,2.6585602008186187,0.11099316421392157,-0.07368578732698813,0.03700000000000003,0.18200000000000005
27.14997410774231,-152.8483529365273,-138.18263491780627,1.2515234850921437,2.6589579602488542,0.10964270597524572,-0.07338136837267387,0.03700000000000003,0.18200000000000005
27.199974060058594,-152.8109485868129,-138.05513387468807,1.2478949602523854,2.658791016685754,0.11327183524560239,-0.07285641603514001,0.03700000000000003,0.18200000000000005
27.249974012374878,-152.77294632976736,-137.9269814423449,1.2442284477920673,2.6596605782653486,0.1114028708154551,-0.07271829858984587,0.03700000000000003,0.18200000000000005
27.299973964691162,-152.7345849659348,-137.79873716285516,1.240570397409244,2.6617421333031985,0.10811274407734472,-0.07271288312308886,0.03700000000000003,0.18200000000000005
27.349973917007446,-152.69592686333974,-137.67091007103582,1.2368974738780543,2.6638621193301337,0.1124437967839122,-0.07273741955202655,0.03700000000000003,0.18200000000000005
27.39997386932373,-152.65684444856458,-137.5434368508829,1.2332438337855527,2.665273374495152,0.1125200237005276,-0.07277098415025822,0.03700000000000003,0.18200000000000005
27.449973821640015,-152.61738007479047,-137.4164676742059,1.2296224410972831,2.666792890883058,0.11167358120212773,-0.07283685198047873,0.03700000000000003,0.18200000000000005
27.4999737739563,-152.57685957200107,-137.28835550181805,1.2259647483589649,2.6677243865455273,0.12012693326260532,-0.07238062720305638,0.03700000000000003,0.18200000000000005
27.549973726272583,-152.53626049497092,-137.16078992207545,1.2222652454840945,2.6684859610549245,0.12391203493544956,-0.07263424802440645,0.03700000000000003,0.18200000000000005
27.599973678588867,-152.49462871395767,-137.03162520256623,1.218549560719756,2.670898959595724,0.11752826230323724,-0.0729171067470524,0.03700000000000003,0.18200000000000005
27.64997363090515,-152.4535861775969,-136.90538333523506,1.2149075217589071,2.671329894157649,0.12009712045216897,-0.07287735919177428,0.03700000000000003,0.18200000000000005
27.699973583221436,-152.41145211289992,-136.77820988260598,1.2112402397209643,2.673024851447475,0.11655718570403695,-0.07286263965947695,0.03700000000000003,0.18200000000000005
27.74997353553772,-152.3690520639558,-136.6511171402234,1.2075269334579877,2.673350560389121,0.11861203178413227,-0.07317574037363216,0.03700000000000003,0.18200000000000005
27.799973487854004,-152.3260246085871,-136.52325554301456,1.203763256680968,2.671964518842871,0.12687991663219236,-0.07369874919482773,0.03700000000000003,0.18200000000000005
27.849973440170288,-152.28401705142645,-136.39916379758304,1.2000456792040706,2.6706122279936384,0.136635370527314,-0.07457923542857446,0.03700000000000003,0.18200000000000005
27.899973392486572,-152.24009581578224,-136.27084384280425,1.1962050004198819,2.669394652662157,0.13561234423405674,-0.07515260817981209,0.03700000000000003,0.18200000000000005
27.949973344802856,-152.19597235998515,-136.14317385495363,1.1923419687380243,2.670866202005917,0.12839658463755083,-0.0758298352805187,0.03700000000000003,0.18200000000000005
27.99997329711914,-152.15214425658138,-136.01836583961077,1.1886007233479332,2.670642592096069,0.12672363503934828,-0.07556925020257536,0.03700000000000003,0.18200000000000005
28.049973249435425,-152.10792931687112,-135.89371048516176,1.1848158992424056,2.6697027064029673,0.1252548035938512,-0.07572700405529555,0.03700000000000003,0.18200000000000005
28.09997320175171,-152.0614489295671,-135.7654770146904,1.1808875684415432,2.668121628414336,0.12878291016297178,-0.07617007857279931,0.03700000000000003,0.18200000000000005
28.149973154067993,-152.0153130504263,-135.63983500585715,1.1770523132886603,2.668413540659306,0.12261602287394884,-0.0760881386421651,0.03700000000000003,0.18200000000000005
28.199973106384277,-151.96977939523853,-135.51736050716286,1.1733373712317945,2.6685165099642263,0.12472811808853093,-0.075773675378428,0.03700000000000003,0.18200000000000005
28.24997305870056,-151.9225568734277,-135.39164372366588,1.1695290027623746,2.668935780173209,0.1275039309723468,-0.07548397922660698,0.03700000000000003,0.18200000000000005
28.299973011016846,-151.87408961476567,-135.26547335701605,1.165739319294835,2.6694911335689877,0.11955415821604619,-0.07483451317564396,0.03700000000000003,0.18200000000000005
28.34997296333313,-151.82603863871495,-135.14092789589017,1.1619359501850677,2.6685686090241503,0.12056962825511774,-0.07495618412400236,0.03700000000000003,0.18200000000000005
28.399972915649414,-151.77776034251823,-135.01695100877163,1.1581519576211665,2.6693679462229514,0.12547470990326284,-0.07532539996296968,0.03700000000000003,0.18200000000000005
28.4499728679657,-151.72986393802336,-134.89494498568135,1.1544108449569959,2.6683576632255037,0.12748622109828622,-0.0755643051509355,0.03700000000000003,0.18200000000000005
28.499972820281982,-151.67948808285837,-134.76884197228267,1.1505033506938869,2.667363656997655,0.12290101041726503,-0.07585337055848163,0.03700000000000003,0.18200000000000005
28.549972772598267,-151.62981032330325,-134.64559643416345,1.1466679792272323,2.666681333107035,0.12494014682399121,-0.0762256250169452,0.03700000000000003,0.18200000000000005
28.59997272491455,-151.57991816913955,-134.52264246119904,1.1427985177752467,2.665656118566465,0.12969795615651966,-0.07675613300473542,0.03700000000000003,0.18200000000000005
28.649972677230835,-151.52894756168024,-134.39837250167167,1.1388837759788186,2.665495092304705,0.1289598105954917,-0.07714082585804037,0.03700000000000003,0.18200000000000005
28.69997262954712,-151.47792535416187,-134.27545421520563,1.1349082255601726,2.6638962142041507,0.1346699818485367,-0.07780087042636134,0.03700000000000003,0.18200000000000005
28.749972581863403,-151.42663428137962,-134.15326147367352,1.130946776150718,2.6625358027606856,0.130001635261493,-0.07849031432027959,0.03700000000000003,0.18200000000000005
28.799972534179688,-151.37538963425854,-134.0322713060479,1.1269988736517345,2.6627418072062694,0.13114191609100828,-0.07899853903587203,0.03700000000000003,0.18200000000000005
28.84997248649597,-151.32425326280915,-133.91267838991686,1.1230870567143172,2.663030719942768,0.1243603278336603,-0.0791040671131419,0.03700000000000003,0.18200000000000005
28.899972438812256,-151.26999875748535,-133.78841515520602,1.119078436634252,2.6640876727041576,0.12373260330745545,-0.07876891096500381,0.03700000000000003,0.18200000000000005
28.94997239112854,-151.21666473111705,-133.667355507337,1.115201056630768,2.6639105297107655,0.1186856993133947,-0.07805139721280686,0.03700000000000003,0.18200000000000005
28.999972343444824,-151.16298216107393,-133.5461334329927,1.1113041653153553,2.6637583433467853,0.12883355248594358,-0.07751855856338646,0.03700000000000003,0.18200000000000005
29.04997229576111,-151.1090980087087,-133.42563355462502,1.1075059968983638,2.66422127350951,0.12902283920944785,-0.07684692253536725,0.03700000000000003,0.18200000000000005
29.099972248077393,-151.05317999632985,-133.30327920468412,1.1036398834579442,2.6622963142765927,0.13945382866868214,-0.07595713707970296,0.03700000000000003,0.18200000000000005
29.149972200393677,-150.9984891386894,-133.18383163996353,1.0998290103077477,2.6616035266493356,0.14314585010220762,-0.07598122417144446,0.03700000000000003,0.18200000000000005
29.19997215270996,-150.9418868538193,-133.06083799080753,1.095925774101881,2.6608027071808857,0.14340395413596693,-0.07630434916618586,0.03700000000000003,0.18200000000000005
29.249972105026245,-150.88778642305616,-132.94376634013986,1.0921946220084713,2.6586884420178243,0.13320905620189533,-0.07660604337981354,0.03700000000000003,0.18200000000000005
29.29997205734253,-150.8301897735692,-132.8214489930554,1.0882558917819574,2.6567016847354195,0.14313043553915294,-0.0767077542092728,0.03700000000000003,0.18200000000000005
29.349972009658813,-150.7727835470449,-132.70012071257045,1.0843216230606407,2.6535129730492693,0.14447645183572536,-0.07694000137558876,0.03700000000000003,0.18200000000000005
29.399971961975098,-150.71593104350902,-132.58091360012565,1.0804562348462836,2.6516628225989627,0.15078792332896546,-0.07688802775591848,0.03700000000000003,0.18200000000000005
29.449971914291382,-150.65875144392356,-132.46179400816501,1.076568452097524,2.649998618965457,0.14987211305844048,-0.07723732612720462,0.03700000000000003,0.18200000000000005
29.499971866607666,-150.60006601326836,-132.34177565663234,1.072615601465193,2.647826008513908,0.14213134143988596,-0.07764431283397667,0.03700000000000003,0.18200000000000005
29.54997181892395,-150.5421863570473,-132.2245150893482,1.068769795841343,2.647654729420351,0.14005379614786398,-0.0774975150321888,0.03700000000000003,0.18200000000000005
29.599971771240234,-150.48300184863103,-132.10556068054555,1.0648652480387395,2.646456063550127,0.14007673221249914,-0.077284714011016,0.03700000000000003,0.18200000000000005
29.64997172355652,-150.42451026188712,-131.98940472730447,1.0610934233778113,2.6437692530266395,0.1368410994303407,-0.0767935560259142,0.03700000000000003,0.18200000000000005
29.699971675872803,-150.3636890019567,-131.87103778692094,1.0571389367790784,2.642064446001897,0.13851940329312906,-0.0770082565157762,0.03700000000000003,0.18200000000000005
29.749971628189087,-150.3032101779899,-131.75395527916365,1.0531796064191778,2.641662995074213,0.1338780987199998,-0.07775848248382843,0.03700000000000003,0.18200000000000005
29.79997158050537,-150.24302119398288,-131.63827954636506,1.0492661150544293,2.640390758954014,0.1358189828521476,-0.07848092182023042,0.03700000000000003,0.18200000000000005
29.849971532821655,-150.18198491310588,-131.5214071246,1.0452576510282185,2.639463334534575,0.14088047907617446,-0.07915508462110692,0.03700000000000003,0.18200000000000005
29.89997148513794,-150.11991295735322,-131.40457661808136,1.0412175323128208,2.6380723208961263,0.14012012327840037,-0.07970604709033384,0.03700000000000003,0.18200000000000005
29.949971437454224,-150.05776039933855,-131.28786396802082,1.0371574843698772,2.6363229954000857,0.15315784629136353,-0.07990255607574796,0.03700000000000003,0.18200000000000005
29.999971389770508,-149.99563903401963,-131.17157915230993,1.033106088561086,2.6356835505902683,0.14935574156773612,-0.0802348396902796,0.03700000000000003,0.18200000000000005
30.049971342086792,-149.9347881344365,-131.05832580314205,1.0291848294162123,2.6360003700485932,0.15149482455694185,-0.08014441805762756,0.03700000000000003,0.18200000000000005
30.099971294403076,-149.87296350692492,-130.94383144897228,1.0251932153534793,2.6356552825665123,0.15447616815594825,-0.07986552380820065,0.03700000000000003,0.18200000000000005
30.14997124671936,-149.80815105217187,-130.82455147632177,1.0210437291163126,2.6358656518488277,0.14862194314086352,-0.07980828790262856,0.03700000000000003,0.18200000000000005
30.199971199035645,-149.7451089963348,-130.709448650783,1.0170531935161526,2.6355032519715422,0.1490980158200175,-0.07943680159772516,0.03700000000000003,0.18200000000000005
30.24997115135193,-149.68348043863048,-130.59783943488105,1.0131874986514777,2.6352181125835554,0.15384158643485424,-0.07915544119536522,0.03700000000000003,0.18200000000000005
30.299971103668213,-149.61892772379747,-130.48218953760224,1.0091826766928245,2.6329910199684567,0.15957458061265753,-0.0788067201156806,0.03700000000000003,0.18200000000000005
30.349971055984497,-149.5538649213487,-130.36654956098917,1.0051581168993724,2.6325140840971377,0.15339105624609956,-0.07872734714191461,0.03700000000000003,0.18200000000000005
30.39997100830078,-149.48869181095176,-130.25187967028887,1.00117432615428,2.6324752654672263,0.14482086900371882,-0.0788996292258878,0.03700000000000003,0.18200000000000005
30.449970960617065,-149.424301325374,-130.13967246967178,0.9972788547361432,2.6330019534974833,0.14346983601857544,-0.07872773831518333,0.03700000000000003,0.18200000000000005
30.49997091293335,-149.35739832864056,-130.0251999576116,0.9932354868939597,2.6318254790874733,0.1452862187646347,-0.07891553357775309,0.03700000000000003,0.18200000000000005
30.549970865249634,-149.29129483758607,-129.91286181447586,0.9892484013311649,2.630734201840727,0.1476724447421847,-0.07931951559762236,0.03700000000000003,0.18200000000000005
30.599970817565918,-149.225088654185,-129.80106640062664,0.9852758181760131,2.628804220459652,0.1512202143481274,-0.0794708827943291,0.03700000000000003,0.18200000000000005
30.649970769882202,-149.15826251538002,-129.6888939341804,0.9812735361956281,2.6284595293797137,0.15625957952227804,-0.07961557908228485,0.03700000000000003,0.18200000000000005
30.699970722198486,-149.08971800607563,-129.57414661133387,0.9771888341476034,2.6271499530710978,0.1559945033702663,-0.07968205186751574,0.03700000000000003,0.18200000000000005
30.74997067451477,-149.02147994125656,-129.460814011093,0.9731843466160466,2.6262311266637557,0.15687859269080398,-0.07935425664848465,0.03700000000000003,0.18200000000000005
30.799970626831055,-148.95378203477236,-129.3490607998215,0.9692358575745527,2.6250840410244067,0.15867671936639605,-0.07885307322011571,0.03700000000000003,0.18200000000000005
30.84997057914734,-148.88741799781621,-129.24049897078768,0.9654358490120936,2.623925664919139,0.15823921559542897,-0.07843895309724717,0.03700000000000003,0.18200000000000005
30.899970531463623,-148.81673555792125,-129.12549336805907,0.9614101441141928,2.6218239578436533,0.15072730416823255,-0.07791227733016433,0.03700000000000003,0.18200000000000005
30.949970483779907,-148.74812453549436,-129.01514181536874,0.9575834497258354,2.620878201297222,0.14861290321375342,-0.0770935600524936,0.03700000000000003,0.18200000000000005
30.99997043609619,-148.6785975331268,-128.9041612813752,0.9536899538740748,2.61973634816612,0.14792108133371082,-0.07678512769408878,0.03700000000000003,0.18200000000000005
31.049970388412476,-148.60868302168558,-128.7938962599721,0.9498317703828751,2.618859614470783,0.14885923449152924,-0.0769728767230345,0.03700000000000003,0.18200000000000005
31.09997034072876,-148.53887868702196,-128.6850883108614,0.9459976018588908,2.6167394550272953,0.14417040464445763,-0.07698967455489568,0.03700000000000003,0.18200000000000005
31.149970293045044,-148.4672384466132,-128.57450114792385,0.9420771987396258,2.6155327712475356,0.1466713652143146,-0.07696567346782077,0.03700000000000003,0.18200000000000005
31.199970245361328,-148.39364663178358,-128.46213163592952,0.9380765729718672,2.6135886667148287,0.14619405582064177,-0.07729614616704847,0.03700000000000003,0.18200000000000005
31.249970197677612,-148.32315871615697,-128.35582564713118,0.9343277462340311,2.612691876869614,0.14040262466315412,-0.07699263840587613,0.03700000000000003,0.18200000000000005
31.299970149993896,-148.24899879411086,-128.2457991779404,0.930350318695868,2.612336631456526,0.13911089020249362,-0.0771616905171499,0.03700000000000003,0.18200000000000005
31.34997010231018,-148.17576893449515,-128.13806983063307,0.9264662245121423,2.612305762373105,0.1341044236341467,-0.07719823034951037,0.03700000000000003,0.18200000000000005
31.399970054626465,-148.10296704833516,-128.0316199420894,0.9226241793175521,2.612554633651542,0.13596679605047582,-0.07728145265889308,0.03700000000000003,0.18200000000000005
31.44997000694275,-148.02897313081743,-127.92417961878684,0.9187602418921205,2.6123337029801026,0.14020067049575685,-0.07723117212001969,0.03700000000000003,0.18200000000000005
31.499969959259033,-147.95367399950106,-127.81618984346925,0.9148050225457127,2.6124754009178943,0.14939889917469354,-0.07706581871553597,0.03700000000000003,0.18200000000000005
31.549969911575317,-147.87823820604555,-127.70849140622701,0.9108704991629323,2.6111286516566903,0.15315422675285256,-0.0772887385497723,0.03700000000000003,0.18200000000000005
31.5999698638916,-147.80332841792801,-127.60220645752403,0.9070282048955411,2.6122725439858065,0.1480629263256128,-0.07706161719345374,0.03700000000000003,0.18200000000000005
31.649969816207886,-147.7296394411551,-127.4981022352964,0.9032576383282213,2.6124249264646306,0.1524339958337029,-0.076706737289612,0.03700000000000003,0.18200000000000005
31.69996976852417,-147.65206589515148,-127.38920194513317,0.8992723409894803,2.61276565263056,0.16121372581580898,-0.0766296986802519,0.03700000000000003,0.18200000000000005
31.749969720840454,-147.57627145362025,-127.28350307766192,0.8954131198071037,2.612613909547018,0.15433193672914966,-0.07696141461831936,0.03700000000000003,0.18200000000000005
31.79996967315674,-147.50070707578172,-127.1786752913031,0.8915357615611293,2.611934994797129,0.15523263745681637,-0.07750802552543362,0.03700000000000003,0.18200000000000005
31.849969625473022,-147.42400177815128,-127.07339882931736,0.8876730332168398,2.610646259402314,0.14601646291843653,-0.07757750655187376,0.03700000000000003,0.18200000000000005
31.899969577789307,-147.34754867697893,-126.96882821086162,0.8837289855461716,2.6110270233319075,0.16291832101645434,-0.07759851733444369,0.03700000000000003,0.18200000000000005
31.94996953010559,-147.26891732885014,-126.8614280786923,0.8794906517579458,2.609885733103036,0.16069011655653964,-0.0803245074272722,0.03700000000000003,0.18200000000000005
31.999969482421875,-147.19225887882442,-126.75813732139548,0.8754523615463115,2.6091852639443838,0.1563571992058659,-0.08166236832620558,0.03700000000000003,0.18200000000000005
32.04996943473816,-147.11484910729715,-126.65476039977625,0.8713551600640019,2.6078531941438574,0.1565920071148334,-0.08212432371914731,0.03700000000000003,0.18200000000000005
32.09996938705444,-147.03582644807852,-126.5504943754226,0.8671821455172355,2.606245203354196,0.1576773553723808,-0.08241673644741807,0.03700000000000003,0.18200000000000005
32.14996933937073,-146.95664319410267,-126.44682800648978,0.8629453571514979,2.604537225707443,0.15423319620798012,-0.08319588655705296,0.03700000000000003,0.18200000000000005
32.19996929168701,-146.87687282877332,-126.34325284238692,0.8586507782316837,2.601665751322306,0.14794815296359565,-0.08451689433681928,0.03700000000000003,0.18200000000000005
32.249969244003296,-146.79818487613852,-126.24197173852117,0.8544001248803411,2.601806847223199,0.14915752517297615,-0.08516330971207613,0.03700000000000003,0.18200000000000005
32.29996919631958,-146.717557295452,-126.13876141599565,0.8500219053404847,2.601686591625758,0.14747195647143405,-0.08601339708663303,0.03700000000000003,0.18200000000000005
32.349969148635864,-146.63514305590118,-126.03423469810932,0.8455770793735324,2.601450278067156,0.1538898056569135,-0.0862480024392125,0.03700000000000003,0.18200000000000005
32.39996910095215,-146.55598409635525,-125.93462374803963,0.8413358333809208,2.6011077957936535,0.14944992413030084,-0.08636900767722037,0.03700000000000003,0.18200000000000005
32.44996905326843,-146.47386310309662,-125.83181077277656,0.8369082084486481,2.6012289852729475,0.15912495912025154,-0.08674928022722564,0.03700000000000003,0.18200000000000005
32.49996900558472,-146.39345167124878,-125.73070396768614,0.8325463507327104,2.601401418675615,0.16409506535401866,-0.08681041831279565,0.03700000000000003,0.18200000000000005
32.549968957901,-146.3121449239336,-125.62935681089586,0.8281889643001699,2.602497374715511,0.1650925687862336,-0.08677587898138368,0.03700000000000003,0.18200000000000005
32.599968910217285,-146.22802267888434,-125.52550745498043,0.8237511585665557,2.6029359437299444,0.1687050535075843,-0.0861535026064341,0.03700000000000003,0.18200000000000005
32.64996886253357,-146.14807350203606,-125.4274251247653,0.8195439983029977,2.6049107004842806,0.1678510848013765,-0.08609619981691614,0.03700000000000003,0.18200000000000005
32.69996881484985,-146.06555685358444,-125.32637261673419,0.8152226174359015,2.605039941653331,0.1676654814730973,-0.08578040469065785,0.03700000000000003,0.18200000000000005
32.74996876716614,-145.98300834459909,-125.22612201950417,0.8109197346186867,2.605195371079231,0.17245000667371024,-0.08553198206283472,0.03700000000000003,0.18200000000000005
32.79996871948242,-145.89954479450577,-125.12564484099703,0.8065805477579651,2.605478043159629,0.17835585401944884,-0.08561570726081709,0.03700000000000003,0.18200000000000005
32.849968671798706,-145.8159850407789,-125.02602818892406,0.80225540025404,2.605457675674191,0.17597019846115938,-0.08593565092446283,0.03700000000000003,0.18200000000000005
32.89996862411499,-145.73236233663422,-124.92758398102538,0.797948346741001,2.605242698758927,0.17376958776669335,-0.08614693996718914,0.03700000000000003,0.18200000000000005
32.949968576431274,-145.64681275709728,-124.82786344306952,0.7935383532312569,2.6052726986125236,0.17363009976494195,-0.08636535484967944,0.03700000000000003,0.18200000000000005
32.99996852874756,-145.56205496078675,-124.73002834982978,0.789164226414055,2.604728835737101,0.17415219674586685,-0.08681860332753753,0.03700000000000003,0.18200000000000005
33.04996848106384,-145.47650356177328,-124.63228853138335,0.7847605764058955,2.6039442534442574,0.17134320564281058,-0.08743399324969371,0.03700000000000003,0.18200000000000005
33.09996843338013,-145.38928555233636,-124.5345566713542,0.7803139629196663,2.6024723434737327,0.16509630229389008,-0.08782306507974506,0.03700000000000003,0.18200000000000005
33.14996838569641,-145.30320591311832,-124.43902628425407,0.7759478110323598,2.6024391671892197,0.16736013784306134,-0.08780853846626233,0.03700000000000003,0.18200000000000005
33.199968338012695,-145.21603210205367,-124.34316906779821,0.7715408621592583,2.6019198994499284,0.1686710486909169,-0.08780720236665493,0.03700000000000003,0.18200000000000005
33.24996829032898,-145.1275761044049,-124.24682608207202,0.76710881718269,2.6017183957786525,0.16770622824342973,-0.08787782509437435,0.03700000000000003,0.18200000000000005
33.299968242645264,-145.03837384538352,-124.15045390148659,0.7626164248050924,2.601884595954291,0.17027708866989616,-0.0881316089969531,0.03700000000000003,0.18200000000000005
33.34996819496155,-144.9497316380605,-124.05530540521096,0.7581546352165217,2.6023434049854974,0.17396543130422623,-0.0884823755244573,0.03700000000000003,0.18200000000000005
33.39996814727783,-144.86032754727458,-123.95993686945543,0.7536587725503912,2.6031380195696348,0.17874228486397006,-0.08888275381450088,0.03700000000000003,0.18200000000000005
33.449968099594116,-144.7702508069368,-123.86459925843145,0.7491712324752242,2.603690290479909,0.17994317655331368,-0.08893498933979824,0.03700000000000003,0.18200000000000005
33.4999680519104,-144.68147710147736,-123.7711277377359,0.7447017765881782,2.60357456802112,0.18263178320523432,-0.08906988456765837,0.03700000000000003,0.18200000000000005
33.549968004226685,-144.59062831410125,-123.67617556722757,0.7401885149891856,2.6039396661148575,0.17689605943966719,-0.08901374181975177,0.03700000000000003,0.18200000000000005
33.59996795654297,-144.50067306860092,-123.58272190005742,0.7357280501366635,2.6040435950278527,0.18438387819117708,-0.08884288085356884,0.03700000000000003,0.18200000000000005
33.64996790885925,-144.4107790017045,-123.48995323922423,0.7312755828422061,2.6046888122237886,0.18325342730912994,-0.0890517555878836,0.03400000000000003,0.17100000000000004
33.69996786117554,-144.31813781970905,-123.39566667793501,0.7267150916222862,2.604954422234465,0.1851992222543352,-0.0891955974040984,0.03400000000000003,0.17100000000000004
33.74996781349182,-144.22754599510588,-123.30434446301763,0.7222951487453453,2.605460662067147,0.1859556304347228,-0.08893959599182095,0.03200000000000003,0.16000000000000003
33.799967765808105,-144.1357133486939,-123.2125968374671,0.7178454692513131,2.6057527050884373,0.18713289628192964,-0.08873362702207958,0.03200000000000003,0.16000000000000003
33.84996771812439,-144.04180990077433,-123.11959772058769,0.7133042568376545,2.604187507908336,0.18649383352413548,-0.08871438866332906,0.029000000000000026,0.15000000000000002
33.899967670440674,-143.9499638323791,-123.02991581042147,0.708878454796115,2.602088505377117,0.18166658657853024,-0.08882135462582857,0.029000000000000026,0.15000000000000002
33.94996762275696,-143.85745948632876,-122.9405041200918,0.7044535842717802,2.5999045002958545,0.173323506882018,-0.08893064818717522,0.027000000000000024,0.139
33.99996757507324,-143.76315454495162,-122.85017984010304,0.6999472621904825,2.5982978360477276,0.18134101536492367,-0.0887816475597625,0.027000000000000024,0.139
34.049967527389526,-143.66865240971146,-122.76041858634198,0.6954109584747177,2.5974927119045432,0.17737756075428313,-0.0893495114667053,0.02400000000000002,0.129
34.09996747970581,-143.57556177128825,-122.67356192097205,0.6909218213863386,2.595737974633547,0.17614609358563788,-0.08991688171666332,0.02400000000000002,0.129
34.149967432022095,-143.48131172751988,-122.58633626914971,0.686381551144209,2.595308571596794,0.17614609536311648,-0.09024398620821783,0.02200000000000002,0.118
34.19996738433838,-143.38534191582247,-122.49840726309168,0.6818191489093731,2.5928498044907995,0.1743297523170236,-0.09026844377317857,0.02200000000000002,0.118
34.24996733665466,-143.2899697991252,-122.41150799873789,0.6772432766683286,2.5894375591995873,0.1673562095551187,-0.09055709126354372,0.019000000000000017,0.10699999999999998
34.29996728897095,-143.19379754207804,-122.32498451091982,0.6725631548260398,2.5853996196976197,0.17597678262727287,-0.09124129549153215,0.019000000000000017,0.10699999999999998
34.34996724128723,-143.0977198068545,-122.238942932491,0.6678707427326916,2.5816254022501703,0.1763509259664535,-0.09224386689017634,0.017000000000000015,0.09699999999999998
34.399967193603516,-143.00203725749378,-122.15370691992898,0.6632185747551559,2.5750188480260006,0.1896289800430353,-0.09253030597774278,0.017000000000000015,0.09699999999999998
34.4499671459198,-142.90603246697293,-122.06853948129469,0.6585609240303627,2.5673724245335645,0.19038792759548814,-0.09265672216976922,0.014000000000000012,0.08599999999999997
34.499967098236084,-142.81055493196598,-121.98338089422715,0.6538955834437864,2.5600453099504215,0.19681521321269457,-0.0924408507531477,0.014000000000000012,0.08599999999999997
34.54996705055237,-142.71509490764274,-121.89883846877227,0.649295521418963,2.5526553818013458,0.19447048755157467,-0.09200967192946508,0.01200000000000001,0.07599999999999996
34.59996700286865,-142.62048417611166,-121.81563535536526,0.6448045957392208,2.5460092453734484,0.19863372997193995,-0.09093453883342029,0.01200000000000001,0.07599999999999996
34.64996695518494,-142.52359908167116,-121.73109920227543,0.6402841375514026,2.5395189675832133,0.19992604260687663,-0.08971795873032444,0.009000000000000008,0.06499999999999995
34.69996690750122,-142.42813370773518,-121.64786258344427,0.6358829859404558,2.533574698202531,0.19716599135008078,-0.0883522046098177,0.009000000000000008,0.06499999999999995
34.749966859817505,-142.3330880157965,-121.56590715074688,0.6316223334324976,2.527052237204176,0.19208625847669225,-0.08647013263808122,0.006000000000000005,0.05400000000000005
34.79996681213379,-142.23610777510405,-121.48325354991948,0.6273887849247339,2.519408432927232,0.1935867450703453,-0.08428899358760227,0.006000000000000005,0.05400000000000005
34.84996676445007,-142.1405583680968,-121.4026269044674,0.6232775584417026,2.5091862164159764,0.19065853977672792,-0.08293694710503073,0.0040000000000000036,0.04400000000000004
34.89996671676636,-142.04485192224593,-121.32318096038625,0.6191655539322088,2.4999219020437558,0.18856275584237397,-0.08190074183226227,0.0040000000000000036,0.04400000000000004
34.94996666908264,-141.94879519939423,-121.24437651725916,0.6151093237618732,2.4931604749471448,0.18518756539848633,-0.0811403278180828,0.0010000000000000009,0.03300000000000003
34.999966621398926,-141.85203056605584,-121.16567252811217,0.6110183721167705,2.4845307701198367,0.1831778257861518,-0.0809055317285116,0.0010000000000000009,0.03300000000000003
35.04996657371521,-141.75494446636364,-121.08742431946715,0.6069160686333184,2.4745883524723786,0.1780234630515467,-0.0809332112031625,0.0,0.02300000000000002
35.099966526031494,-141.65808087048174,-121.01052771333792,0.6027303230466408,2.4678329833586505,0.18493336080267364,-0.08163821788744327,0.0,0.02300000000000002
35.14996647834778,-141.56087184620495,-120.93422488279654,0.5986474745220001,2.464108646329342,0.17646854413827162,-0.08166806481659358,0.0,0.01200000000000001
35.19996643066406,-141.4639515561001,-120.85859875530332,0.594613955362119,2.459560762123254,0.18209406314717344,-0.08071492050088885,0.0,0.01200000000000001
35.24996638298035,-141.36634774592875,-120.78287404385578,0.5905861527133075,2.4547587439332186,0.1849994930792941,-0.07992362544036016,0.0,0.0010000000000000009
35.29996633529663,-141.269699716694,-120.70882811989982,0.5866306885190313,2.4500313529479705,0.18957931242180026,-0.07924158211118251,0.0,0.0010000000000000009
35.349966287612915,-141.17215781477628,-120.63444619381765,0.5827118945227397,2.4465255455051356,0.19410868479253038,-0.07810465276921436,0.0,-0.009000000000000008
35.3999662399292,-141.0754435098994,-120.56101454510987,0.5789124124113479,2.442375375471685,0.19222318335751212,-0.07687682170997973,0.0,-0.009000000000000008
35.44996619224548,-140.97716015578763,-120.4866702923969,0.5751355888832972,2.437235069074719,0.2014073842313852,-0.07514070456378383,0.0,-0.020000000000000018
35.49996614456177,-140.88158463797936,-120.4147058458136,0.5714868552808756,2.434489296437741,0.1964467306804689,-0.07380978199812913,0.0,-0.020000000000000018
35.54996609687805,-140.78408552623668,-120.34142432511608,0.56784392610557,2.4334276221089164,0.2054253427650191,-0.07194404414126684,0.0,-0.030000000000000027
35.599966049194336,-140.6875478878133,-120.26934429131867,0.5644076878762039,2.4313922015464797,0.20294586442714832,-0.07027770527287622,0.0,-0.030000000000000027
35.64996600151062,-140.58917993235335,-120.1960479983186,0.5609524495566791,2.4292563664907587,0.20897193578941867,-0.06861797462083492,-0.0010000000000000009,-0.04099999999999998
35.699965953826904,-140.49213591621142,-120.12548308883429,0.5577167287460894,2.4294106200512444,0.19747177632845841,-0.066472630711908,-0.0010000000000000009,-0.04099999999999998
35.74996590614319,-140.3935439501496,-120.05465306401945,0.5547310777560284,2.4328508345656314,0.19207294772076416,-0.06234451652758276,-0.0010000000000000009,-0.04099999999999998
35.79996585845947,-140.29560157839578,-119.98466904124597,0.5519132025849818,2.4374987247417264,0.19285737185621132,-0.05817642386266597,-0.0010000000000000009,-0.04099999999999998
35.84996581077576,-140.19701261405163,-119.91462915495437,0.5491978111608329,2.4418710335425233,0.19305325720004612,-0.0553451057930299,-0.0010000000000000009,-0.04099999999999998
35.89996576309204,-140.09709086922422,-119.84538644545101,0.5465282200238375,2.445777384088688,0.1869704529613313,-0.053217235725011046,-0.0010000000000000009,-0.04099999999999998
35.949965715408325,-139.99686192066213,-119.77645376290006,0.5439884707924535,2.449229531733017,0.17683260688419075,-0.0511837756780568,-0.0010000000000000009,-0.04099999999999998
35.99996566772461,-139.8973520068374,-119.70858189826212,0.5416261569692649,2.4529272230641737,0.1683443555756192,-0.04883196204177752,-0.0010000000000000009,-0.04099999999999998
36.049965620040894,-139.7954488730522,-119.63951302641888,0.5392895848854854,2.457871514732411,0.16685587301355212,-0.046535498407027635,-0.0010000000000000009,-0.04099999999999998
36.09996557235718,-139.6954473299858,-119.57328250265529,0.5370220462760945,2.462762919108335,0.15307593888598095,-0.045428882189429344,-0.0010000000000000009,-0.04099999999999998
36.14996552467346,-139.5951164978269,-119.50834946741575,0.534948241967668,2.4710660723878677,0.15173081687865017,-0.043040723096279626,-0.0010000000000000009,-0.04099999999999998
36.199965476989746,-139.49244646818275,-119.44181699979606,0.5328518344943044,2.480864231408753,0.1601743286654674,-0.0410391243650927,-0.0010000000000000009,-0.04099999999999998
36.24996542930603,-139.39789264944574,-119.3818058089189,0.5308069845730305,2.486056346003536,0.15407788295497413,-0.04070172276669794,-0.0010000000000000009,-0.04099999999999998
36.299965381622314,-139.30190167368858,-119.3211997326289,0.528798493345713,2.4908146197543326,0.14725756930348285,-0.04002933759305744,-0.0010000000000000009,-0.04099999999999998
36.3499653339386,-139.20428883850036,-119.2594269166141,0.526851015406886,2.4969352273608263,0.14874853956513556,-0.038616933604868627,-0.0010000000000000009,-0.04099999999999998
36.39996528625488,-139.10599540572926,-119.19716732958214,0.5249850960520084,2.503024451671967,0.14428796592396237,-0.037536530171051734,-0.0010000000000000009,-0.04099999999999998
36.44996523857117,-139.0065422074839,-119.13396902949384,0.5231418788133178,2.5099578119524373,0.15461255287484993,-0.036451200621115704,-0.0010000000000000009,-0.04099999999999998
36.49996519088745,-138.9050733093225,-119.07049876249616,0.5213116369911164,2.51681997503439,0.15326771433305722,-0.03617959310468634,-0.0010000000000000009,-0.04099999999999998
36.549965143203735,-138.80228894452242,-119.00571441705758,0.5194670126193284,2.5248774321431697,0.16438059013135176,-0.035648010810998235,-0.0010000000000000009,-0.04099999999999998
36.59996509552002,-138.70007317970038,-118.94120790820946,0.517761496417927,2.5324958494617333,0.16153518896477728,-0.03516306662919611,-0.0010000000000000009,-0.04099999999999998
36.649965047836304,-138.59445436386173,-118.87400666932301,0.5159828806892388,2.5401533878342923,0.17007011143249814,-0.03438899473513917,-0.0010000000000000009,-0.04099999999999998
36.69996500015259,-138.48958931454686,-118.8080076042659,0.5143511295199426,2.5487658739473633,0.17346290426024788,-0.03313448468207186,-0.0010000000000000009,-0.04099999999999998
36.74996495246887,-138.3840355355378,-118.7414151040219,0.5127771347458148,2.5574990803012896,0.1732764417316141,-0.031808035242713695,-0.0010000000000000009,-0.04099999999999998
36.799964904785156,-138.2760357520827,-118.67311413792002,0.5112010656260181,2.565049228623769,0.1658832607197423,-0.030904336889553047,-0.0010000000000000009,-0.04099999999999998
36.84996485710144,-138.16868824960994,-118.60541713836886,0.5097379865846445,2.5730311481792705,0.16439261237764244,-0.029764788760259626,-0.0010000000000000009,-0.04099999999999998
36.899964809417725,-138.06189108389012,-118.53812174699634,0.508319760578128,2.5807725060102324,0.16007959752331197,-0.02860316376002382,-0.0010000000000000009,-0.04099999999999998
36.94996476173401,-137.95147431656017,-118.46877575950272,0.506938576306079,2.588873909620831,0.15710396305740384,-0.027327491479713445,-0.0010000000000000009,-0.04099999999999998
36.99996471405029,-137.84324280862214,-118.40121058728988,0.5057038493152904,2.5971505189800492,0.15416478931884764,-0.025672550137506096,-0.0010000000000000009,-0.04099999999999998
37.04996466636658,-137.7325844423485,-118.33241963545835,0.504513979051928,2.604835651289496,0.15767669010212335,-0.023942985065271292,-0.0010000000000000009,-0.04099999999999998
37.09996461868286,-137.62134999994265,-118.26320479269566,0.5033709727052261,2.6133328136717946,0.14958223203373894,-0.022675915256406044,-0.0010000000000000009,-0.04099999999999998
37.149964570999146,-137.51090830493754,-118.19504162721886,0.5023670252632325,2.620261288042885,0.14147459187543038,-0.021098182834050915,-0.0010000000000000009,-0.04099999999999998
37.19996452331543,-137.39902874259062,-118.12651201588238,0.5014745575754478,2.6283529631223086,0.13484505810204267,-0.018901903790876615,-0.0010000000000000009,-0.04099999999999998
37.249964475631714,-137.28608197814694,-118.0577629076667,0.500653798595375,2.63463526802673,0.12682060182657703,-0.016943257310321296,-0.0010000000000000009,-0.04099999999999998
37.299964427948,-137.17374816300023,-117.9893031630078,0.49995604743196015,2.6420767742232014,0.11926714568818768,-0.01483083667573194,-0.0010000000000000009,-0.04099999999999998
37.34996438026428,-137.06080132563704,-117.92058610011192,0.4992411541893301,2.6485368122682105,0.12214240744508144,-0.01372109657648643,-0.0010000000000000009,-0.04099999999999998
37.399964332580566,-136.94625017013828,-117.8512997358123,0.4985828590616927,2.656381610744279,0.1211446044457959,-0.013039206537034293,-0.0010000000000000009,-0.04099999999999998
37.44996428489685,-136.83309600590516,-117.78309647330592,0.4979505824387907,2.662212264229927,0.11836626087690544,-0.012520411483861155,-0.0010000000000000009,-0.04099999999999998
37.499964237213135,-136.71890822172188,-117.71420496265293,0.4973073323346135,2.669709014881721,0.12269951926214429,-0.012325809937321755,-0.0010000000000000009,-0.04099999999999998
37.54996418952942,-136.6040017757278,-117.64514184264308,0.49670919308861106,2.677100106817112,0.11969716032370578,-0.012081445441414597,-0.0010000000000000009,-0.04099999999999998
37.5999641418457,-136.48798011128767,-117.5753948076246,0.4960658335386429,2.683355891172072,0.12099265399196826,-0.01201941853705913,-0.0010000000000000009,-0.04099999999999998
37.64996409416199,-136.37250471286146,-117.5060601246259,0.4954250914990223,2.689365830047262,0.12525572375461708,-0.012307197889839732,-0.0010000000000000009,-0.04099999999999998
37.69996404647827,-136.25711250469365,-117.43708586508096,0.49477605078390274,2.6952508325893043,0.12770527223952344,-0.012439306099849674,-0.0010000000000000009,-0.04099999999999998
37.749963998794556,-136.14019629764346,-117.3672825752092,0.49414785604184586,2.7006471806085224,0.12395197213967594,-0.012280430877066005,-0.0010000000000000009,-0.04099999999999998
37.79996395111084,-136.02407755852278,-117.29812864999788,0.4935810962400525,2.7059536078558297,0.11736859276355684,-0.011672517964548742,-0.0010000000000000009,-0.04099999999999998
37.849963903427124,-135.9073921815429,-117.22853913807232,0.4929861645841544,2.711812146841842,0.12519729093267393,-0.011312543759231007,-0.0010000000000000009,-0.04099999999999998
37.89996385574341,-135.78961480171037,-117.15857604392609,0.4924563635411454,2.717001589246496,0.12069339385883035,-0.010683900049612814,-0.0010000000000000009,-0.04099999999999998
37.94996380805969,-135.67283311353205,-117.08936592238685,0.49196926471450353,2.722587850699793,0.12219716570534012,-0.00960676409517471,-0.0010000000000000009,-0.04099999999999998
37.99996376037598,-135.55509599652333,-117.01987629637482,0.4915612370228978,2.7281274046834594,0.12272867396657654,-0.008580070391634834,-0.0010000000000000009,-0.04099999999999998
38.04996371269226,-135.43642521031578,-116.94998141392317,0.49118402165701863,2.734029759496651,0.11693359005894985,-0.007592726436444683,-0.0010000000000000009,-0.04099999999999998
38.099963665008545,-135.31931655589227,-116.8813177820315,0.4908808716967838,2.7393798723927416,0.11504880785836245,-0.006323975386212649,-0.0010000000000000009,-0.04099999999999998
38.14996361732483,-135.20125479335803,-116.8120617656085,0.49055844609068583,2.745557602198759,0.11407827317545798,-0.0058854388377797716,-0.0010000000000000009,-0.04099999999999998
38.19996356964111,-135.08280236653664,-116.74293415831129,0.49033231383119796,2.7514392615192578,0.11139850486398356,-0.004995880015691064,-0.0010000000000000009,-0.04099999999999998
38.2499635219574,-134.96360579712663,-116.67356956267355,0.4901589249197229,2.757304039628123,0.10613084847635072,-0.0037852777950698217,-0.0010000000000000009,-0.04099999999999998
38.29996347427368,-134.84423601811585,-116.60412539067033,0.4900058659038329,2.764645240776508,0.11086228467922052,-0.0027873425019399084,-0.0010000000000000009,-0.04099999999999998
38.349963426589966,-134.72418586781237,-116.53450324407177,0.4899054473519901,2.771204666959655,0.10365172730999195,-0.0022926516651772767,-0.0010000000000000009,-0.04099999999999998
38.39996337890625,-134.6056039099899,-116.46590620917878,0.48983634531647535,2.7773378019292188,0.10833018297881361,-0.0014945016840332323,-0.0010000000000000009,-0.04099999999999998
38.449963331222534,-134.48446777266247,-116.3958486980572,0.4897305162036712,2.7832499030263484,0.10953468605043898,-0.0013517075515897194,-0.0010000000000000009,-0.04099999999999998
38.49996328353882,-134.36406277245746,-116.3258860690456,0.4896518697609989,2.7886355505898357,0.10213015267403927,-0.0014747718998203456,-0.0010000000000000009,-0.04099999999999998
38.5499632358551,-134.24404221797928,-116.25618386826984,0.4895629820300233,2.794214939453061,0.1079469664250903,-0.001424758544842601,-0.0010000000000000009,-0.04099999999999998
38.59996318817139,-134.12436382637208,-116.1867296349774,0.4894660046135851,2.7999025282313776,0.10201350064428744,-0.00173210787839734,-0.0010000000000000009,-0.04099999999999998
38.64996314048767,-134.00110363155426,-116.11542818988342,0.4894155184513564,2.805002493950529,0.10018654203792599,-0.0015267345228241768,-0.0010000000000000009,-0.04099999999999998
38.699963092803955,-133.87926952234685,-116.04453898923961,0.48936638176691843,2.8102813123357615,0.1011395905975974,-0.0008954551330785149,-0.0010000000000000009,-0.04099999999999998
38.74996304512024,-133.7576860481073,-115.97391550207749,0.48931892127179893,2.8159514018339755,0.09672297999722157,-0.0007510249035232429,-0.0010000000000000009,-0.04099999999999998
38.79996299743652,-133.63325672469136,-115.9017869505853,0.48925633768344046,2.8211326054731267,0.09518956021025236,-0.0008001114294775079,-0.0010000000000000009,-0.04099999999999998
38.84996294975281,-133.51103911521759,-115.83105823790696,0.4891915115244792,2.8255033591327225,0.10599308143343077,-0.0009664399352258263,-0.0010000000000000009,-0.04099999999999998
38.89996290206909,-133.38848932287473,-115.75986441701093,0.4891264636395687,2.830394835225982,0.1014435463766543,-0.001096265212604998,-0.0010000000000000009,-0.04099999999999998
38.949962854385376,-133.26569151500198,-115.68891772659997,0.4891036164581294,2.8344657278470082,0.0933173261712625,-0.000716362187506895,-0.0010000000000000009,-0.04099999999999998
38.99996280670166,-133.14120501879938,-115.61713286911693,0.48904886485327154,2.83813999578468,0.09305658088907975,-0.0006294180672355976,-0.0010000000000000009,-0.04099999999999998
39.049962759017944,-133.01763753744152,-115.54629557596266,0.48903714346068927,2.842909836489581,0.08408755626567847,-0.000512596473591837,-0.0010000000000000009,-0.04099999999999998
39.09996271133423,-132.89328124109352,-115.47472640864893,0.48898011342797076,2.8467810350352214,0.08721541237950123,-0.0004003923912303297,-0.0010000000000000009,-0.04099999999999998
39.14996266365051,-132.76976938029227,-115.40391614924533,0.488931451006635,2.8514998590735146,0.08545657114280547,-0.0005847338648404232,-0.0010000000000000009,-0.04099999999999998
39.1999626159668,-132.64534902017985,-115.3328379969852,0.48888840760881125,2.8569781502462837,0.08424488014327544,-0.0006121680296489513,-0.0010000000000000009,-0.04099999999999998
39.24996256828308,-132.5204497659037,-115.26183502373108,0.4888977646655654,2.86042942504909,0.08044920769218913,-0.00017895024615622465,-0.0010000000000000009,-0.04099999999999998
39.299962520599365,-132.3970180005201,-115.19170438931997,0.4889617514148605,2.864826559816706,0.08030555794402121,0.0009407073123356279,-0.0010000000000000009,-0.04099999999999998
39.34996247291565,-132.26863138772836,-115.11889836008461,0.4890447920657505,2.8683611595900644,0.07788229001404649,0.0017686100089227906,-0.0010000000000000009,-0.04099999999999998
39.399962425231934,-132.14321931463198,-115.04809905580467,0.4891964177673363,2.872929892894223,0.07899960609448715,0.002696065020974689,-0.0010000000000000009,-0.04099999999999998
39.44996237754822,-132.01697440868213,-114.97695165449426,0.4893927205547122,2.8772711747927433,0.0775742999355051,0.0036602795956335375,-0.0010000000000000009,-0.04099999999999998
39.4999623298645,-131.8917511556957,-114.90599947740141,0.4896689132557584,2.8815515388702164,0.07018437528402904,0.004914109312240339,-0.0010000000000000009,-0.04099999999999998
39.549962282180786,-131.7656576759523,-114.83475111706043,0.4900337084902911,2.8850380355168443,0.06621254616312644,0.006568919998769729,-0.0010000000000000009,-0.04099999999999998
39.59996223449707,-131.6383234227248,-114.76280358965231,0.4904384842340146,2.8892047818778095,0.06072043977466375,0.007799855882851075,-0.0010000000000000009,-0.04099999999999998
39.649962186813354,-131.51120717362633,-114.69090322924868,0.4908797154728438,2.893684498980876,0.0774061849837964,0.009020534018671079,-0.0010000000000000009,-0.04099999999999998
39.69996213912964,-131.3855598235686,-114.61911452047347,0.49135899377705394,2.898674228084304,0.08391818805783552,0.009611112120808207,-0.0010000000000000009,-0.04099999999999998
39.74996209144592,-131.25793635487867,-114.5461434245985,0.4918995847893842,2.901998598767527,0.07751460735519065,0.01045448221412419,-0.0010000000000000009,-0.04099999999999998
39.79996204376221,-131.13097177164843,-114.47367606977943,0.4925519159501787,2.9070572651375546,0.078221477336592,0.011880982774101002,-0.0010000000000000009,-0.04099999999999998
39.84996199607849,-131.00486856458443,-114.40152634461846,0.49321548994820813,2.9108148314715425,0.08020690239866196,0.013142896771867927,-0.0010000000000000009,-0.04099999999999998
39.899961948394775,-130.87755861698662,-114.32812351675021,0.4939464596026025,2.9164579718849883,0.07842042000252303,0.014243307027565825,-0.0010000000000000009,-0.04099999999999998
39.94996190071106,-130.75062076220556,-114.25481901287529,0.4946628971155127,2.9215248683721042,0.0798348042641481,0.014870482421983765,-0.0010000000000000009,-0.04099999999999998
39.999961853027344,-130.625589055415,-114.18269693888006,0.49539258767566924,2.9261830171175642,0.07872229306173378,0.015131537657076963,-0.0010000000000000009,-0.04099999999999998
40.04996180534363,-130.49598899065907,-114.10780289561946,0.4960962474945298,2.9311658792111905,0.08590481395928302,0.014679551590421714,-0.0010000000000000009,-0.04099999999999998
40.09996175765991,-130.36949474068248,-114.03399018343528,0.4968245750285824,2.9364551574272437,0.08264664985004569,0.014542278599544685,-0.0010000000000000009,-0.04099999999999998
40.149961709976196,-130.24326174933358,-113.96057600805067,0.4975755347381833,2.941682300166973,0.07768976274355893,0.014810910443646182,-0.0010000000000000009,-0.04099999999999998
40.19996166229248,-130.11424007228044,-113.88578451023851,0.49837994413861847,2.9454463839536067,0.0752010303340018,0.01562653605063184,-0.0010000000000000009,-0.04099999999999998
40.249961614608765,-129.98737526156563,-113.81223670609991,0.49913514232618067,2.9501017845956437,0.07309162869575947,0.01574541890208181,-0.0010000000000000009,-0.04099999999999998
40.29996156692505,-129.85990787250708,-113.73790911387292,0.4999308595662429,2.9542420774587366,0.07318084873766394,0.015809684143665414,-0.0010000000000000009,-0.04099999999999998
40.34996151924133,-129.73105851107744,-113.66301948220558,0.5007934884295063,2.957740636611223,0.07232943920491172,0.016501806413593403,-0.0010000000000000009,-0.04099999999999998
40.39996147155762,-129.6024572714989,-113.58857851693953,0.5017302424607575,2.9617532651675837,0.061983706167054314,0.017681929465545605,-0.0010000000000000009,-0.04099999999999998
40.4499614238739,-129.4740973437499,-113.51428521440164,0.5026793248003416,2.9643936597782643,0.06708653366230835,0.01883384464883144,-0.0010000000000000009,-0.04099999999999998
40.499961376190186,-129.3460230595616,-113.43932149486155,0.5036520233043591,2.967994333655075,0.06423396263907384,0.01937326043826883,-0.0010000000000000009,-0.04099999999999998
40.54996132850647,-129.2160256515756,-113.36357042895737,0.5047135969363562,2.9715604714595263,0.06603013571284118,0.020203681947426375,-0.0010000000000000009,-0.04099999999999998
40.599961280822754,-129.0886156367667,-113.2893150932627,0.5057197718370343,2.9732792270782027,0.061636029503575815,0.020677687226531287,-0.0010000000000000009,-0.04099999999999998
40.64996123313904,-128.9586971001342,-113.21390763778561,0.5068049726254439,2.9753165094552108,0.053062687383871786,0.02093511247055337,-0.0010000000000000009,-0.04099999999999998
40.69996118545532,-128.83038988308834,-113.13883575207086,0.5078508644901802,2.9761019390674135,0.05187599641389896,0.021170218937409946,-0.0010000000000000009,-0.04099999999999998
40.749961137771606,-128.70112084587345,-113.06326468201277,0.5088496227517169,2.9781943865618685,0.05691980361071415,0.021064839427437795,-0.0010000000000000009,-0.04099999999999998
40.79996109008789,-128.57054048858063,-112.98697733687817,0.5098173056087718,2.9798315610081376,0.05466137039724707,0.019929358093576526,-0.0010000000000000009,-0.04099999999999998
40.849961042404175,-128.4412434792529,-112.91170152687889,0.5108095693523717,2.9820991641687034,0.049175865268080494,0.019578001347573877,-0.0010000000000000009,-0.04099999999999998
40.89996099472046,-128.3122354960789,-112.83659611084357,0.5117819600068331,2.9842409168137998,0.04939668859419885,0.019771113722414253,-0.0010000000000000009,-0.04099999999999998
40.94996094703674,-128.18189620867858,-112.76063983049947,0.5127363620079824,2.987261458365322,0.05464338295409547,0.01964459578880242,-0.0010000000000000009,-0.04099999999999998
40.99996089935303,-128.05385501229037,-112.68609231314778,0.513705532078868,2.9890960684822088,0.0559462273128056,0.019803157087502556,-0.0010000000000000009,-0.04099999999999998
41.04996085166931,-127.92278565922909,-112.60975217234888,0.5147233579980542,2.9913326572373986,0.053271993612119574,0.020012108890503047,-0.0010000000000000009,-0.04099999999999998
41.099960803985596,-127.79311442764575,-112.53415606592617,0.5157808970532503,2.992259620224048,0.03869488816091965,0.02075652013099533,-0.0010000000000000009,-0.04099999999999998
41.14996075630188,-127.66269438450345,-112.4580622293863,0.5168920580429952,2.994713762649487,0.03815824408045162,0.021964548797687666,-0.0010000000000000009,-0.04099999999999998
41.199960708618164,-127.53363717179307,-112.3828222624074,0.518084765285215,2.996335366665625,0.041428946912228606,0.023413522178088383,-0.0010000000000000009,-0.04099999999999998
41.24996066093445,-127.4046822202256,-112.30747518129766,0.5192975082451613,3.0007183746096198,0.03997846642154041,0.02427853857916663,-0.0010000000000000009,-0.04099999999999998
41.29996061325073,-127.27313472321596,-112.23082406545211,0.5206168841632134,3.0028182094540976,0.04833613676299699,0.02566618947496792,-0.0010000000000000009,-0.04099999999999998
41.34996056556702,-127.14376576995218,-112.15535664619898,0.5219759047279462,3.0048036740358364,0.03587777071701027,0.02681285098926865,-0.0010000000000000009,-0.04099999999999998
41.3999605178833,-127.0140215988745,-112.07953023244697,0.5233758340824394,3.0077068150141124,0.04406450441695381,0.027949897344391936,-0.0010000000000000009,-0.04099999999999998
41.449960470199585,-126.88294782503361,-112.00272622234122,0.5248106828469793,3.01010184860831,0.04008835637687013,0.02844146249461226,-0.0010000000000000009,-0.04099999999999998
41.49996042251587,-126.75368473955005,-111.92698234611713,0.5262553281592216,3.0120792183760914,0.03593795220255249,0.028840879918374845,-0.0010000000000000009,-0.04099999999999998
41.54996037483215,-126.62387775725048,-111.85061363374436,0.5276716226488691,3.0128948774306505,0.03621462766976281,0.029046283573372893,-0.0010000000000000009,-0.04099999999999998
41.59996032714844,-126.4935640041353,-111.77370613378022,0.5290839309639265,3.0142562368667485,0.03129987346350626,0.02864383765438884,-0.0010000000000000009,-0.04099999999999998
41.64996027946472,-126.3637655329548,-111.69681688710634,0.5304481806856743,3.015637674023702,0.02928528273896878,0.02808936232357011,-0.0010000000000000009,-0.04099999999999998
41.699960231781006,-126.23442910513921,-111.61998287817046,0.5316608926229783,3.017298324688104,0.043954008968156835,0.0264679424286608,-0.0010000000000000009,-0.04099999999999998
41.74996018409729,-126.10341374551517,-111.54207903935108,0.5329074628999203,3.0195430058911845,0.043957070551673944,0.025082164858855394,-0.0010000000000000009,-0.04099999999999998
41.799960136413574,-125.97449014861888,-111.46502083360551,0.5340649021782422,3.0218509479796194,0.04354499082608557,0.024117750139601324,-0.0010000000000000009,-0.04099999999999998
41.84996008872986,-125.8447345022239,-111.3871142655896,0.5351932857503342,3.023843874065048,0.04437322338625603,0.023172751254728015,-0.0010000000000000009,-0.04099999999999998
41.89996004104614,-125.71485485453701,-111.30868841531996,0.5363349486077541,3.0252330777269054,0.036360240883183154,0.022921853291336447,-0.0010000000000000009,-0.04099999999999998
41.94995999336243,-125.58526873724199,-111.23012700233996,0.5374364582275456,3.026348501110465,0.04854237466045851,0.0226446755866751,-0.0010000000000000009,-0.04099999999999998
41.99995994567871,-125.4566220958446,-111.15204486962728,0.5385639497823669,3.0270014871291635,0.042184326263366885,0.02251875390636925,-0.0010000000000000009,-0.04099999999999998
42.049959897994995,-125.32569468846522,-111.07231765726752,0.5397019250201024,3.0275636031663486,0.0394568806390197,0.0225119248704484,-0.0010000000000000009,-0.04099999999999998
42.09995985031128,-125.19716400969826,-110.99343674594114,0.5408254794777223,3.0286248137218013,0.04352759951939172,0.022589318480203936,-0.0010000000000000009,-0.04099999999999998
42.14995980262756,-125.06871889174299,-110.9145493018818,0.5419922472581598,3.0292270954524434,0.03869785015828691,0.02324495259144641,-0.0010000000000000009,-0.04099999999999998
42.19995975494385,-124.9384189436266,-110.83431015512325,0.5431821113320603,3.0304776966011304,0.03928674761497343,0.02350463848259739,-0.0010000000000000009,-0.04099999999999998
42.24995970726013,-124.80973933480948,-110.75517848203579,0.5444524386626862,3.0314698149012846,0.037641913407530335,0.024601142134428745,-0.0010000000000000009,-0.04099999999999998
42.299959659576416,-124.68108515123555,-110.67523568912236,0.5456376521630617,3.031447945988838,0.03251271776032031,0.024686593090745366,-0.0010000000000000009,-0.04099999999999998
42.3499596118927,-124.55294596843171,-110.59558373614448,0.5468645738967134,3.0315391204716615,0.03369124695032466,0.024619959738929477,-0.0010000000000000009,-0.04099999999999998
42.399959564208984,-124.42420130703549,-110.51549488384093,0.5481114251544794,3.0309200195914,0.03370506202257691,0.024771535238471868,-0.0010000000000000009,-0.04099999999999998
42.44995951652527,-124.29487034530402,-110.43486306066245,0.5493532483225909,3.0311983892408305,0.04242744726636401,0.025036995637357673,-0.0010000000000000009,-0.04099999999999998
42.49995946884155,-124.16773013706715,-110.3551001614311,0.5505546811074573,3.031638488572324,0.041031910294331064,0.024771106823139873,-0.0010000000000000009,-0.04099999999999998
42.54995942115784,-124.03864624647039,-110.27395319178049,0.551753359751962,3.0313626384391705,0.03907244926349106,0.02422925825602223,-0.0010000000000000009,-0.04099999999999998
42.59995937347412,-123.91059241498316,-110.19327162364745,0.5529531712347721,3.0312120674222713,0.04425442816620912,0.024142727534067373,-0.0010000000000000009,-0.04099999999999998
42.649959325790405,-123.78224540280176,-110.11226335174653,0.5541631192570299,3.0313579367625656,0.03823264632118105,0.024088873541207152,-0.0010000000000000009,-0.04099999999999998
42.69995927810669,-123.6528946021589,-110.03032256158039,0.5554100046163961,3.0321210520085966,0.03933830845545445,0.024632274717485376,-0.0010000000000000009,-0.04099999999999998
42.749959230422974,-123.5254006711615,-109.94938893990467,0.5566251716381952,3.0325162359144793,0.03303026090911526,0.024723608413890694,-0.0010000000000000009,-0.04099999999999998
42.79995918273926,-123.3974504391709,-109.86822866385087,0.557905094488293,3.03204200215061,0.0376045981629033,0.02522769366936523,-0.0010000000000000009,-0.04099999999999998
42.84995913505554,-123.26836861371795,-109.78618168039694,0.5592002317585573,3.0324694254636704,0.030479972150785864,0.025586555012715534,-0.0010000000000000009,-0.04099999999999998
42.899959087371826,-123.14047137574191,-109.70428864524916,0.5605043172426499,3.0338044065580068,0.031189486746134004,0.02619895538286108,-0.0010000000000000009,-0.04099999999999998
42.94995903968811,-123.01325511102007,-109.62274802727605,0.5618150160543832,3.034086515626279,0.03534637120272591,0.026453175082035436,-0.0010000000000000009,-0.04099999999999998
42.999958992004395,-122.88395921163416,-109.53969390837403,0.5631239338536166,3.0356108670251523,0.03596310089676525,0.02645690680618015,-0.0010000000000000009,-0.04099999999999998
43.04995894432068,-122.7567924037289,-109.45811915271892,0.5644714085182925,3.0370306595847905,0.026700799625202866,0.026474354892215047,-0.0010000000000000009,-0.04099999999999998
43.09995889663696,-122.62899383954289,-109.37545711502906,0.5657932831676223,3.039272976057857,0.031559697074228794,0.026729552205796838,-0.0010000000000000009,-0.04099999999999998
43.14995884895325,-122.49948668229842,-109.29157651229771,0.5671230269888416,3.0415548200713913,0.027515674694276022,0.02668481605799701,-0.0010000000000000009,-0.04099999999999998
43.19995880126953,-122.37279793172706,-109.20929044100244,0.5683578942487477,3.0429782549717106,0.02762627918722124,0.02589212808780914,-0.0010000000000000009,-0.04099999999999998
43.249958753585815,-122.24531649338377,-109.12650869979339,0.5696090653077718,3.0436329308420658,0.02993847973075417,0.02542366297052136,-0.0010000000000000009,-0.04099999999999998
43.2999587059021,-122.1162120516942,-109.04238239755371,0.5708316399534196,3.0454034518065662,0.03381101940487215,0.02471780617242612,-0.0010000000000000009,-0.04099999999999998
43.349958658218384,-121.98921007971204,-108.9595887587069,0.5720613831884417,3.0476568871277094,0.022922408572848267,0.0244951636381585,-0.0010000000000000009,-0.04099999999999998
43.39995861053467,-121.8616037785701,-108.87614296498214,0.5732494884637657,3.0486137541246694,0.032469435930826206,0.024343113980357454,-0.0010000000000000009,-0.04099999999999998
43.44995856285095,-121.73315401411529,-108.79203772332951,0.5744569171930517,3.050949783004707,0.029726020324049522,0.024100851660846426,-0.0010000000000000009,-0.04099999999999998
43.499958515167236,-121.60633144627285,-108.70865948459574,0.5756520828094176,3.05225905819437,0.02805948284533439,0.024196354590235166,-0.0010000000000000009,-0.04099999999999998
43.54995846748352,-121.47857567427349,-108.62471125080613,0.5769031751610639,3.0546321683889763,0.019721184565175562,0.0244556447178674,-0.0010000000000000009,-0.04099999999999998
43.599958419799805,-121.35033568875599,-108.54014182879719,0.5781312838768874,3.0561021121525647,0.02987630466438341,0.024795173067767063,-0.0010000000000000009,-0.04099999999999998
43.64995837211609,-121.22284864455293,-108.45588575494871,0.5793305439164605,3.0583709143882767,0.026291994391683143,0.024545701757343566,-0.0010000000000000009,-0.04099999999999998
43.69995832443237,-121.09624034747074,-108.37182191511205,0.5805534732413062,3.0589705287984996,0.030869664687020876,0.02455041707444518,-0.0010000000000000009,-0.04099999999999998
43.74995827674866,-120.96736641775715,-108.2860185585779,0.5817745272625677,3.060829926101042,0.037491230258713176,0.024563635301335388,-0.0010000000000000009,-0.04099999999999998
43.79995822906494,-120.84038203282837,-108.20147335767473,0.5830296741247859,3.0624433516388154,0.025859764544697114,0.024519945374148443,-0.0010000000000000009,-0.04099999999999998
43.849958181381226,-120.71358751464713,-108.11677828532156,0.5842774245487126,3.063758253876929,0.026563016770934252,0.024934117346386696,-0.0010000000000000009,-0.04099999999999998
43.89995813369751,-120.58512633367461,-108.03088878474675,0.5856027830675369,3.065637958827216,0.02624311446480619,0.025844952217597764,-0.0010000000000000009,-0.04099999999999998
43.949958086013794,-120.45786014994408,-107.94564724135891,0.5869546249438427,3.0664221025844753,0.027477831068033663,0.02674331033512082,-0.0010000000000000009,-0.04099999999999998
43.99995803833008,-120.32989057118164,-107.85971473115526,0.5883264369099992,3.0679886723590277,0.026904699015670372,0.02726081766678739,-0.0010000000000000009,-0.04099999999999998
44.04995799064636,-120.20113205001127,-107.77305195862765,0.5897144325873437,3.068793159177394,0.032279596010659405,0.02733478534185246,-0.0010000000000000009,-0.04099999999999998
44.09995794296265,-120.0748088938353,-107.68770887639027,0.5911081534320305,3.070667642816042,0.030287979411588107,0.02775384398990863,-0.0010000000000000009,-0.04099999999999998
44.14995789527893,-119.94797499529037,-107.6017859016165,0.5924899345810355,3.0722145197974604,0.01947721021742876,0.02803648296305891,-0.0010000000000000009,-0.04099999999999998
44.199957847595215,-119.81994353836869,-107.5148424560455,0.5938667775954061,3.0721626644986566,0.017255534389202458,0.0276882836417007,-0.0010000000000000009,-0.04099999999999998
44.2499577999115,-119.69251245557761,-107.42813462132077,0.5952308540281105,3.0735712405056654,0.020389774617697712,0.027495717356053506,-0.0010000000000000009,-0.04099999999999998
44.29995775222778,-119.56870851594442,-107.34375830536956,0.5965761646910898,3.074302916588901,0.027145724966001736,0.02762720359782489,-0.0010000000000000009,-0.04099999999999998
44.34995770454407,-119.440336633778,-107.25599732101928,0.5979646156647896,3.075130716854914,0.029095388855763196,0.027595053381213087,-0.0010000000000000009,-0.04099999999999998
44.39995765686035,-119.31101986807148,-107.16746325145456,0.5993924098941027,3.078196866943001,0.023668040650730263,0.027881646529553123,-0.0010000000000000009,-0.04099999999999998
44.449957609176636,-119.18452645768235,-107.08060246439742,0.6007814643321624,3.0797548301567264,0.027833177531774535,0.028058609387597272,-0.0010000000000000009,-0.04099999999999998
44.49995756149292,-119.05860693748723,-106.99391919939453,0.6021479287379632,3.0806005936774414,0.02338900467236868,0.02792628371885645,-0.0010000000000000009,-0.04099999999999998
44.549957513809204,-118.93172577133805,-106.90629092714627,0.6035195608561911,3.0820759676358,0.02280291317252259,0.027719312955335855,-0.0010000000000000009,-0.04099999999999998
44.59995746612549,-118.80377615455204,-106.817516760782,0.6048659839391383,3.082565931944437,0.02552179977170099,0.02731131427066001,-0.0010000000000000009,-0.04099999999999998
44.64995741844177,-118.67778915417345,-106.73000232207362,0.6062340391666057,3.0837669390351525,0.01932382693841471,0.027252955620612442,-0.0010000000000000009,-0.04099999999999998
44.69995737075806,-118.5504134944141,-106.64123544248861,0.6076482835210115,3.08391606928308,0.0260620839896983,0.027907495123767462,-0.0010000000000000009,-0.04099999999999998
44.74995732307434,-118.42474394091698,-106.55327374721995,0.6090036277155586,3.085844753953964,0.03255817962084106,0.028111122763858975,-0.0010000000000000009,-0.04099999999999998
44.799957275390625,-118.29860869132058,-106.46489128724714,0.610408131368947,3.087723529116305,0.024938119847111646,0.02805993790413948,-0.0010000000000000009,-0.04099999999999998
44.84995722770691,-118.17060433048255,-106.37494069817667,0.611823976813729,3.090046933036756,0.012984061096820326,0.028062645216640716,-0.0010000000000000009,-0.04099999999999998
44.89995718002319,-118.04597787071354,-106.28748860956759,0.6132066487156037,3.091629161607292,0.015785543995894897,0.028407828931733114,-0.0010000000000000009,-0.04099999999999998
44.94995713233948,-117.91939671073042,-106.19836038714338,0.6145965254942807,3.0925656684414733,0.02265500427608544,0.028157143294527894,-0.0010000000000000009,-0.04099999999999998
44.99995708465576,-117.79384796273388,-106.1097843246046,0.6160016494247226,3.093973691556628,0.01846164978447266,0.02819214910508304,-0.0010000000000000009,-0.04099999999999998
45.049957036972046,-117.66700594158321,-106.02022059217819,0.6174822944128021,3.095536171258774,0.01351657845298762,0.028743604880943473,-0.0010000000000000009,-0.04099999999999998
45.09995698928833,-117.54163060935058,-105.93130450808414,0.618939919064878,3.096197345405031,0.014290662275465455,0.029406837673663082,-0.0010000000000000009,-0.04099999999999998
45.149956941604614,-117.41519686390033,-105.8413746045043,0.6204287436451547,3.0977973683533206,0.017220397658436585,0.02975749601626506,-0.0010000000000000009,-0.04099999999999998
45.1999568939209,-117.28983180717913,-105.75205790561168,0.6219520394599806,3.10041374973725,0.015398497901545993,0.0302686753694279,-0.0010000000000000009,-0.04099999999999998
45.24995684623718,-117.1645926646602,-105.66254257142805,0.6234792936561928,3.1026771649637586,0.013437416245115297,0.030631749505719542,-0.0010000000000000009,-0.04099999999999998
45.29995679855347,-117.03755641164781,-105.57162706343507,0.6250399573604314,3.1042017151872168,0.004745115807210376,0.03074509160645328,-0.0010000000000000009,-0.04099999999999998
45.34995675086975,-116.91233647943933,-105.48168821618266,0.6266015200065381,3.1046086113716016,0.011113053464209474,0.03128607036294246,-0.0010000000000000009,-0.04099999999999998
45.399956703186035,-116.7875009049797,-105.39180405017557,0.628211167163164,3.105279007310776,0.0154614016849373,0.03195535326012893,-0.0010000000000000009,-0.04099999999999998
45.44995665550232,-116.66074183890849,-105.30002764284143,0.6298540827364694,3.1047981339381185,0.015023914096217688,0.03244135007203284,-0.0010000000000000009,-0.04099999999999998
45.4999566078186,-116.53596367509941,-105.20984768354087,0.6315244565916623,3.1061694182326387,0.018107851289286197,0.03316932443819988,-0.0010000000000000009,-0.04099999999999998
45.54995656013489,-116.41146651503256,-105.11943071983094,0.6332277228685042,3.1053285092154552,0.013489251505855452,0.03381857619343891,-0.0010000000000000009,-0.04099999999999998
45.59995651245117,-116.2851360212453,-105.02716091977435,0.6349695267766909,3.1056062123068524,0.004581123912671748,0.03411108696163373,-0.0010000000000000009,-0.04099999999999998
45.649956464767456,-116.16048493372762,-104.93578227080094,0.6367439872468041,3.1058327513902744,0.010404921097589248,0.03505682773785137,-0.0010000000000000009,-0.04099999999999998
45.69995641708374,-116.03602410933243,-104.84458333374215,0.638524815982641,3.1066663184989984,0.012840596262281703,0.03546282774908441,-0.0010000000000000009,-0.04099999999999998
45.749956369400024,-115.91059195196347,-104.75206580938465,0.6402799684414695,3.1061179371129026,0.018664785271435242,0.035504235764134626,-0.0010000000000000009,-0.04099999999999998
45.79995632171631,-115.78680120200815,-104.66028980408811,0.6420074423632888,3.1049954146537813,0.023658506581295917,0.03499275265645193,-0.0010000000000000009,-0.04099999999999998
45.84995627403259,-115.66305119428294,-104.56813225568744,0.6437512409763163,3.1049648119660813,0.014770312472826222,0.034698046384988836,-0.0010000000000000009,-0.04099999999999998
45.89995622634888,-115.53841959864148,-104.47527709310859,0.6455520975884139,3.103806875288024,0.01637491219822836,0.035158274584091626,-0.0010000000000000009,-0.04099999999999998
45.94995617866516,-115.41619130226658,-104.38357595722506,0.647285776970605,3.1043062604125216,0.0184160706910218,0.03532375915708439,-0.0010000000000000009,-0.04099999999999998
45.999956130981445,-115.29239868158741,-104.29018910491557,0.6490288338713441,3.1040369249203206,0.022880051530007356,0.035073146298247516,-0.0010000000000000009,-0.04099999999999998
46.04995608329773,-115.16875371247323,-104.19634715716414,0.6507373115448983,3.1025575068610833,0.0254489883947404,0.03459835667318087,-0.0010000000000000009,-0.04099999999999998
46.099956035614014,-115.04601747724197,-104.10338610292918,0.6524771040557051,3.1011447134772254,0.016656474900509217,0.034530108560311586,-0.0010000000000000009,-0.04099999999999998
46.1499559879303,-114.92345989027505,-104.01019045312272,0.6542325871837279,3.1006762692759344,0.014509822065347816,0.03480733298838254,-0.0010000000000000009,-0.04099999999999998
46.19995594024658,-114.80360975801655,-103.91860355480206,0.6559566754404085,3.1005730064119343,0.022114704770815015,0.0351656951287274,-0.0010000000000000009,-0.04099999999999998
46.249955892562866,-114.67857954326712,-103.82241374482071,0.6577132958678089,3.0998543500074316,0.019218473812052446,0.03504578332845823,-0.0010000000000000009,-0.04099999999999998
46.29995584487915,-114.55692355849894,-103.72853636425064,0.6594304424472452,3.100204119825616,0.023826204669833578,0.03488448368721689,-0.0010000000000000009,-0.04099999999999998
46.349955797195435,-114.43425429759698,-103.63350160902688,0.6612049412379737,3.09977017220909,0.018133429799853083,0.03501329851886411,-0.0010000000000000009,-0.04099999999999998
46.39995574951172,-114.31240546332302,-103.53847291491088,0.6629382781983996,3.100364766818497,0.02030033924601142,0.03498604568415832,-0.0010000000000000009,-0.04099999999999998
46.449955701828,-114.19082899785407,-103.44339387359808,0.6647410565304576,3.1016631692882606,0.021264785006496867,0.035544693444901715,-0.0010000000000000009,-0.04099999999999998
46.49995565414429,-114.07027711730072,-103.34906005859375,0.6665342017736721,3.1023887884910364,0.021582534577855507,0.03597471495901329,-0.0010000000000000009,-0.04099999999999998
46.54995560646057,-113.94837841457596,-103.25326123045328,0.6683880425545214,3.1030090648473334,0.025924126327951783,0.036575566300967664,-0.0010000000000000009,-0.04099999999999998
46.599955558776855,-113.82673101659837,-103.1571688473338,0.67025184564807,3.1036760497831652,0.024010012349192113,0.0369871146107866,-0.0010000000000000009,-0.04099999999999998
46.64995551109314,-113.7060948716839,-103.06148009986228,0.6721161858618869,3.1036296617954,0.015306718087020253,0.03702845660294274,-0.0010000000000000009,-0.04099999999999998
46.699955463409424,-113.58457411634723,-102.96566235249072,0.6740178430244299,3.103131123393392,0.014649527065809086,0.03746426562829368,-0.0010000000000000009,-0.04099999999999998
46.74995541572571,-113.46408250922346,-102.87014130812143,0.6759005007315466,3.102682236827549,0.01782932702007025,0.03759763801591023,-0.0010000000000000009,-0.04099999999999998
46.79995536804199,-113.34457740873187,-102.77502811153033,0.6777937040041485,3.102781539486111,0.013765070807282518,0.03788574659340969,-0.0010000000000000009,-0.04099999999999998
46.849955320358276,-113.22257301725584,-102.67744050473527,0.6797217089862183,3.102966178009798,0.019760754326750132,0.03812738964250609,-0.0010000000000000009,-0.04099999999999998
46.89995527267456,-113.10250187083187,-102.5824022178976,0.6816411073698186,3.104273892028312,0.014390319774702547,0.03817196262634208,-0.0010000000000000009,-0.04099999999999998
46.949955224990845,-112.98242878326886,-102.48674295938372,0.6835435431824396,3.104851251206764,0.016129374613010113,0.0382704425432015,-0.0010000000000000009,-0.04099999999999998
46.99995517730713,-112.86130209629204,-102.3897375855666,0.6854697966434572,3.1065210009666355,0.0060426235702029174,0.038055217417341136,-0.0010000000000000009,-0.04099999999999998
47.04995512962341,-112.74194808587795,-102.29370887570265,0.687364126250308,3.1082140228467763,0.0078042978868975285,0.03800437550355749,-0.0010000000000000009,-0.04099999999999998
47.0999550819397,-112.62190077991212,-102.19811621116723,0.6893343485158944,3.1079907273883474,-0.0018657375713841868,0.03863886800489812,-0.0010000000000000009,-0.04099999999999998
47.14995503425598,-112.4991646716187,-102.09978134877106,0.6913573331885514,3.108229147748107,-0.0027489150618580822,0.039422999426802746,-0.0010000000000000009,-0.04099999999999998
47.199954986572266,-112.37908476649712,-102.00296391707592,0.6933405617104182,3.1078414225544466,0.0027715557108175005,0.03988034404048982,-0.0010000000000000009,-0.04099999999999998
47.24995493888855,-112.25982029922211,-101.90632832189546,0.6953194420158519,3.1070292334852403,-0.013448410319119723,0.03957969630898006,-0.0010000000000000009,-0.04099999999999998
47.299954891204834,-112.13895840586376,-101.80951373254713,0.6973159584807078,3.106784517134344,-0.005216034505417337,0.03982989171444405,-0.0010000000000000009,-0.04099999999999998
47.34995484352112,-112.01857041443628,-101.71233717662135,0.6992872251975536,3.1055096784985188,-0.010912802813316086,0.03947837145788904,-0.0010000000000000009,-0.04099999999999998
47.3999547958374,-111.8989567097029,-101.61505069416506,0.7012360500179186,3.105919818513152,-0.005737539477500534,0.03932078609246706,-0.0010000000000000009,-0.04099999999999998
47.44995474815369,-111.77804496535127,-101.51599869820309,0.7032115438618688,3.1047268048323917,-0.0029246730073208107,0.03931213487723717,-0.0010000000000000009,-0.04099999999999998
47.49995470046997,-111.65906161629411,-101.418879567336,0.7051331356778133,3.105204180106184,-0.00941941045956969,0.038906852097445196,-0.0010000000000000009,-0.04099999999999998
47.549954652786255,-111.53979430235798,-101.32092084591152,0.7070833269152801,3.1035846114777876,-0.007873800053375998,0.03876779719491026,-0.0010000000000000009,-0.04099999999999998
47.59995460510254,-111.41976328099028,-101.22153649431594,0.7090366237428346,3.1029392386881027,-0.0018656924070074743,0.03897478249161802,-0.0010000000000000009,-0.04099999999999998
47.64995455741882,-111.30125701877938,-101.12265869845739,0.7109418778042119,3.1015857121430703,-0.013266132393618704,0.03836226061749114,-0.0010000000000000009,-0.04099999999999998
47.69995450973511,-111.18325720057513,-101.02453011794015,0.7128144238615166,3.1014456615116046,-0.00466281625634616,0.03809866737969745,-0.0010000000000000009,-0.04099999999999998
47.74995446205139,-111.06512374851971,-100.92564021226285,0.7146987005248719,3.101571354604081,-0.00981990297353798,0.03784885045215404,-0.0010000000000000009,-0.04099999999999998
47.799954414367676,-110.9471702249487,-100.82636128597392,0.7165923375446624,3.100962812576,-0.004235046611551759,0.038018273008740826,-0.0010000000000000009,-0.04099999999999998
47.84995436668396,-110.82911964567154,-100.72639781698487,0.7184890235557846,3.101347555550984,-0.006055719718552181,0.03804784816166551,-0.0010000000000000009,-0.04099999999999998
47.899954319000244,-110.71209846784538,-100.62764055387365,0.7203700987561761,3.1020964845734875,-0.004131677180251031,0.0380414572247519,-0.0010000000000000009,-0.04099999999999998
47.94995427131653,-110.59375009117423,-100.52722128502293,0.7223183583907351,3.102465956247035,-0.01459398367686408,0.03809837945302067,-0.0010000000000000009,-0.04099999999999998
47.99995422363281,-110.47678914513803,-100.42736422704174,0.7242225386958059,3.1022501118428143,-0.019261349260727867,0.03822898261733192,-0.0010000000000000009,-0.04099999999999998
48.0499541759491,-110.35985217897566,-100.32704627861698,0.726137197610921,3.103024477943759,-0.01705748037283979,0.03834769105159185,-0.0010000000000000009,-0.04099999999999998
48.09995412826538,-110.2420209712555,-100.2262910159045,0.7280099743580803,3.102387636130378,-0.01709890556958977,0.03789565327894412,-0.0010000000000000009,-0.04099999999999998
48.149954080581665,-110.12518344855522,-100.12591047184192,0.729880037117236,3.1020452407025854,-0.015396801249679008,0.037489424140171174,-0.0010000000000000009,-0.04099999999999998
48.19995403289795,-110.01119634251374,-100.0273173937826,0.7316856373949239,3.101049161396774,-0.015757204002235927,0.037107378262163905,-0.0010000000000000009,-0.04099999999999998
48.24995398521423,-109.89169557609313,-99.92322627072419,0.7335501655785466,3.101057978519296,-0.014490600344269399,0.03668714744178619,-0.0010000000000000009,-0.04099999999999998
48.29995393753052,-109.77524784633091,-99.82234808554229,0.7353862198920346,3.1003918810755167,-0.010000225030578836,0.0364976195120881,-0.0010000000000000009,-0.04099999999999998
48.3499538898468,-109.65918062811282,-99.72098525391779,0.7371955520543532,3.100891521387224,-0.013705512465338004,0.03618998085241984,-0.0010000000000000009,-0.04099999999999998
48.399953842163086,-109.54333203971169,-99.61908185196889,0.7390068766230101,3.1017971693038464,-0.014952722613079863,0.036055432323143816,-0.0010000000000000009,-0.04099999999999998
48.44995379447937,-109.4277308715397,-99.51671940432722,0.7408202528573101,3.10108607067714,-0.013014957862677532,0.0360581151626178,-0.0010000000000000009,-0.04099999999999998
48.499953746795654,-109.31343004293855,-99.41535932004447,0.7426410258433969,3.1007313284435534,-0.012079784463602623,0.03629445468503993,-0.0010000000000000009,-0.04099999999999998
48.54995369911194,-109.19692474927922,-99.31129974900117,0.7444678739826796,3.1006735332202027,-0.01009748591449644,0.03605946218856394,-0.0010000000000000009,-0.04099999999999998
48.59995365142822,-109.08225649583953,-99.20821431052298,0.7462555003545597,3.0999822961642867,-0.012212098734221279,0.03575267640398728,-0.0010000000000000009,-0.04099999999999998
48.64995360374451,-108.9687423778519,-99.10578083850473,0.748071402109946,3.100137247425372,-0.011407729246283345,0.03588777441033759,-0.0010000000000000009,-0.04099999999999998
48.69995355606079,-108.85362286468285,-99.00154763257429,0.7499469105286544,3.099943183005859,-0.016453809639573793,0.03651227470782426,-0.0010000000000000009,-0.04099999999999998
48.749953508377075,-108.73950755308563,-98.89761877017752,0.7518161278405489,3.099224233016431,-0.01630474380730454,0.037013156854589446,-0.0010000000000000009,-0.04099999999999998
48.79995346069336,-108.62667842433692,-98.79434708835701,0.7537119849264843,3.0991218147477975,-0.013093658084560549,0.037554084911055066,-0.0010000000000000009,-0.04099999999999998
48.849953413009644,-108.51207832996796,-98.68887016029896,0.7556754109775689,3.099113244364972,-0.011876822802880651,0.038403697107042646,-0.0010000000000000009,-0.04099999999999998
48.89995336532593,-108.39862410297057,-98.5844164708966,0.7576480979393966,3.0991658950348002,-0.010607352291903904,0.03899805501249865,-0.0010000000000000009,-0.04099999999999998
48.94995331764221,-108.28539277140462,-98.47974490127405,0.7596800315772069,3.0995277037158084,-0.011850036569462138,0.03971464430917601,-0.0010000000000000009,-0.04099999999999998
48.999953269958496,-108.17198746059816,-98.3742060504019,0.761690999797856,3.100477857386254,-0.01587182429430227,0.03998619747733595,-0.0010000000000000009,-0.04099999999999998
49.04995322227478,-108.05926056739999,-98.26889469006274,0.7637357738618444,3.1002200361168346,-0.016396912491719248,0.0402631780934054,-0.0010000000000000009,-0.04099999999999998
49.099953174591064,-107.94714523256305,-98.16365230665936,0.7657927998125847,3.100098691383399,-0.014016020682459903,0.040953567678452256,-0.0010000000000000009,-0.04099999999999998
49.14995312690735,-107.83504829512184,-98.05811931294582,0.7678934875807609,3.098259162814097,-0.018564314369607544,0.04148633670447584,-0.0010000000000000009,-0.04099999999999998
49.19995307922363,-107.72227780975564,-97.9513898952512,0.7699908085214198,3.098038317804718,-0.020278548316444503,0.04162663009915039,-0.0010000000000000009,-0.04099999999999998
49.24995303153992,-107.61042493992882,-97.84523419236051,0.7721094939880261,3.098026374864076,-0.018128367361237678,0.04198518246030105,-0.0010000000000000009,-0.04099999999999998
49.2999529838562,-107.49937146019069,-97.73989651257975,0.7741965955234629,3.0962156924787743,-0.01717184793938262,0.04206024878025884,-0.0010000000000000009,-0.04099999999999998
49.349952936172485,-107.38712339048033,-97.63304025155527,0.7763163678204337,3.0957442978867324,-0.02227265878528338,0.04199762159475574,-0.0010000000000000009,-0.04099999999999998
49.39995288848877,-107.27576114340374,-97.52669570654119,0.7784421695368151,3.0943028456713875,-0.022953887906369656,0.04212139938101815,-0.0010000000000000009,-0.04099999999999998
49.449952840805054,-107.16525345879768,-97.42056964933833,0.7805159521198227,3.093638815534228,-0.03196731072716245,0.041927253274060564,-0.0010000000000000009,-0.04099999999999998
49.49995279312134,-107.05360417645839,-97.31424034250185,0.7826432753585298,3.092564244286683,-0.035974096621120354,0.042000001340027786,-0.0010000000000000009,-0.04099999999999998
49.54995274543762,-106.94309798452673,-97.20831126079128,0.7846808792144512,3.093135515249044,-0.029627728824747464,0.041607744469070604,-0.0010000000000000009,-0.04099999999999998
49.599952697753906,-106.83239124633124,-97.10171493794623,0.7867246843237683,3.0931138121330677,-0.024979936351486088,0.04112851440796946,-0.0010000000000000009,-0.04099999999999998
49.64995265007019,-106.72033587057447,-96.99321401985988,0.7887620625865279,3.0926666817433976,-0.026341935617405502,0.04056957379597594,-0.0010000000000000009,-0.04099999999999998
49.699952602386475,-106.61062627779249,-96.88728339087493,0.7908150835855694,3.0920927113448755,-0.033818691948174544,0.04055507709005792,-0.0010000000000000009,-0.04099999999999998
49.74995255470276,-106.49972995102544,-96.77942990132154,0.7928462502478733,3.090389715885252,-0.03596802078386241,0.040549622506175505,-0.0010000000000000009,-0.04099999999999998
49.79995250701904,-106.38934659130842,-96.67144150568426,0.7948644460325179,3.09022090768034,-0.029031918711283147,0.04048887008460268,-0.0010000000000000009,-0.04099999999999998
49.84995245933533,-106.28218326454028,-96.56597288934597,0.7968067422182169,3.089588347392387,-0.03611283618789701,0.04004279112820159,-0.0010000000000000009,-0.04099999999999998
49.89995241165161,-106.17116304827374,-96.4570209728564,0.7988464212440094,3.088567504756478,-0.0350706659756423,0.039930380500262944,-0.0010000000000000009,-0.04099999999999998
49.949952363967896,-106.0612327528558,-96.34830993607699,0.8008726923154682,3.0888154152737237,-0.03006648134316488,0.04001078131440324,-0.0010000000000000009,-0.04099999999999998
49.99995231628418,-105.95239320802582,-96.2400397347516,0.802912604871586,3.0891834928850344,-0.02701278962159706,0.04039415927100606,-0.0010000000000000009,-0.04099999999999998
50.049952268600464,-105.84574337355214,-96.13312104089928,0.8049083620325485,3.089120048877789,-0.022518898020059547,0.040727971792071854,-0.0010000000000000009,-0.04099999999999998
50.09995222091675,-105.73486199851213,-96.02216734228914,0.807007222110749,3.088704875294749,-0.02372373804652354,0.04098631212486202,-0.0010000000000000009,-0.04099999999999998
50.14995217323303,-105.62682158235955,-95.91329624863992,0.8090707597773594,3.0876762936354023,-0.028347186761822046,0.041074158295024456,-0.0010000000000000009,-0.04099999999999998
50.199952125549316,-105.51924021647534,-95.80408033110417,0.8111478775020343,3.0875667343240605,-0.024713219807896664,0.04130465462092423,-0.0010000000000000009,-0.04099999999999998
50.2499520778656,-105.41224371393693,-95.69487975658333,0.8132751237982947,3.0884231165903695,-0.022590610032387045,0.041815939477770334,-0.0010000000000000009,-0.04099999999999998
50.299952030181885,-105.30478293034453,-95.58466634880887,0.8153867917030836,3.0894418258081484,-0.013609608971933218,0.04223757509641294,-0.0010000000000000009,-0.04099999999999998
50.34995198249817,-105.19713498422486,-95.47365362916109,0.8175658838422616,3.090326089205828,-0.01815025923903514,0.04262403309255921,-0.0010000000000000009,-0.04099999999999998
50.39995193481445,-105.0915799609195,-95.36409577379175,0.8197292515315753,3.0905719386086337,-0.022733427995172254,0.04300081994375639,-0.0010000000000000009,-0.04099999999999998
50.44995188713074,-104.98466320410144,-95.2524463297472,0.8219618422853452,3.0903517945485133,-0.018151782379660572,0.043730305871206396,-0.0010000000000000009,-0.04099999999999998
50.49995183944702,-104.87879430508544,-95.14139425421557,0.8241460289724093,3.089990532076938,-0.02020520592869692,0.04380263255479134,-0.0010000000000000009,-0.04099999999999998
50.549951791763306,-104.77302321500932,-95.02967786257152,0.8263210608058565,3.0887373155158357,-0.014983448207108063,0.043473997623538936,-0.0010000000000000009,-0.04099999999999998
50.59995174407959,-104.66610144718709,-94.91632627304807,0.8285609463992675,3.0878828545781465,-0.020613958387070776,0.04353613567352849,-0.0010000000000000009,-0.04099999999999998
50.649951696395874,-104.56107795384459,-94.8044058244365,0.8307465801583376,3.0870447825106844,-0.013887469951121003,0.04368868621712761,-0.0010000000000000009,-0.04099999999999998
50.69995164871216,-104.45668138898763,-94.69345196270902,0.8329401846435985,3.086251081796705,-0.02548147337521078,0.04356610373945398,-0.0010000000000000009,-0.04099999999999998
50.74995160102844,-104.35057979980157,-94.58024441933082,0.8351765771175732,3.0867675607369742,-0.026415880186183436,0.043921718243188176,-0.0010000000000000009,-0.04099999999999998
50.79995155334473,-104.24658812013375,-94.46880808974721,0.8373750311714582,3.0846160782051126,-0.024983532149350427,0.044092542585588125,-0.0010000000000000009,-0.04099999999999998
50.84995150566101,-104.14299804689507,-94.35750951791438,0.8395976183042073,3.083360276426456,-0.03201667348543419,0.044452888870389846,-0.0010000000000000009,-0.04099999999999998
50.899951457977295,-104.03600562303839,-94.24243372424488,0.8418758140472684,3.082586171785666,-0.03332580842247541,0.04446775560908987,-0.0010000000000000009,-0.04099999999999998
50.94995141029358,-103.93385580329355,-94.13218052685296,0.8440589934126812,3.081848007230378,-0.032279701593270586,0.04446364180046736,-0.0010000000000000009,-0.04099999999999998
50.99995136260986,-103.82896572600305,-94.01862448991004,0.8463132817432454,3.081102066624962,-0.04109524983344493,0.0445386598971675,-0.0010000000000000009,-0.04099999999999998
51.04995131492615,-103.7252546789603,-93.90576999889126,0.8485098564485544,3.0817054547907192,-0.04335882075639119,0.04426349788149383,-0.0010000000000000009,-0.04099999999999998
51.09995126724243,-103.61891797798458,-93.79076275006776,0.8507234680990218,3.082285183288357,-0.04012638334451959,0.043638160949585336,-0.0010000000000000009,-0.04099999999999998
51.149951219558716,-103.51575008606245,-93.67867719928059,0.8528872105023012,3.082861906766983,-0.04464824914011572,0.04328668692442524,-0.0010000000000000009,-0.04099999999999998
51.199951171875,-103.41075418313143,-93.56385970886019,0.8551129572050404,3.0822990244604527,-0.040296344305329086,0.04360333313974702,-0.0010000000000000009,-0.04099999999999998
51.249951124191284,-103.30750588727179,-93.45043312683038,0.8573573421393643,3.081499483461568,-0.044921276809989745,0.044136220944976955,-0.0010000000000000009,-0.04099999999999998
51.29995107650757,-103.20683891184859,-93.34051208588484,0.8596207329559172,3.0801486205555753,-0.04615601434779521,0.04527999705446265,-0.0010000000000000009,-0.04099999999999998
51.34995102882385,-103.10040613866724,-93.22329973809401,0.8620037307523762,3.079736892415184,-0.04001730151542599,0.04596903217718048,-0.0010000000000000009,-0.04099999999999998
51.39995098114014,-102.99833877291985,-93.10995421652117,0.8642667277140959,3.079930050163297,-0.04253633085525468,0.045827376664886135,-0.0010000000000000009,-0.04099999999999998
51.44995093345642,-102.89564036505482,-92.99525736596402,0.8665937850186067,3.0788803252928654,-0.05043844240152863,0.04585519273400569,-0.0010000000000000009,-0.04099999999999998
51.499950885772705,-102.79340077629502,-92.88154246858066,0.8689243855490598,3.078081178107419,-0.047807918296387725,0.046198077251120524,-0.0010000000000000009,-0.04099999999999998
51.54995083808899,-102.69409452178564,-92.76991843955203,0.8711262268565965,3.0773522814350955,-0.040807154703958785,0.045765864241941984,-0.0010000000000000009,-0.04099999999999998
51.59995079040527,-102.5908717584023,-92.65312552386513,0.8734295778218887,3.07720004767034,-0.037848022306320124,0.045216756547669414,-0.0010000000000000009,-0.04099999999999998
51.64995074272156,-102.48891711427814,-92.5369079609438,0.8756887014448622,3.0768869196504127,-0.04495076488006177,0.04468507372903433,-0.0010000000000000009,-0.04099999999999998
51.69995069503784,-102.3878585247719,-92.42140845103367,0.8778940752293041,3.0767995042630996,-0.04430826691876405,0.04409061761557958,-0.0010000000000000009,-0.04099999999999998
51.749950647354126,-102.29022866428488,-92.30914163117362,0.8799954922600663,3.0769076334798755,-0.0430445963071642,0.04338586610732692,-0.0010000000000000009,-0.04099999999999998
51.79995059967041,-102.18826029951182,-92.191028883509,0.8821277613671725,3.0769178567504616,-0.04291723534206481,0.042489639402499585,-0.0010000000000000009,-0.04099999999999998
51.849950551986694,-102.08870326332533,-92.0750776563158,0.8841789226205488,3.076553379189196,-0.04527272434984294,0.041286539164278324,-0.0010000000000000009,-0.04099999999999998
51.89995050430298,-101.98778404845554,-91.95715709624979,0.8862727642291578,3.0768906467112855,-0.044302386898124026,0.041034562206795765,-0.0010000000000000009,-0.04099999999999998
51.94995045661926,-101.88916491839892,-91.8411124170617,0.8882695285240098,3.076792558769282,-0.04059750256090263,0.04051299023745224,-0.0010000000000000009,-0.04099999999999998
51.99995040893555,-101.78975721214617,-91.7235720401218,0.8902622694453197,3.0773302797808433,-0.036145808734201354,0.04000104161600144,-0.0010000000000000009,-0.04099999999999998
52.04995036125183,-101.69235597891728,-91.60775355401502,0.8921795763943433,3.076705160125571,-0.042953030213008656,0.03908827632837627,-0.0010000000000000009,-0.04099999999999998
52.099950313568115,-101.5924406710094,-91.48844024630294,0.8941891184081219,3.0767277284227004,-0.047134228817588435,0.03889941331978579,-0.0010000000000000009,-0.04099999999999998
52.1499502658844,-101.49401112145738,-91.37051458437581,0.8962000947263639,3.0762672974215217,-0.05160907471727634,0.03939168214750082,-0.0010000000000000009,-0.04099999999999998
52.199950218200684,-101.39636404613883,-91.25292470731355,0.8982002382004054,3.075373376478104,-0.04508486523918402,0.03985381661580094,-0.0010000000000000009,-0.04099999999999998
52.24995017051697,-101.29823320909931,-91.13394470773584,0.9001647388635519,3.0760149349188146,-0.041093421558973886,0.03954518627221156,-0.0010000000000000009,-0.04099999999999998
52.29995012283325,-101.2001696004496,-91.01431993133119,0.9020805355340652,3.0767346295218685,-0.0325694680708489,0.03860860044372274,-0.0010000000000000009,-0.04099999999999998
52.349950075149536,-101.10284086792745,-90.89550269461202,0.9040945483011928,3.076122432427562,-0.04087792735394616,0.0386721839295095,-0.0010000000000000009,-0.04099999999999998
52.39995002746582,-101.00630247869563,-90.77686929807535,0.906062298324253,3.0742674403551753,-0.035409578432442926,0.03935865487818904,-0.0010000000000000009,-0.04099999999999998
52.449949979782104,-100.90933442393651,-90.65744237461996,0.9081227932750549,3.074166147231983,-0.04611780180894305,0.04017908424717915,-0.0010000000000000009,-0.04099999999999998
52.49994993209839,-100.81254310419487,-90.53817014861225,0.9102405861004252,3.075787214079547,-0.050436978236328235,0.04123682286347784,-0.0010000000000000009,-0.04099999999999998
52.54994988441467,-100.71760332664833,-90.42055634500569,0.9123172499625626,3.0768748167661295,-0.04548579080573715,0.041998552680243516,-0.0010000000000000009,-0.04099999999999998
52.59994983673096,-100.61919206957747,-90.29807909865167,0.914460234512536,3.07756162327688,-0.046733696130619014,0.0419496531348796,-0.0010000000000000009,-0.04099999999999998
52.64994978904724,-100.52376532116851,-90.17885209195391,0.9165520384099973,3.077775430852493,-0.044923061948429606,0.04186686934998192,-0.0010000000000000009,-0.04099999999999998
52.699949741363525,-100.42773407330324,-90.05808125962386,0.9186632967545584,3.077932984202451,-0.05150706475865868,0.04175067018275589,-0.0010000000000000009,-0.04099999999999998
52.74994969367981,-100.3314100780002,-89.93648587449721,0.9207740979324383,3.0767406185952484,-0.04212296194916175,0.04180011854739932,-0.0010000000000000009,-0.04099999999999998
52.799949645996094,-100.23655074486975,-89.81612900746822,0.9228185856907064,3.0778687386545984,-0.04215089120174998,0.04139897094755158,-0.0010000000000000009,-0.04099999999999998
52.84994959831238,-100.1435172131473,-89.69764823738996,0.9248023521057153,3.078416793646343,-0.04939015986663511,0.040706162061325143,-0.0010000000000000009,-0.04099999999999998
52.89994955062866,-100.04716353133816,-89.57487662659189,0.9268606537466285,3.079923311166321,-0.049035743886471875,0.040318297215841896,-0.0010000000000000009,-0.04099999999999998
52.949949502944946,-99.95190869634347,-89.45301100941501,0.928868022285651,3.0798430945585236,-0.052742186982856896,0.04003194941850546,-0.0010000000000000009,-0.04099999999999998
52.99994945526123,-99.85863640036212,-89.33304908815079,0.9307915944906079,3.0807460166659175,-0.04756003672998263,0.03936223126762813,-0.0010000000000000009,-0.04099999999999998
53.049949407577515,-99.76500626684914,-89.21232535291679,0.9327648603084677,3.080763433902055,-0.05074498621689971,0.03923800640074334,-0.0010000000000000009,-0.04099999999999998
53.0999493598938,-99.66976016926795,-89.08895728160059,0.9347758152591561,3.0801457869020723,-0.04714503391099243,0.03945449191940246,-0.0010000000000000009,-0.04099999999999998
53.14994931221008,-99.57791448850946,-88.96946791499347,0.9366976968911166,3.079981443837204,-0.048636523118918654,0.03923333499217962,-0.0010000000000000009,-0.04099999999999998
53.19994926452637,-99.48145332703889,-88.84344520765893,0.9387201505385867,3.0801063387114715,-0.05266092302549077,0.0390512596959885,-0.0010000000000000009,-0.04099999999999998
53.24994921684265,-99.388947228449,-88.722177025077,0.9406765966017341,3.080557798965013,-0.05181972472519525,0.039293915884615,-0.0010000000000000009,-0.04099999999999998
53.299949169158936,-99.29607552790831,-88.60003698114829,0.9426598711743815,3.0815988858105663,-0.05236457760630059,0.039571519176983254,-0.0010000000000000009,-0.04099999999999998
53.34994912147522,-99.20362804674022,-88.47826852678908,0.9447023905680084,3.082182757290315,-0.05042621120251281,0.040123620701247864,-0.0010000000000000009,-0.04099999999999998
53.399949073791504,-99.11105953632457,-88.35574812358038,0.9467287279312913,3.0825980916001217,-0.052748864536745495,0.040458950237016185,-0.0010000000000000009,-0.04099999999999998
53.44994902610779,-99.01853453205374,-88.23280129197386,0.948790420435912,3.0821669904882842,-0.05804252833525575,0.04080375598615757,-0.0010000000000000009,-0.04099999999999998
53.49994897842407,-98.92715547143808,-88.11070233959607,0.9508037151524974,3.0816411588084773,-0.05471572825622904,0.04079394758627888,-0.0010000000000000009,-0.04099999999999998
53.549948930740356,-98.8347120961565,-87.98677577927384,0.9529132288240414,3.081596453452248,-0.05481328148170546,0.04113225821965797,-0.0010000000000000009,-0.04099999999999998
53.59994888305664,-98.74294882789653,-87.8632300269795,0.9550531423700485,3.0823578993214342,-0.05531155276831992,0.04186647924231017,-0.0010000000000000009,-0.04099999999999998
53.649948835372925,-98.65373608971473,-87.7425340603096,0.9571495702040868,3.0832990964231692,-0.05643994848508806,0.04268109886572607,-0.0010000000000000009,-0.04099999999999998
53.69994878768921,-98.56058912662891,-87.61637159578129,0.9593686253746827,3.083455816825363,-0.05722488721982903,0.04305484824761253,-0.0010000000000000009,-0.04099999999999998
53.74994874000549,-98.47011815852032,-87.49329337847904,0.9615463578707234,3.083086154738744,-0.049631071161626024,0.04356469168136605,-0.0010000000000000009,-0.04099999999999998
53.79994869232178,-98.38001355061121,-87.37015438976799,0.9637202606768855,3.0840005465533666,-0.050971867087700205,0.04381832417565425,-0.0010000000000000009,-0.04099999999999998
53.84994864463806,-98.2898606348304,-87.24651018667487,0.9658908737020324,3.0843247286179896,-0.0635702381290388,0.04353659024259515,-0.0010000000000000009,-0.04099999999999998
53.899948596954346,-98.1994558809345,-87.12199752521043,0.9680700936410389,3.0840911037429994,-0.05903295325862884,0.04336199364079662,-0.0010000000000000009,-0.04099999999999998
53.94994854927063,-98.1095200144759,-86.99738213721186,0.9702035113839884,3.0848913177799924,-0.052711870031061175,0.04285355532820248,-0.0010000000000000009,-0.04099999999999998
53.999948501586914,-98.01966235838195,-86.8724186741899,0.9723622198014088,3.0843609079798546,-0.052291028002298755,0.04290014997741815,-0.0010000000000000009,-0.04099999999999998
54.0499484539032,-97.93180399363438,-86.74947625982776,0.974439544419314,3.084350843458122,-0.05253097214187376,0.042472197304709546,-0.0010000000000000009,-0.04099999999999998
54.09994840621948,-97.84158611001193,-86.62208990740822,0.9765855713898938,3.085288625935718,-0.05186549155477311,0.04210511982835843,-0.0010000000000000009,-0.04099999999999998
54.14994835853577,-97.75219849485853,-86.49560378529748,0.9787631464558944,3.0850785071643907,-0.05592130642631601,0.04240373400489312,-0.0010000000000000009,-0.04099999999999998
54.19994831085205,-97.66375507821483,-86.36987064826315,0.9809149537147909,3.085502525635291,-0.06273723114724966,0.0427026556002583,-0.0010000000000000009,-0.04099999999999998
54.249948263168335,-97.57631142498015,-86.24499709150079,0.9830468612041788,3.0858566068816584,-0.060598145242835605,0.04283418086144564,-0.0010000000000000009,-0.04099999999999998
54.29994821548462,-97.48798639366915,-86.11748069077454,0.9852426122322133,3.085716056366899,-0.05626947137676791,0.0429775582716804,-0.0010000000000000009,-0.04099999999999998
54.3499481678009,-97.40270032164779,-85.99366658304709,0.9873316097448308,3.0848858560239867,-0.05461688318006295,0.042839159244626696,-0.0010000000000000009,-0.04099999999999998
54.39994812011719,-97.31454598276505,-85.8653499219863,0.9895326317322971,3.0842725554431847,-0.05688661729718088,0.04262031220660395,-0.0010000000000000009,-0.04099999999999998
54.44994807243347,-97.22727557197604,-85.73777080603547,0.9917186281502008,3.084156199501681,-0.05719053809115014,0.04302760075228886,-0.0010000000000000009,-0.04099999999999998
54.499948024749756,-97.14207897557598,-85.61182229347584,0.9938609785427303,3.0833925579693413,-0.049502690090327116,0.043106467010193786,-0.0010000000000000009,-0.04099999999999998
54.54994797706604,-97.05649445303477,-85.48474156637981,0.9959904239231975,3.0819207804430198,-0.05506060094424576,0.042683030538060475,-0.0010000000000000009,-0.04099999999999998
54.599947929382324,-96.97086097396902,-85.35724743099851,0.9981440088236878,3.0812906078664914,-0.057313534623465966,0.04251920309097549,-0.0010000000000000009,-0.04099999999999998
54.64994788169861,-96.886593085645,-85.231262641765,1.0002675250672184,3.0808461576752584,-0.048674208806379425,0.042908719040666066,-0.0010000000000000009,-0.04099999999999998
54.69994783401489,-96.80046902784838,-85.10146293300024,1.0024832752874773,3.0801773633167433,-0.05344655341111043,0.043061103042644,-0.0010000000000000009,-0.04099999999999998
54.74994778633118,-96.71658089654512,-84.97484445608328,1.0046797753261554,3.0794604839234614,-0.053335165369414225,0.04362598586933526,-0.0010000000000000009,-0.04099999999999998
54.79994773864746,-96.63177785087893,-84.84623560560485,1.0068715088302818,3.079528868476682,-0.051557755968431214,0.04392696885322651,-0.0010000000000000009,-0.04099999999999998
54.849947690963745,-96.54933851986137,-84.72092258890308,1.0090255645421649,3.0801989398252005,-0.054505544910128684,0.043908496589568545,-0.0010000000000000009,-0.04099999999999998
54.89994764328003,-96.46414973736573,-84.58998497402679,1.0112782147764343,3.0805050274766552,-0.056041202034058615,0.04387187037119441,-0.0010000000000000009,-0.04099999999999998
54.94994759559631,-96.37998337607716,-84.46023663378563,1.0134835125659587,3.0801005934019186,-0.058135674259829975,0.04385437539129158,-0.0010000000000000009,-0.04099999999999998
54.9999475479126,-96.2971378405641,-84.33218824418175,1.0156404895807194,3.0799055514303144,-0.059661392463901654,0.043346659531011626,-0.0010000000000000009,-0.04099999999999998
55.04994750022888,-96.2159078109446,-84.20641324276451,1.0177869394894805,3.0797557344257758,-0.05785222575247637,0.043513904082020466,-0.0010000000000000009,-0.04099999999999998
55.099947452545166,-96.13100476900487,-84.07387075651438,1.020061150025352,3.080407561755759,-0.05597569748391313,0.04397267775581313,-0.0010000000000000009,-0.04099999999999998
55.14994740486145,-96.04953689426063,-83.94632767630829,1.0222689468121842,3.0800965939589084,-0.060440302614428676,0.04428150424759653,-0.0010000000000000009,-0.04099999999999998
55.199947357177734,-95.96654688629285,-83.81587857821964,1.0245243305869627,3.079675830335416,-0.06172102676556003,0.044523447948930546,-0.0010000000000000009,-0.04099999999999998
55.24994730949402,-95.88388428440965,-83.68538596284735,1.0267848539921458,3.0795466676888337,-0.05791531481565552,0.04486965349413233,-0.0010000000000000009,-0.04099999999999998
55.2999472618103,-95.8022227554107,-83.55532560062849,1.0290639397706405,3.0792909939088604,-0.05381791816045985,0.04506450119453661,-0.0010000000000000009,-0.04099999999999998
55.34994721412659,-95.72110154790684,-83.42573556968483,1.0313663033379312,3.0799419618258246,-0.04903058491165241,0.04565556765771057,-0.0010000000000000009,-0.04099999999999998
55.39994716644287,-95.63981758404583,-83.29536988583959,1.0336722850615987,3.0796236710459906,-0.052709322274414924,0.04589501247567104,-0.0010000000000000009,-0.04099999999999998
55.449947118759155,-95.56043516330689,-83.16748283772831,1.0359072558614904,3.078740085255052,-0.0579039835830457,0.04574761223065643,-0.0010000000000000009,-0.04099999999999998
55.49994707107544,-95.47888662802787,-83.03541816390401,1.038191575029095,3.0789932667224638,-0.06099839029879872,0.045227274509901716,-0.0010000000000000009,-0.04099999999999998
55.549947023391724,-95.39754060884974,-82.90345160919767,1.0404864730002243,3.0780445415697377,-0.05925261237891223,0.04506417720201343,-0.0010000000000000009,-0.04099999999999998
55.59994697570801,-95.31956819365747,-82.77652332831349,1.0426616669997297,3.078340246609527,-0.05941408754215859,0.04495973296262322,-0.0010000000000000009,-0.04099999999999998
55.64994692802429,-95.23944694630019,-82.64559274013304,1.044857283244297,3.078168464240872,-0.05629343086177394,0.04442385528690581,-0.0010000000000000009,-0.04099999999999998
55.699946880340576,-95.15746038250347,-82.51164565061886,1.0471399989766006,3.0778075932561846,-0.06800140421043316,0.04416522556846983,-0.0010000000000000009,-0.04099999999999998
55.74994683265686,-95.0776517198245,-82.38095543784361,1.0493774105392077,3.0771461852680604,-0.062217866400610444,0.04449755282884243,-0.0010000000000000009,-0.04099999999999998
55.799946784973145,-94.99850090286306,-82.25041709733213,1.0515073254165954,3.078737399991323,-0.06138326078896056,0.0437185078807508,-0.0010000000000000009,-0.04099999999999998
55.84994673728943,-94.92115298955815,-82.12269786179392,1.0536244760187676,3.0786228057586476,-0.06831901296236499,0.04294324414750825,-0.0010000000000000009,-0.04099999999999998
55.89994668960571,-94.841986079933,-81.99127038621982,1.055689213303994,3.077934910873755,-0.0684583288297726,0.042237406931276124,-0.0010000000000000009,-0.04099999999999998
55.949946641922,-94.76103935912568,-81.85671327127118,1.0578836920689274,3.078051504453773,-0.06918932580598378,0.042200676218045706,-0.0010000000000000009,-0.04099999999999998
55.99994659423828,-94.6825991565439,-81.72573230866526,1.0600036157920019,3.0779274246976227,-0.06627771832142208,0.04224424295082364,-0.0010000000000000009,-0.04099999999999998
56.049946546554565,-94.60461531806975,-81.59484791774672,1.062124398158942,3.0775385510569326,-0.06243298800469897,0.042522083283468695,-0.0010000000000000009,-0.04099999999999998
56.09994649887085,-94.52539462507845,-81.46122152235002,1.0642860611822316,3.077643642636027,-0.06880347238911375,0.04248735300882883,-0.0010000000000000009,-0.04099999999999998
56.149946451187134,-94.44887798529835,-81.33164672983648,1.0664033019790722,3.0775498989266654,-0.07015778645645049,0.04278853070501457,-0.0010000000000000009,-0.04099999999999998
56.19994640350342,-94.36901151243515,-81.1957138254935,1.0686272285967997,3.077654917051549,-0.07314336720859839,0.042893360607113545,-0.0010000000000000009,-0.04099999999999998
56.2499463558197,-94.29327509892018,-81.06616380586867,1.0707266549706917,3.0773440897552393,-0.07112987308440323,0.04298917056716392,-0.0010000000000000009,-0.04099999999999998
56.299946308135986,-94.21660592354169,-80.93387763607964,1.0728065060637455,3.077775393698017,-0.06157382931869437,0.042436748224025884,-0.0010000000000000009,-0.04099999999999998
56.34994626045227,-94.13948774538153,-80.80014986713695,1.07488724691872,3.0775607980218282,-0.05909408859601728,0.041750400916681224,-0.0010000000000000009,-0.04099999999999998
56.399946212768555,-94.06297125277659,-80.66664661024404,1.0769458050448584,3.078811952685437,-0.05794771700525437,0.04107305822430264,-0.0010000000000000009,-0.04099999999999998
56.44994616508484,-93.98779470556254,-80.53448792776469,1.078938718629331,3.079440587728433,-0.05957842850026545,0.04046942051292517,-0.0010000000000000009,-0.04099999999999998
56.49994611740112,-93.91055417489733,-80.39753585785797,1.0810124691817276,3.0798503111444697,-0.053888389511456636,0.040270413478451096,-0.0010000000000000009,-0.04099999999999998
56.54994606971741,-93.83655935725608,-80.26536150555985,1.082995720087008,3.0812724269415304,-0.055638558933363544,0.040164962309691785,-0.0010000000000000009,-0.04099999999999998
56.59994602203369,-93.76030809501592,-80.12843865189544,1.0850696245776894,3.081372716668045,-0.05486906587318737,0.040350857829617545,-0.0010000000000000009,-0.04099999999999998
56.649945974349976,-93.68671648827609,-79.99573688915108,1.0871269508946342,3.0821202577030253,-0.05162430167057896,0.04097369090834139,-0.0010000000000000009,-0.04099999999999998
56.69994592666626,-93.61257098469814,-79.86043340306504,1.0892366571298993,3.082037484881076,-0.05589445637123219,0.04146802087549451,-0.0010000000000000009,-0.04099999999999998
56.749945878982544,-93.53841814368236,-79.72453493372291,1.091359316163849,3.0821200320862814,-0.04783310302888712,0.04199213982851055,-0.0010000000000000009,-0.04099999999999998
56.79994583129883,-93.46476991454675,-79.58879845354734,1.0934589371346506,3.083161818915234,-0.04590354736784577,0.04201543394403159,-0.0010000000000000009,-0.04099999999999998
56.84994578361511,-93.39167367551164,-79.45357345360968,1.095558384063258,3.084372365545175,-0.045532184293544095,0.041976778588443904,-0.0010000000000000009,-0.04099999999999998
56.8999457359314,-93.31886602827491,-79.31700420689214,1.0976437717971073,3.0846680174372647,-0.05617322922179613,0.04152722724802125,-0.0010000000000000009,-0.04099999999999998
56.94994568824768,-93.24662203963514,-79.18101892230739,1.0997225735657417,3.0851432807988095,-0.05297950573392289,0.041435175050211374,-0.0010000000000000009,-0.04099999999999998
56.999945640563965,-93.17422494775836,-79.04453684929918,1.101841421298129,3.084667823943857,-0.054991351442202525,0.041823152534582755,-0.0010000000000000009,-0.04099999999999998
57.04994559288025,-93.10189861302196,-78.90775881019357,1.1039673802718424,3.085275966395737,-0.04639098425337832,0.042340403295659676,-0.0010000000000000009,-0.04099999999999998
57.09994554519653,-93.03011392883101,-78.77026475913198,1.1060860507720343,3.0856895000204285,-0.0512546566389232,0.042247391021052925,-0.0010000000000000009,-0.04099999999999998
57.14994549751282,-92.95982673432592,-78.63517924295725,1.1081011538160337,3.0864656812913056,-0.04782414080238052,0.04148364064159288,-0.0010000000000000009,-0.04099999999999998
57.1999454498291,-92.88857422815825,-78.49787421522325,1.1101290671068131,3.087303718541893,-0.0559316874626552,0.04068017808002744,-0.0010000000000000009,-0.04099999999999998
57.249945402145386,-92.81832424028487,-78.36221218762363,1.1121394050274838,3.088803310456177,-0.058289759192661904,0.040372349631212515,-0.0010000000000000009,-0.04099999999999998
57.29994535446167,-92.74651901556602,-78.22246063040738,1.1142232594125607,3.0893510935015835,-0.05374887343893788,0.040627348773206784,-0.0010000000000000009,-0.04099999999999998
57.349945306777954,-92.67660538371034,-78.08583613899351,1.1162527430945264,3.0890869582177283,-0.05331953616982673,0.040586111566913614,-0.0010000000000000009,-0.04099999999999998
57.39994525909424,-92.6077863068246,-77.95094322914402,1.1182740057935867,3.089773654168092,-0.05357510130303345,0.04076795225812273,-0.0010000000000000009,-0.04099999999999998
57.44994521141052,-92.53724026161109,-77.81248720141227,1.1204259872075522,3.0896090611613016,-0.05104134204845473,0.04167469203822426,-0.0010000000000000009,-0.04099999999999998
57.49994516372681,-92.46819150506992,-77.67588860439145,1.1225266190729672,3.0894890675526447,-0.05419568021688415,0.042124729880251816,-0.0010000000000000009,-0.04099999999999998
57.54994511604309,-92.39896226476841,-77.53859872818681,1.1246908376869849,3.0899785245627007,-0.0532663790211364,0.04265687991177255,-0.0010000000000000009,-0.04099999999999998
57.599945068359375,-92.328568529785,-77.39848284700311,1.1269144494227958,3.0898977082009376,-0.05525302630514736,0.04321506452760411,-0.0010000000000000009,-0.04099999999999998
57.64994502067566,-92.26076363480338,-77.26291709817768,1.12904910819241,3.091224529847594,-0.05287856617794751,0.043546498847260875,-0.0010000000000000009,-0.04099999999999998
57.69994497299194,-92.19268069387465,-77.12614616830945,1.1312401148637543,3.091506370581067,-0.05597527217243023,0.043723386940740516,-0.0010000000000000009,-0.04099999999999998
57.74994492530823,-92.12400958589396,-76.987637146801,1.1334486015626457,3.09102536216894,-0.05266083602221989,0.04388377968511001,-0.0010000000000000009,-0.04099999999999998
57.79994487762451,-92.05426918144899,-76.84647680231029,1.1357109272105477,3.0909246729530895,-0.05409528888163702,0.04408956781477816,-0.0010000000000000009,-0.04099999999999998
57.849944829940796,-91.98781501641022,-76.71132695469854,1.1378453846728938,3.0910110208195163,-0.06344282085915047,0.043766429937324235,-0.0010000000000000009,-0.04099999999999998
57.89994478225708,-91.91936212394153,-76.57211692368287,1.1400139050877376,3.0904296035297296,-0.053050797397185226,0.04346348342137445,-0.0010000000000000009,-0.04099999999999998
57.949944734573364,-91.85170628145119,-76.43389552965827,1.142149092628507,3.0895624678066014,-0.058375928156676145,0.04294702893309383,-0.0010000000000000009,-0.04099999999999998
57.99994468688965,-91.78574387312395,-76.29808369230584,1.1441586407535556,3.088553320911808,-0.06049956571858561,0.041942201882972666,-0.0010000000000000009,-0.04099999999999998
58.04994463920593,-91.7173460749875,-76.15641083314216,1.1462345606848192,3.088920758378009,-0.05222663532660757,0.04105244313921108,-0.0010000000000000009,-0.04099999999999998
58.09994459152222,-91.6510993987129,-76.0194758713648,1.1482301895828029,3.0884568136487247,-0.05319934207548217,0.04047566261509292,-0.0010000000000000009,-0.04099999999999998
58.1499445438385,-91.58457988615723,-75.88115153419376,1.1502543172232143,3.088169719275687,-0.050695000236461826,0.04038028686018302,-0.0010000000000000009,-0.04099999999999998
58.199944496154785,-91.51839665293431,-75.74280810079888,1.1523204451759559,3.088042461316341,-0.058981721826140004,0.04080332503336399,-0.0010000000000000009,-0.04099999999999998
58.24994444847107,-91.45155589400417,-75.60212596686986,1.1544303245633418,3.086972182663482,-0.06036747556085636,0.041418306971482646,-0.0010000000000000009,-0.04099999999999998
58.29994440078735,-91.38645302765194,-75.46440161779343,1.1565485454215814,3.0865245801279886,-0.06144791655257227,0.0421660244301305,-0.0010000000000000009,-0.04099999999999998
58.34994435310364,-91.32164148185302,-75.32627203872894,1.1586410049376101,3.0868422614020457,-0.05672985308033673,0.042295112331708726,-0.0010000000000000009,-0.04099999999999998
58.39994430541992,-91.25606757958556,-75.1856063422967,1.1607724316109294,3.086776137927244,-0.05430282832060311,0.04236808408813109,-0.0010000000000000009,-0.04099999999999998
58.449944257736206,-91.19172652144388,-75.04679585313866,1.1628838411023525,3.0872275596296612,-0.061171551290797335,0.04223057858342924,-0.0010000000000000009,-0.04099999999999998
58.49994421005249,-91.1276085259537,-74.9069790464459,1.1650577581390922,3.0877734713005376,-0.05866063133815892,0.04275233699326879,-0.0010000000000000009,-0.04099999999999998
58.549944162368774,-91.06270539369216,-74.76483884502768,1.1673063115205147,3.0876840338451723,-0.06015083488798164,0.04352012793454224,-0.0010000000000000009,-0.04099999999999998
58.59994411468506,-90.99966329230645,-74.62587238077136,1.1694728479806562,3.088980156418131,-0.06530168258382414,0.04381152638255378,-0.0010000000000000009,-0.04099999999999998
58.64994406700134,-90.93603867524416,-74.48509200496565,1.171683385465396,3.08889345409235,-0.06016724486492739,0.04398806077697544,-0.0010000000000000009,-0.04099999999999998
58.69994401931763,-90.87304948270638,-74.34373751919296,1.1738606127054012,3.0890284337286325,-0.06908130804109798,0.04350771731279219,-0.0010000000000000009,-0.04099999999999998
58.74994397163391,-90.81078350880416,-74.20327174581706,1.1759918376159755,3.0887697758667474,-0.06172061469279852,0.043134599637977555,-0.0010000000000000009,-0.04099999999999998
58.799943923950195,-90.74887249128541,-74.06300681515467,1.1781173866985595,3.0882658027613066,-0.05896179789997779,0.04259207112408496,-0.0010000000000000009,-0.04099999999999998
58.84994387626648,-90.68645909640078,-73.92073158913063,1.1802567070014738,3.08741636370973,-0.0578962319832197,0.042408078854550176,-0.0010000000000000009,-0.04099999999999998
58.899943828582764,-90.62569363973853,-73.7805099999893,1.1823550295553233,3.0861079213485567,-0.05207620014084796,0.04220498613541639,-0.0010000000000000009,-0.04099999999999998
58.94994378089905,-90.56550427033265,-73.6412598983696,1.1844747008752448,3.0845923981952548,-0.0631046061201043,0.04241806773050057,-0.0010000000000000009,-0.04099999999999998
58.99994373321533,-90.5039883139042,-73.49816869997652,1.1866305643202908,3.083086786204045,-0.06007921836807442,0.04267964278150866,-0.0010000000000000009,-0.04099999999999998
59.049943685531616,-90.44353357331494,-73.35728087426261,1.1888026977505186,3.0812482741635336,-0.059017231365532156,0.043112922797268395,-0.0010000000000000009,-0.04099999999999998
59.0999436378479,-90.3832687281735,-73.21512978051055,1.1909535807549374,3.079285527810293,-0.06408770592009168,0.0430795842445368,-0.0010000000000000009,-0.04099999999999998
59.149943590164185,-90.32306506031553,-73.0723979897695,1.1930706466166647,3.078996905356529,-0.053129920917389536,0.04284518198462683,-0.0010000000000000009,-0.04099999999999998
59.19994354248047,-90.2638222997658,-72.93128519844531,1.1951177744292099,3.0777379340130495,-0.05550702210320349,0.041911595353467085,-0.0010000000000000009,-0.04099999999999998
59.24994349479675,-90.204675009301,-72.78988387289047,1.1971299163968045,3.076654642591865,-0.06144495337857845,0.0409105285387314,-0.0010000000000000009,-0.04099999999999998
59.29994344711304,-90.14614155044315,-72.64828243556458,1.1991207543444697,3.076105186334274,-0.056130305572095154,0.040307403287676985,-0.0010000000000000009,-0.04099999999999998
59.34994339942932,-90.08742280336418,-72.5057548187341,1.20111597726664,3.0755161591510385,-0.05564628499503573,0.039856071977378865,-0.0010000000000000009,-0.04099999999999998
59.399943351745605,-90.02962666334214,-72.36494068395059,1.203092508905924,3.074945739882857,-0.05996996029106648,0.03986335447760712,-0.0010000000000000009,-0.04099999999999998
59.44994330406189,-89.97117585086684,-72.22218038378783,1.205134513722457,3.074388288966008,-0.05963206551007348,0.04027088598551861,-0.0010000000000000009,-0.04099999999999998
59.499943256378174,-89.91355966404231,-72.07949525313241,1.207195700881431,3.073471491808663,-0.06022845260073879,0.04088772531872898,-0.0010000000000000009,-0.04099999999999998
59.54994320869446,-89.85604427942512,-71.93666132074077,1.2092866289746615,3.073516055041662,-0.057967480260516215,0.041250739206548016,-0.0010000000000000009,-0.04099999999999998
59.59994316101074,-89.79878773050953,-71.79391301483653,1.2113536582674862,3.0734449983333163,-0.0648014338955717,0.041306959626163646,-0.0010000000000000009,-0.04099999999999998
59.649943113327026,-89.741597914212,-71.6510334753875,1.213432998301319,3.073426662518957,-0.06439811577802161,0.041440999939731785,-0.0010000000000000009,-0.04099999999999998
59.69994306564331,-89.68614355764795,-71.51058563810174,1.215436789391254,3.0725230486827164,-0.060550202079130554,0.04098971541738883,-0.0010000000000000009,-0.04099999999999998
59.749943017959595,-89.62970091461305,-71.3674093360414,1.2175048589405917,3.072639155689687,-0.06191007794886928,0.04086708041716133,-0.0010000000000000009,-0.04099999999999998
59.79994297027588,-89.57338041657032,-71.22395387416928,1.2195826202686502,3.0711325821172752,-0.054656687308960034,0.04109151420217651,-0.0010000000000000009,-0.04099999999999998
59.84994292259216,-89.51808044922461,-71.0825833797591,1.2216395536916491,3.070516779015094,-0.06231037951029117,0.041130993115164764,-0.0010000000000000009,-0.04099999999999998
59.89994287490845,-89.46254066423579,-70.93900974350612,1.223762542384451,3.0694057748835526,-0.06352970543678535,0.04154425228974842,-0.0010000000000000009,-0.04099999999999998
59.94994282722473,-89.40716622126514,-70.7950930947736,1.2258518008490582,3.0686274289307782,-0.06417102078530407,0.0416837303088003,-0.0010000000000000009,-0.04099999999999998
59.999942779541016,-89.35250184936139,-70.65279421134125,1.2279571921709138,3.0667875054150815,-0.07221656384833895,0.041764131079349176,-0.0010000000000000009,-0.04099999999999998
60.0499427318573,-89.29799977364993,-70.51014825182705,1.230057148670428,3.0658131006036182,-0.07124162141539077,0.04198174496902941,-0.0010000000000000009,-0.04099999999999998
60.099942684173584,-89.24312948110189,-70.36517419410723,1.2322071497985512,3.064144696806483,-0.0675094349577258,0.04228848079883421,-0.0010000000000000009,-0.04099999999999998
60.14994263648987,-89.1895968085834,-70.2231227008803,1.2343171445640302,3.064751451141651,-0.06380366820252001,0.042346715363175975,-0.0010000000000000009,-0.04099999999999998
60.19994258880615,-89.13622943019466,-70.08064394250248,1.2363875772248187,3.0635546565132357,-0.05772718575570766,0.0420135602757698,-0.0010000000000000009,-0.04099999999999998
60.24994254112244,-89.08208551720672,-69.93576379943231,1.238513722008533,3.0637885736469372,-0.0613738927094507,0.04195436417759512,-0.0010000000000000009,-0.04099999999999998
60.29994249343872,-89.0287825600272,-69.79190576025464,1.2405927190128827,3.0632929029850473,-0.06859004018592194,0.04140002313284042,-0.0010000000000000009,-0.04099999999999998
60.349942445755005,-88.97599011115595,-69.64864465763058,1.2426500858000233,3.0633939013299196,-0.06580100928044175,0.04123437992198104,-0.0010000000000000009,-0.04099999999999998
60.39994239807129,-88.92285403962951,-69.50399924369486,1.2447655857128885,3.0631915234399427,-0.06290805038178449,0.04134436447372286,-0.0010000000000000009,-0.04099999999999998
60.44994235038757,-88.87058746603178,-69.36072027772859,1.2468357843505358,3.063678598970548,-0.06680850202076137,0.04139318068043942,-0.0010000000000000009,-0.04099999999999998
60.49994230270386,-88.8181712142754,-69.21701224151992,1.2489134275597495,3.0633294015013735,-0.0643245404152645,0.04123467642639056,-0.0010000000000000009,-0.04099999999999998
60.54994225502014,-88.76573106360104,-69.07217251781769,1.2510112952583188,3.062892593586524,-0.060384523847372494,0.041303603780338295,-0.0010000000000000009,-0.04099999999999998
60.599942207336426,-88.7138140950823,-68.92818344441281,1.25316502496614,3.0637571184496695,-0.06189622641009973,0.04192290704914847,-0.0010000000000000009,-0.04099999999999998
60.64994215965271,-88.66256113818976,-68.78446377734616,1.2552552311596794,3.063973232619332,-0.061389836209657635,0.04199031215869998,-0.0010000000000000009,-0.04099999999999998
60.699942111968994,-88.61094882845464,-68.63886002796453,1.2574023758501174,3.06330876485179,-0.06279039724880466,0.04215727513331517,-0.0010000000000000009,-0.04099999999999998
60.74994206428528,-88.56028970294192,-68.4948550221887,1.2595349534038103,3.064755925274482,-0.06191713831722402,0.042324624140214685,-0.0010000000000000009,-0.04099999999999998
60.79994201660156,-88.50987751980394,-68.35038698163036,1.2616707128839622,3.0648168607099917,-0.05421298833949503,0.042562199026281895,-0.0010000000000000009,-0.04099999999999998
60.84994196891785,-88.4598790764872,-68.20609153386955,1.2638220280695998,3.064942165960082,-0.05856126195528681,0.04252772013826441,-0.0010000000000000009,-0.04099999999999998
60.89994192123413,-88.40978357237925,-68.0601408997368,1.2659890576775865,3.065209831128228,-0.057647069674323696,0.04277240212014295,-0.0010000000000000009,-0.04099999999999998
60.949941873550415,-88.36002389545077,-67.91420594958824,1.2681662475246214,3.0654361394596523,-0.06100826044732113,0.04286774637293988,-0.0010000000000000009,-0.04099999999999998
60.9999418258667,-88.31167160381544,-67.77108424581589,1.2702459150914067,3.065501323299086,-0.05931508836865869,0.042680911932593026,-0.0010000000000000009,-0.04099999999999998
61.04994177818298,-88.26197372169825,-67.62280758414794,1.2723861367827296,3.0669731902754633,-0.05512906437489354,0.04209623854918996,-0.0010000000000000009,-0.04099999999999998
61.09994173049927,-88.21347425322845,-67.47749600963505,1.274477386283946,3.067637498468435,-0.06114610535767054,0.04153896457907336,-0.0010000000000000009,-0.04099999999999998
61.14994168281555,-88.16520566708948,-67.33162531463341,1.276564897061641,3.068303422450061,-0.05731294659606865,0.041459391594417784,-0.0010000000000000009,-0.04099999999999998
61.199941635131836,-88.11683609048019,-67.18444213742534,1.2786805844130926,3.069357257794414,-0.04835130705420055,0.04172200806770644,-0.0010000000000000009,-0.04099999999999998
61.24994158744812,-88.0702792819241,-67.04165411378277,1.2807260871370132,3.0687383949257003,-0.056191777256466575,0.0417408145011202,-0.0010000000000000009,-0.04099999999999998
61.299941539764404,-88.02280058642408,-66.89435317577994,1.2828320376002431,3.0685804421628893,-0.0529048881556769,0.04171447946640282,-0.0010000000000000009,-0.04099999999999998
61.34994149208069,-87.97494000657986,-66.74490541666749,1.2849731386049719,3.069312863818075,-0.05714942402663195,0.041792234000633394,-0.0010000000000000009,-0.04099999999999998
61.39994144439697,-87.92863098569778,-66.59925077384104,1.2870531522813324,3.069481410726289,-0.05868133155734153,0.041684783270293034,-0.0010000000000000009,-0.04099999999999998
61.44994139671326,-87.88222773893474,-66.45214851805224,1.289143220113225,3.0697461150027516,-0.05336788679488025,0.04176399692500978,-0.0010000000000000009,-0.04099999999999998
61.49994134902954,-87.83617129800224,-66.30483457812149,1.2912414111025976,3.0692444626564512,-0.05173413925526061,0.041624071103909976,-0.0010000000000000009,-0.04099999999999998
61.549941301345825,-87.79057970595001,-66.15824624878881,1.293339134909496,3.068691953493623,-0.049567590022693675,0.04167456977421402,-0.0010000000000000009,-0.04099999999999998
61.59994125366211,-87.74574586701851,-66.01308042256376,1.295399769547395,3.068087381079913,-0.05504519502295206,0.041541073875346564,-0.0010000000000000009,-0.04099999999999998
61.649941205978394,-87.70040010927335,-65.86550827584459,1.2974959281416167,3.0674384550043263,-0.057377756335611194,0.04153215793019605,-0.0010000000000000009,-0.04099999999999998
61.69994115829468,-87.65564651603391,-65.71875461336242,1.2995636523096221,3.06698749101596,-0.06040370133709494,0.04127288332856381,-0.0010000000000000009,-0.04099999999999998
61.74994111061096,-87.6113109299856,-65.57277628213126,1.3016476090552542,3.0659838575054574,-0.06515540124108858,0.04140050722797619,-0.0010000000000000009,-0.04099999999999998
61.799941062927246,-87.56650875255066,-65.42396183012582,1.3037366745263332,3.0648566882298995,-0.05525739553022981,0.04138010035919562,-0.0010000000000000009,-0.04099999999999998
61.84994101524353,-87.52267510509405,-65.27747701774884,1.305797494080331,3.0631687237009806,-0.05731099343201408,0.04129740384937252,-0.0010000000000000009,-0.04099999999999998
61.899940967559814,-87.47927411492812,-65.1310070476897,1.3079235275442553,3.0624233322459786,-0.05403386076138263,0.04183048918908261,-0.0010000000000000009,-0.04099999999999998
61.9499409198761,-87.43617238677824,-64.98409771594818,1.3100251195898351,3.062087645268886,-0.05799200481137204,0.04200340707995555,-0.0010000000000000009,-0.04099999999999998
61.99994087219238,-87.39307691958354,-64.8363050578478,1.3121597467537924,3.061893183760475,-0.060750303819889995,0.04215257067704983,-0.0010000000000000009,-0.04099999999999998
62.04994082450867,-87.35052989393527,-64.6893798643442,1.3143039881722438,3.0614405283898014,-0.06345716662426926,0.04255646894850201,-0.0010000000000000009,-0.04099999999999998
62.09994077682495,-87.30865079667733,-64.54345268616605,1.3164503682008293,3.060523814444396,-0.06325167381188934,0.04280081559224246,-0.0010000000000000009,-0.04099999999999998
62.149940729141235,-87.26641138975147,-64.39543460018477,1.3186682236189133,3.059634702450449,-0.059682956089286976,0.04336448284546746,-0.0010000000000000009,-0.04099999999999998
62.19994068145752,-87.22530864079572,-64.24980271294143,1.3208214120874315,3.0595309986078325,-0.06057754371063093,0.04362182912477168,-0.0010000000000000009,-0.04099999999999998
62.249940633773804,-87.18396137404616,-64.1027235161696,1.3230535381960853,3.0582320796661646,-0.057887721425333175,0.04402091260264525,-0.0010000000000000009,-0.04099999999999998
62.29994058609009,-87.14299596526614,-63.95492776054689,1.325269106695157,3.057507535100938,-0.05247659463807808,0.04404522167283766,-0.0010000000000000009,-0.04099999999999998
62.34994053840637,-87.10264553556094,-63.80847285424928,1.327506134634359,3.0577760008927317,-0.062389616596345385,0.04410072172732204,-0.0010000000000000009,-0.04099999999999998
62.399940490722656,-87.0627121296086,-63.661716112937995,1.329688493838374,3.058349384759989,-0.05795652928350393,0.04394433239759944,-0.0010000000000000009,-0.04099999999999998
62.44994044303894,-87.02240972121149,-63.51307723866215,1.33196777641529,3.0595979190976927,-0.06072983596397875,0.044236361445989955,-0.0010000000000000009,-0.04099999999999998
62.499940395355225,-86.98344360716303,-63.367541541762435,1.3342084061468282,3.059338946915263,-0.06434116924955768,0.044738179089390366,-0.0010000000000000009,-0.04099999999999998
62.54994034767151,-86.9442402102949,-63.22048113195622,1.336511153676664,3.059566349591769,-0.06472915575978705,0.045347058910895285,-0.0010000000000000009,-0.04099999999999998
62.59994029998779,-86.90482051807035,-63.07121092864663,1.338828275010627,3.058541704568677,-0.060802728324288756,0.04543928017299247,-0.0010000000000000009,-0.04099999999999998
62.64994025230408,-86.86621670950727,-62.92354721887377,1.341096362454434,3.0570597623174383,-0.06288272979473218,0.04524309210741479,-0.0010000000000000009,-0.04099999999999998
62.69994020462036,-86.82833184479206,-62.77669887117244,1.3433691877484735,3.056116230570175,-0.06695859674192582,0.045009032805680096,-0.0010000000000000009,-0.04099999999999998
62.749940156936646,-86.79012984781119,-62.6272065011981,1.3456675524497401,3.055066326680647,-0.06554049966478097,0.04499474952343982,-0.0010000000000000009,-0.04099999999999998
62.79994010925293,-86.7528668623365,-62.48043771941694,1.3479446311491854,3.0544675948310966,-0.06518399543479172,0.045193182746078,-0.0010000000000000009,-0.04099999999999998
62.849940061569214,-86.71542952881326,-62.332277289087834,1.3502915188938025,3.053800741508734,-0.06595821220218484,0.04574501280612929,-0.0010000000000000009,-0.04099999999999998
62.8999400138855,-86.67786491462357,-62.18270800526162,1.3527008289314997,3.0526839665186785,-0.07007343784977632,0.046547670997274124,-0.0010000000000000009,-0.04099999999999998
62.94993996620178,-86.64114122884776,-62.03511661798499,1.355046065712842,3.0520353846540953,-0.06834877411113027,0.04677003156116444,-0.0010000000000000009,-0.04099999999999998
62.999939918518066,-86.60483495752176,-61.88787788848729,1.3573344724312193,3.0513783040092863,-0.07541306719982788,0.0462568492316903,-0.0010000000000000009,-0.04099999999999998
63.04993987083435,-86.56851905613884,-61.73927017512783,1.3596189216748322,3.0501346699648484,-0.07077893021626519,0.045633434909675176,-0.0010000000000000009,-0.04099999999999998
63.099939823150635,-86.53256194526722,-61.58951323628016,1.3619187691822352,3.0495719276547404,-0.07772660169742597,0.04513174120182025,-0.0010000000000000009,-0.04099999999999998
63.14993977546692,-86.49727819357815,-61.44165376556117,1.364200231159291,3.0491824242451533,-0.06939715829939341,0.0453633549609501,-0.0010000000000000009,-0.04099999999999998
63.1999397277832,-86.46194778133106,-61.29232388845171,1.3664783950955517,3.048692437194784,-0.06992912956442324,0.04530466711251388,-0.0010000000000000009,-0.04099999999999998
63.24993968009949,-86.42696919566073,-61.14325381610475,1.368739448200851,3.0480550339463703,-0.07298389338161368,0.04493858299141831,-0.0010000000000000009,-0.04099999999999998
63.29993963241577,-86.39299233286664,-60.99684179770319,1.3709041274952585,3.0472887702052702,-0.0629449888180426,0.04442463018138147,-0.0010000000000000009,-0.04099999999999998
63.349939584732056,-86.35830802734404,-60.84603868868735,1.373102465437441,3.0472594974482843,-0.06845307521437693,0.04370523684470712,-0.0010000000000000009,-0.04099999999999998
63.39993953704834,-86.32431567864627,-60.69643870212755,1.3752262161436528,3.0465995843747606,-0.06815483339097704,0.04268035265662573,-0.0010000000000000009,-0.04099999999999998
63.449939489364624,-86.29121134293938,-60.54889448924787,1.3772795742998956,3.046419450091211,-0.06396766204917366,0.04183685224299787,-0.0010000000000000009,-0.04099999999999998
63.49993944168091,-86.25763443841761,-60.39759722234492,1.3794078365149842,3.0465878664425845,-0.060564258395104494,0.0414489475744977,-0.0010000000000000009,-0.04099999999999998
63.54993939399719,-86.22474177772274,-60.248158623662526,1.3815571347919153,3.04646118611365,-0.06008651235433439,0.04200348811126102,-0.0010000000000000009,-0.04099999999999998
63.59993934631348,-86.19263247436095,-60.10109035132745,1.383729704129508,3.0477185917568383,-0.06633973828972917,0.04296960280833287,-0.0010000000000000009,-0.04099999999999998
63.64993929862976,-86.16015000757073,-59.95053905897849,1.3859527830825982,3.0480802657724553,-0.06520758555840125,0.04375979484928709,-0.0010000000000000009,-0.04099999999999998
63.699939250946045,-86.12848658407889,-59.80098410222118,1.3881898086485438,3.048630995785213,-0.06417990994805768,0.0442097131159823,-0.0010000000000000009,-0.04099999999999998
63.74993920326233,-86.09711478852235,-59.65163902096315,1.3904448638284113,3.048854987570971,-0.06924669358627705,0.0445476068863678,-0.0010000000000000009,-0.04099999999999998
63.79993915557861,-86.06630320187627,-59.503634151939885,1.392687707613668,3.0484602624777692,-0.0654592793918506,0.04501684313811735,-0.0010000000000000009,-0.04099999999999998
63.8499391078949,-86.0349191868994,-59.35109927642967,1.3949605954120443,3.0489779808603945,-0.06669865755350282,0.04484289145233832,-0.0010000000000000009,-0.04099999999999998
63.89993906021118,-86.00473594484964,-59.202253020874295,1.3971785858479941,3.04910630771401,-0.06432586842107053,0.044463753318205436,-0.0010000000000000009,-0.04099999999999998
63.949939012527466,-85.97464902434469,-59.05313169508708,1.3994538022091267,3.0489844577321015,-0.06710905575753082,0.04463670051819423,-0.0010000000000000009,-0.04099999999999998
63.99993896484375,-85.9446228523458,-58.90230860426442,1.4017079652390527,3.049039568276742,-0.06910660565658328,0.044829699502260484,-0.0010000000000000009,-0.04099999999999998
64.04993891716003,-85.9153500505405,-58.75403314840183,1.4039638315106022,3.0491985217732034,-0.06800846612291647,0.04505836882702004,-0.0010000000000000009,-0.04099999999999998
64.09993886947632,-85.88674628342021,-58.6035431860496,1.4062324691578874,3.0496608740494726,-0.06626309007048489,0.045094220902463164,-0.0010000000000000009,-0.04099999999999998
64.1499388217926,-85.85822698683894,-58.45237312926295,1.4085366927632823,3.0486100136802463,-0.06928967311722009,0.045163264934031416,-0.0010000000000000009,-0.04099999999999998
64.19993877410889,-85.83028487211485,-58.30304565095738,1.4108303032060894,3.048147105944649,-0.0658918096943163,0.04555331260965419,-0.0010000000000000009,-0.04099999999999998
64.24993872642517,-85.80269428093386,-58.154030592316765,1.4131124745122128,3.0471801886567182,-0.0649634104879939,0.045681452967847695,-0.0010000000000000009,-0.04099999999999998
64.29993867874146,-85.77526684240556,-58.00341577996722,1.4154235717356245,3.0466761675835348,-0.06697770533298186,0.045581891240455114,-0.0010000000000000009,-0.04099999999999998
64.34993863105774,-85.74818985471272,-57.85331229833594,1.4177035342080702,3.0462463473129273,-0.06939737584954311,0.045442751224258275,-0.0010000000000000009,-0.04099999999999998
64.39993858337402,-85.72148867198295,-57.704043254439085,1.4199397647512741,3.045875024722574,-0.06776773484660421,0.04486618212751324,-0.0010000000000000009,-0.04099999999999998
64.44993853569031,-85.69468925507762,-57.55289721271097,1.422171570179479,3.0458110099834252,-0.07606092023111075,0.04424674119604644,-0.0010000000000000009,-0.04099999999999998
64.49993848800659,-85.66853807117418,-57.40296896731606,1.424388011214721,3.0444655132903726,-0.07562011875748506,0.04387707867123442,-0.0010000000000000009,-0.04099999999999998
64.54993844032288,-85.64258025472927,-57.253100870712835,1.4266125157910585,3.044441826712896,-0.0668058391021326,0.04412612676444961,-0.0010000000000000009,-0.04099999999999998
64.59993839263916,-85.61654060961523,-57.101644906000274,1.4288727089973559,3.043726940970062,-0.073796668936309,0.044286501521502666,-0.0010000000000000009,-0.04099999999999998
64.64993834495544,-85.59115436699614,-56.9518263802097,1.4310616465985042,3.0431159865154656,-0.06630172462475216,0.04419497094007584,-0.0010000000000000009,-0.04099999999999998
64.69993829727173,-85.566373469054,-56.80298177872106,1.4332643493353017,3.043844955061633,-0.07792754665942621,0.04394723122124313,-0.0010000000000000009,-0.04099999999999998
64.74993824958801,-85.54121501424665,-56.65024423829179,1.435505703989954,3.0426584010103515,-0.07843829407573115,0.043890968951881555,-0.0010000000000000009,-0.04099999999999998
64.7999382019043,-85.5168975297712,-56.5010337968468,1.437702954810884,3.041789998120901,-0.07513228343359744,0.04397080127015066,-0.0010000000000000009,-0.04099999999999998
64.84993815422058,-85.49259431187616,-56.350149245332915,1.4399263812994578,3.0422640987684137,-0.07914149261866138,0.04408696999544609,-0.0010000000000000009,-0.04099999999999998
64.89993810653687,-85.46878836652358,-56.19903963765863,1.4421610264937206,3.0431522832022453,-0.06634279246087,0.044490203484831334,-0.0010000000000000009,-0.04099999999999998
64.94993805885315,-85.44535344119289,-56.04839129903786,1.4443637383571815,3.043385296669916,-0.06680462030783317,0.044182117473281456,0.0,-0.030000000000000027
64.99993801116943,-85.42244321782462,-55.899664584914504,1.4465353968307892,3.042530844147468,-0.07768441244457922,0.04374454836683031,0.0,-0.030000000000000027
65.04993796348572,-85.39927802650693,-55.74766313032341,1.4487734471808886,3.0425964795956784,-0.07147485743223626,0.04392056489712738,0.0,-0.020000000000000018
65.099937915802,-85.37711489810486,-55.59734988595456,1.4509664472263284,3.0417096790092706,-0.07522356157814941,0.04380156595263941,0.0,-0.020000000000000018
65.14993786811829,-85.35521660892199,-55.44726292563966,1.4531736614687658,3.0410468848936447,-0.07292400733111884,0.04384081308173299,0.0,-0.009000000000000008
65.19993782043457,-85.33341485106028,-55.2959754109491,1.455389513981278,3.0412459365488234,-0.06846396789613264,0.043957095824093254,0.0,-0.009000000000000008
65.24993777275085,-85.31189891650662,-55.14472455249709,1.457594662771613,3.040875141801851,-0.07264460298870734,0.043788153584841685,0.0,0.0010000000000000009
65.29993772506714,-85.29122479737495,-54.99429509337519,1.4597498026263442,3.0409389120115917,-0.06726469535474286,0.04337439575503618,0.0,0.0010000000000000009
65.34993767738342,-85.27047361367433,-54.841088947616214,1.4619094392218561,3.0417530498747793,-0.06707469322643371,0.042674625665908614,0.0,0.01200000000000001
65.3999376296997,-85.25050156375342,-54.69189604210804,1.4640011287137684,3.041754019020143,-0.06954267355100785,0.04212128947661416,0.0,0.01200000000000001
65.44993758201599,-85.23032704066408,-54.539865087998784,1.4661355397299194,3.0382261285259005,-0.07803538154504769,0.042016517315025634,0.0,0.02300000000000002
65.49993753433228,-85.21101139459766,-54.38877666178971,1.4681680379549378,3.032405733300026,-0.07014415217752797,0.04126498634808567,0.0,0.02300000000000002
65.54993748664856,-85.1918993319243,-54.237903215030265,1.4701675751194514,3.0265988670920483,-0.06541660884549429,0.04011624707443168,0.0010000000000000009,0.03300000000000003
65.59993743896484,-85.17322256387352,-54.0880373788881,1.4720874287835672,3.0207224863370294,-0.06279492521759826,0.03887531935574923,0.0010000000000000009,0.03300000000000003
65.64993739128113,-85.15466266960937,-53.93724081079721,1.473992165264092,3.0120118857009675,-0.061697899755310724,0.037993667466948454,0.0040000000000000036,0.04400000000000004
65.69993734359741,-85.13756115243082,-53.78801193812038,1.4756963350220784,3.001764182402212,-0.04847691507495281,0.03584620535844012,0.0040000000000000036,0.04400000000000004
65.7499372959137,-85.12040459656228,-53.63909505678509,1.4774912594082306,2.9899596936644053,-0.05484906399432228,0.03471185012645071,0.006000000000000005,0.05400000000000005
65.79993724822998,-85.10326872515424,-53.490280636857975,1.4793565581040884,2.978544246716936,-0.06192647587146563,0.03527191849941151,0.006000000000000005,0.05400000000000005
65.84993720054626,-85.08623334250515,-53.34185288293317,1.4812632798798102,2.9669364800237616,-0.06042330812074889,0.036891756581569984,0.009000000000000008,0.06499999999999995
65.89993715286255,-85.06995676592344,-53.194276108989996,1.483176155517588,2.9556948906192497,-0.06127081331199988,0.037669898938063405,0.009000000000000008,0.06499999999999995
65.94993710517883,-85.0539376587658,-53.04768592298175,1.4850708378661983,2.9447612986430682,-0.059518339849066695,0.037770174719368166,0.01200000000000001,0.07599999999999996
65.99993705749512,-85.03801434720783,-52.90074860598468,1.4869581004037,2.933547821649106,-0.06247316776239669,0.03736934439472963,0.01200000000000001,0.07599999999999996
66.0499370098114,-85.02281835158311,-52.75781934815654,1.4887270077790509,2.921672773173935,-0.059286763522303165,0.03674499861295182,0.014000000000000012,0.08599999999999997
66.09993696212769,-85.00783951219155,-52.610448008279164,1.4905417051724807,2.907412137482475,-0.07272028051889079,0.03548931872949905,0.014000000000000012,0.08599999999999997
66.14993691444397,-84.99278177021462,-52.46272208953117,1.4923674210923428,2.8963686709904906,-0.06475454741858862,0.03540527300005764,0.017000000000000015,0.09699999999999998
66.19993686676025,-84.97818233129067,-52.31887073730334,1.4940978616925273,2.8866929682640685,-0.06797295955410924,0.03488188411598198,0.017000000000000015,0.09699999999999998
66.24993681907654,-84.96384518174888,-52.17632483697636,1.4957299183956205,2.8740775021221245,-0.0637735236812987,0.03372531768509832,0.019000000000000017,0.10699999999999998
66.29993677139282,-84.94977461410345,-52.0316450810127,1.4972000672183343,2.8598352574051225,-0.06039157438213359,0.03093108450080156,0.019000000000000017,0.10699999999999998
66.3499367237091,-84.93565899107382,-51.88819460300295,1.4986736736301591,2.8442372849045428,-0.06020010502111307,0.029037309673344332,0.02200000000000002,0.118
66.39993667602539,-84.9218850929899,-51.74683966135299,1.5000690604501439,2.8294689741690973,-0.06585972277120364,0.027864979608003076,0.02200000000000002,0.118
66.44993662834167,-84.90815590682799,-51.604316637931184,1.5014369763945787,2.8158798283709983,-0.06316963261627379,0.026944201062107133,0.02400000000000002,0.129
66.49993658065796,-84.89495175202025,-51.46479732597832,1.502759363532755,2.8030238804943073,-0.06260400892485343,0.02638801288109186,0.02400000000000002,0.129
66.54993653297424,-84.88194214287034,-51.32380867496402,1.5040170221756408,2.791351854363028,-0.05560579082091524,0.025371363635398353,0.027000000000000024,0.139
66.59993648529053,-84.86917205993801,-51.18305293253491,1.5052165208291235,2.7804991986190055,-0.052352177975561326,0.02406497998595854,0.027000000000000024,0.139
66.64993643760681,-84.85675118071835,-51.04494353932665,1.5063862755478397,2.7667065988366906,-0.05080735695973202,0.02324030257802567,0.029000000000000026,0.15000000000000002
66.6999363899231,-84.84527728386225,-50.90606061437615,1.5074409075007291,2.7538430829924723,-0.054532272367768454,0.021843320359879494,0.029000000000000026,0.15000000000000002
66.74993634223938,-84.8338601619078,-50.76793419645283,1.5084870243834911,2.742879845276361,-0.05348894333552738,0.020641036740520462,0.03200000000000003,0.16000000000000003
66.79993629455566,-84.82264255704338,-50.63056976667412,1.5094648507063098,2.733591886572657,-0.045724582030538,0.019769455558628406,0.03200000000000003,0.16000000000000003
66.84993624687195,-84.81156929405441,-50.494273216001105,1.5104010216312809,2.722953848941094,-0.05126821700261176,0.01872971687881862,0.03400000000000003,0.17100000000000004
66.89993619918823,-84.80130033439292,-50.356400901294236,1.511265091203218,2.7132938584003354,-0.046064315048917136,0.017615796785310483,0.03400000000000003,0.17100000000000004
66.94993615150452,-84.79116906139049,-50.22102173396584,1.512100474123687,2.703470870966467,-0.04215267778042179,0.01661128445274487,0.03700000000000003,0.18200000000000005
66.9999361038208,-84.78103255913979,-50.08633208617053,1.5129170632494033,2.694842892877084,-0.04578020633639464,0.01606757096209128,0.03700000000000003,0.18200000000000005
67.04993605613708,-84.7707249660644,-49.94948651190596,1.5137233133966537,2.6858047208395965,-0.04936665996194296,0.01569084544840649,0.03700000000000003,0.18200000000000005
67.09993600845337,-84.76173838555742,-49.81491799959185,1.5144379212313468,2.678060316352305,-0.039073562812406606,0.014930374290543436,0.03700000000000003,0.18200000000000005
67.14993596076965,-84.75276605488061,-49.682072310638105,1.5151118605655676,2.672748056812871,-0.04131372708247692,0.01387632002259643,0.03700000000000003,0.18200000000000005
67.19993591308594,-84.74357761645548,-49.54713281472261,1.5157449091210369,2.6694332408748944,-0.03883470059522324,0.01304607086300279,0.03700000000000003,0.18200000000000005
67.24993586540222,-84.73444451899357,-49.41390278306944,1.516315960347358,2.667531299610467,-0.038088151391059644,0.011857386632713206,0.03700000000000003,0.18200000000000005
67.2999358177185,-84.72609055778015,-49.279722836106984,1.5168350515513502,2.6657135479983483,-0.03484950488228434,0.010843324950613738,0.03700000000000003,0.18200000000000005
67.34993577003479,-84.71762967448312,-49.14649095957366,1.5173155897129134,2.6645414461817993,-0.03524930259230875,0.009882154480912508,0.03700000000000003,0.18200000000000005
67.39993572235107,-84.70906533010444,-49.01233635068359,1.517725158307179,2.6634273594891007,-0.03825688480953996,0.008709431530230344,0.03700000000000003,0.18200000000000005
67.44993567466736,-84.70045312536952,-48.880232879262785,1.5181258556272867,2.6637214038443213,-0.04116997071280453,0.008070976424330873,0.03700000000000003,0.18200000000000005
67.49993562698364,-84.69258472369182,-48.745802217756506,1.518495732164622,2.6635010626923976,-0.0366164513276286,0.007536914044521478,0.03700000000000003,0.18200000000000005
67.54993557929993,-84.68448844239404,-48.61198453762641,1.5188780470041314,2.6641295759358767,-0.03665389123987684,0.007341975917215745,0.03700000000000003,0.18200000000000005
67.59993553161621,-84.67622529933587,-48.4789674449448,1.519230256303104,2.6644675292425637,-0.03573348037900432,0.007380170601036363,0.03700000000000003,0.18200000000000005
67.6499354839325,-84.66779393988689,-48.34543524088134,1.519523205781709,2.6650206546145303,-0.03639458021404891,0.006569289346460653,0.03700000000000003,0.18200000000000005
67.69993543624878,-84.6600139862217,-48.21390570324104,1.5197582603505404,2.6653400730870533,-0.03693402916490098,0.00537659992401847,0.03700000000000003,0.18200000000000005
67.74993538856506,-84.65191648510141,-48.080848293573084,1.5199391050865043,2.6660502089796334,-0.03446844661550049,0.004186225536403994,0.03700000000000003,0.18200000000000005
67.79993534088135,-84.64373187283107,-47.94756281719122,1.5200101764630318,2.6658487047906694,-0.03453203159829967,0.002557084518407449,0.03700000000000003,0.18200000000000005
67.84993529319763,-84.6352284309256,-47.81282804435955,1.5200317772848393,2.6669358777629593,-0.041604368714214794,0.0008792398163694229,0.03700000000000003,0.18200000000000005
67.89993524551392,-84.62655888172198,-47.68064125978754,1.5199827368076364,2.668226576915545,-0.03091441488298848,-0.00020960024233633188,0.03700000000000003,0.18200000000000005
67.9499351978302,-84.61772943226674,-47.547998409033674,1.5198725552993106,2.6696537945795518,-0.03300062159354651,-0.001516286026739839,0.03700000000000003,0.18200000000000005
67.99993515014648,-84.60882118033152,-47.41434888393092,1.5196513221601458,2.671183693437924,-0.029237204666662766,-0.0032164137496296795,0.03700000000000003,0.18200000000000005
68.04993510246277,-84.59990267731777,-47.28150303385623,1.519357192015815,2.6727091213632814,-0.02810586514214184,-0.004907777777453937,0.03700000000000003,0.18200000000000005
68.09993505477905,-84.59039299395978,-47.14951476999941,1.5190247028513522,2.674320505930086,-0.03293256663991404,-0.006344587353498275,0.03700000000000003,0.18200000000000005
68.14993500709534,-84.58077992490801,-47.01628908647588,1.5186517200614285,2.6756785738407585,-0.03798455634217875,-0.007277586241303389,0.03700000000000003,0.18200000000000005
68.19993495941162,-84.57122725073944,-46.883229407938586,1.518239690857522,2.677538544853213,-0.03371656680472433,-0.007928879347273056,0.03700000000000003,0.18200000000000005
68.2499349117279,-84.56169901913402,-46.75037950543601,1.517817880233879,2.6781300125683107,-0.03003866183976879,-0.008261874275021584,0.03700000000000003,0.18200000000000005
68.29993486404419,-84.55191996913948,-46.6169327075031,1.5173740761822432,2.67821083268163,-0.02498325215830268,-0.008661312732395588,0.03700000000000003,0.18200000000000005
68.34993481636047,-84.5423218117818,-46.485525221859135,1.516934115197699,2.6787511499601586,-0.021084128785876195,-0.00884814044810347,0.03700000000000003,0.18200000000000005
68.39993476867676,-84.53263123435009,-46.35243246390342,1.516483920273768,2.679807477855244,-0.022134017287261814,-0.008981994339506885,0.03700000000000003,0.18200000000000005
68.44993472099304,-84.52298012880841,-46.21886180607654,1.516004467767654,2.6801893601256435,-0.024489445422854278,-0.009292568659831812,0.03700000000000003,0.18200000000000005
68.49993467330933,-84.51293570533635,-46.086843848806424,1.5155150203924346,2.680018286032874,-0.02306898285602954,-0.009576757963661257,0.03700000000000003,0.18200000000000005
68.54993462562561,-84.50290772523473,-45.95407642760811,1.5149688929511023,2.680762490739638,-0.02289928153554561,-0.010331230315141987,0.03700000000000003,0.18200000000000005
68.5999345779419,-84.49294140357941,-45.821073579308006,1.5143724540711672,2.681796864246693,-0.022593571113825397,-0.011248546565066457,0.03700000000000003,0.18200000000000005
68.64993453025818,-84.48305099521382,-45.688581678725896,1.513737807149484,2.6825128380900414,-0.012114980620673465,-0.011984890544699693,0.03700000000000003,0.18200000000000005
68.69993448257446,-84.47280302185311,-45.556867297261135,1.5130939382997806,2.682115333415254,-0.018718534057725153,-0.012708090108351094,0.03700000000000003,0.18200000000000005
68.74993443489075,-84.46253003295631,-45.42366425629073,1.5123818743354187,2.6822147278129367,-0.02162352818543334,-0.013595083389448063,0.03700000000000003,0.18200000000000005
68.79993438720703,-84.45252221521191,-45.292673942270504,1.5116214389143232,2.6816634049266344,-0.013259439879661678,-0.014528965212727764,0.03700000000000003,0.18200000000000005
68.84993433952332,-84.44233069179035,-45.15956744088067,1.5108137375398443,2.6815467081659525,-0.017280190765663467,-0.015651987226106077,0.03700000000000003,0.18200000000000005
68.8999342918396,-84.43174351923969,-45.026090365029724,1.5099305584282376,2.6797422903079093,-0.01595718174430729,-0.01673085274176753,0.03700000000000003,0.18200000000000005
68.94993424415588,-84.42127992125282,-44.89430233585041,1.509030120644931,2.6785438383631535,-0.012099563509589663,-0.01757699769972598,0.03700000000000003,0.18200000000000005
68.99993419647217,-84.41085725752065,-44.76149644152284,1.5080604961688686,2.677824472789576,-0.012076681240355509,-0.018602513645523983,0.03700000000000003,0.18200000000000005
69.04993414878845,-84.40046670029825,-44.62811837081213,1.5070271856692514,2.6761816318762595,-0.007100822808465401,-0.019636411849313053,0.03700000000000003,0.18200000000000005
69.09993410110474,-84.38962944314018,-44.49632571558957,1.505961649187019,2.675542507771744,-0.009089639496519284,-0.020862353467896715,0.03700000000000003,0.18200000000000005
69.14993405342102,-84.3787864456544,-44.363849529105885,1.5048565929697522,2.6740868294797964,-0.005782214453025611,-0.021627354120305996,0.03700000000000003,0.18200000000000005
69.1999340057373,-84.36800311095017,-44.23093237845077,1.5036958185547182,2.67390256740043,-0.008875436799200442,-0.0225178172837526,0.03700000000000003,0.18200000000000005
69.24993395805359,-84.35725608629444,-44.09890076401445,1.5025321273079095,2.6728599417893424,-0.0059142306060328345,-0.023121651636291967,0.03700000000000003,0.18200000000000005
69.29993391036987,-84.34686080950122,-43.96703043886961,1.50130896105896,2.670486355985629,-0.00022612560759978167,-0.023899363762440125,0.03700000000000003,0.18200000000000005
69.34993386268616,-84.33638698668177,-43.83445377197847,1.5000642053766924,2.6699159789248443,-0.0014635813828256215,-0.024674641422637582,0.03700000000000003,0.18200000000000005
69.39993381500244,-84.32588491459654,-43.70220485746038,1.4988065923697456,2.6679010748358247,-0.003427596892021193,-0.025131080320482134,0.03700000000000003,0.18200000000000005
69.44993376731873,-84.31533814446897,-43.57028780497981,1.4975499621390955,2.665940735927928,0.0017058337546674018,-0.025371024840207257,0.03700000000000003,0.18200000000000005
69.49993371963501,-84.30494283685069,-43.4382252030636,1.496287915763918,2.66490515257836,0.006896650933892587,-0.025363820253519197,0.03700000000000003,0.18200000000000005
69.5499336719513,-84.29440962368705,-43.30546925806151,1.495019526096038,2.6637697366077546,0.0009353107044496531,-0.025453765134323198,0.03700000000000003,0.18200000000000005
69.59993362426758,-84.28398562758137,-43.17458436950925,1.4937405767945349,2.662866832772831,0.0033664067773692494,-0.025698139891406877,0.03700000000000003,0.18200000000000005
69.64993357658386,-84.27321181647174,-43.04172950547406,1.4924628815207972,2.6606108577991714,-0.00023542228607180068,-0.025706454842322705,0.03700000000000003,0.18200000000000005
69.69993352890015,-84.26241061208385,-42.90931723830922,1.4911701000359505,2.6596943879629054,0.004522505601214982,-0.025734995696721587,0.03700000000000003,0.18200000000000005
69.74993348121643,-84.25148059822793,-42.777250435185984,1.489879678121525,2.657688409616561,0.004448637567367715,-0.025918798438858155,0.03700000000000003,0.18200000000000005
69.79993343353271,-84.24048726730746,-42.645902885246386,1.4885715330550753,2.6549768137538092,0.009667950922974625,-0.02612945293402651,0.03700000000000003,0.18200000000000005
69.849933385849,-84.22914613783576,-42.51282082453062,1.4872283616052184,2.6528384775018674,0.008182644351642385,-0.026497384394240535,0.03700000000000003,0.18200000000000005
69.89993333816528,-84.21737316416785,-42.38082020783987,1.4858978040201238,2.6508917092296342,0.005309752410457842,-0.026795414982506576,0.03700000000000003,0.18200000000000005
69.94993329048157,-84.2056350952605,-42.249570269206295,1.4844804023776548,2.649149952678734,0.009567420971080765,-0.027728111108189242,0.03700000000000003,0.18200000000000005
69.99993324279785,-84.19356506143315,-42.116932567903035,1.4830145389009326,2.646975349563357,0.004010721921437631,-0.028778655060590762,0.03700000000000003,0.18200000000000005
70.04993319511414,-84.1813103941087,-41.98470445464582,1.4815246993427822,2.64633673983159,0.004196238154443401,-0.029461758805890522,0.03700000000000003,0.18200000000000005
70.09993314743042,-84.16918119955488,-41.85375599936418,1.4800075131994253,2.6449525863146226,0.007402679657302699,-0.030273259181961387,0.03700000000000003,0.18200000000000005
70.1499330997467,-84.15653341831887,-41.719824662218166,1.4784526938831004,2.643843816832201,0.01213510583287735,-0.030677658973498854,0.03700000000000003,0.18200000000000005
70.19993305206299,-84.14413115617656,-41.58882450256779,1.4768695261017666,2.6429032244193285,0.013608871880733356,-0.03140734614952458,0.03700000000000003,0.18200000000000005
70.24993300437927,-84.13137431443846,-41.45784626901417,1.4753379536985665,2.6418060217155888,0.00728675242346378,-0.031543036985796774,0.03700000000000003,0.18200000000000005
70.29993295669556,-84.1179928289901,-41.324277236831804,1.473765792958638,2.6409055605580596,0.003544007112074086,-0.031424000991172006,0.03700000000000003,0.18200000000000005
70.34993290901184,-84.10472210652223,-41.19234007861304,1.4721674718062736,2.638457141521714,0.014136927819005152,-0.031485113770994125,0.03700000000000003,0.18200000000000005
70.39993286132812,-84.09142272101774,-41.06059469092197,1.4705199192169485,2.637532578777183,0.01295373669224573,-0.032403064640086764,0.03700000000000003,0.18200000000000005
70.44993281364441,-84.07798810572025,-40.92786645030782,1.468786118447504,2.6361256954198793,0.014522875866546752,-0.03354203320717206,0.03700000000000003,0.18200000000000005
70.4999327659607,-84.06436870727086,-40.79599954351388,1.4670666287247542,2.63472151892964,0.017513515950149928,-0.03447956987424803,0.03700000000000003,0.18200000000000005
70.54993271827698,-84.0507551954647,-40.66490884962371,1.4652940103685272,2.634145742304229,0.017283675320876712,-0.03527719260696247,0.03700000000000003,0.18200000000000005
70.59993267059326,-84.0368292420767,-40.532745173353355,1.4634808776697947,2.6326556975218898,0.022253262649588785,-0.03580232535801693,0.03700000000000003,0.18200000000000005
70.64993262290955,-84.02290163725975,-40.401537335865854,1.461617069800795,2.631900747876222,0.027400589347626993,-0.03680210792202263,0.03700000000000003,0.18200000000000005
70.69993257522583,-84.00845193315266,-40.26905270237699,1.4596921178178561,2.631581802365793,0.018880151018103454,-0.038041535129833146,0.03700000000000003,0.18200000000000005
70.74993252754211,-83.99366010768624,-40.13551838859005,1.457723687905303,2.6293856288112396,0.02187941427086048,-0.038794846206163004,0.03700000000000003,0.18200000000000005
70.7999324798584,-83.97902353868744,-40.00422755541038,1.4556946830256396,2.6283824092504617,0.023342024842439663,-0.03994653276463245,0.03700000000000003,0.18200000000000005
70.84993243217468,-83.96408748035414,-39.87276680053495,1.4536431383918451,2.6271918808258445,0.029925017545852868,-0.0407982477184098,0.03700000000000003,0.18200000000000005
70.89993238449097,-83.9487149373982,-39.740082061943475,1.4515238754542954,2.626973782538194,0.027832571019921013,-0.041588610341733355,0.03700000000000003,0.18200000000000005
70.94993233680725,-83.9333315144813,-39.608373353607405,1.4493651122444335,2.6272072919919776,0.028843698324563214,-0.04263288186408064,0.03700000000000003,0.18200000000000005
70.99993228912354,-83.9178571149223,-39.47842772020395,1.447240586103636,2.625880580968654,0.031906171525364575,-0.043030348536976556,0.03700000000000003,0.18200000000000005
71.04993224143982,-83.90187300912207,-39.3453309702867,1.445021492734584,2.6246386322112345,0.030861364721091543,-0.043502988107604286,0.03700000000000003,0.18200000000000005
71.0999321937561,-83.88555184502388,-39.2140889157887,1.4428759755040497,2.623207720630523,0.030221440742156463,-0.043563379856698496,0.03700000000000003,0.18200000000000005
71.14993214607239,-83.86914122201658,-39.08263238388386,1.4406915437233359,2.622682730789783,0.03253530626631091,-0.0437926125576974,0.03700000000000003,0.18200000000000005
71.19993209838867,-83.852359935502,-38.95013017302601,1.4384995435037646,2.620851015979595,0.03226208042169232,-0.043638221708032464,0.03700000000000003,0.18200000000000005
71.24993205070496,-83.83571391286438,-38.81962265313118,1.4362933659972426,2.6195429323493324,0.036889616557647185,-0.04392720373638426,0.03700000000000003,0.18200000000000005
71.29993200302124,-83.81911027956146,-38.69005723179057,1.4340628446128751,2.6191543265630006,0.03632823257919794,-0.04469140751689481,0.03700000000000003,0.18200000000000005
71.34993195533752,-83.80164948518791,-38.55551386898154,1.4317190575904748,2.6188643145003927,0.03714890313685387,-0.045582870372617226,0.03700000000000003,0.18200000000000005
71.39993190765381,-83.78455500145532,-38.42439320390588,1.4293753733205925,2.6189861503675935,0.048092875483228666,-0.046257178950103346,0.03700000000000003,0.18200000000000005
71.44993185997009,-83.76731041918542,-38.293892228965284,1.4270306890339919,2.6179845416974286,0.042800448260632444,-0.04708398527378915,0.03700000000000003,0.18200000000000005
71.49993181228638,-83.74960715374341,-38.161518782348864,1.4246714017956807,2.617490170653333,0.043495020779357435,-0.04725182138722503,0.03700000000000003,0.18200000000000005
71.54993176460266,-83.73178398134378,-38.0296542107503,1.4222919776456613,2.617662159843058,0.05083158916858063,-0.04742575284630831,0.03700000000000003,0.18200000000000005
71.59993171691895,-83.71403944054356,-37.89951830672518,1.4198984183718515,2.61739623129408,0.050739923485310055,-0.0478478148486715,0.03700000000000003,0.18200000000000005
71.64993166923523,-83.69589792169997,-37.7675984363107,1.417440316680119,2.617662702358538,0.04916405120140972,-0.04844226769495845,0.03700000000000003,0.18200000000000005
71.69993162155151,-83.6776141641991,-37.63516161020162,1.4150134865106714,2.6182612611634313,0.05698616843348888,-0.04866367719133184,0.03700000000000003,0.18200000000000005
71.7499315738678,-83.65927880020617,-37.50398147171938,1.4125935546401427,2.6191813877306913,0.0553232712574948,-0.048709326110817075,0.03700000000000003,0.18200000000000005
71.79993152618408,-83.64054493285657,-37.37148038548628,1.4101228574076845,2.6198164510813524,0.05998794726104469,-0.04886643955404351,0.03700000000000003,0.18200000000000005
71.84993147850037,-83.62182588414417,-37.240522260135755,1.407657613973822,2.620265794190894,0.06588707374002664,-0.04908990475292845,0.03700000000000003,0.18200000000000005
71.89993143081665,-83.60266872750543,-37.10931439613506,1.4052270237379438,2.6208375405163693,0.06230900264182114,-0.04926224279957518,0.03700000000000003,0.18200000000000005
71.94993138313293,-83.5831583875496,-36.97715474051223,1.402744018152713,2.6216068197659554,0.06454089693484866,-0.049486911873559865,0.03700000000000003,0.18200000000000005
71.99993133544922,-83.56346133155344,-36.84536566153537,1.4002241327869702,2.6234700020883057,0.06594254179804457,-0.049968555757474,0.03700000000000003,0.18200000000000005
72.0499312877655,-83.54350032992882,-36.713985580022054,1.397700448750043,2.625616689110897,0.06223298756793234,-0.05039091382871249,0.03700000000000003,0.18200000000000005
72.09993124008179,-83.52277043421923,-36.58216251529323,1.3951526124948366,2.6267811328642274,0.06603246924928316,-0.05089070932110101,0.03700000000000003,0.18200000000000005
72.14993119239807,-83.50166463328326,-36.44916553887942,1.392521063169064,2.6274601101940007,0.07155833491369891,-0.05176738553480918,0.03700000000000003,0.18200000000000005
72.19993114471436,-83.48047914416445,-36.316660277432064,1.3898323272343651,2.627030680285189,0.07338024021699406,-0.05283452543372589,0.03700000000000003,0.18200000000000005
72.24993109703064,-83.4593624268063,-36.18596265239278,1.387132969504945,2.6271308735547794,0.07679577263657736,-0.05385462986557562,0.03700000000000003,0.18200000000000005
72.29993104934692,-83.43747523624165,-36.05321470362017,1.3843887235783099,2.627746569486448,0.07372466732306486,-0.054617575588886476,0.03700000000000003,0.18200000000000005
72.34993100166321,-83.41554793809868,-35.92182845249781,1.381641111562084,2.628231309159655,0.0806551100061779,-0.054866711531431016,0.03700000000000003,0.18200000000000005
72.39993095397949,-83.39337642856833,-35.79026599199268,1.3788412804274912,2.627924262262086,0.07745723921060155,-0.05561133713149071,0.03700000000000003,0.18200000000000005
72.44993090629578,-83.37085831254527,-35.65760025159889,1.375958699228389,2.6285030627019847,0.08208837810825487,-0.05650860952627444,0.03700000000000003,0.18200000000000005
72.49993085861206,-83.34766923251551,-35.525788888935146,1.3731373062739582,2.6279611110269605,0.07837340521733932,-0.05684578294098979,0.03700000000000003,0.18200000000000005
72.54993081092834,-83.32440381454582,-35.39468204500492,1.3703070984052297,2.6274157071834936,0.08073131409853809,-0.056787428893772286,0.03700000000000003,0.18200000000000005
72.59993076324463,-83.30089330810748,-35.263862758395994,1.367494183471479,2.626538284587967,0.08900685005702816,-0.05646470418548327,0.03700000000000003,0.18200000000000005
72.64993071556091,-83.27700189330584,-35.13257109396518,1.364665079736139,2.6273756397138217,0.08632983216999826,-0.05632202421443956,0.03700000000000003,0.18200000000000005
72.6999306678772,-83.25213493485626,-35.00068744669158,1.3618678151004262,2.6280815266243254,0.0858308409302105,-0.055990350982674665,0.03700000000000003,0.18200000000000005
72.74993062019348,-83.2271649237593,-34.86885756496389,1.359020058310566,2.628498409405925,0.0809393409611632,-0.056294129288868344,0.03700000000000003,0.18200000000000005
72.79993057250977,-83.2020722733997,-34.73815533180156,1.3561991466281598,2.62722930939151,0.08031225312309619,-0.056360388065921425,0.03700000000000003,0.18200000000000005
72.84993052482605,-83.1773769235081,-34.610306846403866,1.3533728752263343,2.6269807246897723,0.08891619084142736,-0.0568355097582216,0.03700000000000003,0.18200000000000005
72.89993047714233,-83.1507337391497,-34.476406512532655,1.3503840840319916,2.6278115702847105,0.08465977974880728,-0.057760601937419796,0.03700000000000003,0.18200000000000005
72.94993042945862,-83.1243680190884,-34.3454789592143,1.3474332010662382,2.628588378171594,0.0927216568169518,-0.05843159735839001,0.03700000000000003,0.18200000000000005
72.9999303817749,-83.09794301679432,-34.21559925473048,1.3444660704501048,2.629869853577435,0.09063122186597482,-0.05918116417238687,0.03700000000000003,0.18200000000000005
73.04993033409119,-83.0713864261346,-34.08641010320655,1.3414737787892757,2.6308128549747685,0.09088091443369198,-0.059728287819188305,0.03700000000000003,0.18200000000000005
73.09993028640747,-83.04354170422924,-33.9548623473444,1.3384314111070506,2.6321162530824083,0.08846724261675032,-0.060368499966860764,0.03700000000000003,0.18200000000000005
73.14993023872375,-83.01540008595293,-33.823222513070675,1.335355537234605,2.6331680289881882,0.08585054516821819,-0.06076872990710629,0.03700000000000003,0.18200000000000005
73.19993019104004,-82.98717486518946,-33.6921661424678,1.3322565017436285,2.6341397267684026,0.09366514218107037,-0.06111002387519125,0.03700000000000003,0.18200000000000005
73.24993014335632,-82.95891228991475,-33.562490629603744,1.3291966324753723,2.634828363381329,0.09152909777414606,-0.06129618276591511,0.03700000000000003,0.18200000000000005
73.29993009567261,-82.93038810889782,-33.432488920712885,1.326111904778251,2.636772710605594,0.09366778467573848,-0.06160024820884354,0.03700000000000003,0.18200000000000005
73.34993004798889,-82.90115992971167,-33.300706360186524,1.3229917036352077,2.6383215368123043,0.0899567310802282,-0.06181870049050509,0.03700000000000003,0.18200000000000005
73.39993000030518,-82.8719980831922,-33.170742082665654,1.319939077196029,2.6398021363847204,0.09777991644789996,-0.061329461950744533,0.03700000000000003,0.18200000000000005
73.44992995262146,-82.8430235883309,-33.04281376740763,1.31694026774785,2.639192552680116,0.09658901754093717,-0.061150355113682955,0.03700000000000003,0.18200000000000005
73.49992990493774,-82.81252732065845,-32.90983595872573,1.3138478257805035,2.639754814804413,0.10359063294623674,-0.06087018841215701,0.03700000000000003,0.18200000000000005
73.54992985725403,-82.78218841927591,-32.77891022609963,1.310812725807438,2.6408667914251294,0.09749761135681756,-0.06054588690512037,0.03700000000000003,0.18200000000000005
73.59992980957031,-82.75167243057292,-32.64874164657903,1.307795781298913,2.6424457352410635,0.09726283559605702,-0.060285103593712516,0.03700000000000003,0.18200000000000005
73.6499297618866,-82.72175365892963,-32.52209047066083,1.3048197444138427,2.64203840673242,0.10224583153871805,-0.06039948126823403,0.03700000000000003,0.18200000000000005
73.69992971420288,-82.68943702731347,-32.386710673628954,1.3016224697544239,2.6435563713074406,0.10426265844219064,-0.0612024662723681,0.03700000000000003,0.18200000000000005
73.74992966651917,-82.65827447790215,-32.257543762271254,1.2985432806042514,2.644051366439933,0.10200329749346748,-0.06183209541083553,0.03700000000000003,0.18200000000000005
73.79992961883545,-82.62637160791358,-32.126658596001185,1.2953664337123716,2.6439916252855027,0.10877103301836581,-0.06259011028548075,0.03700000000000003,0.18200000000000005
73.84992957115173,-82.59477029091092,-31.998257417893573,1.2921777509296886,2.6442964448510424,0.11002665256898159,-0.06357233812720506,0.03700000000000003,0.18200000000000005
73.89992952346802,-82.56183561346009,-31.86634280032329,1.2888880129182874,2.6459080624844984,0.11338995551668035,-0.06446749542108648,0.03700000000000003,0.18200000000000005
73.9499294757843,-82.52894119240761,-31.735974841444584,1.2855823837016855,2.6476092536281963,0.10959482832535362,-0.06546275584030245,0.03700000000000003,0.18200000000000005
73.99992942810059,-82.49535607464287,-31.6044624850477,1.2822256096431777,2.6490090018019012,0.10907544581995957,-0.06609319820363388,0.03700000000000003,0.18200000000000005
74.04992938041687,-82.46244424519215,-31.476814143052863,1.2789180625446817,2.649024265687132,0.10693216166360421,-0.0667393967494963,0.03700000000000003,0.18200000000000005
74.09992933273315,-82.42764823893131,-31.343356462761513,1.2754650362158642,2.649523004804493,0.11427717036138428,-0.06720862202099981,0.03700000000000003,0.18200000000000005
74.14992928504944,-82.39321115656378,-31.213044149932504,1.2721054332820458,2.650802831408905,0.11474176904757116,-0.06718446958156667,0.03700000000000003,0.18200000000000005
74.19992923736572,-82.3583703255466,-31.082577029219763,1.2687376239392818,2.652078521152554,0.11579726611711874,-0.06691437016175719,0.03700000000000003,0.18200000000000005
74.249929189682,-82.32419430290537,-30.955628463337852,1.265439586615043,2.652513914120634,0.12254258899388086,-0.06701649070562075,0.03700000000000003,0.18200000000000005
74.29992914199829,-82.2879414637245,-30.822050509311936,1.262027720237242,2.653472254799347,0.11761118261258657,-0.06665992152017006,0.03700000000000003,0.18200000000000005
74.34992909431458,-82.2522216379602,-30.69216171912773,1.2587280544316704,2.654581047803308,0.11896389810633025,-0.06618829327371066,0.03700000000000003,0.18200000000000005
74.39992904663086,-82.21633605973113,-30.562910307318123,1.2554129476517193,2.655122816583285,0.12131725439067712,-0.06593223124221093,0.03700000000000003,0.18200000000000005
74.44992899894714,-82.17980665769882,-30.43285868643809,1.2520637689891445,2.6549418572377403,0.12439562754722817,-0.06605848383920945,0.03700000000000003,0.18200000000000005
74.49992895126343,-82.14268354489766,-30.302963814316794,1.2487358866706206,2.656145532777317,0.12449209145547088,-0.06613776305022213,0.03700000000000003,0.18200000000000005
74.54992890357971,-82.10554915986317,-30.17396467438283,1.2453721225345613,2.657116712952896,0.12819989955563127,-0.0665035573339429,0.03700000000000003,0.18200000000000005
74.599928855896,-82.0680343999463,-30.04527362917548,1.2419967931939109,2.6582593821113667,0.12719567244147967,-0.06715743620710712,0.03700000000000003,0.18200000000000005
74.64992880821228,-82.03012638104704,-29.91656515607522,1.238561674552143,2.6585279768286383,0.12749247806681843,-0.06792803424410927,0.03700000000000003,0.18200000000000005
74.69992876052856,-81.99105364833609,-29.786332104973322,1.2350617946645333,2.6590481087460107,0.13082682551691083,-0.06874168187634762,0.03700000000000003,0.18200000000000005
74.74992871284485,-81.95170478733873,-29.65692786653369,1.2315564749472052,2.6600181110828345,0.13208494522782116,-0.06917746194899704,0.03700000000000003,0.18200000000000005
74.79992866516113,-81.91201069141641,-29.52808550807247,1.2280291243262356,2.661596592144729,0.12278081000092503,-0.06991884306453475,0.03700000000000003,0.18200000000000005
74.84992861747742,-81.87281361547278,-29.401971336294494,1.2244947523966225,2.662798955694801,0.12371162219089155,-0.07074984362573228,0.03700000000000003,0.18200000000000005
74.8999285697937,-81.8310136928102,-29.269753326349807,1.2207903994403015,2.6653101080506785,0.13030407668686125,-0.07136971933055702,0.03700000000000003,0.18200000000000005
74.94992852210999,-81.78996137199098,-29.141733283895398,1.2171960312231753,2.6671454864273323,0.12473402365609024,-0.07166920596906613,0.03700000000000003,0.18200000000000005
74.99992847442627,-81.74812421106736,-29.012997819328746,1.2135733868741132,2.668472304437537,0.12536480883083295,-0.07185443496626384,0.03700000000000003,0.18200000000000005
75.04992842674255,-81.70684947100534,-28.88771174222457,1.2100413536668333,2.6690477883237382,0.12265398531199402,-0.07195380956555496,0.03700000000000003,0.18200000000000005
75.09992837905884,-81.66289044847888,-28.75687549050491,1.2063819919590635,2.6694515641173986,0.1261552611756204,-0.07140612974040243,0.03700000000000003,0.18200000000000005
75.14992833137512,-81.61971759279184,-28.629750262783464,1.2028065477174892,2.671705618908936,0.12179698390060108,-0.07137558370365052,0.03700000000000003,0.18200000000000005
75.1999282836914,-81.57599124913044,-28.502448924973674,1.1992220461511356,2.671712608451907,0.12003606134558738,-0.07135330487314878,0.03700000000000003,0.18200000000000005
75.24992823600769,-81.53147725236634,-28.3743810683702,1.1956328576550919,2.6727599325480402,0.11513236363203608,-0.07133713791190237,0.03700000000000003,0.18200000000000005
75.29992818832397,-81.48639516169838,-28.247005561311187,1.1920427009560055,2.6737048782438246,0.1198613174425871,-0.07117846515616963,0.03700000000000003,0.18200000000000005
75.34992814064026,-81.44119239263577,-28.12027301115435,1.1884341366092983,2.67336023559505,0.1274926700754535,-0.07131396676455033,0.03700000000000003,0.18200000000000005
75.39992809295654,-81.39580997013734,-27.994089740616797,1.184804181843391,2.6726711274209047,0.12705146069243456,-0.07199505229498385,0.03700000000000003,0.18200000000000005
75.44992804527283,-81.34998085143876,-27.86752982159066,1.1811030369384334,2.672780700583419,0.13196826983838358,-0.07281127605962681,0.03700000000000003,0.18200000000000005
75.49992799758911,-81.30354559853066,-27.73997094701318,1.1773429641024171,2.6720766464504613,0.12956876574888893,-0.07385478245791857,0.03700000000000003,0.18200000000000005
75.5499279499054,-81.2570870435626,-27.613271079850083,1.1735393146043562,2.6727941185012196,0.12998221878742502,-0.07497506541360589,0.03700000000000003,0.18200000000000005
75.59992790222168,-81.20999523757334,-27.486254460656525,1.1696951175244616,2.672338977006092,0.13268649688646192,-0.07577958648207857,0.03700000000000003,0.18200000000000005
75.64992785453796,-81.16394506401687,-27.36306057051367,1.1658982971579384,2.671047804662018,0.13993600340008244,-0.07649583161782658,0.03700000000000003,0.18200000000000005
75.69992780685425,-81.11507158176408,-27.233577622149888,1.1617866858793808,2.671198670772881,0.14266035093934198,-0.07817530013770009,0.03700000000000003,0.18200000000000005
75.74992775917053,-81.0668031775402,-27.107019077533817,1.1577323221524,2.67094952808138,0.14181855945065563,-0.07962909478274953,0.03700000000000003,0.18200000000000005
75.79992771148682,-81.01893390875625,-26.98289625947899,1.153740601007212,2.6708954932193674,0.13757173745230647,-0.0804498140737505,0.03700000000000003,0.18200000000000005
75.8499276638031,-80.9701880858523,-26.85734645205631,1.149649246224585,2.6713999149365475,0.1444892451275048,-0.08090190239319608,0.03700000000000003,0.18200000000000005
75.89992761611938,-80.92037573681507,-26.729937364974077,1.145530265603945,2.6706863352255934,0.14609245823151043,-0.08102471858891028,0.03700000000000003,0.18200000000000005
75.94992756843567,-80.87095738047591,-26.60517824686172,1.1415587873582078,2.6702998757294223,0.15131843681348814,-0.0800652362124637,0.03700000000000003,0.18200000000000005
75.99992752075195,-80.82058285006747,-26.479184786596598,1.1375556867639887,2.6702170528622844,0.1503378902974016,-0.0791408834403197,0.03700000000000003,0.18200000000000005
76.04992747306824,-80.77128474269557,-26.35721095366607,1.133708563310885,2.670544690726662,0.14488856377282255,-0.07861126511209719,0.03700000000000003,0.18200000000000005
76.09992742538452,-80.72032738536723,-26.231263785635992,1.1297547647888702,2.670290669284361,0.1478371373684228,-0.0780032621249566,0.03700000000000003,0.18200000000000005
76.1499273777008,-80.66884020086424,-26.105313461527683,1.125788246018736,2.6698056639599717,0.150218209454211,-0.07774315146034626,0.03700000000000003,0.18200000000000005
76.19992733001709,-80.61805392355934,-25.982517175123814,1.1219298416101122,2.6684297797042826,0.15000408894986128,-0.0776235538937613,0.03700000000000003,0.18200000000000005
76.24992728233337,-80.56723325744824,-25.860768798876826,1.1180616555038358,2.6657290309831163,0.15808413210143507,-0.07772464217156677,0.03700000000000003,0.18200000000000005
76.29992723464966,-80.51433369706899,-25.733968688628174,1.1139904091821948,2.6642747566992333,0.16673301149657838,-0.07822010490957929,0.03700000000000003,0.18200000000000005
76.34992718696594,-80.46266861148116,-25.61147528107532,1.110007101944246,2.6633604015596317,0.15818998044132798,-0.07922076562810725,0.03700000000000003,0.18200000000000005
76.39992713928223,-80.41069938821478,-25.48981026458359,1.1060166523197377,2.6632873616622588,0.15599315019978255,-0.0801042839609868,0.03700000000000003,0.18200000000000005
76.44992709159851,-80.35665218514909,-25.36478107691237,1.1018829151164355,2.66263321328242,0.15050366154523506,-0.080741875302231,0.03700000000000003,0.18200000000000005
76.4999270439148,-80.302991389118,-25.240867353541677,1.0977720391401076,2.6605951493543936,0.1524580513962178,-0.08106312402859918,0.03700000000000003,0.18200000000000005
76.54992699623108,-80.24929750522922,-25.1184644730613,1.0936983943094682,2.6601045616994528,0.1541746158337271,-0.0811570208224033,0.03700000000000003,0.18200000000000005
76.59992694854736,-80.19504707125907,-24.99645887270662,1.0896427027891067,2.6594925025167737,0.15647389136803985,-0.08099775991470197,0.03700000000000003,0.18200000000000005
76.64992690086365,-80.14050087738936,-24.875520680880477,1.0856316196121087,2.6591922180834504,0.1570484342300313,-0.08061653293280951,0.03700000000000003,0.18200000000000005
76.69992685317993,-80.08489394380327,-24.752947022562395,1.081576981226898,2.6589116239234802,0.15682677927746785,-0.08036427873958701,0.03700000000000003,0.18200000000000005
76.74992680549622,-80.02850206789611,-24.630259025184177,1.0775183197758755,2.6590103355515207,0.16084281998703898,-0.07987783736426508,0.03700000000000003,0.18200000000000005
76.7999267578125,-79.97286442560936,-24.51077774394419,1.0735725509111627,2.658252226984257,0.157961035753361,-0.07986725504307034,0.03700000000000003,0.18200000000000005
76.84992671012878,-79.9163034871341,-24.390578281150134,1.069575823715208,2.656818796404026,0.16306676371043516,-0.07970169765165949,0.03700000000000003,0.18200000000000005
76.89992666244507,-79.85858086243285,-24.269655483315063,1.0655888733796803,2.655197900209745,0.16108400545221152,-0.07957481215091765,0.03700000000000003,0.18200000000000005
76.94992661476135,-79.79934973793291,-24.14700712972295,1.0615263103662491,2.6528499367297944,0.15372508609532887,-0.07925294049110726,0.03700000000000003,0.18200000000000005
76.99992656707764,-79.74099618758844,-24.02758266391381,1.0575581936752312,2.652367231168446,0.15068897098871936,-0.07926173720752203,0.03700000000000003,0.18200000000000005
77.04992651939392,-79.68325794807181,-23.910498639380897,1.0536042107736787,2.6503655443860787,0.15679424772351247,-0.07974407911279212,0.03700000000000003,0.18200000000000005
77.0999264717102,-79.62216451433245,-23.788488676962267,1.049455738598149,2.649471478533045,0.1581487685055509,-0.08051417792087444,0.03700000000000003,0.18200000000000005
77.14992642402649,-79.56301336903726,-23.671713488717234,1.04545882422168,2.6471956548621844,0.15571095714704739,-0.08088119042616698,0.03700000000000003,0.18200000000000005
77.19992637634277,-79.50152141775558,-23.551183368905438,1.0412437547639888,2.6465108686105148,0.16700833805390836,-0.08162383889036527,0.03700000000000003,0.18200000000000005
77.24992632865906,-79.44153370329533,-23.4349996765265,1.037174652475936,2.6449819611568834,0.1576475122430259,-0.08232593719948135,0.03700000000000003,0.18200000000000005
77.29992628097534,-79.37843233305423,-23.314859072655437,1.032890665245627,2.643957025366972,0.15909246996673315,-0.08300344664882717,0.03700000000000003,0.18200000000000005
77.34992623329163,-79.3185237901762,-23.20211833751526,1.0288832612153804,2.6427607356724514,0.16134404104282976,-0.08305479702724386,0.03700000000000003,0.18200000000000005
77.39992618560791,-79.25463411394702,-23.08254870645377,1.0245456518384084,2.641962880103242,0.15885520732192643,-0.08379274459385493,0.03700000000000003,0.18200000000000005
77.4499261379242,-79.19211224551462,-22.96653431956616,1.020300529370756,2.6402142770695947,0.1612202854382689,-0.08467796616051572,0.03700000000000003,0.18200000000000005
77.49992609024048,-79.12711463557413,-22.848062988875355,1.0159343582363332,2.6389692498979214,0.16706383430730054,-0.08506597381579988,0.03700000000000003,0.18200000000000005
77.54992604255676,-79.0632378216211,-22.732740796301975,1.0117036261766807,2.638089754133306,0.1674968821835831,-0.08488564873757375,0.03700000000000003,0.18200000000000005
77.59992599487305,-78.99850319619496,-22.61698088065129,1.0074769070228025,2.638121562061821,0.15721430818540683,-0.08457273319322835,0.03700000000000003,0.18200000000000005
77.64992594718933,-78.93347854339547,-22.501733633056915,1.0032784323702382,2.6376991468208186,0.15541754986959314,-0.08409017168705812,0.03700000000000003,0.18200000000000005
77.69992589950562,-78.86624439959391,-22.38506608211199,0.999001393758394,2.637787150572207,0.15828676619438176,-0.08374158664936965,0.03700000000000003,0.18200000000000005
77.7499258518219,-78.80078785579941,-22.272443659625445,0.9948673080773484,2.635369823757534,0.15145599364613269,-0.08356084464781076,0.03700000000000003,0.18200000000000005
77.79992580413818,-78.73410909508131,-22.15856874659821,0.9906465400425203,2.6340474743254427,0.1519037395031213,-0.08390420894467747,0.03700000000000003,0.18200000000000005
77.84992575645447,-78.66713272392157,-22.045189058689793,0.9864279953644309,2.6329141894797585,0.15531082776617178,-0.08415694411692674,0.03700000000000003,0.18200000000000005
77.89992570877075,-78.59825940644556,-21.930373580732127,0.9821225347672831,2.6325917134259758,0.15776694244155837,-0.08433576233227004,0.03700000000000003,0.18200000000000005
77.94992566108704,-78.53024060552481,-21.817604413640165,0.9778219854325563,2.6315639312177908,0.1574179905394989,-0.08518673773950898,0.03700000000000003,0.18200000000000005
77.99992561340332,-78.46160372160085,-21.704682142330366,0.9735071929465094,2.6305543911646536,0.15892468186442119,-0.08585284575588224,0.03700000000000003,0.18200000000000005
78.0499255657196,-78.39274821121208,-21.592164884288334,0.9691919342020073,2.628815325060727,0.1564184543629788,-0.08616790612846599,0.03700000000000003,0.18200000000000005
78.09992551803589,-78.32289389088463,-21.479306084307442,0.9648552897909107,2.627140137912451,0.1649366465750297,-0.08614293340092771,0.03700000000000003,0.18200000000000005
78.14992547035217,-78.25444786194626,-21.369177119333997,0.9605770978279039,2.625264587328133,0.1609007658601425,-0.08658768959977838,0.03700000000000003,0.18200000000000005
78.19992542266846,-78.18251411160762,-21.254143861321193,0.9560958922294455,2.623335993281718,0.16631109362482954,-0.08683254943975717,0.03700000000000003,0.18200000000000005
78.24992537498474,-78.1127085751678,-21.14321474321988,0.9517635478715455,2.6216441507454205,0.16953884398475969,-0.08685878384035511,0.03700000000000003,0.18200000000000005
78.29992532730103,-78.04216325975811,-21.031390045499393,0.9473789580191095,2.619349983185215,0.1669400222427258,-0.087025530957178,0.03700000000000003,0.18200000000000005
78.34992527961731,-77.97076196484267,-20.919097557316228,0.9429802159430627,2.618140288065473,0.17183685019597147,-0.08682451906891903,0.03700000000000003,0.18200000000000005
78.3999252319336,-77.90012178269969,-20.808655489366473,0.9386109015801885,2.6160716900979164,0.17682559504024475,-0.08714722596542976,0.03700000000000003,0.18200000000000005
78.44992518424988,-77.8286653050971,-20.697815903677444,0.9342242544827575,2.6141324713916365,0.17988836953381962,-0.08706785455739342,0.03700000000000003,0.18200000000000005
78.49992513656616,-77.75676894473706,-20.586522648187422,0.9297903255922885,2.6136340961081737,0.18205371447432728,-0.08726662798897147,0.03700000000000003,0.18200000000000005
78.54992508888245,-77.68479543033965,-20.47596685566976,0.925357971753285,2.612996166918944,0.18426018320748,-0.08770882107620982,0.03700000000000003,0.18200000000000005
78.59992504119873,-77.61296526072914,-20.366588654877734,0.9209591437416975,2.6126083243662057,0.1800597069734767,-0.08795245886556416,0.03700000000000003,0.18200000000000005
78.64992499351501,-77.54089870227334,-20.257982518151945,0.916611406104756,2.6120160188713113,0.18053381725926093,-0.08764113652331798,0.03700000000000003,0.18200000000000005
78.6999249458313,-77.46557356159674,-20.14478657776721,0.9120368815572435,2.6104127208545456,0.1832656727766147,-0.08756958324186508,0.03700000000000003,0.18200000000000005
78.74992489814758,-77.39393555410435,-20.038126868582292,0.9077149741664733,2.609479980461687,0.18476080070343184,-0.0875840623041782,0.03700000000000003,0.18200000000000005
78.79992485046387,-77.32046946033572,-19.929999501290627,0.9033641134478786,2.6082174421450937,0.17867552113312093,-0.08741052150144574,0.03700000000000003,0.18200000000000005
78.84992480278015,-77.24570185911621,-19.821197097461287,0.8989978771266819,2.608261170991139,0.18243854714997437,-0.0866397609699624,0.03700000000000003,0.18200000000000005
78.89992475509644,-77.17208519217577,-19.714256237285884,0.894703454161606,2.6072357580383505,0.18408260178035896,-0.0863770488843098,0.03700000000000003,0.18200000000000005
78.94992470741272,-77.09645545153144,-19.60566612151869,0.8903436590854827,2.6059896489355414,0.1772692284251607,-0.08615478923865408,0.03700000000000003,0.18200000000000005
78.999924659729,-77.02062437502853,-19.49806433337978,0.8860284085005181,2.604409693612217,0.18023743590460714,-0.0859148618829121,0.03700000000000003,0.18200000000000005
79.04992461204529,-76.9449247925672,-19.391952693034558,0.8817892575984191,2.60379966584672,0.17176906353438734,-0.08533287000372645,0.03700000000000003,0.18200000000000005
79.09992456436157,-76.86941453837707,-19.28636108259359,0.8775727697018497,2.6035609193042215,0.17491678734416877,-0.08487344162423274,0.03700000000000003,0.18200000000000005
79.14992451667786,-76.7915704626786,-19.178870252264208,0.8733003339468133,2.6032531687719698,0.17323909539617433,-0.08441330789223309,0.03700000000000003,0.18200000000000005
79.19992446899414,-76.71417108287996,-19.073000573275383,0.8690491580882094,2.60304405585233,0.17232804472413993,-0.08432414567308409,0.03700000000000003,0.18200000000000005
79.24992442131042,-76.63720977568842,-18.968959029659437,0.8648652763994709,2.6028329242975414,0.17279573082482425,-0.08434951284254433,0.03700000000000003,0.18200000000000005
79.29992437362671,-76.55826346685265,-18.862846306538135,0.860588951495195,2.6016667922372547,0.17280146488160653,-0.08430577973260318,0.03700000000000003,0.18200000000000005
79.349924325943,-76.47930236882728,-18.75791844739119,0.856325099523448,2.6004937454950747,0.17441673464284277,-0.08441398070223555,0.03700000000000003,0.18200000000000005
79.39992427825928,-76.40033161996638,-18.653956286837754,0.8520057066948076,2.599454220380642,0.1742360405619416,-0.08510499192727278,0.03700000000000003,0.18200000000000005
79.44992423057556,-76.32006332730303,-18.54935714679353,0.8475974315067006,2.5992401745498417,0.1699275185427866,-0.08626172283610094,0.03700000000000003,0.18200000000000005
79.49992418289185,-76.23996501751934,-18.44655322112644,0.8432189392660482,2.5995188055068295,0.17076660079944603,-0.0871223960657342,0.03700000000000003,0.18200000000000005
79.54992413520813,-76.15951139063641,-18.344293043430213,0.838833237484302,2.598071495898358,0.16765984798000177,-0.08764810768168997,0.03700000000000003,0.18200000000000005
79.59992408752441,-76.07815234936157,-18.241821476259982,0.8343910158125499,2.5971913318821422,0.17061739353673644,-0.08800045415835968,0.03700000000000003,0.18200000000000005
79.6499240398407,-75.9964567913163,-18.14000452492506,0.8299670958086455,2.5957976511505674,0.17487567185198663,-0.08806076757872718,0.03700000000000003,0.18200000000000005
79.69992399215698,-75.91430662400926,-18.039191848007174,0.8255541468065,2.596473037697107,0.17355507151741828,-0.08820030108608048,0.03700000000000003,0.18200000000000005
79.74992394447327,-75.83094655953425,-17.938044536197527,0.8211546949729999,2.596308533762427,0.17169275960475447,-0.08765311072086605,0.03700000000000003,0.18200000000000005
79.79992389678955,-75.74725629766334,-17.83749139636256,0.8167878406078966,2.5977694201523875,0.1632941579784645,-0.08719785249639612,0.03700000000000003,0.18200000000000005
79.84992384910583,-75.6636708290287,-17.738204315475176,0.8125044713626693,2.598423485676734,0.1623117966287674,-0.08637195735532524,0.03700000000000003,0.18200000000000005
79.89992380142212,-75.57776128093991,-17.63831637304138,0.8081146359357889,2.598366733965516,0.16310230687548036,-0.08629715935342852,0.03700000000000003,0.18200000000000005
79.9499237537384,-75.49160196900056,-17.53885004413108,0.8037193130250382,2.5980906017580807,0.15997322029439784,-0.08665999343858304,0.03700000000000003,0.18200000000000005
79.99992370605469,-75.40595985820522,-17.440905416227086,0.7994105366383685,2.597922621479701,0.1619097924657869,-0.08655311304783235,0.03700000000000003,0.18200000000000005
80.04992365837097,-75.32001572707854,-17.34314726322294,0.795056662015429,2.5981952341333714,0.16850662266394997,-0.08664223813087628,0.03700000000000003,0.18200000000000005
80.09992361068726,-75.23248534381024,-17.245079643747843,0.7906111784014885,2.5992392715547115,0.1671800937766343,-0.08735424914976837,0.03700000000000003,0.18200000000000005
80.14992356300354,-75.1453608347471,-17.147996337582192,0.786167826870276,2.5989826976750816,0.168182768972909,-0.08833832541255462,0.03700000000000003,0.18200000000000005
80.19992351531982,-75.05798571771471,-17.05117902439222,0.7817075796722661,2.599268048311702,0.16902576872295916,-0.08899848527235157,0.03700000000000003,0.18200000000000005
80.24992346763611,-74.96961840480596,-16.953769454003886,0.7771755739968348,2.598597817262978,0.16706486070596638,-0.08953057053488102,0.03700000000000003,0.18200000000000005
80.29992341995239,-74.8816032280952,-16.857971844528794,0.7726616009923988,2.597810487887119,0.16929366052955688,-0.08992895148206456,0.03700000000000003,0.18200000000000005
80.34992337226868,-74.79300540846532,-16.76210399796929,0.7681066655996084,2.5981867586742395,0.17522761475719034,-0.09033349897039834,0.03700000000000003,0.18200000000000005
80.39992332458496,-74.70350025872797,-16.665778177806928,0.7634805144928419,2.597833984297994,0.177356518736249,-0.09084757864151134,0.03700000000000003,0.18200000000000005
80.44992327690125,-74.61490931075146,-16.5710826815141,0.7588989847540699,2.5986727528516376,0.1775461436204976,-0.09153985608983357,0.03700000000000003,0.18200000000000005
80.49992322921753,-74.5252205124792,-16.475981358841874,0.7542751695372704,2.599523675012725,0.17552411404982693,-0.09184832717969064,0.03700000000000003,0.18200000000000005
80.54992318153381,-74.43444599013951,-16.380335871107764,0.7495767083689199,2.5991094653631825,0.18037807884224624,-0.09216368444281052,0.03700000000000003,0.18200000000000005
80.5999231338501,-74.3452267755445,-16.286673086322775,0.7448789073360602,2.597993830059201,0.1906655210592106,-0.09317377913252026,0.03700000000000003,0.18200000000000005
80.64992308616638,-74.25463728652153,-16.192510223783103,0.7401875961027965,2.598117195471095,0.17708099125084598,-0.09384125256600581,0.03700000000000003,0.18200000000000005
80.69992303848267,-74.16396902221028,-16.09860020512691,0.7355019711556114,2.599837206368626,0.17481334226209397,-0.09371398431189755,0.03700000000000003,0.18200000000000005
80.74992299079895,-74.07263943793153,-16.004760854072863,0.7308182792859432,2.601115084087972,0.17969531916787831,-0.09316136378097231,0.03400000000000003,0.17100000000000004
80.79992294311523,-73.9812971559034,-15.911781546511735,0.7261966999501644,2.601531290493414,0.18228403289087425,-0.09270780432238838,0.03400000000000003,0.17100000000000004
80.84992289543152,-73.88993510260723,-15.819520025150497,0.7215994137505469,2.601857223933609,0.18842392674555486,-0.09224174415026755,0.03200000000000003,0.16000000000000003
80.8999228477478,-73.79770483015871,-15.725943337408134,0.7169780879941888,2.6031386092164026,0.1883028347248688,-0.09173535604957468,0.03200000000000003,0.16000000000000003
80.94992280006409,-73.7059270966968,-15.633691204985377,0.7124098894220615,2.604109066600749,0.1880212856927717,-0.09142190728958326,0.029000000000000026,0.15000000000000002
80.99992275238037,-73.61323933878484,-15.541319663940286,0.707795834343963,2.605461968269344,0.18998442916681507,-0.09143878386090198,0.029000000000000026,0.15000000000000002
81.04992270469666,-73.5209626362443,-15.45022322379045,0.7032104697521093,2.6057804460243013,0.18801623252893465,-0.09182746563272301,0.027000000000000024,0.139
81.09992265701294,-73.42723673358329,-15.356929674681519,0.6985216395555252,2.603570825379564,0.18699677795221759,-0.09217210434957594,0.027000000000000024,0.139
81.14992260932922,-73.33480704631371,-15.265892022184092,0.6939082382250612,2.6008980831145547,0.19173955186375624,-0.09229572642513699,0.02400000000000002,0.129
81.19992256164551,-73.24066310203594,-15.174332531883476,0.6892608523244232,2.5980692908792626,0.19516441936290996,-0.09207291615431709,0.02400000000000002,0.129
81.24992251396179,-73.14715134790417,-15.084156177438969,0.6846052984462364,2.595799091314576,0.19226223000013762,-0.09243022186877582,0.02200000000000002,0.118
81.29992246627808,-73.05322645476043,-14.993693531149685,0.6799192874445313,2.592555450455877,0.1972802595507042,-0.09269362800121869,0.02200000000000002,0.118
81.34992241859436,-72.95870245291219,-14.9037919543241,0.6752431907406278,2.590499447964753,0.1981625976119901,-0.09275323223269749,0.019000000000000017,0.10699999999999998
81.39992237091064,-72.86423740424303,-14.815043310902098,0.6706073425422701,2.5883296373763165,0.19239845989880924,-0.0925715833303623,0.019000000000000017,0.10699999999999998
81.44992232322693,-72.76924967738223,-14.726868503672065,0.6659865100232698,2.586161196311281,0.1959235645166921,-0.09218868566694932,0.017000000000000015,0.09699999999999998
81.49992227554321,-72.67424524701951,-14.638690777288007,0.6613447834424614,2.58104360060607,0.1953750275930283,-0.0920763535706294,0.017000000000000015,0.09699999999999998
81.5499222278595,-72.57833628284446,-14.550695372110955,0.6567116380209577,2.5745502050290914,0.2032688198243084,-0.09160627907152923,0.014000000000000012,0.08599999999999997
81.59992218017578,-72.48345165499035,-14.464588936672849,0.6521770228525887,2.568280322908485,0.19855636215926464,-0.09128746270081879,0.014000000000000012,0.08599999999999997
81.64992213249207,-72.38757224206881,-14.378381909973118,0.6476160212591792,2.5626417981995853,0.2047319277852928,-0.09033083447457085,0.01200000000000001,0.07599999999999996
81.69992208480835,-72.29158358264297,-14.292559662841978,0.6431391875417048,2.55696880654672,0.20546546832639526,-0.08956271814505709,0.01200000000000001,0.07599999999999996
81.74992203712463,-72.19646801518927,-14.208229126522546,0.6386862661654059,2.5511076934770265,0.20442608019302588,-0.08915716408175499,0.009000000000000008,0.06499999999999995
81.79992198944092,-72.10056223546529,-14.124187094103005,0.6342612856753345,2.5457547167852494,0.20012749789182324,-0.08862216303959351,0.009000000000000008,0.06499999999999995
81.8499219417572,-72.00356682623564,-14.040031725637407,0.6298065185395643,2.5385717847081635,0.20017323653131996,-0.08818199928980994,0.006000000000000005,0.05400000000000005
81.89992189407349,-71.90678515300644,-13.95645704974844,0.6253720273416795,2.530095264496887,0.20040079476703182,-0.08777516765170507,0.006000000000000005,0.05400000000000005
81.94992184638977,-71.81094706937681,-13.874496083181672,0.6210150199193051,2.5199743365477434,0.20604532438681625,-0.08720868871221617,0.0040000000000000036,0.04400000000000004
81.99992179870605,-71.71440394313973,-13.792710231913304,0.6166626801844641,2.5112005088942015,0.2096675863237919,-0.08667984442328895,0.0040000000000000036,0.04400000000000004
82.04992175102234,-71.6175962494059,-13.711449645192117,0.6123474340489604,2.5039518976760724,0.20919884930452193,-0.08599555093755568,0.0010000000000000009,0.03300000000000003
82.09992170333862,-71.52085107504743,-13.63111670935064,0.6081134345782597,2.4952993022077927,0.20920942571286066,-0.08507004645389676,0.0010000000000000009,0.03300000000000003
82.14992165565491,-71.42341421907176,-13.551057993277785,0.6039273286190661,2.4855456716801,0.20892142741479325,-0.08376548500818752,0.0,0.02300000000000002
82.19992160797119,-71.32650765778023,-13.472092279073575,0.5997857700968698,2.478994884542309,0.20705012809976797,-0.08275077592495556,0.0,0.02300000000000002
82.24992156028748,-71.23031008936321,-13.394439389134984,0.5957318010200818,2.474792973782715,0.20642608170183493,-0.08200950029979534,0.0,0.01200000000000001
82.29992151260376,-71.13169346634194,-13.316493078517526,0.5916612381218297,2.468850322703992,0.20561306782253194,-0.08092354955140842,0.0,0.01200000000000001
82.34992146492004,-71.03457703703882,-13.240334341500915,0.5877148640850309,2.461799649286016,0.20542735843341212,-0.07982352488266156,0.0,0.0010000000000000009
82.39992141723633,-70.93729405258533,-13.164591094146605,0.5838117433103779,2.457322869255776,0.2054781322637995,-0.07866900885410236,0.0,0.0010000000000000009
82.44992136955261,-70.83820084478769,-13.088046055835498,0.5799180866723814,2.454535159842019,0.2075041376360413,-0.07736413638010925,0.0,-0.009000000000000008
82.4999213218689,-70.74011406131599,-13.01409605113131,0.5761466535593055,2.451834371281491,0.20726033539776914,-0.07597291672519756,0.0,-0.009000000000000008
82.54992127418518,-70.64248504488859,-12.9409161136352,0.5724428934096571,2.4484737833426222,0.20301306845795106,-0.0748279614780638,0.0,-0.020000000000000018
82.59992122650146,-70.54344646960556,-12.867244911452604,0.568787551669669,2.4466435262855493,0.19935754672333592,-0.07341589559687325,0.0,-0.020000000000000018
82.64992117881775,-70.44544155637035,-12.794674349053823,0.5652012502500932,2.444023214988404,0.20371679616504104,-0.0721851254697426,0.0,-0.030000000000000027
82.69992113113403,-70.34620346779833,-12.723044448311207,0.5616140445454553,2.441553572288232,0.205491242619052,-0.07138204491984289,0.0,-0.030000000000000027
82.74992108345032,-70.24708499431111,-12.651797077909661,0.5581067201932888,2.438909273539585,0.19853338940732598,-0.07061000526318632,-0.0010000000000000009,-0.04099999999999998
82.7999210357666,-70.14677718471474,-12.57996892096291,0.5546568325608925,2.4390308248396644,0.20182518038772898,-0.06907499822092728,-0.0010000000000000009,-0.04099999999999998
82.84992098808289,-70.04807277326847,-12.509675936182399,0.5514106718968873,2.443039863018938,0.1978953590264907,-0.06697093355932193,-0.0010000000000000009,-0.04099999999999998
82.89992094039917,-69.9473650715754,-12.439888301098405,0.548275000016714,2.446476103323615,0.2036860316664894,-0.06372778966897083,-0.0010000000000000009,-0.04099999999999998
82.94992089271545,-69.84684940355135,-12.3703258172295,0.5452411959729059,2.450190763592889,0.20121062648250385,-0.06137987303600454,-0.0010000000000000009,-0.04099999999999998
82.99992084503174,-69.74618532725576,-12.300891342339785,0.5423167733196517,2.453755684518499,0.19390871948703156,-0.059360594455533607,-0.0010000000000000009,-0.04099999999999998
83.04992079734802,-69.64488071794739,-12.231324056019213,0.5395033248403623,2.45749164225148,0.19507382057119174,-0.05712287770892303,-0.0010000000000000009,-0.04099999999999998
83.0999207496643,-69.54346514889262,-12.163187637332706,0.5367586368056563,2.461573038356939,0.19190468814657619,-0.05531919421897629,-0.0010000000000000009,-0.04099999999999998
83.14992070198059,-69.44126304038876,-12.094580715103103,0.534061767249873,2.4650405777178395,0.19116303241525104,-0.05400514032580673,-0.0010000000000000009,-0.04099999999999998
83.19992065429688,-69.33986514891129,-12.02688678102652,0.531555992492664,2.47030431172197,0.1804755172216368,-0.05221860898326808,-0.0010000000000000009,-0.04099999999999998
83.24992060661316,-69.23614255342372,-11.95826015897588,0.5292406272615034,2.4800296958431565,0.18814966716085305,-0.04799388378338635,-0.0010000000000000009,-0.04099999999999998
83.29992055892944,-69.13334205133452,-11.891040371476317,0.526843701118883,2.489472352435931,0.18805103819374042,-0.04670815150380778,-0.0010000000000000009,-0.04099999999999998
83.34992051124573,-69.0300659613257,-11.823478946320973,0.5244877456357904,2.497937765734186,0.1860339749438762,-0.046609105607163255,-0.0010000000000000009,-0.04099999999999998
83.39992046356201,-68.9253068681151,-11.75530278929221,0.5222632011535433,2.5068653119266635,0.1848243593069901,-0.04528171902095071,-0.0010000000000000009,-0.04099999999999998
83.4499204158783,-68.82073490933492,-11.687305212020874,0.5200939158404289,2.5162221119264485,0.18248484943640894,-0.04370864831077663,-0.0010000000000000009,-0.04099999999999998
83.49992036819458,-68.71700892148293,-11.62090496695792,0.5179882480266201,2.5254836384926582,0.17987959891077215,-0.04252327464842359,-0.0010000000000000009,-0.04099999999999998
83.54992032051086,-68.61054586476882,-11.552857804438503,0.5159278928131672,2.5351999468252484,0.1758624047161477,-0.041238425387957904,-0.0010000000000000009,-0.04099999999999998
83.59992027282715,-68.50533468294569,-11.485952972537671,0.5140289583158993,2.5433781682899674,0.17452148207570775,-0.03911580625049434,-0.0010000000000000009,-0.04099999999999998
83.64992022514343,-68.39862299578952,-11.418141821162145,0.5121428153603079,2.5520407557849856,0.16773228310880017,-0.03777455565714523,-0.0010000000000000009,-0.04099999999999998
83.69992017745972,-68.29031179274688,-11.349824066708784,0.510295568160059,2.561100348245558,0.1764496152223246,-0.03635552943553351,-0.0010000000000000009,-0.04099999999999998
83.749920129776,-68.18464119080635,-11.283307595866674,0.5085655989711315,2.5690197025186308,0.17530500197664925,-0.03515254342880463,-0.0010000000000000009,-0.04099999999999998
83.79992008209229,-68.07590160533314,-11.21502742085227,0.5068532775116483,2.576815559931567,0.16775628236295148,-0.034129049300433735,-0.0010000000000000009,-0.04099999999999998
83.84992003440857,-67.96827297544942,-11.147844731341007,0.5052928960347662,2.5848888446760268,0.16286192404813782,-0.03234349475603337,-0.0010000000000000009,-0.04099999999999998
83.89991998672485,-67.85881110878022,-11.0792010825879,0.503631230992133,2.593000949417581,0.16623532115137568,-0.031716768692217304,-0.0010000000000000009,-0.04099999999999998
83.94991993904114,-67.75081583873856,-11.01165811341438,0.5020417469022596,2.60243383181101,0.1641864930853974,-0.031746361140980964,-0.0010000000000000009,-0.04099999999999998
83.99991989135742,-67.64049096151281,-10.943063540735444,0.5005355272096297,2.6101879135120356,0.15806180751291335,-0.030640368121706178,-0.0010000000000000009,-0.04099999999999998
84.0499198436737,-67.53094435643419,-10.875290869928884,0.4991306699693757,2.6178141095186427,0.15789542592343572,-0.029015378232989286,-0.0010000000000000009,-0.04099999999999998
84.09991979598999,-67.42076552757243,-10.807061521745958,0.4977193348991261,2.626010715824792,0.16177382755232983,-0.027896903579894213,-0.0010000000000000009,-0.04099999999999998
84.14991974830627,-67.31038554347904,-10.738905189321006,0.49634856575884917,2.6327800835007076,0.16017106225026118,-0.02735302971616663,-0.0010000000000000009,-0.04099999999999998
84.19991970062256,-67.19888918538152,-10.670219616962976,0.49499255152722776,2.6401729228948594,0.16348578976487604,-0.026847375204936436,-0.0010000000000000009,-0.04099999999999998
84.24991965293884,-67.08884160152822,-10.60270487090012,0.49371020702011936,2.6467295538694655,0.1590053375346187,-0.02632627929137289,-0.0010000000000000009,-0.04099999999999998
84.29991960525513,-66.97694805082389,-10.533727835687378,0.4924555111571463,2.652674236386992,0.15945263842424023,-0.025281676355565167,-0.0010000000000000009,-0.04099999999999998
84.34991955757141,-66.86422831384746,-10.464514410247025,0.4912199507673208,2.660139279095396,0.15344170377801675,-0.024422614942653097,-0.0010000000000000009,-0.04099999999999998
84.3999195098877,-66.75170271439187,-10.395923291669197,0.4900775543142046,2.665894427137692,0.14434016172574793,-0.02347129690592222,-0.0010000000000000009,-0.04099999999999998
84.44991946220398,-66.63872089841288,-10.327603432215641,0.4890381984018394,2.6715740991716013,0.1448277976123967,-0.021766591027898966,-0.0010000000000000009,-0.04099999999999998
84.49991941452026,-66.5244921519253,-10.258392519695615,0.4880349401054879,2.6778664845268634,0.14489037883557526,-0.020259496951292904,-0.0010000000000000009,-0.04099999999999998
84.54991936683655,-66.41144366029549,-10.190371913506109,0.48712502692068793,2.6838480211713622,0.13877204182211464,-0.01874352336434199,-0.0010000000000000009,-0.04099999999999998
84.59991931915283,-66.29748789390608,-10.122162820772447,0.48624974724999537,2.689022594493389,0.1403138081119118,-0.01766746789423862,-0.0010000000000000009,-0.04099999999999998
84.64991927146912,-66.1816263707611,-10.053324086190441,0.4854588401563666,2.6941257391537956,0.1316570918799055,-0.016483775565926395,-0.0010000000000000009,-0.04099999999999998
84.6999192237854,-66.06723420478585,-9.984959810127888,0.484756255268137,2.6997519371969405,0.1313371362519799,-0.014794350869933264,-0.0010000000000000009,-0.04099999999999998
84.74991917610168,-65.95282022818529,-9.916800851989406,0.48406524725877154,2.7053976127060473,0.13328341028233484,-0.013633052229307566,-0.0010000000000000009,-0.04099999999999998
84.79991912841797,-65.83534369300462,-9.847268623745608,0.48344045316585105,2.711807110226724,0.12466377297100996,-0.012891133509040401,-0.0010000000000000009,-0.04099999999999998
84.84991908073425,-65.71878414761221,-9.778627017783064,0.4828717437667331,2.717264179935594,0.12572323797778787,-0.011695284302494733,-0.0010000000000000009,-0.04099999999999998
84.89991903305054,-65.60408840713946,-9.710345012746584,0.482285713077109,2.721902934184965,0.12774161837017858,-0.011188405317847979,-0.0010000000000000009,-0.04099999999999998
84.94991898536682,-65.48603732690137,-9.640484993219221,0.48172618080292756,2.7266540860994586,0.12941459328990879,-0.010972744719696647,-0.0010000000000000009,-0.04099999999999998
84.9999189376831,-65.36979251349129,-9.57218908806072,0.4812377795532179,2.7315885539021005,0.12523792972655337,-0.010260972483520689,-0.0010000000000000009,-0.04099999999999998
85.04991888999939,-65.2520831731636,-9.50342660658235,0.4807879821772105,2.736653059771362,0.11951531977281742,-0.009381494700964275,-0.0010000000000000009,-0.04099999999999998
85.09991884231567,-65.13563702785237,-9.434733888092481,0.4803097201054221,2.741644912649156,0.12368264850514504,-0.009037645864151626,-0.0010000000000000009,-0.04099999999999998
85.14991879463196,-65.01670533138817,-9.365008298680383,0.47984755290548725,2.7463664344127228,0.1208204734948215,-0.008906666873635716,-0.0010000000000000009,-0.04099999999999998
85.19991874694824,-64.8991535978457,-9.296484188076548,0.4794191216036193,2.7511238016570623,0.1160499430011516,-0.008748190593837964,-0.0010000000000000009,-0.04099999999999998
85.24991869926453,-64.7813686923471,-9.228192627893833,0.479031854882994,2.7568378032409564,0.11660260490825508,-0.008113270755346378,-0.0010000000000000009,-0.04099999999999998
85.29991865158081,-64.6611415557679,-9.158333048256495,0.47867270091274355,2.7618197007743115,0.1161206214083715,-0.007257424866426803,-0.0010000000000000009,-0.04099999999999998
85.3499186038971,-64.54279016599246,-9.089999928285696,0.4783765312973711,2.7666460088920375,0.11380411383182838,-0.006236421399566709,-0.0010000000000000009,-0.04099999999999998
85.39991855621338,-64.42285185242785,-9.020767434023067,0.4780134600614516,2.7713244476744556,0.11982892889585109,-0.006235519791525516,-0.0010000000000000009,-0.04099999999999998
85.44991850852966,-64.30178517300524,-8.951398966397289,0.4777316708714508,2.7760328900555744,0.11429474934004757,-0.006008154473486183,-0.0010000000000000009,-0.04099999999999998
85.49991846084595,-64.18299943958333,-8.882820532808303,0.47747429453583384,2.7808922539388288,0.10705910730221807,-0.005478405417071154,-0.0010000000000000009,-0.04099999999999998
85.54991841316223,-64.06249521130796,-8.813473379817427,0.47720141582988135,2.7859608611234714,0.11842896973902813,-0.005018613980390182,-0.0010000000000000009,-0.04099999999999998
85.59991836547852,-63.9409709875751,-8.743933608137887,0.47695190405292914,2.7897673505881637,0.10895822480203798,-0.004813703112468616,-0.0010000000000000009,-0.04099999999999998
85.6499183177948,-63.82055805087492,-8.675205708337682,0.476679185083872,2.7952966015600595,0.10833520356869135,-0.00502620552368693,-0.0010000000000000009,-0.04099999999999998
85.69991827011108,-63.69969157020145,-8.605904173255112,0.4764465328654883,2.7990296587011785,0.10669761254076673,-0.004808240990025402,-0.0010000000000000009,-0.04099999999999998
85.74991822242737,-63.57756175827198,-8.536006691843703,0.47618075891229766,2.803241873036291,0.11295492859910504,-0.004812820530636953,-0.0010000000000000009,-0.04099999999999998
85.79991817474365,-63.45596666998914,-8.466655566842677,0.47594286000656016,2.8083292591007467,0.11625802465283852,-0.004858742846356991,-0.0010000000000000009,-0.04099999999999998
85.84991812705994,-63.3341118734391,-8.3974303210198,0.4757444937478572,2.8134089122879815,0.11212415637945902,-0.004388663865670998,-0.0010000000000000009,-0.04099999999999998
85.89991807937622,-63.21244053054911,-8.327509505389854,0.47555943309165755,2.8175842953400037,0.11332399348282111,-0.0037642923607581775,-0.0010000000000000009,-0.04099999999999998
85.9499180316925,-63.08971378361918,-8.257318061577285,0.4754085868230905,2.8224539723273074,0.10723331369969903,-0.0033390983940933157,-0.0010000000000000009,-0.04099999999999998
85.99991798400879,-62.96748297954852,-8.187667657731312,0.47527355153696293,2.827834822327483,0.10830839786624653,-0.002907462361173502,-0.0010000000000000009,-0.04099999999999998
86.04991793632507,-62.845507278026986,-8.11852615074324,0.4751839004764067,2.83143565535337,0.10679663706183454,-0.002206305049008229,-0.0010000000000000009,-0.04099999999999998
86.09991788864136,-62.720344164352234,-8.046752846064075,0.47504989598320996,2.8354705941136644,0.11450667579526566,-0.002019985760121874,-0.0010000000000000009,-0.04099999999999998
86.14991784095764,-62.596944848225064,-7.976370565493274,0.4749542658697386,2.840758746968954,0.10814738085140906,-0.0020159836034569297,-0.0010000000000000009,-0.04099999999999998
86.19991779327393,-62.47344622883104,-7.9062932685885565,0.47489842986428704,2.845238189307266,0.10478618044846194,-0.0016783750811004668,-0.0010000000000000009,-0.04099999999999998
86.24991774559021,-62.348072590041056,-7.8355089088084835,0.4748969717447049,2.8498163193854738,0.10885114544800695,-0.0006702396125223128,-0.0010000000000000009,-0.04099999999999998
86.2999176979065,-62.22335032814643,-7.764490126281907,0.47493639737482,2.8551823743893388,0.10307980359717699,0.00016384256439655882,-0.0010000000000000009,-0.04099999999999998
86.34991765022278,-62.09920999159533,-7.69422327335735,0.4750547277821289,2.859692591780176,0.10044319341710883,0.0015149163056483474,-0.0010000000000000009,-0.04099999999999998
86.39991760253906,-61.973225393796476,-7.623358380234215,0.4752664739607701,2.864280650271701,0.0947669995255683,0.0030550882030587097,-0.0010000000000000009,-0.04099999999999998
86.44991755485535,-61.84776304466488,-7.552910370864832,0.47548714854625473,2.869181557958798,0.08840129509149008,0.004101140106659072,-0.0010000000000000009,-0.04099999999999998
86.49991750717163,-61.721572901524475,-7.481155438156346,0.4757369129822063,2.874427500748173,0.10130448177219616,0.004926832593254373,-0.0010000000000000009,-0.04099999999999998
86.54991745948792,-61.59382352367252,-7.40878083192788,0.476004238443213,2.8797160205486105,0.09935946963010046,0.005245073617379295,-0.0010000000000000009,-0.04099999999999998
86.5999174118042,-61.46826375779468,-7.3379722004101335,0.47631454431240716,2.8846551962899665,0.09933240508866666,0.005828670577134579,-0.0010000000000000009,-0.04099999999999998
86.64991736412048,-61.34178501517713,-7.266865295523024,0.4766538752626937,2.8894450037711152,0.10137855920687912,0.00646216484869068,-0.0010000000000000009,-0.04099999999999998
86.69991731643677,-61.21440387152427,-7.1944470879419695,0.4770220926151384,2.8943672369293103,0.0916278924661596,0.006965901130682543,-0.0010000000000000009,-0.04099999999999998
86.74991726875305,-61.087703432547386,-7.12264207151102,0.477398514457243,2.8975695127529266,0.09467071237264543,0.007442475160146209,-0.0010000000000000009,-0.04099999999999998
86.79991722106934,-60.96126659235929,-7.051170726579577,0.4777689265019007,2.901445582468618,0.0912677089458925,0.007636870446940637,-0.0010000000000000009,-0.04099999999999998
86.84991717338562,-60.83425182271729,-6.9795426186498855,0.47813286901570284,2.9048742885214556,0.09111825596762406,0.007462731756311124,-0.0010000000000000009,-0.04099999999999998
86.8999171257019,-60.70642679700738,-6.906920236111687,0.4785283055136353,2.910364095823855,0.08530471401947372,0.007734364997057197,-0.0010000000000000009,-0.04099999999999998
86.94991707801819,-60.579107831545215,-6.834898628780818,0.4789312645292791,2.915220731510012,0.08512652027903486,0.007896507971890529,-0.0010000000000000009,-0.04099999999999998
86.99991703033447,-60.451631895555415,-6.763029576248996,0.4793119102069066,2.920580939476844,0.08932804213373957,0.008075091907022488,-0.0010000000000000009,-0.04099999999999998
87.04991698265076,-60.32170370855866,-6.690018636462963,0.47970880287756107,2.924419163290289,0.08999928415352354,0.007901125566094323,-0.0010000000000000009,-0.04099999999999998
87.09991693496704,-60.19399504799143,-6.617763990566961,0.4801107932124939,2.928260405335149,0.08253998110138668,0.00800087414384412,-0.0010000000000000009,-0.04099999999999998
87.14991688728333,-60.06547897348476,-6.5452943725009405,0.4805255536522212,2.931953935429984,0.08149110109480877,0.008190180448890295,-0.0010000000000000009,-0.04099999999999998
87.19991683959961,-59.93563291407673,-6.472270213304705,0.48094015074774743,2.935788279011558,0.08320777980534869,0.008357250458815208,-0.0010000000000000009,-0.04099999999999998
87.2499167919159,-59.810014944113725,-6.401761532173377,0.4813313135715945,2.9389520515525533,0.07915400213426405,0.008273551014718852,-0.0010000000000000009,-0.04099999999999998
87.29991674423218,-59.6783121628883,-6.3276721900724375,0.48178133993984906,2.9422875323411386,0.08888946235244782,0.008676423741990905,-0.0010000000000000009,-0.04099999999999998
87.34991669654846,-59.547999320626445,-6.254528641258394,0.48220685549248293,2.947356570965944,0.08024097980167164,0.008745448714241816,-0.0010000000000000009,-0.04099999999999998
87.39991664886475,-59.418942027473555,-6.18241187234664,0.4826847990216203,2.951922044899633,0.08392868195678431,0.009186782958986634,-0.0010000000000000009,-0.04099999999999998
87.44991660118103,-59.289092491270374,-6.109985661534749,0.48316607486352675,2.9551517579744706,0.07613068589951033,0.00957545460863142,-0.0010000000000000009,-0.04099999999999998
87.49991655349731,-59.15827609392241,-6.036787892894916,0.4836539652544475,2.9597210558777265,0.08176056066793064,0.00989039350046031,-0.0010000000000000009,-0.04099999999999998
87.5499165058136,-59.028482593334694,-5.964256645650203,0.48416216065954376,2.963218563172649,0.07433728603131316,0.010068030545110209,-0.0010000000000000009,-0.04099999999999998
87.59991645812988,-58.89912214106278,-5.892001551570532,0.48466382608437575,2.967131600082143,0.07571485325714603,0.01022812785883117,-0.0010000000000000009,-0.04099999999999998
87.64991641044617,-58.76713367400491,-5.818481878814608,0.4852309844904921,2.9711660276871585,0.07503923601798249,0.010749153355907055,-0.0010000000000000009,-0.04099999999999998
87.69991636276245,-58.63698504003088,-5.745764091932344,0.4858015860402978,2.9750492121942376,0.07097564724134718,0.01128075788776799,-0.0010000000000000009,-0.04099999999999998
87.74991631507874,-58.506881552360056,-5.67301612799662,0.48636648199305593,2.978472790392823,0.07520714762534987,0.011525016507601345,-0.0010000000000000009,-0.04099999999999998
87.79991626739502,-58.376041491236144,-5.599962391382768,0.4869892663575937,2.981455170305492,0.07935875212974042,0.012048836740152528,-0.0010000000000000009,-0.04099999999999998
87.8499162197113,-58.245768741980825,-5.527184227517068,0.4876192811449828,2.984942200125365,0.07990233962859086,0.012518138404102567,-0.0010000000000000009,-0.04099999999999998
87.89991617202759,-58.11499128391369,-5.453806135881461,0.4883099037419799,2.988632935539577,0.06900503127494675,0.013124932974139303,-0.0010000000000000009,-0.04099999999999998
87.94991612434387,-57.98359562567504,-5.380000798771116,0.4890174623645218,2.99161352677115,0.07156894607583286,0.013828915689111694,-0.0010000000000000009,-0.04099999999999998
87.99991607666016,-57.85198566557595,-5.305969930881828,0.48972887256435926,2.995223013945886,0.07007005100062233,0.014213028923519866,-0.0010000000000000009,-0.04099999999999998
88.04991602897644,-57.72184986091522,-5.232811957979238,0.49047314541338544,2.997449627352139,0.07746302864589406,0.014798350795636765,-0.0010000000000000009,-0.04099999999999998
88.09991598129272,-57.590262149137956,-5.158414759825694,0.4912520403965395,3.000670882183602,0.06924936271397908,0.015212192855704068,-0.0010000000000000009,-0.04099999999999998
88.14991593360901,-57.459061324735295,-5.084215664678582,0.4920665147117884,3.00383840387832,0.07415829247920684,0.015889434574007856,-0.0010000000000000009,-0.04099999999999998
88.1999158859253,-57.32763187654822,-5.009782658978443,0.49290468145250316,3.006181335643479,0.0746875776474496,0.01650793456922846,-0.0010000000000000009,-0.04099999999999998
88.24991583824158,-57.198226984816884,-4.936357445823113,0.49374070142707815,3.00865496587334,0.07767107528244528,0.016968382024476668,-0.0010000000000000009,-0.04099999999999998
88.29991579055786,-57.06340435971956,-4.859414357421473,0.4946451811150056,3.0110402189243684,0.07991800809066239,0.017316570184770497,-0.0010000000000000009,-0.04099999999999998
88.34991574287415,-56.93237582776061,-4.784557189216947,0.4955529506559089,3.013204107837688,0.07087736998896847,0.01777258580078516,-0.0010000000000000009,-0.04099999999999998
88.39991569519043,-56.8013191203348,-4.709591618848056,0.49648740386923684,3.015036624298963,0.07065282701040139,0.018378038870734123,-0.0010000000000000009,-0.04099999999999998
88.44991564750671,-56.66891661762376,-4.633814741882294,0.49747653946983905,3.0162822397045,0.07453284773069108,0.019184190953989766,-0.0010000000000000009,-0.04099999999999998
88.499915599823,-56.538948212202364,-4.558614442603337,0.4984633290743713,3.0184977458158717,0.07788713324722404,0.019772716202756863,-0.0010000000000000009,-0.04099999999999998
88.54991555213928,-56.407483556827714,-4.482508007154755,0.4994699127255269,3.0203100096805535,0.0863172736292088,0.020159206437744492,-0.0010000000000000009,-0.04099999999999998
88.59991550445557,-56.276579428256866,-4.406736283364898,0.5005048987700453,3.0230343950822904,0.06841257178515121,0.020351104436583098,-0.0010000000000000009,-0.04099999999999998
88.64991545677185,-56.14411511156827,-4.330135700449934,0.5016072608744426,3.0264218455096468,0.0747675083450755,0.02117883124841172,-0.0010000000000000009,-0.04099999999999998
88.69991540908813,-56.01409508040321,-4.253972561406596,0.5027122855463184,3.0292475788009354,0.0650949742267403,0.021886959450516597,-0.0010000000000000009,-0.04099999999999998
88.74991536140442,-55.882969244585716,-4.177372906625529,0.5038880094828094,3.032620713896206,0.06893497924818504,0.023101427087410243,-0.0010000000000000009,-0.04099999999999998
88.7999153137207,-55.75067235682681,-4.100100209955161,0.5050775455501848,3.0342281735261847,0.07259230106376348,0.02354912501177051,-0.0010000000000000009,-0.04099999999999998
88.84991526603699,-55.618930798132446,-4.023348659682043,0.5063428581282777,3.0354365334568016,0.06570068971992994,0.02455090980217295,-0.0010000000000000009,-0.04099999999999998
88.89991521835327,-55.48801736167757,-3.9461343084752767,0.5076074972536505,3.0364296291853656,0.06053505003476334,0.02513893195767307,-0.0010000000000000009,-0.04099999999999998
88.94991517066956,-55.35527368370755,-3.868042334142434,0.5089645730706417,3.0393444325153256,0.06293738372224368,0.026021632584798858,-0.0010000000000000009,-0.04099999999999998
88.99991512298584,-55.22445080553616,-3.7910554734344637,0.5103127923212198,3.0402303003813387,0.07426876431207541,0.02696074835820193,-0.0010000000000000009,-0.04099999999999998
89.04991507530212,-55.09336980228693,-3.7139828064352134,0.5117074729855624,3.042047173440211,0.058890171798446835,0.02743401126345803,-0.0010000000000000009,-0.04099999999999998
89.09991502761841,-54.960812365188026,-3.635838615788679,0.5131925948293035,3.043148461655131,0.05176210306700102,0.02846499081337907,-0.0010000000000000009,-0.04099999999999998
89.14991497993469,-54.8302792795405,-3.5588988092075255,0.5146717725543616,3.0460213492273183,0.04766085479223414,0.029506538857128416,-0.0010000000000000009,-0.04099999999999998
89.19991493225098,-54.698831691834414,-3.4813462603223444,0.5161442109373179,3.0475042138107833,0.05175027446329271,0.029704716478039305,-0.0010000000000000009,-0.04099999999999998
89.24991488456726,-54.56661648876859,-3.403431430780661,0.5176575292247021,3.0488862225300983,0.051230566804284366,0.030009856273223525,-0.0010000000000000009,-0.04099999999999998
89.29991483688354,-54.43505254427166,-3.3257611808688434,0.5192010509422382,3.050497801288352,0.05476021599418191,0.030433815140040354,-0.0010000000000000009,-0.04099999999999998
89.34991478919983,-54.30518022410888,-3.2490247947519175,0.5207325294028518,3.051739571195601,0.045177038875403565,0.030772869903380403,-0.0010000000000000009,-0.04099999999999998
89.39991474151611,-54.171133155088896,-3.1698619156613113,0.5223672940085456,3.0525996191920863,0.03854811283835673,0.0314795737882579,-0.0010000000000000009,-0.04099999999999998
89.4499146938324,-54.04018629399224,-3.092223808307548,0.5239205285101135,3.053076532641904,0.040365836983291346,0.03149390196145998,-0.0010000000000000009,-0.04099999999999998
89.49991464614868,-53.90876887293163,-3.0146678584224107,0.5255224800213442,3.054217326715308,0.04367449908446612,0.031840874234679954,-0.0010000000000000009,-0.04099999999999998
89.54991459846497,-53.776087401869134,-2.936037600552941,0.5270947235545367,3.055623323256548,0.041914513666952646,0.03156353052986809,-0.0010000000000000009,-0.04099999999999998
89.59991455078125,-53.64442920000283,-2.8577737457291983,0.5286303101425901,3.0576962767791835,0.04780003251924211,0.03129499522222634,-0.0010000000000000009,-0.04099999999999998
89.64991450309753,-53.51441753003327,-2.7803142977039004,0.5301367644621435,3.058024010853835,0.03921681945984319,0.030706838562736167,-0.0010000000000000009,-0.04099999999999998
89.69991445541382,-53.37970295917764,-2.6999468774890545,0.5316945871074245,3.0598913661858136,0.0420028976637259,0.030592900481155757,-0.0010000000000000009,-0.04099999999999998
89.7499144077301,-53.24708101195923,-2.620453179890908,0.5331742942895124,3.0608624674998515,0.04475997669579459,0.030213766976404346,-0.0010000000000000009,-0.04099999999999998
89.79991436004639,-53.11418520449037,-2.540458717949423,0.5346198151192861,3.062009728646851,0.04126611000645017,0.029298311871307537,-0.0010000000000000009,-0.04099999999999998
89.84991431236267,-52.98205373253387,-2.460776881232693,0.5360946548591158,3.0626058264463163,0.03447961109641165,0.02912771439302313,-0.0010000000000000009,-0.04099999999999998
89.89991426467896,-52.84961112411161,-2.380998498534952,0.5375541010425601,3.0636557968795217,0.04079815936267414,0.02913107020386113,-0.0010000000000000009,-0.04099999999999998
89.94991421699524,-52.717360609020744,-2.301071975630067,0.5390314670885851,3.0651783171504547,0.04259126017462001,0.029378394464873864,-0.0010000000000000009,-0.04099999999999998
89.99991416931152,-52.58596105729181,-2.221363640756624,0.5404938505286099,3.066324380082946,0.045451322546446966,0.02934717690143986,-0.0010000000000000009,-0.04099999999999998
90.04991412162781,-52.45276766051589,-2.1403565144306387,0.5420133945031743,3.0681895480120196,0.04576568345215867,0.02963663343243977,-0.0010000000000000009,-0.04099999999999998
90.09991407394409,-52.321957614970685,-2.060505135602317,0.5435309959409445,3.0696044667433338,0.038576389505811756,0.030011900108868353,-0.0010000000000000009,-0.04099999999999998
90.14991402626038,-52.19054172187114,-1.9800021969037658,0.545083362991826,3.070957441524235,0.04264853821633113,0.030768757193827528,-0.0010000000000000009,-0.04099999999999998
90.19991397857666,-52.05906082116745,-1.8991246647574072,0.5466527027523946,3.072364347498165,0.03877191140696235,0.031069968643908347,-0.0010000000000000009,-0.04099999999999998
90.24991393089294,-51.92768601616889,-1.8178884492887166,0.5482022789964422,3.0744566701227103,0.03657863614299065,0.03108600489508907,-0.0010000000000000009,-0.04099999999999998
90.29991388320923,-51.79681495228294,-1.7364631677094804,0.5497758176731704,3.0757984934275577,0.039192724084032876,0.031302295929677204,-0.0010000000000000009,-0.04099999999999998
90.34991383552551,-51.66504883694238,-1.6542901055588224,0.5513877062258071,3.077251473157791,0.037371401578030046,0.031739511639588346,-0.0010000000000000009,-0.04099999999999998
90.3999137878418,-51.534527378610896,-1.572690238566418,0.5529911974225702,3.078101728636575,0.035158183088434665,0.03216869696615129,-0.0010000000000000009,-0.04099999999999998
90.44991374015808,-51.405586433867825,-1.4918708421839963,0.5545720895295407,3.0793948714036006,0.03381024044330101,0.032116571510316,-0.0010000000000000009,-0.04099999999999998
90.49991369247437,-51.27350770973885,-1.4091127013484517,0.5562031703519168,3.080491495111962,0.031888023192297804,0.03230794737476551,-0.0010000000000000009,-0.04099999999999998
90.54991364479065,-51.14347406407191,-1.3272241259791795,0.5577268426035116,3.08232325934606,0.038970001008639045,0.031795595578471225,-0.0010000000000000009,-0.04099999999999998
90.59991359710693,-51.01365904127486,-1.2455078219811975,0.5593077692337278,3.0825486702094147,0.022564944089557604,0.031329153388895165,-0.0010000000000000009,-0.04099999999999998
90.64991354942322,-50.881447198955335,-1.1620935694119998,0.5609097486335303,3.0839594185799895,0.01659498624727759,0.03156023005498745,-0.0010000000000000009,-0.04099999999999998
90.6999135017395,-50.75169167107618,-1.0799977980583497,0.5624895561944816,3.086676740339312,0.02204834607153965,0.03195013198028477,-0.0010000000000000009,-0.04099999999999998
90.74991345405579,-50.62183627375136,-0.9976815205292818,0.5640700175953353,3.087103385969793,0.026444639762422416,0.03204937878115898,-0.0010000000000000009,-0.04099999999999998
90.79991340637207,-50.489612539904094,-0.9136986407968416,0.5656918621379462,3.0898713300419822,0.030269405088512315,0.03220898168904483,-0.0010000000000000009,-0.04099999999999998
90.84991335868835,-50.36038557003073,-0.8313654973213794,0.5672816009410339,3.090025423442171,0.01895914799081322,0.032150955709531207,-0.0010000000000000009,-0.04099999999999998
90.89991331100464,-50.230073867719746,-0.7475372907397577,0.5688915097009799,3.0912606842933257,0.013821845129435642,0.03223691715609294,-0.0010000000000000009,-0.04099999999999998
90.94991326332092,-50.1001190710076,-0.6635860905043509,0.5704950305281523,3.0925082660830645,0.015522884911520807,0.03226625481174799,-0.0010000000000000009,-0.04099999999999998
90.9999132156372,-49.97008945808657,-0.579397938443695,0.5721354009017854,3.094184655513965,0.019099952082497484,0.0327616685853277,-0.0010000000000000009,-0.04099999999999998
91.04991316795349,-49.83970343711694,-0.49446387336468134,0.5737362875449303,3.0946131886085926,0.029662268008610455,0.032662973783765696,-0.0010000000000000009,-0.04099999999999998
91.09991312026978,-49.70982869084241,-0.4088252191979217,0.5753146307065214,3.0952346394482912,0.025755883305231975,0.032045010743749755,-0.0010000000000000009,-0.04099999999999998
91.14991307258606,-49.58023809533492,-0.3231711392522508,0.5769259999223483,3.0967719793064195,0.032073353405904934,0.03202830252630793,-0.0010000000000000009,-0.04099999999999998
91.19991302490234,-49.45210239305504,-0.238051554396691,0.5785011261672697,3.098038395442948,0.03384999281729453,0.03216986010132275,-0.0010000000000000009,-0.04099999999999998
91.24991297721863,-49.3226684310145,-0.15176080299381403,0.580092563622303,3.09933195338216,0.03464189959224882,0.03214406980489299,-0.0010000000000000009,-0.04099999999999998
91.29991292953491,-49.19466697981582,-0.06546693506199126,0.5816786493734649,3.100228475216586,0.03135342460205283,0.032043473584211515,-0.0010000000000000009,-0.04099999999999998
91.3499128818512,-49.06667364661638,0.02080803581899628,0.583323399432903,3.1008700944382475,0.027469291316921305,0.03251358273014677,-0.0010000000000000009,-0.04099999999999998
91.39991283416748,-48.938727252203506,0.1074350738403079,0.5848966596005335,3.1028271550149804,0.03658302042129726,0.0324733114473821,-0.0010000000000000009,-0.04099999999999998
91.44991278648376,-48.80995889528813,0.1951027379614507,0.5864666593000836,3.104750206770869,0.039325953992010186,0.03197929217668266,-0.0010000000000000009,-0.04099999999999998
91.49991273880005,-48.68100553105921,0.2833430453518483,0.5880491041738746,3.107150906775738,0.03487032747566292,0.031781578698906285,-0.0010000000000000009,-0.04099999999999998
91.54991269111633,-48.55254040806567,0.37134742830701056,0.5896361946915843,3.109750884443692,0.0407689890761434,0.03195188231589923,-0.0010000000000000009,-0.04099999999999998
91.59991264343262,-48.42253946430792,0.46052418621479546,0.5912523892475285,3.111610189375873,0.035711644994657676,0.032041923659613086,-0.0010000000000000009,-0.04099999999999998
91.6499125957489,-48.294013964658,0.5490960058806688,0.5928377909700717,3.1141170454381246,0.03096857738196896,0.031953660559847254,-0.0010000000000000009,-0.04099999999999998
91.69991254806519,-48.16426266424901,0.6389683369450483,0.5944469942525183,3.116718891646472,0.030218853498602684,0.03202511529365176,-0.0010000000000000009,-0.04099999999999998
91.74991250038147,-48.03299614358081,0.7299310380326952,0.5961187816909307,3.1179875997686524,0.024205735105371225,0.03255491331094375,-0.0010000000000000009,-0.04099999999999998
91.79991245269775,-47.90469838485366,0.8190914914723059,0.5977737942148421,3.1201790732815486,0.03446544239486257,0.033200334671633885,-0.0010000000000000009,-0.04099999999999998
91.84991240501404,-47.776819846612945,0.9080928686282618,0.5994751483235707,3.122079030923005,0.03245881318867019,0.03386176819075569,-0.0010000000000000009,-0.04099999999999998
91.89991235733032,-47.647100904726855,0.9990950844795864,0.6012571760243688,3.123894063670841,0.03525504332569632,0.034765552421824934,-0.0010000000000000009,-0.04099999999999998
91.9499123096466,-47.51854986169626,1.0895557676085579,0.6030370478885356,3.125405333955971,0.03365563375736816,0.03536622908586233,-0.0010000000000000009,-0.04099999999999998
91.99991226196289,-47.3912275653126,1.179311500922086,0.6048222817745995,3.1265641456379445,0.032011437050955875,0.03574033069748519,-0.0010000000000000009,-0.04099999999999998
92.04991221427917,-47.262092020748,1.2705828401583448,0.60663284923116,3.1279809531954323,0.03485734525593698,0.03597311902322413,-0.0010000000000000009,-0.04099999999999998
92.09991216659546,-47.1347226827917,1.3608017795037666,0.6084295862247477,3.1294099756622993,0.025343844330068567,0.035912490899433866,-0.0010000000000000009,-0.04099999999999998
92.14991211891174,-47.00798147854604,1.450687203043167,0.6102417047238415,3.1299847731541703,0.03410631098369459,0.03629359703183294,-0.0010000000000000009,-0.04099999999999998
92.19991207122803,-46.8803936839954,1.541462945563987,0.6120570746557014,3.129284789925044,0.03287998562469289,0.03641588790940065,-0.0010000000000000009,-0.04099999999999998
92.24991202354431,-46.75353118029886,1.6320404127625885,0.6138419985024046,3.1295802959499577,0.031614392089623855,0.03621264790894127,-0.0010000000000000009,-0.04099999999999998
92.2999119758606,-46.62592575267407,1.7230114195237347,0.6156481709156999,3.130045681134412,0.032570309431486665,0.03619774809413935,-0.0010000000000000009,-0.04099999999999998
92.34991192817688,-46.499345605861166,1.8134294839971363,0.6174592503924679,3.1300338344610186,0.028864695160696,0.036305111942179995,-0.0010000000000000009,-0.04099999999999998
92.39991188049316,-46.371705497168485,1.9048173216678455,0.6193129836554919,3.1304339525218983,0.02372985200269597,0.036651879187625185,-0.0010000000000000009,-0.04099999999999998
92.44991183280945,-46.244729609639684,1.995976397088225,0.6211362930162939,3.131423480300905,0.026066803747991477,0.03680518840847871,-0.0010000000000000009,-0.04099999999999998
92.49991178512573,-46.116413541684885,2.088193307806885,0.6229823654645045,3.1315040704171766,0.026166322129240433,0.03684108571076382,-0.0010000000000000009,-0.04099999999999998
92.54991173744202,-45.98913804123124,2.1799034112192013,0.6248777418989137,3.1316158896481263,0.0315732521044008,0.03749783909522572,-0.0010000000000000009,-0.04099999999999998
92.5999116897583,-45.86264590284389,2.2715245791405145,0.6267467160976457,3.131468059460038,0.03130300030535157,0.03789047695606641,-0.0010000000000000009,-0.04099999999999998
92.64991164207458,-45.73535081774365,2.3640448648997983,0.6286388139201735,3.131677670134977,0.026018985822987332,0.037922625540887336,-0.0010000000000000009,-0.04099999999999998
92.69991159439087,-45.609838897152265,2.4554266556854745,0.630498248435611,3.131720365467803,0.02301976963613481,0.037764373130755376,-0.0010000000000000009,-0.04099999999999998
92.74991154670715,-45.48420606033142,2.547171640802044,0.6323627395024645,3.131232045916159,0.01482919995226846,0.0374723922956296,-0.0010000000000000009,-0.04099999999999998
92.79991149902344,-45.35781450919946,2.6398372945340016,0.6342359555834932,3.131002188027209,0.020975475436390417,0.03751100859726099,-0.0010000000000000009,-0.04099999999999998
92.84991145133972,-45.232670213652455,2.732024523761702,0.6360516126986919,3.1321222648124603,0.02215866010916989,0.03718984236360316,-0.0010000000000000009,-0.04099999999999998
92.899911403656,-45.108404373611165,2.8235899565453253,0.6378425506262834,3.13137668907829,0.018527636294032427,0.03644512082160468,-0.0010000000000000009,-0.04099999999999998
92.94991135597229,-44.984490027421614,2.915320516995887,0.6396055097346429,3.1319212399172316,0.024036310286882905,0.03598609511306204,-0.0010000000000000009,-0.04099999999999998
92.99991130828857,-44.859291907040976,3.008375358586056,0.6413640573105301,3.1323346655160704,0.017966435691729666,0.0353319371810538,-0.0010000000000000009,-0.04099999999999998
93.04991126060486,-44.734162075312156,3.1015755402171914,0.643173671480434,3.132808406612063,0.01478072830449963,0.03552700011600717,-0.0010000000000000009,-0.04099999999999998
93.09991121292114,-44.610265709431744,3.1941024044696436,0.6449183409359991,3.1330593315862023,0.016400192818030512,0.03551546851977564,-0.0010000000000000009,-0.04099999999999998
93.14991116523743,-44.48631650698638,3.287017176540751,0.6466728137669295,3.1326106797866577,0.018527882421980914,0.035377804484191734,-0.0010000000000000009,-0.04099999999999998
93.19991111755371,-44.36312471565903,3.3797486149362035,0.6484310142693491,3.132206399242413,0.019977101330364868,0.0353812829115273,-0.0010000000000000009,-0.04099999999999998
93.24991106987,-44.239237222442206,3.4731643056639165,0.6502239019933095,3.1330959927277653,0.013978914766624283,0.03570228816197105,-0.0010000000000000009,-0.04099999999999998
93.29991102218628,-44.111899902181484,3.5692845347124535,0.6520983155249828,3.1343034936871463,0.00910906068833267,0.03620655755550783,-0.0010000000000000009,-0.04099999999999998
93.34991097450256,-43.988948380908134,3.6623519757156653,0.6539664436476419,3.134839132340885,0.010344319106801983,0.037108326137607076,-0.0010000000000000009,-0.04099999999999998
93.39991092681885,-43.8641224044498,3.757307173293868,0.6558689273486582,3.1353346105283824,0.011112880107431274,0.03788677253682088,-0.0010000000000000009,-0.04099999999999998
93.44991087913513,-43.73749941367254,3.8536920610787364,0.6578641887361006,3.1362845171805644,0.001302440873596166,0.038593059493207904,-0.0010000000000000009,-0.04099999999999998
93.49991083145142,-43.612915757216506,3.9487724700039077,0.6597905127184969,3.1364452841066406,0.00056355822303575,0.038816805105369695,-0.0010000000000000009,-0.04099999999999998
93.5499107837677,-43.48790554643427,4.044462288646225,0.6617764505443021,3.1358580262814306,0.005025631809367257,0.03904822300808057,-0.0010000000000000009,-0.04099999999999998
93.59991073608398,-43.36322460574689,4.140449139172816,0.6637326658485919,3.134951569706092,0.004639384926694103,0.03915235155556539,-0.0010000000000000009,-0.04099999999999998
93.64991068840027,-43.238369658428894,4.236692385792998,0.6657016115980169,3.1347439665796006,0.008580489087682034,0.03917722355142285,-0.0010000000000000009,-0.04099999999999998
93.69991064071655,-43.114432165703924,4.332430768691654,0.6676207079005883,3.134046750159023,0.004724150088866185,0.0389614291477825,-0.0010000000000000009,-0.04099999999999998
93.74991059303284,-42.98861265467399,4.430149079008722,0.6695540806500144,3.1345524395541857,0.0007428078445178791,0.03848662129865087,-0.0010000000000000009,-0.04099999999999998
93.79991054534912,-42.8649686724763,4.526525778846057,0.6714919889288965,3.134031455549997,0.00117462078965645,0.038555088683483986,-0.0010000000000000009,-0.04099999999999998
93.8499104976654,-42.743285186753596,4.622009357055892,0.6733465972195961,3.134440745554935,0.005470926430718945,0.03829688835999151,-0.0010000000000000009,-0.04099999999999998
93.89991044998169,-42.617660650115646,4.7204267733914165,0.6752640273193443,3.1330899257459013,0.006114450889032945,0.037797153092769216,-0.0010000000000000009,-0.04099999999999998
93.94991040229797,-42.49621625243538,4.816092864638866,0.6771304626320855,3.132056559350675,0.005057543884960446,0.0374987054799024,-0.0010000000000000009,-0.04099999999999998
93.99991035461426,-42.37427583646214,4.912643418483646,0.6790297956205256,3.1307639463337185,0.003782693763092768,0.03776059882880574,-0.0010000000000000009,-0.04099999999999998
94.04991030693054,-42.253644365462804,5.008640505325489,0.6809336967637496,3.1307017901808862,0.002439018555354752,0.03815615390489607,-0.0010000000000000009,-0.04099999999999998
94.09991025924683,-42.13008958965068,5.107146885452673,0.6829105751662489,3.1288998454398964,0.00773119528937133,0.03878913310619734,-0.0010000000000000009,-0.04099999999999998
94.14991021156311,-42.00884773960055,5.204408680394163,0.6848262545586469,3.1293294739466346,0.006295038717502935,0.03865644146696081,-0.0010000000000000009,-0.04099999999999998
94.1999101638794,-41.887647556618546,5.30196827191237,0.6867828424839235,3.128918012604689,-0.004002995255177805,0.03876053341295676,-0.0010000000000000009,-0.04099999999999998
94.24991011619568,-41.767088540801396,5.3994315003778866,0.6887160845138013,3.1283170764190444,0.0012082138984214133,0.038969628571868295,-0.0010000000000000009,-0.04099999999999998
94.29991006851196,-41.645466349005076,5.49819120504681,0.6906516864722625,3.1273205522923138,-0.0008982045959181929,0.03873145326982191,-0.0010000000000000009,-0.04099999999999998
94.34991002082825,-41.52376287469987,5.597559602170197,0.6925542200536148,3.1269960675987956,0.004476695271519729,0.03845485873219205,-0.0010000000000000009,-0.04099999999999998
94.39990997314453,-41.405650603892546,5.694338287214681,0.6944149325195588,3.1269344904228387,0.0029323875071874143,0.038234169719498445,-0.0010000000000000009,-0.04099999999999998
94.44990992546082,-41.283525055820505,5.794847875428431,0.696331034783861,3.1260983748076305,-0.004416386624462697,0.03799327834717278,-0.0010000000000000009,-0.04099999999999998
94.4999098777771,-41.16378389286412,5.893406813469301,0.6982707437904986,3.1253556487125436,-0.00696845594673859,0.03830960891259542,-0.0010000000000000009,-0.04099999999999998
94.54990983009338,-41.04317399315484,5.993175510942775,0.7001981099499962,3.1254511551343445,-0.003746908059608967,0.03844240373694582,-0.0010000000000000009,-0.04099999999999998
94.59990978240967,-40.92508523887612,6.091357133127631,0.7020470592080569,3.1252659457848204,-0.00014192408440110056,0.03807974553075728,-0.0010000000000000009,-0.04099999999999998
94.64990973472595,-40.80578392120052,6.191026706134056,0.7038901819494028,3.124791079019644,0.0013170956705019863,0.037305299287255796,-0.0010000000000000009,-0.04099999999999998
94.69990968704224,-40.686082167971165,6.291471710286686,0.7057294557968796,3.1246370056929047,-0.0025510666374043388,0.036973911333783915,-0.0010000000000000009,-0.04099999999999998
94.74990963935852,-40.566955346780986,6.391844903143745,0.7075657965328507,3.1241863165280668,-0.0035205347404813864,0.036848685833908705,-0.0010000000000000009,-0.04099999999999998
94.7999095916748,-40.44919937453508,6.491594768763959,0.7093707068315943,3.1247443317029897,-0.004776961226110697,0.03655060884792991,-0.0010000000000000009,-0.04099999999999998
94.84990954399109,-40.33041122481892,6.592532465077486,0.7112127653783414,3.124783026921744,-0.0010007257912379385,0.03672562104652611,-0.0010000000000000009,-0.04099999999999998
94.89990949630737,-40.210974349422834,6.694443681083735,0.7130947380007703,3.124213270830348,-0.0006675483348123779,0.036929987552284244,-0.0010000000000000009,-0.04099999999999998
94.94990944862366,-40.09273696760735,6.795582640061092,0.7149973907751397,3.1236452385286797,-0.0019093684032410957,0.037534521605134236,-0.0010000000000000009,-0.04099999999999998
94.99990940093994,-39.974648375245415,6.896973756618883,0.716890581015777,3.123137174686656,-0.0006957869227961506,0.03778303202124231,-0.0010000000000000009,-0.04099999999999998
95.04990935325623,-39.860132827386785,6.995738325078444,0.7187191907770937,3.1225602427100116,-0.004552931801682253,0.03758512673186047,-0.0010000000000000009,-0.04099999999999998
95.09990930557251,-39.74206289113475,7.097981344879484,0.7206401244558531,3.1226558536804565,0.0024557762286879035,0.03784848647299219,-0.0010000000000000009,-0.04099999999999998
95.1499092578888,-39.6261182679415,7.198736427704466,0.7225176417975485,3.1227373570267325,-0.00507493106437985,0.037774698584886045,-0.0010000000000000009,-0.04099999999999998
95.19990921020508,-39.50714929876135,7.302479984603342,0.7244388763274228,3.121908974943292,-0.007924611397334367,0.0375877631139864,-0.0010000000000000009,-0.04099999999999998
95.24990916252136,-39.39090626279911,7.4041032637204545,0.7263154218343163,3.1222662722005126,-0.00677298468873,0.037469925478357965,-0.0010000000000000009,-0.04099999999999998
95.29990911483765,-39.273036755467,7.507419231571296,0.7282075543546616,3.120840502210905,-0.0033456650153937794,0.03740640939148839,-0.0010000000000000009,-0.04099999999999998
95.34990906715393,-39.15793909173952,7.608763646006941,0.7300467475604814,3.1204390023241064,-0.006313050238728169,0.037140798427586365,-0.0010000000000000009,-0.04099999999999998
95.39990901947021,-39.04113854427447,7.711985750019611,0.7319307277972696,3.119617666902411,-0.006034510469331325,0.03707429969658885,-0.0010000000000000009,-0.04099999999999998
95.4499089717865,-38.92364470915286,7.816276263771942,0.7338316536778854,3.118337426841242,-0.006389080520050983,0.037446967466045346,-0.0010000000000000009,-0.04099999999999998
95.49990892410278,-38.80863739682526,7.918471387810766,0.735717958237603,3.118291057153274,-0.008141712780240283,0.037483591058845064,-0.0010000000000000009,-0.04099999999999998
95.54990887641907,-38.693009477904496,8.021621076159365,0.7376337808252983,3.117854175824323,-0.01131249481512121,0.03766313894766057,-0.0010000000000000009,-0.04099999999999998
95.59990882873535,-38.576888823659374,8.12560957241405,0.7395793368595204,3.1175855091004383,-0.01319561796677774,0.03803978593603946,-0.0010000000000000009,-0.04099999999999998
95.64990878105164,-38.46314160224415,8.22789861570984,0.741516757729593,3.1176499643533675,-0.0032285716810943645,0.03864975343865648,-0.0010000000000000009,-0.04099999999999998
95.69990873336792,-38.348265004929324,8.330689040334168,0.7435452292944268,3.1169727919523766,-0.006747841300478844,0.03950604089622143,-0.0010000000000000009,-0.04099999999999998
95.7499086856842,-38.23165240702078,8.435274590379903,0.7456825794777397,3.116347258950044,-0.016921677455834727,0.04087660298978418,-0.0010000000000000009,-0.04099999999999998
95.79990863800049,-38.117319964003585,8.538494575553248,0.747749341376861,3.1156305037755954,-0.01095767188523499,0.041464560774091726,-0.0010000000000000009,-0.04099999999999998
95.84990859031677,-38.00489101956267,8.640333829083062,0.7498180953772526,3.116473636648388,-0.02071634752431576,0.041619429354448,-0.0010000000000000009,-0.04099999999999998
95.89990854263306,-37.887684424866606,8.74632960435801,0.7519888233098984,3.1159827116654446,-0.011203878336156449,0.04213158486669433,-0.0010000000000000009,-0.04099999999999998
95.94990849494934,-37.77630177165603,8.847549749253465,0.7540316582467195,3.115305214580293,-0.018680377004687873,0.041925133178614696,-0.0010000000000000009,-0.04099999999999998
95.99990844726562,-37.65996724268318,8.953721111802981,0.756148927978186,3.1152329674846055,-0.01908946773973709,0.04162052539946111,-0.0010000000000000009,-0.04099999999999998
96.04990839958191,-37.548167219463934,9.056551944391082,0.7580980507410571,3.114983289352245,-0.019374485288028855,0.040532360929307135,-0.0010000000000000009,-0.04099999999999998
96.0999083518982,-37.43167638529685,9.163148633182516,0.7601671126137357,3.1147484100764564,-0.026201857313155462,0.039934019596430205,-0.0010000000000000009,-0.04099999999999998
96.14990830421448,-37.317942760049235,9.267760978733056,0.7621781211619377,3.114912920329321,-0.01705374339133455,0.04007124900951599,-0.0010000000000000009,-0.04099999999999998
96.19990825653076,-37.20503959944188,9.372175411518187,0.7641764592583911,3.1141911253982393,-0.018077763125798015,0.04003499437032755,-0.0010000000000000009,-0.04099999999999998
96.24990820884705,-37.090893956765846,9.478406253931835,0.7661723474923174,3.1141762579296826,-0.020384217824623144,0.039866997918856915,-0.0010000000000000009,-0.04099999999999998
96.29990816116333,-36.97808335857671,9.583280672745492,0.7681503780069109,3.114017537559719,-0.010847543904690286,0.0397769149123849,-0.0010000000000000009,-0.04099999999999998
96.34990811347961,-36.86550734613515,9.68847634650334,0.7701233594923967,3.1132041358152494,-0.013831280002584032,0.03952219781082062,-0.0010000000000000009,-0.04099999999999998
96.3999080657959,-36.753046369080664,9.794172038135892,0.7720668302714248,3.1136937544766496,-0.018831540229761936,0.0389619059527249,-0.0010000000000000009,-0.04099999999999998
96.44990801811218,-36.641076851490794,9.90009740850986,0.7739669831351988,3.1135222559686455,-0.01710523301825417,0.03852286954596668,-0.0010000000000000009,-0.04099999999999998
96.49990797042847,-36.528424791631075,10.00690935578268,0.7758573840244835,3.113727385574513,-0.019766172306014875,0.03775903328787235,-0.0010000000000000009,-0.04099999999999998
96.54990792274475,-36.41555739647714,10.11467165422017,0.7777114814848473,3.11274753764118,-0.01275876913043552,0.037249063204658366,-0.0010000000000000009,-0.04099999999999998
96.59990787506104,-36.30511424092008,10.220752913280526,0.779495734299632,3.1134647561133764,-0.013998076335096052,0.036342987913327955,-0.0010000000000000009,-0.04099999999999998
96.64990782737732,-36.194156173955754,10.327721579723656,0.7813119775699975,3.112641663518582,-0.00845486573359881,0.036197817232763656,-0.0010000000000000009,-0.04099999999999998
96.6999077796936,-36.08070126115042,10.437545418016292,0.7831638573638584,3.1130392325461282,-0.01167304037532545,0.036259406976897834,-0.0010000000000000009,-0.04099999999999998
96.74990773200989,-35.969655984635864,10.54554277209494,0.7849850965067012,3.1138267474221357,-0.015881883472703945,0.03631473781657901,-0.0010000000000000009,-0.04099999999999998
96.79990768432617,-35.86055987549713,10.65217389145185,0.7867707727073213,3.1136252478149573,-0.011658288386632978,0.036443676424738496,-0.0010000000000000009,-0.04099999999999998
96.84990763664246,-35.74830422378288,10.762337438298907,0.7886195498834347,3.113470106032349,-0.01475831825617524,0.03656469123966483,-0.0010000000000000009,-0.04099999999999998
96.89990758895874,-35.6366844493264,10.872555713337094,0.7904841711414016,3.1143512479983606,-0.012663784261818335,0.03668906136544127,-0.0010000000000000009,-0.04099999999999998
96.94990754127502,-35.526287411022366,10.98203955849751,0.7923390157820553,3.1141573142343186,-0.011906478061054944,0.03670517816245142,-0.0010000000000000009,-0.04099999999999998
96.99990749359131,-35.4185754864779,11.089390723016251,0.7941435861675282,3.1156323830646073,-0.010554650438749386,0.03681007710057433,-0.0010000000000000009,-0.04099999999999998
97.04990744590759,-35.30771995456292,11.200451609181654,0.7959979291839874,3.1155368973489996,-0.008744013057608354,0.036661257868300864,-0.0010000000000000009,-0.04099999999999998
97.09990739822388,-35.19745190673156,11.311531416858147,0.7978500161093487,3.1148124568094366,-0.007711474493927069,0.036511367354227796,-0.0010000000000000009,-0.04099999999999998
97.14990735054016,-35.088523907111544,11.421704840835112,0.7996793759180129,3.1150131096556275,-0.010982965446886102,0.03630102026282245,-0.0010000000000000009,-0.04099999999999998
97.19990730285645,-34.9819016664688,11.529986688213176,0.8014612480390789,3.11401719457925,-0.011350879780505911,0.036254906175989754,-0.0010000000000000009,-0.04099999999999998
97.24990725517273,-34.87065704874215,11.64370679892883,0.8032997727609316,3.113750094110298,-0.013194042422622598,0.03596342772605131,-0.0010000000000000009,-0.04099999999999998
97.29990720748901,-34.76187355581452,11.755677365424775,0.8051341111120053,3.113670245440745,-0.012046096456271329,0.03605346248205029,-0.0010000000000000009,-0.04099999999999998
97.3499071598053,-34.65270594581037,11.868310954373401,0.8070060452846136,3.114039815431755,-0.011786673009348643,0.0365544849699639,-0.0010000000000000009,-0.04099999999999998
97.39990711212158,-34.54457145773412,11.980121249640325,0.8088934329466169,3.1151185391409464,-0.004562141338856556,0.037303587523775314,-0.0010000000000000009,-0.04099999999999998
97.44990706443787,-34.43722538306809,12.091447487177597,0.8107756426607083,3.1152575757619436,-0.008919275321643546,0.03767201555934169,-0.0010000000000000009,-0.04099999999999998
97.49990701675415,-34.32800509436218,12.205082064696647,0.8127397939292884,3.1160006034268424,-0.014256351883876073,0.038044684365401336,-0.0010000000000000009,-0.04099999999999998
97.54990696907043,-34.220857585010705,12.316961466415522,0.8146762645857158,3.1168157081546086,-0.01265036203428958,0.03831053736302691,-0.0010000000000000009,-0.04099999999999998
97.59990692138672,-34.11594264959823,12.426861386478825,0.8165615509214769,3.1171784624356698,-0.012323332567833392,0.0384412587492003,-0.0010000000000000009,-0.04099999999999998
97.649906873703,-34.00576859113264,12.542567440743815,0.8185461163652569,3.1166398962860784,-0.011197078774106441,0.03836772419554804,-0.0010000000000000009,-0.04099999999999998
97.69990682601929,-33.90152309353674,12.651560915222838,0.8204788632885079,3.1157573303652435,-0.019231646902860403,0.03875415279732429,-0.0010000000000000009,-0.04099999999999998
97.74990677833557,-33.79342870827259,12.76489283761761,0.8224831431874879,3.116149491353656,-0.02270137428116639,0.03911316104762247,-0.0010000000000000009,-0.04099999999999998
97.79990673065186,-33.68738373827123,12.87639155428864,0.8244412662604546,3.1156883876418338,-0.023370378256069312,0.03925595808572034,-0.0010000000000000009,-0.04099999999999998
97.84990668296814,-33.58041695248875,12.989156649024467,0.8264083145650454,3.116455181825251,-0.027626685312538504,0.039118699296582835,-0.0010000000000000009,-0.04099999999999998
97.89990663528442,-33.471949498303786,13.102657868968466,0.8283575846905986,3.116893496581744,-0.026960191429844467,0.03869081691007627,-0.0010000000000000009,-0.04099999999999998
97.94990658760071,-33.36576674487122,13.21421584672575,0.83023794956326,3.1169651573035657,-0.03425095366397053,0.03785569304890121,-0.0010000000000000009,-0.04099999999999998
97.99990653991699,-33.26109376058276,13.32474541925355,0.8320571439988244,3.1165844898121042,-0.02848798102580731,0.03716879027541162,-0.0010000000000000009,-0.04099999999999998
98.04990649223328,-33.154750915131274,13.437630707824455,0.8338782820035479,3.1158783368936245,-0.02717693936664351,0.036560794659628276,-0.0010000000000000009,-0.04099999999999998
98.09990644454956,-33.04681600924284,13.551764246544627,0.8357213858581021,3.1157133723050023,-0.026583180823753244,0.036196324637897535,-0.0010000000000000009,-0.04099999999999998
98.14990639686584,-32.94153629123607,13.663533893188792,0.8375585554727886,3.115038208233781,-0.03160203401380262,0.03624149357320071,-0.0010000000000000009,-0.04099999999999998
98.19990634918213,-32.83688490971515,13.77525281069018,0.8393950838126994,3.114863597226495,-0.026934549209896543,0.036785885557587585,-0.0010000000000000009,-0.04099999999999998
98.24990630149841,-32.73164337108074,13.88802572857089,0.8412945569889236,3.1145555560276708,-0.03435164952908761,0.037449015327592934,-0.0010000000000000009,-0.04099999999999998
98.2999062538147,-32.622859264464864,14.00419759276058,0.843249199802417,3.113747162483683,-0.030546158236240763,0.03768912469668889,-0.0010000000000000009,-0.04099999999999998
98.34990620613098,-32.51989185942064,14.114909260469423,0.8450803746445184,3.114025575624305,-0.031527035514741696,0.037520152321036976,-0.0010000000000000009,-0.04099999999999998
98.39990615844727,-32.41579168051617,14.227420492784338,0.8469643001363399,3.1128435216222043,-0.029972161671243294,0.03749711695182166,-0.0010000000000000009,-0.04099999999999998
98.44990611076355,-32.3100091063162,14.342456408013582,0.8488749913974685,3.113295185864025,-0.02515219222803257,0.0377752163533292,-0.0010000000000000009,-0.04099999999999998
98.49990606307983,-32.2047300477002,14.456674488599369,0.850794234105255,3.1114614937153275,-0.02842788656453493,0.037789610112831926,-0.0010000000000000009,-0.04099999999999998
98.54990601539612,-32.10239556405036,14.568481739643852,0.8526389217824446,3.111140882477361,-0.034599681560763734,0.037501358362260866,-0.0010000000000000009,-0.04099999999999998
98.5999059677124,-31.99751388478395,14.683439851936743,0.8545990353260841,3.110308270799528,-0.030276768059422268,0.038152375304780904,-0.0010000000000000009,-0.04099999999999998
98.64990592002869,-31.893360885064393,14.79837500605644,0.8564915775156501,3.110827269428396,-0.026381879594517932,0.03811357561780334,-0.0010000000000000009,-0.04099999999999998
98.69990587234497,-31.790869234832133,14.911509651862243,0.8583448086818461,3.110382890146243,-0.032429218582845754,0.03765089779749553,-0.0010000000000000009,-0.04099999999999998
98.74990582466125,-31.68419718574621,15.029820048783195,0.8602405317748912,3.110299127143405,-0.031449303894276096,0.03683007236692109,-0.0010000000000000009,-0.04099999999999998
98.79990577697754,-31.58348268435866,15.142151934062044,0.8620062868741322,3.1098668060737924,-0.032573037481661446,0.03632693632605727,-0.0010000000000000009,-0.04099999999999998
98.84990572929382,-31.480630448160117,15.257299172175525,0.863809619000802,3.109088242381414,-0.0385750385572576,0.03590943150441628,-0.0010000000000000009,-0.04099999999999998
98.89990568161011,-31.376799962204053,15.37366332320533,0.8655975200826141,3.108690630013182,-0.03166858042866212,0.035533560177792065,-0.0010000000000000009,-0.04099999999999998
98.94990563392639,-31.273182005427564,15.49030649234495,0.867384890536108,3.1083942136741305,-0.0394866404303035,0.03503967831229746,-0.0010000000000000009,-0.04099999999999998
98.99990558624268,-31.173676806037207,15.602743030270119,0.8691131308610597,3.1082577610564956,-0.036568009187134355,0.035203042520735583,-0.0010000000000000009,-0.04099999999999998
99.04990553855896,-31.07118121416164,15.719054137043871,0.870883510713529,3.108777881380801,-0.03626527739792176,0.035091335753278684,-0.0010000000000000009,-0.04099999999999998
99.09990549087524,-30.96676941400882,15.83770779915692,0.8726575055084207,3.107646872846665,-0.03884226310888171,0.034756503782999805,-0.0010000000000000009,-0.04099999999999998
99.14990544319153,-30.867119378088486,15.951397377912881,0.8743693720649647,3.1068845808119354,-0.03941854949966976,0.03448688777414327,-0.0010000000000000009,-0.04099999999999998
99.19990539550781,-30.765991783378674,16.06743774186941,0.8760878802392651,3.1054788424618467,-0.038163494726298916,0.03443305753938497,-0.0010000000000000009,-0.04099999999999998
99.2499053478241,-30.664576176416517,16.184556586816925,0.8777672060729381,3.104359491180982,-0.03745802750363807,0.03387476764945209,-0.0010000000000000009,-0.04099999999999998
99.29990530014038,-30.561294139404943,16.30404871680704,0.8795289918353711,3.1043437003394962,-0.033252330390214156,0.03386352790829707,-0.0010000000000000009,-0.04099999999999998
99.34990525245667,-30.462716942065363,16.41861183265958,0.8812276948761313,3.1034609029124773,-0.040717165814244345,0.0340808229964894,-0.0010000000000000009,-0.04099999999999998
99.39990520477295,-30.361479243077795,16.536868683077664,0.8829785185611712,3.1029842681537794,-0.03236120655321495,0.034486892709900546,-0.0010000000000000009,-0.04099999999999998
99.44990515708923,-30.261106173492383,16.65455202341301,0.8847609130438363,3.1027536170740264,-0.03742727521294082,0.034853376461448614,-0.0010000000000000009,-0.04099999999999998
99.49990510940552,-30.161946706769562,16.771669550127395,0.8865177147565994,3.102485746276957,-0.03592381005888447,0.03509924715840333,-0.0010000000000000009,-0.04099999999999998
99.5499050617218,-30.059322505804293,16.893302585940692,0.888381812917355,3.1031306790749316,-0.03670600656120641,0.03558964163528936,-0.0010000000000000009,-0.04099999999999998
99.59990501403809,-29.962549864703135,17.008515876052233,0.890128822883994,3.1027558146567142,-0.03578950587217967,0.035785209403439724,-0.0010000000000000009,-0.04099999999999998
99.64990496635437,-29.863756786918806,17.126622764981636,0.8919182452800555,3.1025807197289557,-0.03568162364669982,0.035722977380389986,-0.0010000000000000009,-0.04099999999999998
99.69990491867065,-29.763767971489134,17.24704407048956,0.893736845264267,3.101667594291633,-0.035480955881273056,0.0355958648117959,-0.0010000000000000009,-0.04099999999999998
99.74990487098694,-29.663596997996848,17.368082653624104,0.8955893107395093,3.101307534244544,-0.031615889708206286,0.03599073640185949,-0.0010000000000000009,-0.04099999999999998
99.79990482330322,-29.56804052148143,17.484148131430576,0.8973330341918041,3.1010828093634517,-0.031801752121778784,0.03597542279378984,-0.0010000000000000009,-0.04099999999999998
99.8499047756195,-29.46931717271676,17.604403705188318,0.8991678322573294,3.10084879235639,-0.0338465585922081,0.03608375731017578,-0.0010000000000000009,-0.04099999999999998
99.89990472793579,-29.37160624839311,17.723905429440833,0.9010453352236123,3.100228195553525,-0.03402953278665857,0.03657641152339134,-0.0010000000000000009,-0.04099999999999998
99.94990468025208,-29.272910655675744,17.84513123453292,0.9029365944525958,3.0984808603092513,-0.03444602043295154,0.037172065248007,-0.0010000000000000009,-0.04099999999999998
99.99990463256836,-29.17680713806815,17.963496197444968,0.9048120446716023,3.097827166082147,-0.03235295823447344,0.03765072221661566,-0.0010000000000000009,-0.04099999999999998
100.04990458488464,-29.079221023264534,18.084178185976544,0.9067095653954347,3.097100873566647,-0.03432990186409807,0.037856621109384266,-0.0010000000000000009,-0.04099999999999998
100.09990453720093,-28.98297666476347,18.203193093043367,0.9086309119537328,3.097061135732543,-0.04080727393436827,0.038161135926082224,-0.0010000000000000009,-0.04099999999999998
100.14990448951721,-28.88617629934501,18.32311169071831,0.9105960517586462,3.096507287540307,-0.04257293504967265,0.0386492887140695,-0.0010000000000000009,-0.04099999999999998
100.1999044418335,-28.78819848872782,18.445104956722737,0.9125434446619948,3.0959373378666335,-0.03941635294451847,0.03879068998139107,-0.0010000000000000009,-0.04099999999999998
100.24990439414978,-28.69241367699965,18.56463440229308,0.9144693345353145,3.0943126211827843,-0.042159049584470885,0.03880018737799716,-0.0010000000000000009,-0.04099999999999998
100.29990434646606,-28.595823880119802,18.685650791184173,0.9164088026869495,3.094498143075859,-0.040775889606824475,0.03866335237721111,-0.0010000000000000009,-0.04099999999999998
100.34990429878235,-28.499064489571072,18.80699839491497,0.9183963125306287,3.094341102913148,-0.04914099117428968,0.03873085983809426,-0.0010000000000000009,-0.04099999999999998
100.39990425109863,-28.40359844138247,18.927171902730578,0.9203493138304059,3.0938592131607296,-0.04320347454980844,0.039132345053325975,-0.0010000000000000009,-0.04099999999999998
100.44990420341492,-28.307790844380353,19.048180117326623,0.9223171462219861,3.0931740325615094,-0.046955084526559505,0.03915176934273053,-0.0010000000000000009,-0.04099999999999998
100.4999041557312,-28.210852086269586,19.170218463551098,0.9243648218340937,3.0924447108196857,-0.0535463405288793,0.03966087712500934,-0.0010000000000000009,-0.04099999999999998
100.54990410804749,-28.11592292551485,19.290443503704036,0.9263438070278265,3.091588129437297,-0.04960649938432192,0.03994173645150735,-0.0010000000000000009,-0.04099999999999998
100.59990406036377,-28.021151322380113,19.411018673501257,0.9283094822816461,3.091652898188049,-0.05395251368256353,0.039645274355834266,-0.0010000000000000009,-0.04099999999999998
100.64990401268005,-27.924844286992,19.534191982562724,0.930295404630406,3.091302042301892,-0.04393760384928287,0.039349448308348654,-0.0010000000000000009,-0.04099999999999998
100.69990396499634,-27.83040825146259,19.655205375120275,0.9322244500364201,3.0916892123950848,-0.04452195789460181,0.03891899257886872,-0.0010000000000000009,-0.04099999999999998
100.74990391731262,-27.735925447789597,19.776874440647607,0.9341453167089296,3.091378066787212,-0.04265929415921916,0.03846364801978535,-0.0010000000000000009,-0.04099999999999998
100.7999038696289,-27.641233432411962,19.899475420867486,0.9360671752897084,3.090771727539098,-0.040479370358131324,0.038192794779652185,-0.0010000000000000009,-0.04099999999999998
100.84990382194519,-27.547579586424114,20.021163094453748,0.9380091225399793,3.0912579386395933,-0.04786334112483264,0.038340356862557136,-0.0010000000000000009,-0.04099999999999998
100.89990377426147,-27.45327316345944,20.143590646736808,0.93993095303837,3.090973162577768,-0.04208466542601235,0.03851968283362386,-0.0010000000000000009,-0.04099999999999998
100.94990372657776,-27.358904122607953,20.266426090537507,0.9419176126970712,3.090039352326489,-0.0500348070778152,0.03881614041028989,-0.0010000000000000009,-0.04099999999999998
100.99990367889404,-27.264652684917735,20.38993856651568,0.9438559351339738,3.089534748730659,-0.0456647322385584,0.03881313447832485,-0.0010000000000000009,-0.04099999999999998
101.04990363121033,-27.171962704001302,20.51211655467406,0.9457622895770638,3.089449972363824,-0.04351591651886158,0.03850755329416808,-0.0010000000000000009,-0.04099999999999998
101.09990358352661,-27.077996790816144,20.635882028719273,0.9477260074935913,3.089099407447811,-0.046964880837113566,0.03853538437950902,-0.0010000000000000009,-0.04099999999999998
101.1499035358429,-26.9847020076418,20.759397470182126,0.9496966069210375,3.089311416072528,-0.04039031059697106,0.03894327177786432,-0.0010000000000000009,-0.04099999999999998
101.19990348815918,-26.89222701570538,20.88232046323393,0.9517022220467328,3.0884609084650614,-0.04990735369180854,0.03943642615463977,-0.0010000000000000009,-0.04099999999999998
101.24990344047546,-26.799727891599474,21.005817618829127,0.9537286471619626,3.08856828964995,-0.053709792200737266,0.03985467984855277,-0.0010000000000000009,-0.04099999999999998
101.29990339279175,-26.70674370122582,21.130169113721436,0.9557336074248892,3.087780449089668,-0.04659835421631252,0.04009694182487305,-0.0010000000000000009,-0.04099999999999998
101.34990334510803,-26.614921612602483,21.25334724649224,0.9577587800271434,3.087629693164717,-0.046346962193894024,0.040154511823871405,-0.0010000000000000009,-0.04099999999999998
101.39990329742432,-26.52297057368246,21.37738141499398,0.9598055802286682,3.0872695076656096,-0.050869370445523907,0.04037287928211116,-0.0010000000000000009,-0.04099999999999998
101.4499032497406,-26.4307012508786,21.50238019933764,0.9618968908952144,3.087592462818681,-0.05015915748874142,0.04092010667564432,-0.0010000000000000009,-0.04099999999999998
101.49990320205688,-26.339408739987714,21.626027480415676,0.9639395565503579,3.087537655755651,-0.05224028188569592,0.0410084581155932,-0.0010000000000000009,-0.04099999999999998
101.54990315437317,-26.247856779229735,21.750766877807678,0.9659944864165121,3.0876687072937963,-0.05550952244329796,0.040642049340446955,-0.0010000000000000009,-0.04099999999999998
101.59990310668945,-26.156126114827334,21.876330359352618,0.9681171527879217,3.0871383925903952,-0.05756841698262323,0.04113245787822747,-0.0010000000000000009,-0.04099999999999998
101.64990305900574,-26.065837120403714,22.000751628508926,0.9702283194934406,3.087878704406475,-0.05265761469291457,0.04190234554510704,-0.0010000000000000009,-0.04099999999999998
101.69990301132202,-25.975786958583967,22.125354518471283,0.9723765130998536,3.0871237672374168,-0.054659111617721266,0.04258764212020716,-0.0010000000000000009,-0.04099999999999998
101.7499029636383,-25.884681311302337,22.252162456490005,0.9745553138768533,3.086275961694182,-0.05147155362813285,0.042880460876549766,-0.0010000000000000009,-0.04099999999999998
101.79990291595459,-25.795067390530548,22.377719210441565,0.976675849908675,3.086040546761559,-0.051634305540216585,0.04275571022283084,-0.0010000000000000009,-0.04099999999999998
101.84990286827087,-25.706568028756056,22.502261309704256,0.9787803351602047,3.086160063876463,-0.055820019948464465,0.042430213767304,-0.0010000000000000009,-0.04099999999999998
101.89990282058716,-25.616722420764912,22.629710080748662,0.9808609903249261,3.086227468719353,-0.04792426188326086,0.04184804299804427,-0.0010000000000000009,-0.04099999999999998
101.94990277290344,-25.528485988847603,22.75550364046186,0.9828683057974048,3.086670333140405,-0.0536464209173866,0.04073982251443395,-0.0010000000000000009,-0.04099999999999998
101.99990272521973,-25.44033909063448,22.881685076779558,0.9848591142466859,3.0870686867956127,-0.056552792373863583,0.03996922153589539,-0.0010000000000000009,-0.04099999999999998
102.04990267753601,-25.351047736481494,23.01009612453483,0.9868731069475747,3.089401347998998,-0.05401295974816254,0.03969245336554669,-0.0010000000000000009,-0.04099999999999998
102.0999026298523,-25.26278692801032,23.13763818979476,0.9888499546833033,3.08961546253742,-0.04850060982095526,0.03949899293448685,-0.0010000000000000009,-0.04099999999999998
102.14990258216858,-25.175940980812676,23.263665539852667,0.9907844992592723,3.0902884707363,-0.047637951792288066,0.03921913468941862,-0.0010000000000000009,-0.04099999999999998
102.19990253448486,-25.087674691110916,23.392420336294624,0.9927261854270123,3.090288452295892,-0.0508808109226493,0.03866289472565888,-0.0010000000000000009,-0.04099999999999998
102.24990248680115,-25.000507038037465,23.519974205305168,0.9946737861615393,3.090371629003266,-0.057134335172295284,0.03844022396511776,-0.0010000000000000009,-0.04099999999999998
102.29990243911743,-24.91426130422011,23.6472352326764,0.9965997429032144,3.0904676529509723,-0.052436603469852044,0.03859210008275524,-0.0010000000000000009,-0.04099999999999998
102.34990239143372,-24.827586811671043,23.775521183347166,0.9985463033992603,3.0905749784508916,-0.053161473976175995,0.038740775638484055,-0.0010000000000000009,-0.04099999999999998
102.39990234375,-24.741844501867927,23.902896302148818,1.0004752856030652,3.090756272989223,-0.0532471925944153,0.03866249976941461,-0.0010000000000000009,-0.04099999999999998
102.44990229606628,-24.655039416632032,24.032279929411747,1.0024527624408148,3.090606022273498,-0.05750369337705254,0.03876400877188262,-0.0010000000000000009,-0.04099999999999998
102.49990224838257,-24.569177321025304,24.161132347016107,1.0044308876616779,3.0901868928418232,-0.05561400051329323,0.03908013040199876,-0.0010000000000000009,-0.04099999999999998
102.54990220069885,-24.482701227317452,24.291452114373726,1.006425561433757,3.0908772367670574,-0.0553229029621496,0.039247683522635385,-0.0010000000000000009,-0.04099999999999998
102.59990215301514,-24.397597918187444,24.420157732589544,1.0083984133202268,3.092203177339585,-0.058458930663000605,0.03935715877138248,-0.0010000000000000009,-0.04099999999999998
102.64990210533142,-24.313019826764247,24.548489164121243,1.0103768396243813,3.0924111606681173,-0.05510017996413315,0.039625905062317376,-0.0010000000000000009,-0.04099999999999998
102.6999020576477,-24.228452512061864,24.677695097653842,1.0123472061036114,3.09242052765321,-0.05148551591304702,0.03953926372935362,-0.0010000000000000009,-0.04099999999999998
102.74990200996399,-24.143926969462157,24.807289015110136,1.0143363117419166,3.0920060959701594,-0.0517436265944875,0.03942454606660364,-0.0010000000000000009,-0.04099999999999998
102.79990196228027,-24.06022389611595,24.935974943024757,1.0163810161018452,3.092792025640672,-0.05555377367887211,0.03994597884107018,-0.0010000000000000009,-0.04099999999999998
102.84990191459656,-23.97625073618534,25.06566310129156,1.018451026147083,3.092250948807889,-0.053168178603996384,0.04093140196228361,-0.0010000000000000009,-0.04099999999999998
102.89990186691284,-23.892072415714228,25.1955698462131,1.0205820459992632,3.0915502610115717,-0.058628690631395045,0.04154741376825839,-0.0010000000000000009,-0.04099999999999998
102.94990181922913,-23.808853586888755,25.32480359314654,1.0226694388971536,3.0914038931742422,-0.05804541103308134,0.04187157697941578,-0.0010000000000000009,-0.04099999999999998
102.99990177154541,-23.724947370681413,25.45549856480893,1.024812594414221,3.0902620131986476,-0.059776283840875,0.04214996939483216,-0.0010000000000000009,-0.04099999999999998
103.0499017238617,-23.642467488241717,25.58471077987011,1.0268858052674033,3.0898845565614144,-0.05573386768319325,0.042029568184348644,-0.0010000000000000009,-0.04099999999999998
103.09990167617798,-23.56005837116239,25.71380684264368,1.0289641956794429,3.089999648546345,-0.06177539280310536,0.041703518090303385,-0.0010000000000000009,-0.04099999999999998
103.14990162849426,-23.4767034332742,25.844874215801198,1.0310730139737772,3.0890214282142847,-0.05228606616075128,0.04157043538523533,-0.0010000000000000009,-0.04099999999999998
103.19990158081055,-23.395384104039053,25.973592134519517,1.0330882565388952,3.0890334854087094,-0.0587553757049952,0.04101084253258131,-0.0010000000000000009,-0.04099999999999998
103.24990153312683,-23.313255420448677,26.104195507915403,1.035120713403532,3.0887384139436014,-0.05827877708193015,0.040458375440885146,-0.0010000000000000009,-0.04099999999999998
103.29990148544312,-23.231583561894467,26.23454919611628,1.0371182417791303,3.089250358105492,-0.0518710664383016,0.04011287742552858,-0.0010000000000000009,-0.04099999999999998
103.3499014377594,-23.14999264449905,26.36524531679561,1.0391441914943598,3.0889501792554137,-0.05591187230154439,0.03983771126730077,-0.0010000000000000009,-0.04099999999999998
103.39990139007568,-23.069379104325687,26.495075269188167,1.0411245844110664,3.088248247737172,-0.05390817769728612,0.03985436745421991,-0.0010000000000000009,-0.04099999999999998
103.44990134239197,-22.98858996018261,26.625940814116227,1.0430889493436177,3.087945775341394,-0.051230119370687915,0.039450427921711634,-0.0010000000000000009,-0.04099999999999998
103.49990129470825,-22.907451565787095,26.75740682090136,1.0450698539266607,3.0865142470582936,-0.055000218664390386,0.03910246331658783,-0.0010000000000000009,-0.04099999999999998
103.54990124702454,-22.827149276556757,26.888436418813143,1.0470089560586773,3.0851058266674443,-0.06083984746031479,0.038799658464748116,-0.0010000000000000009,-0.04099999999999998
103.59990119934082,-22.746629956806565,27.02031025078347,1.0490065633848307,3.0843051194180426,-0.05896716166321495,0.039071794969599505,-0.0010000000000000009,-0.04099999999999998
103.6499011516571,-22.665773768714704,27.153373969453927,1.051043041635761,3.084688126138179,-0.05053341780982764,0.03994668907894494,-0.0010000000000000009,-0.04099999999999998
103.69990110397339,-22.586407310734607,27.284651924533634,1.0530341672007342,3.0842529655789384,-0.051697296876018414,0.040195893797934173,-0.0010000000000000009,-0.04099999999999998
103.74990105628967,-22.505951554446302,27.41832008721026,1.055086811321753,3.084246021443869,-0.058638405390732576,0.04053689167860198,-0.0010000000000000009,-0.04099999999999998
103.79990100860596,-22.425748807650347,27.55210795563001,1.0571879650100418,3.08362143976249,-0.05424762975833823,0.04107861030273713,-0.0010000000000000009,-0.04099999999999998
103.84990096092224,-22.346638175471202,27.684848154452364,1.0592638790205513,3.0839106311435454,-0.05137741847871405,0.04148812079270983,-0.0010000000000000009,-0.04099999999999998
103.89990091323853,-22.267309396806446,27.817345955841958,1.0613585305235433,3.083043232803071,-0.05447143772218153,0.04161364109172185,-0.0010000000000000009,-0.04099999999999998
103.94990086555481,-22.187835212156557,27.950946426145393,1.0634504810482575,3.08345367540788,-0.056985567678766655,0.04170802824153427,-0.0010000000000000009,-0.04099999999999998
103.9999008178711,-22.109371508981152,28.08345934565661,1.0655501330363004,3.0827946112336324,-0.058391644242663826,0.04175392378194028,-0.0010000000000000009,-0.04099999999999998
104.04990077018738,-22.03142644969816,28.216009459391454,1.0676245554075234,3.0825509568232663,-0.05990702113031008,0.04167600730118732,-0.0010000000000000009,-0.04099999999999998
104.09990072250366,-21.952947197303793,28.349251681129637,1.0697375705377625,3.083065188945301,-0.05807674024281827,0.04171046153986616,-0.0010000000000000009,-0.04099999999999998
104.14990067481995,-21.87500868903766,28.48246060017667,1.071842910855161,3.0826600968157996,-0.055161541337883105,0.04185586447716912,-0.0010000000000000009,-0.04099999999999998
104.19990062713623,-21.797952190017224,28.614843208867413,1.0739783565435732,3.0831664479402896,-0.06201300766751408,0.042428613446808094,-0.0010000000000000009,-0.04099999999999998
104.24990057945251,-21.720801314438418,28.748267057074077,1.0761189761770489,3.0833629730719934,-0.06347797898324758,0.04264388001731736,-0.0010000000000000009,-0.04099999999999998
104.2999005317688,-21.64410301329119,28.88230190352489,1.078226361198764,3.0823381897270172,-0.06126133120152358,0.042357922472030275,-0.0010000000000000009,-0.04099999999999998
104.34990048408508,-21.568093739114214,29.015801202998905,1.080331413677133,3.0823993825853337,-0.05888028764051575,0.04210659433923436,-0.0010000000000000009,-0.04099999999999998
104.39990043640137,-21.491869399954098,29.150462130357592,1.082438436686755,3.082030097175904,-0.054892814967139575,0.04195305155032241,-0.0010000000000000009,-0.04099999999999998
104.44990038871765,-21.416396309586503,29.284700961772295,1.0845166496461434,3.082371912901796,-0.05611617315744599,0.04175228825812054,-0.0010000000000000009,-0.04099999999999998
104.49990034103394,-21.341711617330137,29.418369955907448,1.0865941659985334,3.081304481148734,-0.0584147840516543,0.04156530581851006,-0.0010000000000000009,-0.04099999999999998
104.54990029335022,-21.26748697336254,29.552165992760226,1.08861586964312,3.080504788059489,-0.05441738024078853,0.04106380210181354,-0.0010000000000000009,-0.04099999999999998
104.5999002456665,-21.192565785669746,29.688161519638374,1.0906192624755184,3.079690676853747,-0.050526205945062394,0.040294342973002446,-0.0010000000000000009,-0.04099999999999998
104.64990019798279,-21.118812794050335,29.822607116979167,1.092628036066063,3.079096466787714,-0.051852093818511406,0.03981031771100368,-0.0010000000000000009,-0.04099999999999998
104.69990015029907,-21.04517012611067,29.957880176069843,1.0946556518049688,3.078073349325914,-0.04728828909820824,0.04017584937618887,-0.0010000000000000009,-0.04099999999999998
104.74990010261536,-20.97151871044055,30.09345410824797,1.0967967014934323,3.0767165567341825,-0.05427572948504385,0.04104242317830565,-0.0010000000000000009,-0.04099999999999998
104.79990005493164,-20.899193649604218,30.22733217276884,1.0989280239398491,3.07675226943933,-0.053579829444142156,0.042353952031005976,-0.0010000000000000009,-0.04099999999999998
104.84990000724792,-20.82600111708952,30.36338249735866,1.101146522955696,3.0755490931738847,-0.06153660702574018,0.0432719858566505,-0.0010000000000000009,-0.04099999999999998
104.89989995956421,-20.75327509650651,30.49883581558383,1.1033581306611502,3.0749619516549282,-0.05260544090551037,0.04394275687998611,-0.0010000000000000009,-0.04099999999999998
104.9498999118805,-20.68134741129448,30.633470595473277,1.1055733849237577,3.075057185999772,-0.05139209259912381,0.044247602491289985,-0.0010000000000000009,-0.04099999999999998
104.99989986419678,-20.61017524086129,30.76747876196358,1.1077630621023729,3.074465459782862,-0.05381230088318982,0.044176181957779996,-0.0010000000000000009,-0.04099999999999998
105.04989981651306,-20.53757960826447,30.904975779265573,1.1100173187067863,3.074110052930747,-0.05225968461122163,0.044233463809047704,-0.0010000000000000009,-0.04099999999999998
105.09989976882935,-20.46722721296679,31.038622632255738,1.11220658560108,3.074303871302467,-0.0517077835092454,0.04430960985539848,-0.0010000000000000009,-0.04099999999999998
105.14989972114563,-20.396902666215585,31.173097081413598,1.1143807008199367,3.0736133145963254,-0.048370390677864555,0.04406931134956332,-0.0010000000000000009,-0.04099999999999998
105.19989967346191,-20.325467502486593,31.310500018302157,1.116586103227871,3.0736917308863116,-0.05352018870554927,0.043611532964284855,-0.0010000000000000009,-0.04099999999999998
105.2498996257782,-20.255653484775028,31.44570424957001,1.118700845866834,3.0731859787210247,-0.05216239718482456,0.043051303466449,-0.0010000000000000009,-0.04099999999999998
105.29989957809448,-20.186001508793694,31.581404213819525,1.120804518857467,3.072243096614342,-0.05039376814800234,0.04228937075738241,-0.0010000000000000009,-0.04099999999999998
105.34989953041077,-20.116202777055676,31.71805301587008,1.1229280388372809,3.0717919204110773,-0.05489807827995789,0.04197786320363483,-0.0010000000000000009,-0.04099999999999998
105.39989948272705,-20.047159558069133,31.854003091007574,1.1250380810357994,3.071103207535183,-0.05232986093659122,0.04193406741886538,-0.0010000000000000009,-0.04099999999999998
105.44989943504333,-19.978306560024038,31.990339592427148,1.1271589890183742,3.071711502192932,-0.05462163836838302,0.0421318394715579,-0.0010000000000000009,-0.04099999999999998
105.49989938735962,-19.908838234560445,32.12865242737049,1.1293687577079663,3.07181471075537,-0.04917141509590223,0.04272855388191337,-0.0010000000000000009,-0.04099999999999998
105.5498993396759,-19.84126913862688,32.264269823049126,1.1315141452853201,3.0710756017420207,-0.05126716187948909,0.043149233730071734,-0.0010000000000000009,-0.04099999999999998
105.59989929199219,-19.77336350339869,32.40114578638827,1.1337116279281922,3.0709457476524142,-0.05282893134486164,0.0434708428511683,-0.0010000000000000009,-0.04099999999999998
105.64989924430847,-19.70464377538226,32.54030973150336,1.1359639572120102,3.070343299648988,-0.05538400962686537,0.04396738869598797,-0.0010000000000000009,-0.04099999999999998
105.69989919662476,-19.63700461611751,32.67823501612422,1.1381403256131015,3.0702798659588546,-0.05049137130248529,0.04391322891672939,-0.0010000000000000009,-0.04099999999999998
105.74989914894104,-19.569901479994503,32.81576051889762,1.1403109050508993,3.070587607489182,-0.05638377930923106,0.043584656460919684,-0.0010000000000000009,-0.04099999999999998
105.79989910125732,-19.502035913448307,32.95531418906691,1.1425504223511285,3.0705202731370846,-0.055629351831568176,0.04383394206862544,-0.0010000000000000009,-0.04099999999999998
105.84989905357361,-19.435240480109503,33.09342778888596,1.1447638678962733,3.0711536300151474,-0.05786433228842311,0.0442262272155673,-0.0010000000000000009,-0.04099999999999998
105.89989900588989,-19.368609955160597,33.23153112638027,1.1470237541528332,3.071523180214692,-0.06133354925186661,0.044557211807215356,-0.0010000000000000009,-0.04099999999999998
105.94989895820618,-19.30295251839163,33.36858645084313,1.1492506190716991,3.070790184280637,-0.06089208460540982,0.044960127274951814,-0.0010000000000000009,-0.04099999999999998
105.99989891052246,-19.236011561023105,33.50906810278026,1.1515575797151199,3.0703820847798187,-0.054996964731185205,0.04507443589309915,-0.0010000000000000009,-0.04099999999999998
106.04989886283875,-19.17052591244124,33.64753151062741,1.1538257759758013,3.070868319061584,-0.053904953543377945,0.04535212271267455,-0.0010000000000000009,-0.04099999999999998
106.09989881515503,-19.105428237466207,33.785513263944836,1.1561442040043493,3.0702781215116777,-0.061986642174909144,0.04571492209483025,-0.0010000000000000009,-0.04099999999999998
106.14989876747131,-19.04030238652525,33.924716527138024,1.1584491504806076,3.069273416340332,-0.0558630946028394,0.04593804445090009,-0.0010000000000000009,-0.04099999999999998
106.1998987197876,-18.975884435948604,34.06288707535938,1.1608146531909427,3.0686827103865673,-0.059269946709185554,0.04662082693695361,-0.0010000000000000009,-0.04099999999999998
106.24989867210388,-18.911795136749102,34.20132056273867,1.1631828260450978,3.068408899759723,-0.0630879107982252,0.047077157975284646,-0.0010000000000000009,-0.04099999999999998
106.29989862442017,-18.847251470627842,34.34134620642072,1.1655933392395532,3.068687271447027,-0.0597512505424894,0.04756606353508689,-0.0010000000000000009,-0.04099999999999998
106.34989857673645,-18.783771845774755,34.479781449944056,1.167996532356408,3.0695944911982966,-0.05214725249879624,0.04808884661486499,-0.0010000000000000009,-0.04099999999999998
106.39989852905273,-18.720456477586715,34.619043139852366,1.1703742488439512,3.0695236988145975,-0.054434195340029246,0.04783267072704375,-0.0010000000000000009,-0.04099999999999998
106.44989848136902,-18.6569113625046,34.75970609797988,1.1727607507320543,3.069145761913536,-0.05625013501622981,0.047429528455441426,-0.0010000000000000009,-0.04099999999999998
106.4998984336853,-18.59427541727385,34.89848833273221,1.1750933361656448,3.06813468911292,-0.058300734967209895,0.046908407151783495,-0.0010000000000000009,-0.04099999999999998
106.54989838600159,-18.53161395645709,35.038023436940634,1.1774726320775606,3.0668620179211667,-0.06573105826902811,0.04700326434022051,-0.0010000000000000009,-0.04099999999999998
106.59989833831787,-18.4690389726701,35.17851099903502,1.1798482187186237,3.0666576446646805,-0.05999802601753582,0.04719173721426082,-0.0010000000000000009,-0.04099999999999998
106.64989829063416,-18.40706720954515,35.318478588205565,1.1822223370871638,3.0657440826977838,-0.057412886354670005,0.04737610564872667,-0.0010000000000000009,-0.04099999999999998
106.69989824295044,-18.345500578768736,35.45782069388047,1.1846026213328218,3.0648589400031363,-0.06438817164914894,0.047496339656329725,-0.0010000000000000009,-0.04099999999999998
106.74989819526672,-18.28384919976929,35.59842487969201,1.1869638492257144,3.0648255978025287,-0.06008675878805784,0.04730104314048504,-0.0010000000000000009,-0.04099999999999998
106.79989814758301,-18.222840210440413,35.73850623030561,1.1892934704618585,3.064840515929193,-0.06366735226246846,0.04692686482785152,-0.0010000000000000009,-0.04099999999999998
106.84989809989929,-18.162121508648404,35.878491772539434,1.1916331561470739,3.065232092167328,-0.06903359774332439,0.046791173548409136,-0.0010000000000000009,-0.04099999999999998
106.89989805221558,-18.10100446873636,36.019448806252356,1.1939435906193014,3.063800804815078,-0.06336312194567545,0.0464520167307298,-0.0010000000000000009,-0.04099999999999998
106.94989800453186,-18.040401850199867,36.16031689355125,1.1961994815838408,3.0631192406247143,-0.06864693239548934,0.04560242321848559,-0.0010000000000000009,-0.04099999999999998
106.99989795684814,-17.980449650519617,36.30024347607164,1.1984634748362941,3.0638208737652657,-0.06805034263829726,0.04521423959198374,-0.0010000000000000009,-0.04099999999999998
107.04989790916443,-17.91996280393499,36.44279816658173,1.2006899707847567,3.0638831917288414,-0.06863871450350564,0.04466387216751164,-0.0010000000000000009,-0.04099999999999998
107.09989786148071,-17.86044337270892,36.58292782476907,1.2028997951306577,3.063275870839987,-0.07095411258783266,0.044377631735688546,-0.0010000000000000009,-0.04099999999999998
107.149897813797,-17.801367862721815,36.7230409695857,1.2050860081605945,3.0629787773469985,-0.07265105536343816,0.04416844161250587,-0.0010000000000000009,-0.04099999999999998
107.19989776611328,-17.742669877468824,36.86338352820062,1.207261019217327,3.062680894761574,-0.07641374731316802,0.043854811749254784,-0.0010000000000000009,-0.04099999999999998
107.24989771842957,-17.68289034858155,37.006841223765974,1.2095689258420803,3.0628776812752814,-0.0717451168760159,0.04462258119611704,-0.0010000000000000009,-0.04099999999999998
107.29989767074585,-17.624596234207555,37.14736943545029,1.2118591346941945,3.062736204108834,-0.07439282352301632,0.045470457992342644,-0.0010000000000000009,-0.04099999999999998
107.34989762306213,-17.56647456606874,37.288685452557026,1.2141902976086927,3.0625261534865986,-0.06989311702200848,0.04640922475195884,-0.0010000000000000009,-0.04099999999999998
107.39989757537842,-17.508578794128223,37.43100158695005,1.2165199871999788,3.061828873479616,-0.06933674121364082,0.04663438004936822,-0.0010000000000000009,-0.04099999999999998
107.4498975276947,-17.451729194802912,37.57174216514699,1.2188568557847295,3.0617264034373934,-0.06845301293738264,0.04695950772667981,-0.0010000000000000009,-0.04099999999999998
107.49989748001099,-17.394865627469837,37.71366359732848,1.221205832121416,3.0612933025897284,-0.07642825588835388,0.04704320259776417,-0.0010000000000000009,-0.04099999999999998
107.54989743232727,-17.338064892848617,37.85669816238849,1.2235717402411967,3.060162478045947,-0.07754720772879628,0.04694451212188646,-0.0010000000000000009,-0.04099999999999998
107.59989738464355,-17.28207508965621,37.99902004263518,1.2258979738318592,3.0606859865629166,-0.07281930298672683,0.046868203055527434,-0.0010000000000000009,-0.04099999999999998
107.64989733695984,-17.22660720383174,38.1415001901923,1.2281943823302721,3.060495845967069,-0.058549929138978926,0.046596023129175664,-0.0010000000000000009,-0.04099999999999998
107.69989728927612,-17.17088585340908,38.28604052769656,1.2305022561166628,3.060879476593074,-0.06832582825523256,0.04594372707313225,-0.0010000000000000009,-0.04099999999999998
107.74989724159241,-17.11586708373987,38.42987043506143,1.2327878689255736,3.061331119619884,-0.05850073996465924,0.045877947333962284,-0.0010000000000000009,-0.04099999999999998
107.79989719390869,-17.06149502497747,38.572978119194346,1.235088156733915,3.0617752243671403,-0.07323591345391829,0.045677721361251165,-0.0010000000000000009,-0.04099999999999998
107.84989714622498,-17.006985662748686,38.71774843566842,1.2373932519785946,3.063035095096286,-0.0653242063879303,0.046024184646042236,-0.0010000000000000009,-0.04099999999999998
107.89989709854126,-16.953688389055902,38.860925667100595,1.2397163299836145,3.0635521020339023,-0.06319614020655334,0.04618923163795494,-0.0010000000000000009,-0.04099999999999998
107.94989705085754,-16.900849191704857,39.00426919569327,1.2419969771758228,3.06385372963435,-0.062099915870294065,0.045966322568604744,-0.0010000000000000009,-0.04099999999999998
107.99989700317383,-16.84794041027697,39.148473327077006,1.244339123483896,3.0650265663578153,-0.06607648043412802,0.04595138134910733,-0.0010000000000000009,-0.04099999999999998
108.04989695549011,-16.795655996773352,39.29194486580944,1.2466968752625713,3.0656975094597048,-0.06682163956630571,0.04658187412495065,-0.0010000000000000009,-0.04099999999999998
108.0998969078064,-16.74362947578069,39.436556954840306,1.2491297426417538,3.065900105030159,-0.06943235641997378,0.04743952630300218,-0.0010000000000000009,-0.04099999999999998
108.14989686012268,-16.69207059364202,39.580660318963446,1.251578363114059,3.065961899813917,-0.067564270162448,0.048315041691488994,-0.0010000000000000009,-0.04099999999999998
108.19989681243896,-16.64115923866016,39.72416034068211,1.2539777307996445,3.064640537890784,-0.06058036245687584,0.04862831325695067,-0.0010000000000000009,-0.04099999999999998
108.24989676475525,-16.589901205253977,39.869280906260855,1.2564361888577278,3.0649935196330693,-0.06915306283842744,0.048589615968645125,-0.0010000000000000009,-0.04099999999999998
108.29989671707153,-16.53887481014914,40.0151356838647,1.2588723474916488,3.0648147414515763,-0.06625309245743945,0.048508575337467885,-0.0010000000000000009,-0.04099999999999998
108.34989666938782,-16.487619350220868,40.16221357529073,1.2613540228417959,3.0664181122927503,-0.06740018600591557,0.04850797495119692,-0.0010000000000000009,-0.04099999999999998
108.3998966217041,-16.437529223192584,40.30697731260565,1.2637822443032753,3.0665801663179058,-0.06743189148049757,0.048615315407878903,-0.0010000000000000009,-0.04099999999999998
108.44989657402039,-16.387308619294245,40.45276050765766,1.2662571428148337,3.0666210043719015,-0.06969011245181443,0.04889900269086934,-0.0010000000000000009,-0.04099999999999998
108.49989652633667,-16.337425483131604,40.59871228070367,1.268725571676217,3.0651506477990353,-0.0745726339159581,0.04890591288927186,-0.0010000000000000009,-0.04099999999999998
108.54989647865295,-16.288051443387307,40.744007237048244,1.2712027077941086,3.0644385309321063,-0.08147930251176419,0.048867029844889526,-0.0010000000000000009,-0.04099999999999998
108.59989643096924,-16.239456437813836,40.888003296153414,1.2736596812675751,3.0640203762367664,-0.07611208390670901,0.049303171549726084,-0.0010000000000000009,-0.04099999999999998
108.64989638328552,-16.190206565038828,41.03452140104445,1.2762085392379499,3.063157307192049,-0.07310497651554883,0.04985044467982508,-0.0010000000000000009,-0.04099999999999998
108.6998963356018,-16.14136527409214,41.18081861360611,1.2787571246259766,3.0623401997856283,-0.07262610931382225,0.050585331313454725,-0.0010000000000000009,-0.04099999999999998
108.74989628791809,-16.09282515716026,41.3271634167329,1.281328705874577,3.063004270311912,-0.07984654171227258,0.05089052783812739,-0.0010000000000000009,-0.04099999999999998
108.79989624023438,-16.044483051203947,41.47403485053854,1.2839097123269605,3.0623964845089926,-0.08386204395116377,0.05116581369195127,-0.0010000000000000009,-0.04099999999999998
108.84989619255066,-15.996414202967976,41.62103916967556,1.2864961899045682,3.0629874338152794,-0.08613540892553394,0.051413558831335214,-0.0010000000000000009,-0.04099999999999998
108.89989614486694,-15.94902765727031,41.76683437196862,1.2890172843866388,3.062987302340719,-0.07844922750490109,0.05106016409730074,-0.0010000000000000009,-0.04099999999999998
108.94989609718323,-15.90238906682343,41.91158010453276,1.291494422437268,3.062839573399976,-0.08266701369454267,0.05018791693509238,-0.0010000000000000009,-0.04099999999999998
108.99989604949951,-15.855383960298612,42.05885777194428,1.293990715861956,3.062598742265941,-0.07763551187473526,0.049824207303792376,-0.0010000000000000009,-0.04099999999999998
109.0498960018158,-15.808805404122563,42.20597873868705,1.2965002957772116,3.0633833994290356,-0.07641194616966146,0.04976835215141903,-0.0010000000000000009,-0.04099999999999998
109.09989595413208,-15.763132497175608,42.35093423689325,1.2990446335028032,3.063913196789661,-0.07896223343134035,0.050379573936610134,-0.0010000000000000009,-0.04099999999999998
109.14989590644836,-15.717377046353928,42.49763603313759,1.3016006072583313,3.0640823718820562,-0.0778800197389756,0.0507747734907558,-0.0010000000000000009,-0.04099999999999998
109.19989585876465,-15.672301470528064,42.64372555486177,1.3041135332505063,3.0643688698759717,-0.08089136514762434,0.05057041920462049,-0.0010000000000000009,-0.04099999999999998
109.24989581108093,-15.6275478652577,42.7901380470375,1.3066072602382968,3.065806225898206,-0.0822286940214569,0.05008335607311037,-0.0010000000000000009,-0.04099999999999998
109.29989576339722,-15.583029813810182,42.936643066591756,1.309052210044323,3.0651684083521595,-0.07196969450260413,0.04940201725730986,-0.0010000000000000009,-0.04099999999999998
109.3498957157135,-15.538994784154472,43.0830272209783,1.3114711769557796,3.064585214007856,-0.0681758575372528,0.04868802519811232,-0.0010000000000000009,-0.04099999999999998
109.39989566802979,-15.495308491119152,43.229360071334334,1.3139356536017675,3.064319069375639,-0.0764468844741854,0.04851185759919079,-0.0010000000000000009,-0.04099999999999998
109.44989562034607,-15.451918814808327,43.37667971581172,1.3163625363563312,3.064172379808338,-0.07778051100483374,0.04846076494727116,-0.0010000000000000009,-0.04099999999999998
109.49989557266235,-15.40897701893176,43.522905835792535,1.3187896414222369,3.0639748795098556,-0.07993174711629314,0.048247543358858655,-0.0010000000000000009,-0.04099999999999998
109.54989552497864,-15.366925800728335,43.667855133888864,1.321173148742726,3.063663648430589,-0.07311632076374644,0.048134247679860284,-0.0010000000000000009,-0.04099999999999998
109.59989547729492,-15.324554678049012,43.8154947259601,1.3235910087517313,3.063445268507793,-0.07153525385045965,0.04795034359711838,-0.0010000000000000009,-0.04099999999999998
109.6498954296112,-15.282819687658433,43.96297801074521,1.3259729543939205,3.06286732154048,-0.0709627297181485,0.04760361349654675,-0.0010000000000000009,-0.04099999999999998
109.69989538192749,-15.241351810324893,44.11174406618748,1.3283271563235879,3.062962498239371,-0.06905259563848574,0.04710671165916415,-0.0010000000000000009,-0.04099999999999998
109.74989533424377,-15.200266633307994,44.26006664225299,1.3307164345124076,3.0636152795505907,-0.06718182952107818,0.047066798105660695,-0.0010000000000000009,-0.04099999999999998
109.79989528656006,-15.159700279982815,44.40841630022822,1.3330361139334028,3.062658991199521,-0.07195506510678952,0.04656188859448572,-0.0010000000000000009,-0.04099999999999998
109.84989523887634,-15.11975596188754,44.55606571621124,1.3353106516751079,3.0636233067368237,-0.07108176623913538,0.045901386371452135,-0.0010000000000000009,-0.04099999999999998
109.89989519119263,-15.080160109112192,44.70488185311148,1.3375820373881826,3.0632346185248185,-0.06862315602330842,0.04528174805945563,-0.0010000000000000009,-0.04099999999999998
109.94989514350891,-15.041088091796938,44.85252500367535,1.339871939384034,3.0635833598164863,-0.06584299458189366,0.04532485179407501,-0.0010000000000000009,-0.04099999999999998
109.9998950958252,-15.00232284745236,45.00016672387469,1.3421821873829387,3.062384810311795,-0.06707787482461353,0.045693887118064345,-0.0010000000000000009,-0.04099999999999998
110.04989504814148,-14.96400556658428,45.147712358841595,1.3444811213703707,3.0621601636832123,-0.07370717316987285,0.0460275753417064,-0.0010000000000000009,-0.04099999999999998
110.09989500045776,-14.925724799929009,45.29732381695756,1.346882979254949,3.0622500445217002,-0.08067201065574671,0.04653085004817118,-0.0010000000000000009,-0.04099999999999998
110.14989495277405,-14.88837934643937,45.445120644434695,1.3492418222308422,3.0613306288148325,-0.06782082815701797,0.04720043722273916,-0.0010000000000000009,-0.04099999999999998
110.19989490509033,-14.851387976748702,45.59232503227127,1.3516416010720749,3.060545017954594,-0.07596103636514343,0.04775097914566084,-0.0010000000000000009,-0.04099999999999998
110.24989485740662,-14.814359848733146,45.741910799058,1.3540741379147638,3.060045151214026,-0.07077249629294392,0.04827736802390268,-0.0010000000000000009,-0.04099999999999998
110.2998948097229,-14.778188619815491,45.891043328202116,1.356452676531016,3.059980606027197,-0.06800629170835748,0.0481931950461669,-0.0010000000000000009,-0.04099999999999998
110.34989476203918,-14.741820585889824,46.04203334067797,1.3588525574714003,3.060503559913963,-0.0673934002233515,0.04765111706812496,-0.0010000000000000009,-0.04099999999999998
110.39989471435547,-14.706282210447895,46.19095322906415,1.361188150858664,3.06110292109573,-0.06226324398193779,0.047247457224431556,-0.0010000000000000009,-0.04099999999999998
110.44989466667175,-14.671004253443867,46.34108314753619,1.3634938910256418,3.060759206402029,-0.06297393704658655,0.04661560100170828,-0.0010000000000000009,-0.04099999999999998
110.49989461898804,-14.63619028002763,46.49213881529635,1.3657759597541352,3.0613887811838936,-0.06640243759278038,0.04573189676752502,-0.0010000000000000009,-0.04099999999999998
110.54989457130432,-14.601274309412242,46.64471205997078,1.3680872938243986,3.060934788429591,-0.06092513796215205,0.04554676792775807,-0.0010000000000000009,-0.04099999999999998
110.5998945236206,-14.567432584084978,46.79357144582573,1.3703564375412538,3.061625157753079,-0.059476405547193405,0.04555539174774291,-0.0010000000000000009,-0.04099999999999998
110.64989447593689,-14.533640931971972,46.9441210518716,1.3726335681636939,3.062929438331431,-0.05804456868732799,0.045585807396216066,-0.0010000000000000009,-0.04099999999999998
110.69989442825317,-14.499670137308458,47.0972668801192,1.3749565309905085,3.0632323694282584,-0.05974488088046066,0.045724357583451405,-0.0010000000000000009,-0.04099999999999998
110.74989438056946,-14.466687850738616,47.24762058897736,1.3771927262189545,3.0644088655423625,-0.061515421706070744,0.04529892873898575,-0.0010000000000000009,-0.04099999999999998
110.79989433288574,-14.43401502282971,47.39796867138254,1.3794138569996597,3.0647021653925224,-0.06427944119563009,0.04469350449537903,-0.0010000000000000009,-0.04099999999999998
110.84989428520203,-14.4011526886184,47.550323096758625,1.3816811037509522,3.066114663418493,-0.06418672646260684,0.0446372699421369,-0.0010000000000000009,-0.04099999999999998
110.89989423751831,-14.369273956480596,47.7007490115786,1.3839656065105288,3.066758844193848,-0.058627766984457534,0.04507730888100024,-0.0010000000000000009,-0.04099999999999998
110.9498941898346,-14.337825460826775,47.85008089478155,1.38626705478885,3.0666159171759233,-0.05953906054679939,0.04572053885233912,-0.0010000000000000009,-0.04099999999999998
110.99989414215088,-14.306393755416375,48.0007010609404,1.3885774785431078,3.066255970542261,-0.057395885707145114,0.0460824184648426,-0.0010000000000000009,-0.04099999999999998
111.04989409446716,-14.275844574325879,48.148782086577974,1.3908337817280596,3.0674138915787874,-0.06593604233774517,0.04577426248339287,-0.0010000000000000009,-0.04099999999999998
111.09989404678345,-14.245440684655511,48.299228183358764,1.3931509514522287,3.066619052232368,-0.06765542554251588,0.04575689285601998,-0.0010000000000000009,-0.04099999999999998
111.14989399909973,-14.215682125634196,48.44777151735532,1.395437417680762,3.0660576263730674,-0.06304422650824995,0.04583460546261496,-0.0010000000000000009,-0.04099999999999998
111.19989395141602,-14.185635215981826,48.59977021881023,1.3977186597206348,3.065945369453372,-0.05433873039522225,0.04558807680821511,-0.0010000000000000009,-0.04099999999999998
111.2498939037323,-14.15649417392269,48.748454832528346,1.3999585888866137,3.064894252620187,-0.05366164406400896,0.045181767279415926,-0.0010000000000000009,-0.04099999999999998
111.29989385604858,-14.127978928577338,48.89739281388757,1.4022561383737564,3.064459709323968,-0.06110308090822374,0.045232265889729145,-0.0010000000000000009,-0.04099999999999998
111.34989380836487,-14.09935116176261,49.04823624652755,1.404573223473239,3.0639199940137263,-0.06100211950746435,0.04551716946548123,-0.0010000000000000009,-0.04099999999999998
111.39989376068115,-14.071488477231993,49.19733157617325,1.4067977641399834,3.062442304107321,-0.05845293700542845,0.045046430772143355,-0.0010000000000000009,-0.04099999999999998
111.44989371299744,-14.043705094438563,49.34672324695364,1.4090640971264108,3.0614851732794923,-0.05746757136104957,0.044833659855711853,-0.0010000000000000009,-0.04099999999999998
111.49989366531372,-14.016345956437624,49.496508992447794,1.4113017799286118,3.0594718242083285,-0.05781881141442872,0.04455585099451498,-0.0010000000000000009,-0.04099999999999998
111.54989361763,-13.989369427517067,49.64554209432983,1.413530424355948,3.0587142834734746,-0.06014663517938894,0.044272355822527934,-0.0010000000000000009,-0.04099999999999998
111.59989356994629,-13.962854591971368,49.793842650123125,1.4157257406764017,3.0578357477448033,-0.05507776099034954,0.044128073896669735,-0.0010000000000000009,-0.04099999999999998
111.64989352226257,-13.936152314801461,49.94476722377094,1.4179522411150216,3.0569385564408322,-0.0532717989138365,0.04393105352910839,-0.0010000000000000009,-0.04099999999999998
111.69989347457886,-13.910187594638327,50.093611600758805,1.4201407663305434,3.0563597456906906,-0.05814782447257898,0.04362409340408855,-0.0010000000000000009,-0.04099999999999998
111.74989342689514,-13.884484972269266,50.243347005128655,1.4222772122607599,3.0557195442350986,-0.056871534136498876,0.042988719258116856,-0.0010000000000000009,-0.04099999999999998
111.79989337921143,-13.8588902512114,50.3939720786448,1.4244242489833,3.055390555924812,-0.054646860476831996,0.04254144562669083,-0.0010000000000000009,-0.04099999999999998
111.84989333152771,-13.833716172151123,50.54421397607475,1.4265580110391622,3.055167003441586,-0.05665155456656302,0.04224708964138865,-0.0010000000000000009,-0.04099999999999998
111.899893283844,-13.809141105674465,50.69242357569572,1.4286795164414519,3.0546932734684002,-0.051627396092291,0.042333455890447944,-0.0010000000000000009,-0.04099999999999998
111.94989323616028,-13.784229442777793,50.84384863378095,1.4308885253171733,3.0549737526319127,-0.054365906689867426,0.04280369805979371,-0.0010000000000000009,-0.04099999999999998
111.99989318847656,-13.759915653059911,50.993369576653045,1.4330770344626824,3.0548058283723543,-0.049442043486562795,0.04340645613718383,-0.0010000000000000009,-0.04099999999999998
112.04989314079285,-13.736120467157777,51.142090988496655,1.4352283433923108,3.0550181837487727,-0.05404930829118848,0.04349956381463256,-0.0010000000000000009,-0.04099999999999998
112.09989309310913,-13.712584924798687,51.29226575129632,1.4374009697383436,3.055506244085984,-0.056896887301692095,0.043257205860874365,-0.0010000000000000009,-0.04099999999999998
112.14989304542542,-13.689182380856172,51.44359268107288,1.4395993304955792,3.055118140374879,-0.053786600122084735,0.043303879827639585,-0.0010000000000000009,-0.04099999999999998
112.1998929977417,-13.666193266430087,51.59457524573722,1.4417797740139022,3.0558592300818583,-0.05107400067641442,0.043354753513722324,-0.0010000000000000009,-0.04099999999999998
112.24989295005798,-13.643734640849136,51.74434847364135,1.4439207459658192,3.0558933362073604,-0.0497658943861443,0.04313982031317337,0.0,-0.030000000000000027
112.29989290237427,-13.621606663497472,51.89576572613698,1.4460602906018278,3.0560382698377078,-0.04949104375242671,0.04269565329039505,0.0,-0.030000000000000027
112.34989285469055,-13.599806739827347,52.0465364443984,1.4482304621829505,3.0558480688165863,-0.046456671827055956,0.0427023073904584,0.0,-0.020000000000000018
112.39989280700684,-13.578470881288332,52.19673527590998,1.4503984786275237,3.054859483295362,-0.043686592863666746,0.042966050591903476,0.0,-0.020000000000000018
112.44989275932312,-13.55720519787624,52.348540543171964,1.452625246572651,3.0554873810009924,-0.049982186637790166,0.0435965980179789,0.0,-0.009000000000000008
112.4998927116394,-13.536010435065206,52.50015411176208,1.4548888644526672,3.05577774182436,-0.04879849781443882,0.044327122802953214,0.0,-0.009000000000000008
112.54989266395569,-13.515339575447323,52.65053751792897,1.457139769323319,3.0569862530739838,-0.04781275377399174,0.04481493928163951,0.0,-0.009000000000000008
112.59989261627197,-13.494815254745955,52.802769138032424,1.4593985485413212,3.0563812285106535,-0.05222240835422517,0.04475607986266393,0.0,-0.009000000000000008
112.64989256858826,-13.475033434152882,52.95301990409476,1.461631409966405,3.0575257647229965,-0.047665714353516145,0.04477311235851307,0.0,-0.009000000000000008
112.69989252090454,-13.455245282880027,53.10667423774184,1.463955067217755,3.0576047003982425,-0.05599481813051808,0.04515199467363927,0.0,-0.009000000000000008
112.74989247322083,-13.436039442249001,53.2590237019094,1.466239873578189,3.0531115703553944,-0.050039081606549074,0.04561024695016333,0.0,-0.009000000000000008
112.79989242553711,-13.417090428757415,53.41231028456853,1.4685408261810544,3.0469331334636904,-0.046375497862349,0.04553510015347135,0.0,-0.009000000000000008
112.8498923778534,-13.39861259652591,53.56426350756409,1.4708166095001776,3.0407132019987566,-0.05389880792196953,0.045346538439652355,0.0,-0.009000000000000008
112.89989233016968,-13.380584228677403,53.715172628981506,1.473077385851613,3.0353961751948164,-0.045143286631163744,0.045235410345996326,0.0,-0.009000000000000008
112.94989228248596,-13.36265827297752,53.86753586501811,1.4753614024868074,3.030246621065808,-0.04982844134808367,0.04494109721435395,0.0,-0.009000000000000008
112.99989223480225,-13.345224121342534,54.01795354096786,1.4776181057358357,3.025274801077226,-0.04283085638335997,0.04503694722307441,0.0,-0.009000000000000008
113.04989218711853,-13.328160270711267,54.168039182023136,1.4798453217207244,3.0198398751460838,-0.05432358431272586,0.04462953549547793,0.0,-0.009000000000000008
113.09989213943481,-13.311265783835163,54.319293123962254,1.4820446009276567,3.0142255463859082,-0.050377388341909864,0.04401617394480901,0.0,-0.009000000000000008
113.1498920917511,-13.29505526600027,54.468086057932325,1.4841639373212894,3.009346834385555,-0.05113306009791368,0.042989506469492,0.0,-0.009000000000000008
113.19989204406738,-13.279095341393367,54.61787742519557,1.4862649773655374,3.004066936320006,-0.04607040191221996,0.042401347233767414,0.0,-0.009000000000000008
113.24989199638367,-13.263242093572899,54.76942496685718,1.4883920453612145,3.000087800235802,-0.042159286214161144,0.04188877601431679,0.0,-0.009000000000000008
113.29989194869995,-13.248448789173233,54.9177904865813,1.4904124430120624,2.9958255634716786,-0.043037198495802106,0.04098242431925163,0.0,-0.009000000000000008
113.34989190101624,-13.233734152719908,55.0674125517239,1.492455804215556,2.990707902911231,-0.04221254609540487,0.04062421116272298,0.0,-0.009000000000000008
113.39989185333252,-13.21938059130802,55.216089575815886,1.49446846368231,2.985803581987109,-0.04885556901915544,0.03998625059779395,0.0,-0.009000000000000008
113.4498918056488,-13.205272428571597,55.36523916377818,1.4964657663557568,2.9810884236752164,-0.046100824319345805,0.03970783161913377,0.0,-0.009000000000000008
113.49989175796509,-13.19175088675376,55.513619621930275,1.4984134850901678,2.9757084456122698,-0.04134186854699834,0.0392481451221844,0.0,-0.009000000000000008
113.54989171028137,-13.178444324494485,55.66265236000614,1.5003447801481802,2.970339961743005,-0.04589409080704798,0.038548646620347314,0.0,-0.009000000000000008
113.59989166259766,-13.165405455212841,55.81076493100187,1.5022785194272235,2.965980775112561,-0.03763410300211627,0.03843150347062295,0.0,-0.009000000000000008
113.64989161491394,-13.15267242179019,55.958483136483395,1.5041868940921608,2.961873335762353,-0.04186159568330278,0.03827930705314265,0.0,-0.009000000000000008
113.69989156723022,-13.14044388226158,56.10520768317061,1.5061253255473583,2.956756321732105,-0.04742474860117989,0.038267778673701146,0.0,-0.009000000000000008
113.74989151954651,-13.1282134763283,56.254546495551786,1.5080796235954184,2.9527322935236557,-0.05301717449033626,0.03822215854461853,0.0,-0.009000000000000008
113.7998914718628,-13.116421321825934,56.40099998669868,1.5099892282583176,2.9483911296379177,-0.051338455748019186,0.0382091199126229,0.0,-0.009000000000000008
113.84989142417908,-13.105027653784424,56.54560395342793,1.5118635392985866,2.944334607137442,-0.0480501756579101,0.03800891018918872,0.0,-0.009000000000000008
113.89989137649536,-13.093809441017974,56.695955345784604,1.5138254922100856,2.9398176259782938,-0.042577228516320904,0.03811304307642225,0.0,-0.009000000000000008
113.94989132881165,-13.08297254312444,56.842317877884476,1.5157882442549933,2.9348722268229923,-0.04764556300870906,0.03842126267784115,0.0,-0.009000000000000008
113.99989128112793,-13.072468255943232,56.98705050239503,1.5177352602072502,2.9304330984267026,-0.04507788889131784,0.03898683234848853,0.0,-0.009000000000000008
114.04989123344421,-13.061899094233812,57.13591118306937,1.5197428925387224,2.926185760661688,-0.05066983347376697,0.039174867067459936,0.0,-0.009000000000000008
114.0998911857605,-13.052045604776168,57.28061370615999,1.5216896468297516,2.922059789920221,-0.046875761205547484,0.03928070742691903,0.0,-0.009000000000000008
114.14989113807678,-13.04238711949188,57.42623635414872,1.523623867035677,2.917440812797749,-0.05238908271468,0.03887597940501287,0.0,-0.009000000000000008
114.19989109039307,-13.03273986120428,57.57278487026953,1.525593581497311,2.914283680988625,-0.04790491562269135,0.038899855053007366,0.0,-0.009000000000000008
114.24989104270935,-13.023265855226294,57.7186493022511,1.5275759907973046,2.910892196838008,-0.05187494173271931,0.03908327447338806,0.0,-0.009000000000000008
114.29989099502563,-13.01410193393654,57.86367417461657,1.529519549893304,2.907768797390974,-0.048519928874949825,0.03897974447351737,0.0,-0.009000000000000008
114.34989094734192,-13.005165212497928,58.00851053238098,1.531450157773189,2.90538077613345,-0.050794943927361794,0.03855506487614856,0.0,-0.009000000000000008
114.3998908996582,-12.996442763724268,58.153557403771266,1.5333775993137342,2.902194453120844,-0.046038959672322875,0.03843649785655898,0.0,-0.009000000000000008
114.44989085197449,-12.988009026487957,58.29808401945845,1.535293448894934,2.896787405862827,-0.04874119709788166,0.03825784933863357,0.0,-0.009000000000000008
114.49989080429077,-12.97968519520828,58.443670445498675,1.5372520381317867,2.8943585301749115,-0.05080144402250071,0.038195608662402014,0.0,-0.009000000000000008
114.54989075660706,-12.971792181797541,58.58711608796955,1.5391863646763233,2.8915654946469864,-0.049378243918871474,0.03846117829849443,0.0,-0.009000000000000008
114.59989070892334,-12.964132423465106,58.729514940003526,1.5411648103083915,2.8890673831631015,-0.048978367959489254,0.03912490526415932,0.0,-0.009000000000000008
114.64989066123962,-12.956521266981163,58.87456413730934,1.5432238948905486,2.8863949150949777,-0.050666981536435944,0.039913126588600516,0.0,-0.009000000000000008
