time,x,y,psi,u,v,r,throttle_left,throttle_right
0.0,-36.441486978568676,-14.473375849532424,-2.2778142461691626,2.597860817820539,0.08122837358332918,-0.00016404223455719047,0.02200000000000002,0.119
0.04999995231628418,-36.52306378155193,-14.57358121560467,-2.277852966489817,2.6005237504750904,0.07277436612460862,-0.0007359574467432549,0.02200000000000002,0.119
0.09999990463256836,-36.60541661026889,-14.67468515514097,-2.277898049710898,2.601581374022831,0.07418411190888871,-0.001001581710237621,0.02200000000000002,0.12
0.14999985694885254,-36.688104589724276,-14.776210968775406,-2.2779543900160295,2.6042114441900788,0.07236401295485896,-0.0012183496483001706,0.02200000000000002,0.119
0.19999980926513672,-36.76969690936289,-14.876252842316463,-2.2779839594022495,2.605214916980157,0.07353571839410639,-0.0009555038335564674,0.02200000000000002,0.11904295154185021
0.2499997615814209,-36.85254167016036,-14.97808101237997,-2.278061229669651,2.6055977232108978,0.07684575869877164,-0.000987477593735066,0.02200000000000002,0.119
0.2999997138977051,-36.934697672217226,-15.079574546148084,-2.2781931427238735,2.60768534594776,0.07186644809273307,-0.0021545585189806315,0.02200000000000002,0.119
0.34999966621398926,-37.01604135914427,-15.179560232121986,-2.2782098825132673,2.6018511747836017,0.07676919744031929,-0.0015624123432035853,0.02200000000000002,0.11901429043059944
0.39999961853027344,-37.09604437630788,-15.278514896455427,-2.278320146045265,2.6021587359143905,0.08481167170397345,-0.0010289956900811498,0.02200000000000002,0.119
0.4499995708465576,-37.179201239388625,-15.382597342823601,-2.2787773521287034,2.6007053756131926,0.12630857442674084,-0.0039898317412181096,0.02200000000000002,0.119
0.4999995231628418,-37.2587131358593,-15.484238275935338,-2.2796951758220305,2.6031996225008776,0.10335882502707684,-0.013117176883923137,0.02200000000000002,0.119
0.549999475479126,-37.340975472594735,-15.585411817994046,-2.2797687389730523,2.6118766643439466,0.08137180291304688,-0.010428157810043815,0.02200000000000002,0.12
0.5999994277954102,-37.423417404794705,-15.686320578983239,-2.279716984980585,2.6081483010251296,0.08444884550502219,-0.002847042055641932,0.02200000000000002,0.119
0.6499993801116943,-37.50747463145423,-15.789082884555118,-2.279704439675718,2.6108095886731513,0.08185194964021272,0.00040432108245354824,0.02200000000000002,0.12098872056255604
0.6999993324279785,-37.58892283883169,-15.888375567301608,-2.2796609757943838,2.6107311217615177,0.07655185961379482,0.0009506243207789613,0.02200000000000002,0.121
0.7499992847442627,-37.67424295225474,-15.99267038773103,-2.2796619953465793,2.610085900015585,0.08147456413374234,0.000538041128901111,0.02200000000000002,0.121
0.7999992370605469,-37.75543733658932,-16.091878571741407,-2.279634267857542,2.6124594155640426,0.07794465886865624,0.00026131595651354976,0.02200000000000002,0.121
0.849999189376831,-37.840150200259416,-16.195034165156933,-2.2796121361137143,2.6120198721152037,0.0669850880032197,0.00011162057123549081,0.02200000000000002,0.121
0.8999991416931152,-37.92309752736566,-16.29592760017469,-2.279595866673548,2.6119928254528024,0.07717422453627695,0.0003729859077647283,0.02200000000000002,0.121
0.9499990940093994,-38.006976840092875,-16.39806102915015,-2.2795800928970413,2.6127086173222605,0.0839271191233241,0.0002872529018012474,0.02200000000000002,0.121
0.9999990463256836,-38.08809033728805,-16.497073352650652,-2.279583907564974,2.61264264487318,0.08862535476969886,0.00010424705115407653,0.02200000000000002,0.121
1.0499989986419678,-38.17325138081053,-16.60090794638311,-2.2795988183541427,2.613646281971677,0.084332951779178,-0.0002362286984844556,0.02300000000000002,0.122
1.099998950958252,-38.25722890244833,-16.703122500646444,-2.2795760538660876,2.6136267618170566,0.08648403172178669,3.293543202256762e-05,0.02300000000000002,0.122
1.1499989032745361,-38.34031235937325,-16.804436286450223,-2.2795626597302823,2.6143486903295625,0.08347069914546407,7.456247199951534e-05,0.02300000000000002,0.122
1.1999988555908203,-38.42333597700565,-16.905664738131144,-2.279518664039912,2.6164356470048102,0.07458949037306391,0.0004482993872405004,0.02300000000000002,0.12299641568552981
1.2499988079071045,-38.50708420574144,-17.00781082087162,-2.2794641210723583,2.6171392454625053,0.08313683549920653,0.0009518138925945487,0.02300000000000002,0.122
1.2999987602233887,-38.58906700659259,-17.10766746854312,-2.2794397783900426,2.618799283169041,0.07942058212873099,0.0007753754798485136,0.02300000000000002,0.12201727644708191
1.3499987125396729,-38.67173912149965,-17.20863028151329,-2.279455466423279,2.6203305393621537,0.08614182233239215,0.00015534839386577173,0.02300000000000002,0.122
1.399998664855957,-38.75361290467421,-17.308612550971155,-2.2794552194998356,2.62044283486411,0.07802425190859524,-0.00027749835844305713,0.02300000000000002,0.122
1.4499986171722412,-38.83791810363795,-17.411134832817694,-2.279457223005784,2.6226263594706207,0.07618623568439872,-0.00011830300185603957,0.02300000000000002,0.122
1.4999985694885254,-38.92062430285641,-17.51158967482662,-2.279482007906083,2.6237873802035385,0.08947987768477933,-0.0002644843553900234,0.02300000000000002,0.122
1.5499985218048096,-39.004568248928535,-17.61367488460951,-2.2794999132570424,2.624379852878724,0.0757742180922321,-0.0006414553429476418,0.02300000000000002,0.122
1.5999984741210938,-39.08567182163263,-17.71244330598257,-2.2795350788744346,2.6255458519355526,0.08172302891749186,-0.0007310901119954597,0.02300000000000002,0.122
1.649998426437378,-39.17067950741507,-17.81570325545062,-2.2795638387668244,2.6263437186470378,0.0778202329694753,-0.0007946498812152341,0.02300000000000002,0.122
1.699998378753662,-39.25477999657234,-17.917738006040057,-2.2795809215457514,2.6270774795887015,0.07194317350143888,-0.0007144963142705533,0.02300000000000002,0.122
1.7499983310699463,-39.33713529759749,-18.017897187955874,-2.2796263935688414,2.6284945218121383,0.07537276217775142,-0.0007779480011752156,0.02300000000000002,0.12204296524599213
1.7999982833862305,-39.419248632091914,-18.117860045679908,-2.279685968064191,2.6290739457457026,0.07783928017886999,-0.0010708921927983233,0.02300000000000002,0.1229052976329725
1.8499982357025146,-39.50527655194422,-18.222588831532693,-2.279749194079901,2.6314839468037206,0.07497741779226592,-0.0014489265112113024,0.02300000000000002,0.122
1.8999981880187988,-39.58872230404422,-18.32407464130874,-2.2797930006572664,2.6322799480165657,0.07955573546800691,-0.0011763824288617284,0.02300000000000002,0.12200035310734463
1.949998140335083,-39.67266151490127,-18.42604058719388,-2.2798162814061014,2.6339952918845055,0.0737571937751408,-0.00100768734077166,0.02300000000000002,0.122
1.9999980926513672,-39.754935201472044,-18.526163921985287,-2.2798850261651316,2.6348343490114665,0.0759668287589559,-0.0011830282436035287,0.02300000000000002,0.12287708892544809
2.0499980449676514,-39.839758178104205,-18.62952558000536,-2.279964679433126,2.6349107509718674,0.07284010378768072,-0.0015774215767299744,0.02300000000000002,0.122
2.0999979972839355,-39.92371386100186,-18.73172412986621,-2.2800001484779138,2.636259065985747,0.07015748210467132,-0.0015401004492261229,0.02300000000000002,0.122
2.1499979496002197,-40.008243203447876,-18.83475922955088,-2.2800552630231263,2.6367788099218994,0.0711403006076614,-0.001241741789196981,0.02300000000000002,0.122
2.199997901916504,-40.09187820547451,-18.93667398197131,-2.280086913789758,2.6373425540099444,0.06918455103181757,-0.000940485456000597,0.02300000000000002,0.122
2.249997854232788,-40.175332946958456,-19.038668703526348,-2.2801586850184092,2.6387973041549198,0.07854643664302263,-0.001107548975786443,0.02300000000000002,0.1229644150005915
2.2999978065490723,-40.259436837269455,-19.141584338885153,-2.280212357058513,2.637903619121913,0.07742333921642941,-0.0013343620643585339,0.02300000000000002,0.122
2.3499977588653564,-40.34207076883579,-19.24246020652697,-2.2802295901794762,2.639716166443878,0.07563124032778273,-0.0008488876895478604,0.02300000000000002,0.123
2.3999977111816406,-40.424258281113424,-19.342960522023187,-2.280292644010746,2.640258325150049,0.07914352366477673,-0.0010382424447289095,0.02300000000000002,0.123
2.449997663497925,-40.50944853643092,-19.44719089996524,-2.280384386469055,2.6394418622054423,0.0821039352269855,-0.0014877938509992577,0.02300000000000002,0.122
2.499997615814209,-40.59370650564163,-19.550085747893036,-2.280452068443297,2.640082411933376,0.07335390042203843,-0.0019201479618560758,0.02300000000000002,0.123
2.549997568130493,-40.67690635740941,-19.651808917213863,-2.2805612156785426,2.6401970966399007,0.07698493741777507,-0.002145626024628154,0.02300000000000002,0.12201374721810089
2.5999975204467773,-40.75975976942766,-19.752828943771686,-2.2806107059253553,2.640452290650254,0.06756915365605659,-0.0018314934422837003,0.02300000000000002,0.123
2.6499974727630615,-40.845392507622805,-19.85741839492847,-2.280707692225159,2.6413946331817053,0.06992790732857909,-0.0017885705993464578,0.02300000000000002,0.123
2.6999974250793457,-40.92937646233871,-19.959878049540418,-2.2807867049903767,2.642061750130338,0.07250121247800365,-0.0017568915387698274,0.02300000000000002,0.123
2.74999737739563,-41.01349289631358,-20.06244785334009,-2.280870071895527,2.6427778476406716,0.0703702163775936,-0.0017980603921173095,0.02300000000000002,0.123
2.799997329711914,-41.096209745800714,-20.163218185717344,-2.2809491015968457,2.643690375542575,0.07549429843352526,-0.0017335430679196375,0.02300000000000002,0.122
2.8499972820281982,-41.181879575511175,-20.26720766993427,-2.2810387435419544,2.6456401600780546,0.06415443664415746,-0.0018113209720781926,0.02300000000000002,0.122
2.8999972343444824,-41.26715071089065,-20.370496550416043,-2.281142552957523,2.6461886256337688,0.07973126705247224,-0.0019057920317905363,0.02300000000000002,0.123
2.9499971866607666,-41.350971018057,-20.471992789424018,-2.281240701599197,2.648432941346345,0.07615191970195292,-0.002078570826778543,0.02300000000000002,0.123
2.999997138977051,-41.433848867190164,-20.572304879502664,-2.281341928746938,2.6487812881940545,0.06483426534414558,-0.002323621026854237,0.02300000000000002,0.122
3.049997091293335,-41.519364126619685,-20.67575952415171,-2.2814650156200336,2.6498264037319372,0.07520248991621512,-0.0023207573168357795,0.02300000000000002,0.122
3.099997043609619,-41.605026257440166,-20.77928988005489,-2.2815936291003855,2.651448906124249,0.06902302224153188,-0.0026362865858257484,0.02300000000000002,0.12297143132902229
3.1499969959259033,-41.689878151538245,-20.881842997732946,-2.2817236758144794,2.6523502796264387,0.06501845228558623,-0.002726670338236885,0.02300000000000002,0.122
3.1999969482421875,-41.77215252604984,-20.98136114987415,-2.2818598207637386,2.6534757997636644,0.07435619599826024,-0.0027584739891923617,0.02300000000000002,0.123
3.2499969005584717,-41.85918970413678,-21.086527107574774,-2.2819783191335006,2.654065709254036,0.07298022206389451,-0.002581162797551907,0.02300000000000002,0.123
3.299996852874756,-41.94369040967338,-21.188694462323852,-2.2821168605354476,2.655185496246853,0.06845800416185231,-0.0027944351200186487,0.02300000000000002,0.122
3.34999680519104,-42.02865385757409,-21.291521014818347,-2.28228082376661,2.655556043944986,0.07682644830097869,-0.003088543972872395,0.02300000000000002,0.122
3.399996757507324,-42.11237147241716,-21.392785997141395,-2.282423288415366,2.6567363800462247,0.07239481089081311,-0.0032459910852919212,0.02300000000000002,0.12289064109165808
3.4499967098236084,-42.19842639025714,-21.496862715752158,-2.2825738697869635,2.657789346210479,0.07664652337612987,-0.0032535874964390457,0.02300000000000002,0.122
3.4999966621398926,-42.282904169560766,-21.599122117101505,-2.2827372503630254,2.657946507555783,0.07595667447463672,-0.0031654454826884238,0.02300000000000002,0.123
3.5499966144561768,-42.36893589651174,-21.70310883434314,-2.2828734693242834,2.659935344778301,0.07267686711181962,-0.0032140695538685747,0.02300000000000002,0.123
3.599996566772461,-42.45206386061276,-21.803737815358648,-2.2830307234895226,2.6603078128076394,0.07195700071983532,-0.003172447342847741,0.02300000000000002,0.122
3.649996519088745,-42.53838194651891,-21.908376821794125,-2.283184439548088,2.661768424293167,0.06936770638026343,-0.0032993891763527785,0.02300000000000002,0.12297181459847081
3.6999964714050293,-42.623775386305354,-22.011976097044993,-2.283322333455295,2.661284065644044,0.0760023707056759,-0.003055386639147881,0.02300000000000002,0.123
3.7499964237213135,-42.7084835519266,-22.114853084528487,-2.2834774813087724,2.661645534962988,0.07678841269702626,-0.0030861192371853174,0.02300000000000002,0.123
3.7999963760375977,-42.79214144710303,-22.216381715134546,-2.28362343682522,2.6616447360237676,0.08172047242521213,-0.003104027574000514,0.02300000000000002,0.123
3.849996328353882,-42.87931164728873,-22.321988855573263,-2.283793508351084,2.662159865723433,0.07225884381999328,-0.0034094782548643046,0.02300000000000002,0.123
3.899996280670166,-42.964307010882415,-22.424706338429353,-2.283944876129859,2.6632115843416297,0.0779278413989544,-0.0032702327384634905,0.02300000000000002,0.123
3.94999623298645,-43.048932098217286,-22.527167019668063,-2.2841368098707417,2.6637093102646787,0.07559292426431895,-0.0036234672159500656,0.02300000000000002,0.122
3.9999961853027344,-43.133207294527374,-22.629094412650854,-2.284314046677678,2.6640365666991785,0.06867914864435301,-0.003888348220893172,0.02300000000000002,0.122
4.0499961376190186,-43.219438968559494,-22.733776669761408,-2.284477089001757,2.6651808667795533,0.07213693029005099,-0.0035719040394263843,0.02300000000000002,0.122
4.099996089935303,-43.30438914220782,-22.83724841249212,-2.2846646077776023,2.6653083158055577,0.07255308894989847,-0.003691322860206367,0.02300000000000002,0.122
4.149996042251587,-43.39020297789891,-22.941600824563587,-2.2848387161322767,2.6664172117314564,0.07441269735861333,-0.0036025847464152207,0.02300000000000002,0.122
4.199995994567871,-43.47451077697173,-23.04414131401642,-2.2850302185961833,2.667168834379629,0.07583715728477733,-0.00369527482803009,0.02300000000000002,0.123
4.249995946884155,-43.55799472578645,-23.145709475292044,-2.2852057281766003,2.6680502508647903,0.08179129549927058,-0.003734496729095699,0.02300000000000002,0.122
4.2999958992004395,-43.64316871704836,-23.250207264853675,-2.2854314363574617,2.6685253437879304,0.08164707754844168,-0.004227618385110862,0.02200000000000002,0.121
4.349995851516724,-43.7266908137575,-23.352336423028998,-2.28562831800105,2.6681282340751786,0.07471396027925958,-0.00437793387250551,0.02200000000000002,0.121
4.399995803833008,-43.808699284986936,-23.452516286555337,-2.285844310912369,2.669147089484236,0.08016816534109145,-0.004309340523127976,0.02200000000000002,0.121
4.449995756149292,-43.89336820793038,-23.556100219582415,-2.2860378474574086,2.6698429493452926,0.07613946136576681,-0.004279804432253406,0.02200000000000002,0.121
4.499995708465576,-43.97867716181643,-23.660522177461317,-2.2862083037326983,2.6708707698124994,0.06661815535625348,-0.003981350789704511,0.022037476623862382,0.12103747662386236
4.54999566078186,-44.06290968255828,-23.76350292442767,-2.2863946789722833,2.6718726119455076,0.07995637282799849,-0.0037391643338759435,0.02200000000000002,0.121
4.5999956130981445,-44.14662608313596,-23.865683680096353,-2.286584962507331,2.6725066537550246,0.07811957460132353,-0.003845945053544197,0.02200000000000002,0.121
4.649995565414429,-44.23112734188242,-23.96885486004237,-2.2867690096874407,2.6733360861775433,0.08165283342910955,-0.003878797768276462,0.02200000000000002,0.121
4.699995517730713,-44.31733761947752,-24.073981110204535,-2.2869384237122805,2.6729084211979326,0.08145338906799751,-0.0036913799955542383,0.02200000000000002,0.121
4.749995470046997,-44.40295901835523,-24.178167826462097,-2.28710841170375,2.674143766542024,0.08304424980247774,-0.0037026723862714065,0.02200000000000002,0.121
4.799995422363281,-44.48663186527246,-24.279840583252728,-2.2872882656535802,2.674889716689014,0.07317472687914273,-0.0038483762169243645,0.02200000000000002,0.121
4.849995374679565,-44.573484240723054,-24.38527820524002,-2.28747734940372,2.674295975301974,0.07921244324699074,-0.0037530814866707785,0.02200000000000002,0.121
4.89999532699585,-44.65664417337725,-24.486118652455296,-2.2876748334222143,2.6749091077189298,0.0704362030559992,-0.004139536178971241,0.02200000000000002,0.121
4.949995279312134,-44.74459838618661,-24.592521304723864,-2.287881988514223,2.674997310219072,0.0756079980827581,-0.004280157723757943,0.02200000000000002,0.121
4.999995231628418,-44.8280538223598,-24.6934161282276,-2.2881148929553348,2.6744034457453827,0.06986928403156248,-0.004622315397616688,0.02200000000000002,0.121
5.049995183944702,-44.914561886036616,-24.797705046229755,-2.288383415425174,2.6755413425789745,0.07851505100044248,-0.0050405262721827295,0.02200000000000002,0.121
5.099995136260986,-45.00150105190223,-24.90227579420588,-2.2886586402900018,2.6753285424735336,0.07703336297329356,-0.0055834544318301964,0.02200000000000002,0.121
5.1499950885772705,-45.08773736765875,-25.005734421815053,-2.288885985269919,2.675741515187229,0.07183162022641243,-0.0053376492132870546,0.02200000000000002,0.121
5.199995040893555,-45.17105703715731,-25.10571276739516,-2.289112452447616,2.676204282267916,0.08067668018611827,-0.004921473970033643,0.02200000000000002,0.121
5.249994993209839,-45.2596459853728,-25.211747308490214,-2.2893036967563254,2.675378178928706,0.07941334673791212,-0.004387105196723867,0.02200000000000002,0.121
5.299994945526123,-45.344357090285875,-25.313142053950493,-2.289497996193618,2.674541434012964,0.08301390067522249,-0.00403289230313891,0.02200000000000002,0.12
5.349994897842407,-45.42713215275384,-25.412301814762056,-2.2896989332849715,2.674638114325882,0.0776061490672277,-0.004127071984206776,0.02200000000000002,0.12
5.399994850158691,-45.51336339957545,-25.515678446400162,-2.2899095974401877,2.674240140269707,0.07560922427060222,-0.004209107971314952,0.02200000000000002,0.12
5.449994802474976,-45.60037834208451,-25.61934597764426,-2.2901175875465665,2.6747420888473843,0.07342441352500996,-0.00443409661891362,0.02200000000000002,0.12
5.49999475479126,-45.68593479331342,-25.720783456424225,-2.290275760948941,2.67492478913286,0.07790458622815065,-0.0038127314705859103,0.02200000000000002,0.12
5.549994707107544,-45.7714591662553,-25.822256861974953,-2.290422258524918,2.674082882951261,0.07539155190010977,-0.003452506875376195,0.02200000000000002,0.12
5.599994659423828,-45.857063770865416,-25.924055903635487,-2.2906056789498668,2.674367494007968,0.07904724108323685,-0.0034571812530566973,0.02200000000000002,0.1209133756464504
5.649994611740112,-45.943263862495705,-26.026286722121394,-2.2907903543305372,2.6739953147081126,0.0831010324189123,-0.0036720686485181486,0.02200000000000002,0.1200686798055509
5.6999945640563965,-46.03161211246553,-26.130799042584705,-2.2909730369466077,2.673897310237919,0.07834667198977738,-0.003894953234420123,0.02200000000000002,0.12
5.749994516372681,-46.11530179443359,-26.23000761858259,-2.2911856009729816,2.6734768928433286,0.0764277911372033,-0.004289106781674283,0.02200000000000002,0.12
5.799994468688965,-46.20167815981955,-26.33246618694612,-2.2914057030446244,2.6735673783638307,0.0796265942306301,-0.004364454862917517,0.02200000000000002,0.12
5.849994421005249,-46.288857179583154,-26.435894901058212,-2.2916293023796195,2.6740951026917763,0.08179488525167768,-0.00451283984818566,0.02200000000000002,0.119
5.899994373321533,-46.37474858401647,-26.537563119848187,-2.291809353718678,2.673643857925803,0.07170421439345441,-0.004404138318740039,0.02200000000000002,0.12
5.949994325637817,-46.46128024104078,-26.6400450360193,-2.2919954778290017,2.6747759423039343,0.07838675368744492,-0.0038794376267005026,0.02200000000000002,0.12
5.999994277954102,-46.547563703370805,-26.742414815353158,-2.2922114523061077,2.6750092903447,0.08344823560841967,-0.004039063947049836,0.02200000000000002,0.12
6.049994230270386,-46.63369452371271,-26.844320206473284,-2.292402688331912,2.674709951838036,0.07594444180448841,-0.0041814120565948285,0.02200000000000002,0.12
6.09999418258667,-46.7215307829351,-26.948013996005614,-2.292571030860383,2.6743102826622724,0.07374255212829567,-0.003977214263221156,0.02200000000000002,0.12
6.149994134902954,-46.80676828570481,-27.0486522363428,-2.2927417124260305,2.6737020093314543,0.07691280856957924,-0.0036703947293655016,0.02200000000000002,0.12
6.199994087219238,-46.89301968191939,-27.150566603269127,-2.2929348973727066,2.6736192861589996,0.07615882552114257,-0.00368071935841949,0.02200000000000002,0.121
6.2499940395355225,-46.98074881714167,-27.25437273317587,-2.2931524418576936,2.672225634764468,0.07565360626391861,-0.004186352408060603,0.02200000000000002,0.1209720587060171
6.299993991851807,-47.066347671523744,-27.355942874142748,-2.293372890361936,2.6714865653906985,0.07317551979163604,-0.004478953996171682,0.02200000000000002,0.121
6.349993944168091,-47.15036452476676,-27.45563059816143,-2.2935650384759954,2.672040543024599,0.07515068553533165,-0.004419211650203537,0.02200000000000002,0.121
6.399993896484375,-47.23551155249619,-27.556720559934544,-2.2937501503224516,2.6720123273377747,0.07313866772120997,-0.004106423471970776,0.02200000000000002,0.121
6.449993848800659,-47.32241485045381,-27.660148740100535,-2.293910803758097,2.671522271967654,0.07644991572611189,-0.003561225285664303,0.02200000000000002,0.121
6.499993801116943,-47.408241474902844,-27.762403784749452,-2.294047822211281,2.6722590680280724,0.07719752074911113,-0.003260320282357809,0.02200000000000002,0.121
6.5499937534332275,-47.49396521821429,-27.864681659171712,-2.2942220629047885,2.6711148487798377,0.08483042922177231,-0.0032150457552583655,0.02200000000000002,0.121
6.599993705749512,-47.578579298765966,-27.965663021319596,-2.2944222487161015,2.6717358466600776,0.07639766038888965,-0.0037928858388521307,0.02200000000000002,0.121
6.649993658065796,-47.66752733757822,-28.0721027848084,-2.2946317475225864,2.6725389654225333,0.08637957452991392,-0.004037236098768585,0.02200000000000002,0.121
6.69999361038208,-47.75094530661062,-28.17202764420401,-2.294822155733781,2.67215071020914,0.07854033660367171,-0.0043871953946198125,0.02200000000000002,0.121
6.749993562698364,-47.83778429205635,-28.27598545848922,-2.295033345881009,2.6720917175726386,0.0787825045920566,-0.004260503023627814,0.02292263348785821,0.12192263348785819
6.799993515014648,-47.9232303221365,-28.37825126541481,-2.295252582247262,2.6712865470949563,0.08328329481207973,-0.004367071543330857,0.02200000000000002,0.121
6.849993467330933,-48.009229086131896,-28.48131731261389,-2.29546253188966,2.6708335618109342,0.07962907185878909,-0.004520014279269821,0.02300000000000002,0.122
6.899993419647217,-48.09493201206775,-28.583942607053718,-2.2956397721216937,2.67110351429257,0.07857707631104398,-0.004113354237061692,0.02300000000000002,0.122
6.949993371963501,-48.18146744963714,-28.68736208609858,-2.295789335723718,2.6699871979589576,0.08262067236816054,-0.003490797446783097,0.02300000000000002,0.122
6.999993324279785,-48.26728802899059,-28.7898929919397,-2.2959562083404377,2.669259773075451,0.08489557957444052,-0.0032622781940424067,0.02200000000000002,0.121
7.049993276596069,-48.35471130641074,-28.894391273228553,-2.296159000119219,2.669900076821246,0.08835564270464522,-0.003738987599845448,0.02300000000000002,0.123
7.0999932289123535,-48.44178481106003,-28.99816852613128,-2.296315025453395,2.6689720205372605,0.0780084466171137,-0.0036852900131762872,0.02300000000000002,0.123
7.149993181228638,-48.525533185150266,-29.097889320775227,-2.2964757839006005,2.669705664061393,0.08009565789791198,-0.0035373800851816626,0.02300000000000002,0.122
7.199993133544922,-48.612192524422845,-29.200881690918678,-2.29663424983493,2.6694740324884356,0.07490487655189247,-0.0034928494935985662,0.02300000000000002,0.123
7.249993085861206,-48.700242346422215,-29.30533564692935,-2.296784804733759,2.670316193723672,0.06810206625593998,-0.003287521695861834,0.02300000000000002,0.122
7.29999303817749,-48.78534679349806,-29.406083714254617,-2.2969100993621807,2.6702879923616587,0.07818287064308216,-0.002869272538673627,0.02300000000000002,0.122
7.349992990493774,-48.87029538046905,-29.50646867592927,-2.2970030499435445,2.6717638118072755,0.08066106324302813,-0.00244460822377102,0.02300000000000002,0.1229189995104366
7.399992942810059,-48.95681525516942,-29.608654125923483,-2.2970981980520135,2.67196322183436,0.07506028084111337,-0.002183108377540002,0.02300000000000002,0.122
7.449992895126343,-49.04196957430328,-29.709288072128167,-2.2971726626447495,2.6728466936586677,0.07802097714685714,-0.001996183616234356,0.02300000000000002,0.122
7.499992847442627,-49.12902155724171,-29.812075394943783,-2.2972192983456705,2.674037818013132,0.07513145626068264,-0.0016027280876055564,0.02300000000000002,0.122
7.549992799758911,-49.216209245895904,-29.915000680218267,-2.297279568482598,2.6744460896402145,0.07470696054378254,-0.0014811054197074592,0.02300000000000002,0.122
7.599992752075195,-49.3021813057333,-30.01644869313249,-2.2973358819089147,2.674665477225844,0.07694369603388602,-0.001354411975007909,0.02300000000000002,0.122
7.6499927043914795,-49.38900449643402,-30.11859654721179,-2.2973850180080513,2.675452365351832,0.07150894167113908,-0.0013050265085987065,0.02300000000000002,0.122
7.699992656707764,-49.47663569962006,-30.22154207516126,-2.297443387648826,2.675555804079704,0.07153145466328242,-0.0014361591169274866,0.02300000000000002,0.122
7.749992609024048,-49.562735941139415,-30.322688601313143,-2.297507227148014,2.676805009885868,0.07156443556513979,-0.0015003680945045509,0.02300000000000002,0.122
7.799992561340332,-49.65031320364449,-30.42564841289094,-2.2975845153602212,2.6781822435210714,0.07372773597287434,-0.0015681159847998306,0.02300000000000002,0.122
7.849992513656616,-49.73813845369291,-30.528653137573716,-2.2976613118061113,2.6768693471189025,0.07922227606826449,-0.0017201107442102,0.02300000000000002,0.122
7.8999924659729,-49.82736601625855,-30.633067853928193,-2.2977250176693147,2.6773299859608595,0.07640735826076721,-0.0016886745036164474,0.02200000000000002,0.121
7.949992418289185,-49.91247655284696,-30.732555665786542,-2.2977526204252428,2.6763969916449564,0.07966348527817015,-0.001113244854671886,0.022096078940534947,0.12109607894053492
7.999992370605469,-50.00019991053502,-30.835298456805376,-2.2978389400537433,2.6759259433177798,0.07428014379128846,-0.001479106990006665,0.02300000000000002,0.122
8.049992322921753,-50.08925252148134,-30.939284709383646,-2.2978872817365117,2.6761578309707112,0.06887232765297047,-0.001488207905892479,0.02200000000000002,0.121
8.099992275238037,-50.175175269381384,-31.0397751030719,-2.297996656888245,2.6753274587416773,0.07325417970274521,-0.0018730253636992406,0.022072128999040486,0.12107212899904046
8.149992227554321,-50.263271492319085,-31.14264187213389,-2.2981014446778127,2.6744273119502617,0.07238571152052013,-0.002006234993624656,0.02300000000000002,0.122
8.199992179870605,-50.350321050110495,-31.244326045941325,-2.2982380843102415,2.674194368456328,0.0678813906392436,-0.002504338129613195,0.02200000000000002,0.121
8.24999213218689,-50.43874523710421,-31.34760689907487,-2.2984036610917506,2.6735478119769343,0.06531976743367192,-0.003116964279996281,0.02200000000000002,0.121
8.299992084503174,-50.525624735641124,-31.44889491886545,-2.2985538526493534,2.67238688243404,0.0638364475724732,-0.003300839072627761,0.02200000000000002,0.121
8.349992036819458,-50.61066238557791,-31.548062302770404,-2.2986976570987356,2.671599056331489,0.07638173408870952,-0.003112985682479524,0.02200000000000002,0.121
8.399991989135742,-50.696844732890916,-31.64867389594886,-2.298853077884564,2.6714688047913047,0.06644617122471483,-0.003212207781526012,0.02200000000000002,0.121
8.449991941452026,-50.78437269266864,-31.750829820004512,-2.299002486370179,2.671218755849437,0.07700487204337977,-0.0031073870285315054,0.02200000000000002,0.121
8.49999189376831,-50.87040495635541,-31.85138936418219,-2.2991783004985984,2.6703803365814154,0.07459654750274235,-0.0033924202791177447,0.02200000000000002,0.121
8.549991846084595,-50.95705571247759,-31.952711760018566,-2.299344487668116,2.670303691182772,0.070763000978903,-0.003682222241996586,0.02200000000000002,0.121
8.599991798400879,-51.043896753771406,-32.05423957531083,-2.299482160763986,2.669808820761244,0.08024616074446768,-0.003259452166546614,0.02300000000000002,0.122
8.649991750717163,-51.13283990499982,-32.15859738044694,-2.299624892691798,2.669314207797986,0.0744258337439039,-0.0030236398697621107,0.02200000000000002,0.121
8.699991703033447,-51.21776086692042,-32.25846409637656,-2.2997595317352486,2.6689540408620145,0.07163912359141708,-0.0029302930471881124,0.02200000000000002,0.121
8.749991655349731,-51.30338034928976,-32.35922618194467,-2.2998799150479283,2.668271490279585,0.08106943984008284,-0.0028446350972312277,0.02200000000000002,0.121
8.799991607666016,-51.39097008426871,-32.46248132123504,-2.30001880322761,2.669220714732084,0.08350548864475943,-0.00277036085263665,0.02300000000000002,0.122
8.8499915599823,-51.47707314631584,-32.564065470866986,-2.3001186160322984,2.6690790391374875,0.08437492313628471,-0.002589563003883448,0.02200000000000002,0.121
8.899991512298584,-51.56592008316629,-32.66903487440303,-2.300233124203273,2.6688538054127364,0.08492947949660984,-0.002446926997912373,0.02300000000000002,0.122
8.949991464614868,-51.65178094953824,-32.770403950395725,-2.300330073802846,2.6708017099999535,0.08379260062225558,-0.002356245548157539,0.02300000000000002,0.122
8.999991416931152,-51.73773278475721,-32.87198442192604,-2.3004816528283243,2.670360123340167,0.08815504447696196,-0.002566825686344741,0.02300000000000002,0.122
9.049991369247437,-51.82615134933807,-32.97672692551658,-2.3006423133201093,2.671260844942622,0.0836801686761566,-0.0032178404932843184,0.02300000000000002,0.122
9.09999132156372,-51.91367709670765,-33.080655998329654,-2.300848219032683,2.6719143382881225,0.08795608590410446,-0.0037414812530395785,0.02300000000000002,0.122
9.149991273880005,-51.9976028239009,-33.17997238152906,-2.3010141270777047,2.671770872574741,0.08054460837942187,-0.003961929941229139,0.02300000000000002,0.122
9.199991226196289,-52.084011996021204,-33.28211957474243,-2.3012075935016223,2.6714914200231927,0.08122878129289064,-0.003993211297783125,0.020000000000000018,0.10899999999999999
9.249991178512573,-52.173538569965565,-33.38785039049042,-2.3013985591710595,2.671371624604202,0.07991384125789852,-0.004013498009598548,0.020000000000000018,0.10899999999999999
9.299991130828857,-52.257743926218765,-33.48738645660754,-2.3015455917651257,2.6687605441508264,0.08079165489888525,-0.003725911783486312,0.018000000000000016,0.10299999999999998
9.349991083145142,-52.343667730787885,-33.588890602449446,-2.3017108517956886,2.667264709830444,0.08376455215627948,-0.003465158146819935,0.018000000000000016,0.10299999999999998
9.399991035461426,-52.43046007002493,-33.69131269758961,-2.301857924520799,2.665231064973675,0.08484010830098145,-0.0032785018923040376,0.016000000000000014,0.09599999999999997
9.44999098777771,-52.51762240954084,-33.79401612270941,-2.301965161377994,2.66467825494979,0.08367400720109315,-0.00279942339742043,0.016000000000000014,0.09599999999999997
9.499990940093994,-52.601754071983336,-33.893295912146286,-2.302054600473831,2.663531965911932,0.08226956611161783,-0.0023531174601224957,0.015000000000000013,0.08899999999999997
9.549990892410278,-52.688107045545266,-33.99512795673651,-2.302126095041942,2.6626496747708184,0.084148574590455,-0.001829934783746787,0.015000000000000013,0.08899999999999997
9.599990844726562,-52.771467566596286,-34.09353203490809,-2.30218986583607,2.660754682293759,0.08073724596606831,-0.0016266441124956309,0.013000000000000012,0.08299999999999996
9.649990797042847,-52.85159058607292,-34.1881241962389,-2.3022353651400747,2.6556002943388277,0.07637040045752616,-0.0013111478537264326,0.013000000000000012,0.08299999999999996
9.69999074935913,-52.933262796372055,-34.28440445712306,-2.3022570977401458,2.648743066063407,0.08371071618500417,-0.0008601500170162604,0.01200000000000001,0.07599999999999996
9.749990701675415,-53.01415952101318,-34.379652741537434,-2.3022805480559994,2.6440371361000166,0.07971482549501117,-0.0007064545986397016,0.01200000000000001,0.07599999999999996
9.7999906539917,-53.0961688952952,-34.47607440719938,-2.302317791146813,2.6382626146111092,0.08593406462929865,-0.0006612745217229449,0.010000000000000009,0.06899999999999995
9.849990606307983,-53.180807004967335,-34.57523540881323,-2.302360962364127,2.634717941353479,0.07963095705597664,-0.000998804163770296,0.010000000000000009,0.06899999999999995
9.899990558624268,-53.26507333331468,-34.67363640483775,-2.302389267955926,2.633352688715539,0.08012551917678548,-0.0009652407672591991,0.009000000000000008,0.06299999999999994
9.949990510940552,-53.35125768564048,-34.77431420690936,-2.3024386067101057,2.6296605391458754,0.0813663019578681,-0.0010514407620617714,0.009000000000000008,0.06299999999999994
9.999990463256836,-53.43514223951914,-34.87238305941126,-2.3025103938441287,2.626247413158865,0.07906955254070526,-0.0014725743028305325,0.007000000000000006,0.05600000000000005
10.04999041557312,-53.52280816953044,-34.973967364602835,-2.3024784963143143,2.6232871097880692,0.07402981849339597,-0.0008098057113310771,0.007000000000000006,0.05600000000000005
10.099990367889404,-53.60885190645481,-35.07355667630416,-2.3024541479620186,2.618564201243526,0.07054216213136909,-4.5402570692486815e-05,0.0050000000000000044,0.049000000000000044
10.149990320205688,-53.69439844562073,-35.172747327790056,-2.302410255016843,2.61528248707513,0.0735485113326838,0.00043327041314935796,0.0050000000000000044,0.049000000000000044
10.199990272521973,-53.78008446910046,-35.27219625846949,-2.302345301836301,2.611752172377304,0.07698343478929903,0.0008954449817399331,0.0040000000000000036,0.04300000000000004
10.249990224838257,-53.86735810624086,-35.37327721840036,-2.302240677440437,2.607718771114731,0.07294347140818641,0.0014088911180806774,0.0040000000000000036,0.04300000000000004
10.299990177154541,-53.953415533149624,-35.472032720254475,-2.302070250150854,2.6049578143929306,0.08101948982648888,0.0025370317716438746,0.0020000000000000018,0.03600000000000003
10.349990129470825,-54.04050469933866,-35.57258931613068,-2.3019502881894307,2.601026881633209,0.08382726880488714,0.002597091287933521,0.0020000000000000018,0.03600000000000003
10.39999008178711,-54.12464876834864,-35.67002923665617,-2.3018128755083964,2.598767247835998,0.08787531381609066,0.0025167700401104443,0.0,0.029000000000000026
10.449990034103394,-54.211861073663314,-35.77056982159312,-2.3015637992017237,2.5966797972033278,0.07521880114145417,0.0032585357491565718,0.0,0.029000000000000026
10.499989986419678,-54.298103659461674,-35.87026760219792,-2.301339610180219,2.5944832339913932,0.07527128646091766,0.003954574875018716,0.0,0.02300000000000002
10.549989938735962,-54.38597912217932,-35.9719984073269,-2.3010540527627286,2.5918699614626317,0.07607241968965009,0.004750335547183334,0.0,0.02300000000000002
10.599989891052246,-54.47088976174375,-36.07056428666264,-2.300762455277573,2.5896450589592557,0.07842868712122503,0.00553790049025822,0.0,0.016000000000000014
10.64998984336853,-54.5576356949252,-36.17072586893694,-2.300390474833264,2.587113948735138,0.06896319017873528,0.006233284441075698,0.0,0.016000000000000014
10.699989795684814,-54.64418822021152,-36.27052467248032,-2.2999736584048343,2.5838431390371928,0.07629658159619866,0.007360858233350177,0.0,0.009000000000000008
10.749989748001099,-54.731237287688835,-36.37124045073421,-2.299540909617902,2.5814506569799303,0.07490594347241265,0.008015016719045788,0.0,0.009000000000000008
10.799989700317383,-54.81689234037545,-36.470703223438484,-2.299134508209922,2.578484102519624,0.08334741291820266,0.00828002628429304,0.0,0.0030000000000000027
10.849989652633667,-54.90299361186282,-36.570649219876614,-2.298731780032039,2.5770246922751636,0.0759822795250326,0.007865127406295969,0.0,0.0030000000000000027
10.899989604949951,-54.99103908353266,-36.67278696090253,-2.298293172322017,2.5755204409660983,0.07683404342146594,0.007916828178816575,0.0,-0.0040000000000000036
10.949989557266235,-55.07602536992775,-36.77162356799741,-2.2978644892856335,2.573686437825729,0.08189219583580627,0.00814400608240955,0.0,-0.0040000000000000036
10.99998950958252,-55.16116676099945,-36.87075173279665,-2.297417904346059,2.5707298659181608,0.07005932157350633,0.00837558049573214,0.0,-0.01100000000000001
11.049989461898804,-55.24852775783714,-36.97255530663587,-2.2969877407222863,2.5694497163960635,0.07183381435626751,0.008404126537348563,0.0,-0.01100000000000001
11.099989414215088,-55.333267558031714,-37.07145894740777,-2.2965857601347177,2.5676820639275877,0.07066559088725251,0.008040535418506209,0.0,-0.01100000000000001
11.149989366531372,-55.41972683849117,-37.17250646535565,-2.2961542319755077,2.5654240261101804,0.0703398068802865,0.00801920444863564,0.0,-0.01100000000000001
11.199989318847656,-55.50241133271315,-37.269339180707384,-2.2957231820850117,2.5635322411513166,0.07465459581620167,0.008286048380472734,0.0,-0.01100000000000001
11.24998927116394,-55.588953590328124,-37.37083559317754,-2.2952505592251176,2.561301676553979,0.07596386856656545,0.008672926034192454,0.0,-0.01100000000000001
11.299989223480225,-55.67219227351003,-37.46851654419434,-2.294766587388462,2.5588306699380126,0.07536702823844224,0.009151013699992624,0.0,-0.01100000000000001
11.349989175796509,-55.75613971289463,-37.56724464471607,-2.2942541958914195,2.5571957288607687,0.0712738200600851,0.009674336972787441,0.0,-0.01100000000000001
11.399989128112793,-55.8401475578839,-37.66638077685462,-2.2937430104916854,2.555076791534669,0.07575132626603609,0.009963574410016716,0.0,-0.01100000000000001
11.449989080429077,-55.92323610001523,-37.76478069333815,-2.293211783095902,2.554028827091407,0.0762861047818904,0.010257174040917558,0.0,-0.01100000000000001
11.499989032745361,-56.00742381333881,-37.86474742394248,-2.2926525646921774,2.5522906497432647,0.07353373175559662,0.010650082272176871,0.0,-0.01100000000000001
11.549988985061646,-56.09118457853241,-37.964424114400884,-2.2920812295802637,2.5510452949755993,0.07139177259808119,0.011032540192109901,0.0,-0.01100000000000001
11.59998893737793,-56.174536007953265,-38.0637152848631,-2.2914875648336497,2.550591530584224,0.07259916570337047,0.011510180018958533,0.0,-0.01100000000000001
11.649988889694214,-56.25686626390755,-38.16214190068618,-2.290904597947815,2.5492155132376872,0.08180638131217619,0.011725802972475583,0.0,-0.01100000000000001
11.699988842010498,-56.34094640702949,-38.262961345992714,-2.2903240131227562,2.5489441903316523,0.08325788008081386,0.011446279493674584,0.0,-0.01100000000000001
11.749988794326782,-56.423185583059606,-38.36159459738029,-2.289738783921928,2.5482739590977435,0.07964726262489075,0.011532648631110184,0.0,-0.01100000000000001
11.799988746643066,-56.50546527851399,-38.46027320965277,-2.2891335039040532,2.54757654562166,0.07363433874943938,0.011654680130724878,0.0,-0.01100000000000001
11.84998869895935,-56.58847269974562,-38.5600082763976,-2.2885177590261225,2.547871066994594,0.0740227014015791,0.011960976819247633,0.0,-0.01100000000000001
11.899988651275635,-56.67082222026773,-38.6589763558449,-2.2878717357317258,2.547729886883511,0.06705484883866916,0.012289039294696064,0.0,-0.01100000000000001
11.949988603591919,-56.75412504340787,-38.75928628021339,-2.2872373447019467,2.5467226764650603,0.06654323036499096,0.012475077700493624,0.0,-0.01100000000000001
11.999988555908203,-56.83500139077934,-38.85656503202269,-2.2865836460086952,2.5472592993044403,0.06699287325537326,0.012808412940590519,0.0,-0.01100000000000001
12.049988508224487,-56.91856457516992,-38.95733542474985,-2.2859175839089274,2.547227942385898,0.06753597569773265,0.013013242824081683,0.0,-0.01100000000000001
12.099988460540771,-56.999055774348335,-39.054507984154625,-2.2852554507073464,2.5478727623035318,0.070012561298086,0.013079929823899794,0.0,-0.01100000000000001
12.149988412857056,-57.08143412593778,-39.153976539106935,-2.284559143609191,2.5470698851758793,0.06716699321948515,0.013469870658908123,0.0,-0.01100000000000001
12.19998836517334,-57.162959074693404,-39.2524614287717,-2.2838470331307517,2.5465964814667963,0.07391246992810335,0.014004379145245481,0.0,-0.01100000000000001
12.249988317489624,-57.24418539408389,-39.35086739766982,-2.283165018579313,2.546709842228478,0.06774531429550207,0.013751884358684612,0.0,-0.01100000000000001
12.299988269805908,-57.32572165021497,-39.449833871720415,-2.2824480037131765,2.545334190582302,0.07057122898773653,0.013797344398176623,0.0,-0.01100000000000001
12.349988222122192,-57.40585401415494,-39.547201473594015,-2.2817388568370967,2.543880735227869,0.06969827675893113,0.014030950825066255,0.0,-0.01100000000000001
12.399988174438477,-57.48639231551857,-39.645206020284014,-2.281028542038523,2.54311641506278,0.06655026979577904,0.013992064642969532,0.0,-0.01100000000000001
12.44998812675476,-57.56768390200094,-39.74403203147395,-2.2803094622506297,2.541542300467684,0.06947902486109704,0.014042428694155397,0.0,-0.01100000000000001
12.499988079071045,-57.64826484101302,-39.84191201554541,-2.279575199318654,2.541018906738701,0.07033587840140423,0.0141910288142378,0.0,-0.01100000000000001
12.549988031387329,-57.728630339141084,-39.939805900418136,-2.278855646735812,2.5395484516498867,0.07710796833948104,0.014409244873114721,0.0,-0.01100000000000001
12.599987983703613,-57.80934264364772,-40.03814040284121,-2.2780953201036853,2.5383496546282807,0.07286219395378885,0.01447361785651928,0.0,-0.01100000000000001
12.649987936019897,-57.89037742475094,-40.13718252255256,-2.277324298385685,2.5370890366956225,0.07204264337013394,0.014917173589670079,0.0,-0.01100000000000001
12.699987888336182,-57.97223310813825,-40.23743805267131,-2.276529055392673,2.536558045843501,0.06711532830629571,0.01517011224597149,0.0,-0.01100000000000001
12.749987840652466,-58.05209135819524,-40.335280135678794,-2.2757262913711402,2.535644871222568,0.05827506539872184,0.015509915454490491,0.0,-0.01100000000000001
12.79998779296875,-58.1304412057077,-40.4314063217688,-2.2749300936773538,2.5342354515263614,0.06702145817153211,0.016063709254949113,0.0,-0.01100000000000001
12.849987745285034,-58.212143443400336,-40.531746204771,-2.274079263963348,2.5326809225689453,0.06963477089488466,0.016394320054617384,0.0,-0.01100000000000001
12.899987697601318,-58.29280528113207,-40.630962716976875,-2.273229242184175,2.531682868742682,0.0592161890293195,0.016591709850982225,0.0,-0.01100000000000001
12.949987649917603,-58.37257594212795,-40.72935861457007,-2.27240135586682,2.5291654719752192,0.06876186278633901,0.01660467450579406,0.0,-0.01100000000000001
12.999987602233887,-58.45228074453463,-40.827689587995884,-2.2715524004265633,2.5271791071649967,0.06582902706686815,0.016716521345049005,0.0,-0.01100000000000001
13.049987554550171,-58.53185559376759,-40.92589557487419,-2.2707128625098196,2.525972888736972,0.07017237716777454,0.016802176274993804,0.0,-0.01100000000000001
13.099987506866455,-58.611969919965915,-41.02500882851157,-2.2699183472095084,2.5235548710445714,0.06505172902991185,0.016221668802100214,0.0,-0.01100000000000001
13.14998745918274,-58.69305261611939,-41.12528047834124,-2.2690908353911596,2.5220926241005683,0.06602823060409395,0.015968020494495118,0.0,-0.01100000000000001
13.199987411499023,-58.770443421638305,-41.22124409498064,-2.2683389740621855,2.520441399060052,0.06668598662784232,0.015669537618570286,0.0,-0.01100000000000001
13.249987363815308,-58.84948503618913,-41.31923595456664,-2.2675578751653584,2.517518412858524,0.06095273640839922,0.015462534145114323,0.0,-0.01100000000000001
13.299987316131592,-58.92785311781082,-41.416350260379396,-2.2667920567445705,2.5158289380396814,0.06320272162062486,0.015287945309895818,0.0,-0.01100000000000001
13.349987268447876,-59.00544615903133,-41.51284471230843,-2.266061236841441,2.513474957109584,0.06609864718861758,0.014994546329878402,0.0,-0.01100000000000001
13.39998722076416,-59.084410295988384,-41.611136649357704,-2.2652907594860276,2.511239931421651,0.06699506567471626,0.015006602709381246,0.0,-0.01100000000000001
13.449987173080444,-59.162297103463146,-41.70824518436339,-2.264547027487785,2.5098068762641894,0.0716325103975306,0.014945163603065671,0.0,-0.01100000000000001
13.499987125396729,-59.23997762790551,-41.80500732113899,-2.2637611493592984,2.507883841131078,0.06999560500273129,0.015192762983444854,0.0,-0.01100000000000001
13.549987077713013,-59.31850825573377,-41.90302637369569,-2.2629682514261487,2.5062588040962117,0.06850695895524866,0.015577120034262846,0.0,-0.01100000000000001
13.599987030029297,-59.39610815274089,-41.99998544411188,-2.2621817508749444,2.5043336293732987,0.06208909173148673,0.01561507423988724,0.0,-0.01100000000000001
13.649986982345581,-59.473531819157756,-42.096810388479355,-2.2613800924749654,2.5030609571912685,0.06197860174273098,0.015817164776561175,0.0,-0.01100000000000001
13.699986934661865,-59.55146950705337,-42.19444452438044,-2.2605816053575647,2.501842304647178,0.05844333848914533,0.01580418685631765,0.0,-0.01100000000000001
13.74998688697815,-59.630514103685876,-42.29361141526571,-2.2597838204857266,2.498657235100836,0.052238162037433165,0.015618172945072305,0.0,-0.01100000000000001
13.799986839294434,-59.70573853600531,-42.388033938715694,-2.2590084346060766,2.497589683706214,0.05537758241761387,0.015765551517286695,0.0,-0.01100000000000001
13.849986791610718,-59.784109752661,-42.48612983249226,-2.2582022609054113,2.4968020188505724,0.05919233868372672,0.015797972446780828,0.0,-0.01100000000000001
13.899986743927002,-59.86116120691406,-42.58271127650826,-2.2574505823062485,2.493874830863112,0.0625358366592239,0.01543971753497482,0.0,-0.01100000000000001
13.949986696243286,-59.938649345448034,-42.68008310515591,-2.2566955265285813,2.491607988619853,0.0590922481417607,0.01490514957429267,0.0,-0.01100000000000001
13.99998664855957,-60.016353197190874,-42.77795009511695,-2.2559302049908023,2.489874421368334,0.06166313275522288,0.014953849845492551,0.0,-0.01100000000000001
14.049986600875854,-60.09300475838471,-42.87420303264333,-2.255146948928643,2.487629219676563,0.05949041445286528,0.015242937929668904,0.0,-0.01100000000000001
14.099986553192139,-60.17030430642194,-42.97121241681143,-2.25433761449981,2.4849858325638734,0.05571100697090191,0.01564350150704173,0.0,-0.01100000000000001
14.149986505508423,-60.24776839487827,-43.06890654897891,-2.253552615846322,2.4833717027932827,0.0574576083413216,0.01565875340680095,0.0,-0.01100000000000001
14.199986457824707,-60.32413502524849,-43.16544724645533,-2.2527773489447176,2.4804723435261162,0.05292124191606318,0.015463583820738445,0.0,-0.01100000000000001
14.249986410140991,-60.400818649820515,-43.262564611315014,-2.2519878375197226,2.4776079036111063,0.0568500603562649,0.015554036340402387,0.0,-0.01100000000000001
14.299986362457275,-60.47704705139528,-43.35919407148246,-2.251177206549219,2.474646277327084,0.05924594276772227,0.015716448915336866,0.0,-0.01100000000000001
14.34998631477356,-60.552455404140524,-43.45516416319478,-2.25041972083468,2.4713323090436274,0.05798458736939263,0.015403889972681816,0.0,-0.01100000000000001
14.399986267089844,-60.627572792215,-43.551028181034674,-2.2496764687441915,2.4676362539065004,0.0585968310623287,0.015086732940104148,0.0,-0.01100000000000001
14.449986219406128,-60.703175527209005,-43.64780096429086,-2.2489407968786725,2.4656839499714485,0.05741982858321082,0.01469532197886977,0.0,-0.01100000000000001
14.499986171722412,-60.77833207748797,-43.744087476641134,-2.248183209597021,2.463536594657753,0.048113932402358894,0.014598808987055966,0.0,-0.01100000000000001
14.549986124038696,-60.85330529183371,-43.840202583992216,-2.2473948063133498,2.460023032729156,0.04856860724760055,0.015222842042536676,0.0,-0.01100000000000001
14.59998607635498,-60.929036798188015,-43.93727602989491,-2.2465541058599987,2.4571590639158902,0.05215354069049736,0.01620089405399305,0.0,-0.01100000000000001
14.649986028671265,-61.00380623791474,-44.033497103043295,-2.2457700752978687,2.4565679495783557,0.05302440611811153,0.016223950717586224,0.0,-0.01100000000000001
14.699985980987549,-61.07907913348027,-44.13062702969935,-2.245014907872887,2.454493167756107,0.05341017192444329,0.015529902410034106,0.0,-0.01100000000000001
14.749985933303833,-61.15428360881735,-44.2275425807862,-2.2442015821797217,2.4536725988121857,0.0513982684668934,0.015392257204340114,0.0,-0.01100000000000001
14.799985885620117,-61.22919699207809,-44.32442169736679,-2.243428743686866,2.451468887655021,0.056002311917291804,0.01571379210488822,0.0,-0.01100000000000001
14.849985837936401,-61.30397896018624,-44.42120868676824,-2.242643327183396,2.44911410237026,0.05488595118972489,0.015602030098400029,0.0,-0.01100000000000001
14.899985790252686,-61.37808960392427,-44.517419222999955,-2.2418814346500286,2.4479735441524397,0.05175638423150859,0.01534390161550174,0.0,-0.01100000000000001
14.94998574256897,-61.45333366175961,-44.61508980852882,-2.241062824400595,2.4465150528344726,0.045549168383688186,0.015586318789961926,0.0,-0.01100000000000001
14.999985694885254,-61.52812100761881,-44.71241948914005,-2.2402539313647845,2.4450022236228945,0.0505570399664796,0.01599775869588851,0.0,-0.01100000000000001
15.049985647201538,-61.601589866412176,-44.80866791864614,-2.23951660174844,2.4423635525537373,0.06120109256934449,0.0157290249954345,0.0,-0.01100000000000001
15.099985599517822,-61.67592516686515,-44.906361148122336,-2.2387698548426025,2.4410035739029263,0.05813871780183972,0.01489184144007055,0.0,-0.01100000000000001
15.149985551834106,-61.74977606814121,-45.00345452361301,-2.237997000428457,2.4402807210572197,0.060169148430368156,0.014911702580993669,0.0,-0.01100000000000001
15.19998550415039,-61.82339490694167,-45.10049348787814,-2.2372330743829476,2.4379453706542757,0.057652538658024034,0.015133125887076392,0.0,-0.01100000000000001
15.249985456466675,-61.89737274171393,-45.198100955718495,-2.2364336357406964,2.4365320181325694,0.06222270901870075,0.015470808895325762,0.0,-0.01100000000000001
15.299985408782959,-61.969954331708415,-45.29407976058026,-2.235636219552907,2.434649581019147,0.06105427702029533,0.015720098079994773,0.0,-0.01100000000000001
15.349985361099243,-62.042421640793755,-45.39006639724485,-2.2348357829310928,2.4327438472442786,0.057112559470960625,0.0159273175453688,0.0,-0.01100000000000001
15.399985313415527,-62.115818172278644,-45.48730888005821,-2.233996750915404,2.4307293690889207,0.055661537328910396,0.016267176905131766,0.0,-0.01100000000000001
15.449985265731812,-62.18801100695944,-45.583331538441236,-2.23318052138124,2.430143480621606,0.05472956065108056,0.016320511322510486,0.0,-0.01100000000000001
15.499985218048096,-62.26057819475887,-45.68012302552465,-2.232357288291921,2.429630115905319,0.0540343404502408,0.016335619963318556,0.0,-0.01100000000000001
15.54998517036438,-62.333611402376,-45.77759406229896,-2.2315026371827797,2.4287386334816,0.05755630455402751,0.016700723717492337,0.0,-0.01100000000000001
15.599985122680664,-62.40589651954401,-45.874144084713,-2.2306281331424773,2.4278593780784803,0.0590073750918977,0.017202409187510877,0.0,-0.01100000000000001
15.649985074996948,-62.478184703822954,-45.970994424022514,-2.2297685815160166,2.4279677855751114,0.05741902152096412,0.017333731888446766,0.0,-0.01100000000000001
15.699985027313232,-62.55076594080546,-46.06811743645319,-2.2288348844827204,2.4266463812238426,0.0519308081141603,0.01776923324386193,0.0,-0.01100000000000001
15.749984979629517,-62.62363505394009,-46.165891715068206,-2.227911997135621,2.4251109213589395,0.062112880946852064,0.018292891616476965,0.0,-0.01100000000000001
15.7999849319458,-62.69583501252154,-46.26285032612531,-2.2269720339469203,2.4245621981750185,0.05574155605659923,0.018427171403833837,0.0,-0.01100000000000001
15.849984884262085,-62.768490554673534,-46.36068999737782,-2.226058493543867,2.422319368937127,0.05618060594972433,0.0184532628187549,0.0,-0.01100000000000001
15.89998483657837,-62.84066432734623,-46.45788115386505,-2.2251317793997853,2.4219627198808245,0.055872703730090574,0.018456514905952726,0.0,-0.01100000000000001
15.949984788894653,-62.912531041721415,-46.554926989035366,-2.2242378323436887,2.4206812538875866,0.052628075012748764,0.018096137675061626,0.0,-0.01100000000000001
15.999984741210938,-62.98465157541332,-46.65237681610475,-2.223334824477024,2.419594161526577,0.050698611951224805,0.01789084961908845,0.0,-0.01100000000000001
16.04998469352722,-63.057035138997335,-46.750513017718376,-2.222477843755351,2.4179988347830417,0.05596434793818117,0.017499710865873527,0.0,-0.01100000000000001
16.099984645843506,-63.1287276857686,-46.84771857975805,-2.221599989365046,2.417124258487352,0.06155488724060157,0.017409712918202383,0.0,-0.01100000000000001
16.14998459815979,-63.201347085363075,-46.9462815028002,-2.220688809480858,2.415693731136397,0.05890478399725755,0.01758338531568038,0.0,-0.01100000000000001
16.199984550476074,-63.27306406219954,-47.04365162473142,-2.219740368740024,2.414211366253605,0.04832609733666151,0.018082670232891018,0.0,-0.01100000000000001
16.24998450279236,-63.344156128906945,-47.14045443708457,-2.21880814034425,2.4127572144793534,0.05002311469582871,0.018735183392301312,0.0,-0.01100000000000001
16.299984455108643,-63.41548317750768,-47.23766639105119,-2.217849511981728,2.4115113414926928,0.05115323663390309,0.019000897605755344,0.0,-0.01100000000000001
16.349984407424927,-63.48615830381511,-47.33432494150356,-2.2168958074172567,2.4102155999662407,0.05489666921173699,0.019142373325202352,0.0,-0.01100000000000001
16.39998435974121,-63.55658645808123,-47.430670338453616,-2.215883742536273,2.408461670700649,0.04984491063628778,0.01962629381742723,0.0,-0.01100000000000001
16.449984312057495,-63.62780239638363,-47.5283320267459,-2.214891318738771,2.407852545760576,0.05885679388096976,0.02002805578232889,0.0,-0.01100000000000001
16.49998426437378,-63.69821354913373,-47.62495315551758,-2.213893141947273,2.405871836332622,0.05290847569553894,0.01990287065268197,0.0,-0.01100000000000001
16.549984216690063,-63.76881302051958,-47.72209113480067,-2.2129087477467877,2.4053325361517786,0.054795995237503003,0.019864856163738207,0.0,-0.01100000000000001
16.599984169006348,-63.83941015048718,-47.81934864750951,-2.2119285092568073,2.403186180189132,0.0576630132749144,0.019637797500433804,0.0,-0.01100000000000001
16.649984121322632,-63.91002064360367,-47.91676322046491,-2.2110141422324614,2.4012347721296026,0.056845401374576485,0.018925669813374044,0.0,-0.01100000000000001
16.699984073638916,-63.98043044723848,-48.01380857931483,-2.210108031181725,2.399588278316819,0.05071666981249167,0.018313726335882526,0.0,-0.01100000000000001
16.7499840259552,-64.05105456414785,-48.11149243838043,-2.2092378028256237,2.3982407969228077,0.04844473819679838,0.017709882298855013,0.0,-0.01100000000000001
16.799983978271484,-64.12100486944217,-48.208334952570155,-2.208367666729638,2.3968010664002746,0.04879838918683749,0.017505340510801968,0.0,-0.01100000000000001
16.84998393058777,-64.19075066773199,-48.30519221300531,-2.207533503582603,2.394407537314923,0.053372204010166124,0.01709465552608977,0.0,-0.01100000000000001
16.899983882904053,-64.26126609121246,-48.40325695980051,-2.2066557675519016,2.3933983137565593,0.05511249817033864,0.017116094541931706,0.0,-0.01100000000000001
16.949983835220337,-64.33113762140448,-48.5007227569301,-2.2057660306173434,2.39218264989706,0.055852235066853675,0.017457627318591136,0.0,-0.01100000000000001
16.99998378753662,-64.40048600387955,-48.59782517023904,-2.20486393353578,2.3910070236585708,0.05179366991219619,0.017779637547349604,0.0,-0.01100000000000001
17.049983739852905,-64.47025627774232,-48.69562766172483,-2.2039055985055853,2.389669025383292,0.05114249076971999,0.01836170408170484,0.0,-0.01100000000000001
17.09998369216919,-64.53921052831829,-48.79279383066133,-2.202974795292658,2.389742114160608,0.05844011395116197,0.018889149255930174,0.0,-0.01100000000000001
17.149983644485474,-64.60826805541507,-48.89031912072224,-2.2019828607206033,2.3889167687066704,0.05775169327420443,0.019361966953553984,0.0,-0.01100000000000001
17.199983596801758,-64.67773639936277,-48.98866699065157,-2.2009348825496677,2.388742301961429,0.058191614362760845,0.02021302617774446,0.0,-0.01100000000000001
17.249983549118042,-64.74584460667465,-49.08554570506119,-2.1999100375917373,2.3879700727986926,0.0529568230299963,0.02053125192251261,0.0,-0.01100000000000001
17.299983501434326,-64.8137216052006,-49.18241860818737,-2.198848716295845,2.386711268345658,0.05575374466096456,0.020922775690401883,0.0,-0.01100000000000001
17.34998345375061,-64.88196593086474,-49.28033629527398,-2.1978225972577667,2.385433938866379,0.05969227428536071,0.020804109143112454,0.0,-0.01100000000000001
17.399983406066895,-64.94964083233701,-49.37770220995136,-2.1968027462784425,2.385002689702673,0.06324619621621667,0.020366931587695633,0.0,-0.01100000000000001
17.44998335838318,-65.01697172450245,-49.47458156966371,-2.1957881793199023,2.383810864970816,0.06661278946377987,0.0203101874533475,0.0,-0.01100000000000001
17.499983310699463,-65.08542248621012,-49.573139633277634,-2.1947595704791283,2.3830571469767188,0.05643762745482197,0.020195649074518107,0.0,-0.01100000000000001
17.549983263015747,-65.15319889558562,-49.67067024020664,-2.1937149329207593,2.3823938134569445,0.05614685235638683,0.020414907048669804,0.0,-0.01100000000000001
17.59998321533203,-65.22069234949862,-49.76811046424539,-2.192711957022423,2.3809985944843586,0.05272893157689179,0.020378954269139306,0.0,-0.01100000000000001
17.649983167648315,-65.28845259136766,-49.866115859347445,-2.191723676841506,2.379789345853085,0.05126113887363345,0.01986328786551217,0.0,-0.01100000000000001
17.6999831199646,-65.35660969971748,-49.96487256976617,-2.190749927160754,2.378381789205182,0.052794652618916985,0.019535917451203567,0.0,-0.01100000000000001
17.749983072280884,-65.42417645247774,-50.06281112988865,-2.1897779981058743,2.377347773466745,0.05165455681604667,0.01927891555179388,0.0,-0.01100000000000001
17.799983024597168,-65.49174870789956,-50.16108578815092,-2.1888373052546632,2.375422264628177,0.05485486663206725,0.019048540159177375,0.0,-0.01100000000000001
17.849982976913452,-65.55971100565296,-50.25980875221008,-2.1878677997092293,2.3745583092048164,0.05407631275757166,0.01897674821417116,0.0,-0.01100000000000001
17.899982929229736,-65.62763839206967,-50.35867055520748,-2.1869096279978373,2.3734128292148355,0.05297178415822443,0.018967457198489007,0.0,-0.01100000000000001
17.94998288154602,-65.69447759356123,-50.45609442259305,-2.1859365886916677,2.3714506387062384,0.05395070615341731,0.019195937361220435,0.0,-0.01100000000000001
17.999982833862305,-65.762652816452,-50.55563686787905,-2.184915055306864,2.3719420517067804,0.05180124650915098,0.019629172921907766,0.0,-0.01100000000000001
18.04998278617859,-65.82978598359774,-50.65387156558168,-2.183883507934779,2.370861721282581,0.0472086691579942,0.020220395448506772,0.0,-0.01100000000000001
18.099982738494873,-65.89712314472148,-50.75254371681443,-2.182798817091859,2.3701261765790216,0.049952012587594796,0.02106047192799165,0.0,-0.01100000000000001
18.149982690811157,-65.96435803249871,-50.85143457716202,-2.181710341464669,2.3692445102755237,0.05262633158581088,0.02154434878450079,0.0,-0.01100000000000001
18.19998264312744,-66.03088962813037,-50.94955664189584,-2.1806118467392883,2.368640916482107,0.0542423294818079,0.021944915226963988,0.0,-0.01100000000000001
18.249982595443726,-66.09761481584192,-51.04788800903995,-2.1794523432750754,2.367765367423072,0.048742052075265545,0.02250816728780975,0.0,-0.01100000000000001
18.29998254776001,-66.16417303164143,-51.14596311255499,-2.1783165609178377,2.365771454495262,0.048665889349702014,0.0227466215601233,0.0,-0.01100000000000001
18.349982500076294,-66.2305530681827,-51.24399116427927,-2.177159367184605,2.365516373781302,0.051832801906495946,0.02294329907969282,0.0,-0.01100000000000001
18.399982452392578,-66.29627718273828,-51.341233626976525,-2.1760012593528493,2.363768063253536,0.04893735450312511,0.023144705361527053,0.0,-0.01100000000000001
18.449982404708862,-66.36286612490508,-51.439419715297184,-2.1748360776938522,2.3618939488155526,0.04456435825128684,0.02332585131035805,0.0,-0.01100000000000001
18.499982357025146,-66.42941863888541,-51.537526803347575,-2.173691956326885,2.3611462869266093,0.04175887135641443,0.02312720359193043,0.0,-0.01100000000000001
18.54998230934143,-66.49552253784866,-51.635174834643564,-2.1725441194263913,2.3601914701012627,0.04077704617730307,0.023021426394301735,0.0,-0.01100000000000001
18.599982261657715,-66.5620782303197,-51.73393000849437,-2.1714271611720037,2.358184225315704,0.044712016559043166,0.022640017266203852,0.0,-0.01100000000000001
18.649982213974,-66.62867172004782,-51.83256723197055,-2.170360866859088,2.3575592922052797,0.04401870676014011,0.021926201248055277,0.0,-0.01100000000000001
18.699982166290283,-66.69431611309042,-51.92958430314349,-2.1692832002097133,2.3575189788679083,0.04844089368615961,0.021647547393182802,0.0,-0.01100000000000001
18.749982118606567,-66.76098390667647,-52.02853084123971,-2.168177173039067,2.3564022450606843,0.04250131589542743,0.021701016829871654,0.0,-0.01100000000000001
18.79998207092285,-66.82651088757223,-52.126310396460845,-2.1670972923794953,2.355653043354798,0.04902246826890059,0.0218740550829774,0.0,-0.01100000000000001
18.849982023239136,-66.8927413867015,-52.22484910577149,-2.165996520607769,2.3549313887168815,0.05132931445657177,0.021976487553307708,0.0,-0.01100000000000001
18.89998197555542,-66.9590640402974,-52.32354331176324,-2.1648788849152187,2.3544946347637636,0.040546107982780175,0.02187388809689903,0.0,-0.01100000000000001
18.949981927871704,-67.02422947706957,-52.42096102222552,-2.1637600251920768,2.3529772503113406,0.039555853462459364,0.022194755412865967,0.0,-0.01100000000000001
18.99998188018799,-67.08959847179132,-52.519284274353964,-2.162644908124303,2.3526711946545733,0.03980117765735436,0.02243650371107746,0.0,-0.01100000000000001
19.049981832504272,-67.1553170141981,-52.618295073147046,-2.1615195567855987,2.353229684553351,0.0448722170464353,0.02250402685764983,0.0,-0.01100000000000001
19.099981784820557,-67.22034357457248,-52.71659603054628,-2.160425174775782,2.3518916423255,0.04803948636762403,0.022212629861786588,0.0,-0.01100000000000001
19.14998173713684,-67.28441540751521,-52.81388842807927,-2.159344356834235,2.3517044556466353,0.04021493761841301,0.02189319002497319,0.0,-0.01100000000000001
19.199981689453125,-67.34973776990476,-52.91363570107728,-2.1582703350057115,2.3516624736515372,0.0475590111787375,0.021574543208711817,0.0,-0.01100000000000001
19.24998164176941,-67.41418042187205,-53.01241581556155,-2.157240688778267,2.3507957266715565,0.04780994849650531,0.020848617645822822,0.0,-0.01100000000000001
19.299981594085693,-67.47768794571527,-53.109516426375706,-2.156213930169822,2.349353669063005,0.04910757357378279,0.020469904777678963,0.0,-0.01100000000000001
19.349981546401978,-67.5420902889916,-53.20842253786349,-2.1551710665710346,2.348823302253298,0.04448029556188659,0.02043186312790828,0.0,-0.01100000000000001
19.39998149871826,-67.60475713756087,-53.3050627835002,-2.154150888884324,2.3474456663075545,0.04013353358469898,0.020421547063176324,0.0,-0.01100000000000001
19.449981451034546,-67.66873179185136,-53.40333457599277,-2.1530736881013066,2.3465996010178167,0.04237967746126676,0.0210079905680238,0.0,-0.01100000000000001
19.49998140335083,-67.73313568002962,-53.502454098132496,-2.1519885145406485,2.345779215373655,0.04333382114878717,0.021308980491440404,0.0,-0.01100000000000001
19.549981355667114,-67.79674147771803,-53.600668960883134,-2.1508728607789385,2.344598150038565,0.04788756987602724,0.021964488749713382,0.0,-0.01100000000000001
19.5999813079834,-67.86019151190214,-53.699089164956845,-2.1497429408360484,2.343362641694337,0.04717204709041299,0.022395956605535977,0.0,-0.01100000000000001
19.649981260299683,-67.92491860973905,-53.79925276661702,-2.1485841234486687,2.3419501900058504,0.048150983693051305,0.02265506269675711,0.0,-0.01100000000000001
19.699981212615967,-67.98862015727707,-53.897801893012485,-2.147435083127501,2.3413634120471207,0.04894219616242366,0.022879781739862694,0.0,-0.01100000000000001
19.74998116493225,-68.0518721984747,-53.99606188442631,-2.14626525645336,2.3391831349963472,0.0417886739241637,0.02312822075191281,0.0,-0.01100000000000001
19.799981117248535,-68.11578162870754,-54.096073792468665,-2.1451250168800104,2.3383402274777825,0.0446408004242025,0.02292911986731717,0.0,-0.01100000000000001
19.84998106956482,-68.1789118785995,-54.19491951259113,-2.143983506265035,2.3374765895232095,0.03603399779692063,0.022607101109913628,0.0,-0.01100000000000001
19.899981021881104,-68.24189044358455,-54.29400219165658,-2.1428849522317135,2.336229551533301,0.03851199721207724,0.022338330327425444,0.0,-0.01100000000000001
19.949980974197388,-68.30472562556733,-54.39323548132803,-2.141785293909883,2.335615497063567,0.04779563388648149,0.022007214362459556,0.0,-0.01100000000000001
19.999980926513672,-68.36769568525575,-54.49321260433463,-2.140709412047246,2.3353550778316627,0.04346463499888953,0.02163730111608385,0.0,-0.01100000000000001
20.049980878829956,-68.43037881533908,-54.5930976133375,-2.139635794897948,2.3344656279234863,0.04528552322890692,0.021378800876878653,0.0,-0.01100000000000001
20.09998083114624,-68.49233130321171,-54.69229856764062,-2.1385923163949943,2.333814108954618,0.04363304876367308,0.02115787061390382,0.0,-0.01100000000000001
20.149980783462524,-68.55492137527249,-54.79266173938703,-2.137500880992074,2.333125233345265,0.04864004783008914,0.02131355545912854,0.0,-0.01100000000000001
20.19998073577881,-68.61681085823325,-54.89241070357558,-2.136452906867194,2.333365669022956,0.04749163538717242,0.021183445889214624,0.0,-0.01100000000000001
20.249980688095093,-68.67834545023904,-54.991655973292865,-2.1353707411226264,2.3327145864814147,0.04588385564215168,0.021345494893036537,0.0,-0.01100000000000001
20.299980640411377,-68.74009507118028,-55.09149994066681,-2.134284671339717,2.3328397575540807,0.042458037426137615,0.021382074872189582,0.0,-0.01100000000000001
20.34998059272766,-68.80086149574434,-55.189853045194454,-2.133185887402171,2.3317884443358965,0.036317246812755215,0.021662101238817982,0.0,-0.01100000000000001
20.399980545043945,-68.8620071307455,-55.289071716961764,-2.1320754984127097,2.3307769216904806,0.03613710163427192,0.021984532645378144,0.0,-0.01100000000000001
20.44998049736023,-68.92350355089853,-55.38944149017334,-2.1309772372377465,2.331281732023043,0.04166854241909993,0.021898853510236405,0.0,-0.01100000000000001
20.499980449676514,-68.98426353397828,-55.48894805898898,-2.129876659670717,2.3301188985701127,0.04706793370046804,0.022006006620152795,0.0,-0.01100000000000001
20.549980401992798,-69.04475571401535,-55.58832081546615,-2.128776769480787,2.3293180266648177,0.03943707945220057,0.02189541958003774,0.0,-0.01100000000000001
20.599980354309082,-69.10474850473244,-55.68718680027597,-2.1276874644670287,2.3287074286145137,0.04325680721268544,0.021986426488645433,0.0,-0.01100000000000001
20.649980306625366,-69.16661067619182,-55.78878147232525,-2.1264980699587026,2.328163774426176,0.040413843502026786,0.022544995039629992,0.0,-0.01100000000000001
20.69998025894165,-69.22714587573215,-55.88874340005422,-2.1253978230823813,2.3272712137063136,0.03515744722182052,0.022571587239592544,0.0,-0.01100000000000001
20.749980211257935,-69.28792476117621,-55.98908658809619,-2.1242360423891213,2.327113492756367,0.03695761678194768,0.022752901016741354,0.0,-0.01100000000000001
20.79998016357422,-69.34699735965998,-56.08699292410253,-2.1231259722810405,2.326105992426206,0.04229174972035928,0.02278455290330836,0.0,-0.01100000000000001
20.849980115890503,-69.40859692072225,-56.18913301771216,-2.1219529337229304,2.32475188212722,0.036133149695383185,0.0228771076111709,0.0,-0.01100000000000001
20.899980068206787,-69.46948141683647,-56.2903446432266,-2.1208144695593893,2.3234594770713186,0.03455099035139875,0.022708633021947307,0.0,-0.01100000000000001
20.94998002052307,-69.52912663582725,-56.38965532256336,-2.119687078150361,2.323351456795285,0.03842880609058937,0.02268402401604511,0.0,-0.01100000000000001
20.999979972839355,-69.58833047571478,-56.48839141708308,-2.1185760895997143,2.3230818443589882,0.04129399071939906,0.02272050717159762,0.0,-0.01100000000000001
21.04997992515564,-69.64998167423039,-56.590834559778365,-2.117421248749055,2.3218209218658425,0.03364434438408756,0.022562646373801263,0.0,-0.01100000000000001
21.099979877471924,-69.70997453236015,-56.69031018225545,-2.1162947519339164,2.3217859243443995,0.021635143421406173,0.022306841214886162,0.0,-0.01100000000000001
21.149979829788208,-69.77005718023676,-56.79027902691799,-2.1151981863945974,2.321082795677508,0.02524903880869956,0.02216716670309798,0.0,-0.01100000000000001
21.199979782104492,-69.83049428197282,-56.891262702866605,-2.114137645563524,2.3201600851489705,0.03024233614738529,0.02159333565530048,0.0,-0.01100000000000001
21.249979734420776,-69.8899676895261,-56.99064828651137,-2.113091697009875,2.319688544773374,0.02555406758353248,0.02098079142807232,0.0,-0.01100000000000001
21.29997968673706,-69.94920891365521,-57.089085704100704,-2.1120089089333596,2.318834611038323,0.029329148910963155,0.021158513120902715,0.0,-0.01100000000000001
21.349979639053345,-70.00891505629792,-57.18880951116864,-2.1109477600601063,2.317566729881627,0.02857707498892573,0.021145044852436887,0.0,-0.01100000000000001
21.39997959136963,-70.06678562944755,-57.28562951237641,-2.109879699011662,2.316136914086235,0.02280195178607046,0.02133957949785778,0.0,-0.01100000000000001
21.449979543685913,-70.1268773747514,-57.38622970714751,-2.1087688261760267,2.3158292709715647,0.030253912232623983,0.02174002815167712,0.0,-0.01100000000000001
21.499979496002197,-70.18639900536574,-57.486022433160244,-2.1076508440173707,2.3151688587369876,0.026081813929197856,0.021857731463530282,0.0,-0.01100000000000001
21.54997944831848,-70.24540652012692,-57.58526222839486,-2.106511098740793,2.3130038142005978,0.02453921597053392,0.022261471038458693,0.0,-0.01100000000000001
21.599979400634766,-70.30311471636732,-57.68283312870053,-2.1054031039845538,2.312571454966029,0.025439782164619163,0.022475943321586162,0.0,-0.01100000000000001
21.64997935295105,-70.36299377945436,-57.78399382294357,-2.1041987807353713,2.312447624485011,0.018243146911694142,0.022977551839486503,0.0,-0.01100000000000001
21.699979305267334,-70.42174865774336,-57.88343594322972,-2.102993316940801,2.3103227815741794,0.02081945187505057,0.023681642602712865,0.0,-0.01100000000000001
21.749979257583618,-70.48042156705088,-57.98305642465946,-2.1017518825707184,2.3087420457191503,0.020060571299300632,0.024209948610843662,0.0,-0.01100000000000001
21.799979209899902,-70.53828440416247,-58.08189299007492,-2.1005378211762626,2.3074201401546532,0.021409397353928203,0.024554395619372296,0.0,-0.01100000000000001
21.849979162216187,-70.59747857910321,-58.18302831471855,-2.099283754073381,2.3057768508345204,0.024731878124690472,0.02450906456471775,0.0,-0.01100000000000001
21.89997911453247,-70.65588712430916,-58.28281512196936,-2.0980118046822414,2.3050595272279963,0.025342180837543728,0.024908682336047643,0.0,-0.01100000000000001
21.949979066848755,-70.71444025865722,-58.383372622214054,-2.0967436281549388,2.3034227682758197,0.027176879031622574,0.02506827968039391,0.0,-0.01100000000000001
21.99997901916504,-70.77144069781662,-58.481812759428294,-2.0955382876314137,2.302242240021163,0.025071498224037588,0.024835220680972995,0.0,-0.01100000000000001
22.049978971481323,-70.83034110063383,-58.58377003275026,-2.0943388969574905,2.3013532468575333,0.024249218416856594,0.023942965991594393,0.0,-0.01100000000000001
22.099978923797607,-70.88872563604811,-58.684862505012525,-2.0931426907787025,2.301610351096494,0.020320990706369713,0.023404216996753126,0.0,-0.01100000000000001
22.14997887611389,-70.94636209585686,-58.784873486222565,-2.0919407750719734,2.300816479368406,0.014489004929815022,0.023480891822827372,0.0,-0.01100000000000001
22.199978828430176,-71.00301800373698,-58.88376382779077,-2.0907947907364837,2.2998078058887286,0.021415760704687595,0.02358781597569733,0.0,-0.01100000000000001
22.24997878074646,-71.06034682241732,-58.984179890459345,-2.0896428725387017,2.2995544854350904,0.01911326992106341,0.02311773886682652,0.0,-0.01100000000000001
22.299978733062744,-71.11753204773152,-59.08451755269181,-2.088508155155027,2.298813791528659,0.027486241696905528,0.022702269435307877,0.0,-0.01100000000000001
22.34997868537903,-71.17405568501043,-59.18382738840225,-2.0873323061556524,2.2972167687521354,0.02902103145454886,0.022933986533120013,0.0,-0.01100000000000001
22.399978637695312,-71.22923920974806,-59.28150907787599,-2.0862265035645304,2.296994621766954,0.03391881788265185,0.022924845584910668,0.0,-0.01100000000000001
22.449978590011597,-71.28663818591964,-59.38355119425607,-2.085030679971594,2.296026192060567,0.024256304795008808,0.02279224627034684,0.0,-0.01100000000000001
22.49997854232788,-71.3427527303281,-59.48392396180526,-2.083869458955301,2.2949435727133096,0.024449809659006616,0.022993847124215556,0.0,-0.01100000000000001
22.549978494644165,-71.39839220466254,-59.58405113140356,-2.0827582459410934,2.2943430886345393,0.023572941945264797,0.022588658054054123,0.0,-0.01100000000000001
22.59997844696045,-71.4532887077712,-59.68291986309975,-2.0816148670493893,2.2933354678226063,0.02338899333488243,0.02270343568074648,0.0,-0.01100000000000001
22.649978399276733,-71.5095266334352,-59.78462181402829,-2.080416785958756,2.292154209625611,0.02671175665568778,0.023307167919005146,0.0,-0.01100000000000001
22.699978351593018,-71.56548182309074,-59.88605821180605,-2.079186446369277,2.2915993950510964,0.02057686802628642,0.023848184682360732,0.0,-0.01100000000000001
22.7499783039093,-71.6209154735285,-59.986948674379484,-2.0779793192634304,2.290825143679553,0.024119909178561882,0.024026771921552448,0.0,-0.01100000000000001
22.799978256225586,-71.67479481904054,-60.085259049944256,-2.076792515789001,2.2899084289749263,0.022047590804703344,0.024077923042394693,0.0,-0.01100000000000001
22.84997820854187,-71.7312444385028,-60.18898373002602,-2.0755348441602557,2.2885898797420228,0.02163019869917494,0.024281378166975034,0.0,-0.01100000000000001
22.899978160858154,-71.78633745606768,-60.290567463073614,-2.074259211135953,2.288476884024772,0.023298197270503345,0.024721119258275734,0.0,-0.01100000000000001
22.94997811317444,-71.84093374575502,-60.39164422843036,-2.073005801588958,2.2884969354807674,0.022288315182408487,0.025019504325526704,0.0,-0.01100000000000001
22.999978065490723,-71.89391295656114,-60.489645133239094,-2.0717334566134347,2.287044955998685,0.01704498546275072,0.025523664344816833,0.0,-0.01100000000000001
23.049978017807007,-71.94980694271722,-60.59323869480058,-2.0703888069109064,2.2869262266709183,0.02087749858649102,0.026049578241064287,0.0,-0.01100000000000001
23.09997797012329,-72.00460997494784,-60.69514309459141,-2.0690974834825435,2.2870826516814393,0.01871280288760956,0.025800767456346393,0.0,-0.01100000000000001
23.149977922439575,-72.05857879538816,-60.795558159014696,-2.0678051336295096,2.2861487995862695,0.0245499658118363,0.025815992409364795,0.0,-0.01100000000000001
23.19997787475586,-72.11288775122665,-60.89698784288563,-2.0665337145044567,2.285983858834536,0.021520951695707554,0.02550676697726924,0.0,-0.01100000000000001
23.249977827072144,-72.1670185575229,-60.998344202876986,-2.0652788727346847,2.285073053673849,0.027674729534469866,0.025100223889547656,0.0,-0.01100000000000001
23.299977779388428,-72.22022665290062,-61.098394577120146,-2.064072564538446,2.2834534971783516,0.02486096096731061,0.024533973178639028,0.0,-0.01100000000000001
23.349977731704712,-72.27386636980717,-61.19944160421519,-2.062865280277176,2.2824597847498285,0.017849538220141792,0.023969369917248854,0.0,-0.01100000000000001
23.399977684020996,-72.3261050245077,-61.298040836244425,-2.0616959260789134,2.282573886402121,0.02059035735225661,0.023703665794275533,0.0,-0.01100000000000001
23.44997763633728,-72.38040094468022,-61.40046042123788,-2.0605019733008985,2.2810997984465557,0.01587799605869234,0.02343821177144567,0.0,-0.01100000000000001
23.499977588653564,-72.43424666065823,-61.50200700521481,-2.059318878616358,2.2794650757182677,0.0203380230607826,0.02337467166246641,0.0,-0.01100000000000001
23.54997754096985,-72.48741991463872,-61.602969235548564,-2.0582121106282885,2.2784809466300002,0.023720559345848224,0.022719530330103387,0.0,-0.01100000000000001
23.599977493286133,-72.53918076502212,-61.7012340655674,-2.0570930766039095,2.278552619515048,0.016102796363042834,0.022359224461307413,0.0,-0.01100000000000001
23.649977445602417,-72.59416853892166,-61.80575431695195,-2.0559111412339086,2.2765694783084096,0.018490307046663483,0.022640713868557392,0.0,-0.01100000000000001
23.6999773979187,-72.64680976682901,-61.90596896582898,-2.0547667327938846,2.2770512917280477,0.023882641305947225,0.022853913902919125,0.0,-0.01100000000000001
23.749977350234985,-72.70023926154241,-62.007739397738355,-2.0535583824193773,2.2758623803214717,0.01726065007273801,0.023339934921600778,0.0,-0.01100000000000001
23.79997730255127,-72.75251708403768,-62.1074754971886,-2.0523477146109013,2.275284609849751,0.013877564758308815,0.02394777130623133,0.0,-0.01100000000000001
23.849977254867554,-72.8063342636068,-62.21027459793146,-2.051080089954092,2.275067124004765,0.009611746673962704,0.02450624978698975,0.0,-0.01100000000000001
23.899977207183838,-72.8591297054784,-62.31141965049325,-2.0498219387080914,2.275350555623434,0.011008312010074683,0.024963999365870806,0.0,-0.01100000000000001
23.949977159500122,-72.91195573640469,-62.41298265156933,-2.0485447157659538,2.274161003652927,0.017183458653313013,0.025248329747814824,0.0,-0.01100000000000001
23.999977111816406,-72.96370693292764,-62.512806956628054,-2.047281188659248,2.2752047824042747,0.018056518357160514,0.025482909859257077,0.0,-0.01100000000000001
24.04997706413269,-73.01705573487052,-62.61532518119614,-2.0459524169007177,2.2752622518512533,0.01563174331356952,0.025933555084342114,0.0,-0.01100000000000001
24.099977016448975,-73.069905183525,-62.71709392975903,-2.0446663797774733,2.275943074267266,0.016403640306321944,0.02570584501141811,0.0,-0.01100000000000001
24.14997696876526,-73.12288618434484,-62.81937096651284,-2.043349156097538,2.276246719448188,0.019335391355509428,0.025889326253314013,0.0,-0.01100000000000001
24.199976921081543,-73.17503191595345,-62.92030614140543,-2.042036182454268,2.2769216459557033,0.01224580742166248,0.025973547727831493,0.0,-0.01100000000000001
24.249976873397827,-73.22744805775339,-63.021992149323765,-2.0407302587774376,2.2779707471698862,0.00714855429639377,0.02594613222159534,0.0,-0.01100000000000001
24.29997682571411,-73.27999227021841,-63.12337360885279,-2.03942885425785,2.2773824086386063,0.009827246004327723,0.025741424515986832,0.0,-0.01100000000000001
24.349976778030396,-73.33163077779427,-63.2235397966795,-2.0381728578456912,2.2765403018161052,-0.0012318051279402217,0.02529348446947221,0.0,-0.01100000000000001
24.39997673034668,-73.38228430682034,-63.32239840439848,-2.0369734339806556,2.2763637265494836,0.013597456118625962,0.024889050199793986,0.0,-0.01100000000000001
24.449976682662964,-73.43529198835165,-63.42595783663766,-2.0357155794370714,2.2750984428748624,0.008324287023721956,0.024482416696571047,0.0,-0.01100000000000001
24.499976634979248,-73.48702026431242,-63.526242939224055,-2.0344690289289726,2.274629027007675,0.0071367140944774525,0.024556003510512712,0.0,-0.01100000000000001
24.549976587295532,-73.53888848287531,-63.62720119532247,-2.033202259217007,2.274151277669121,0.005486670100783703,0.024887788155680712,0.0,-0.01100000000000001
24.599976539611816,-73.5895551504764,-63.726676265514136,-2.032020186126149,2.2722707487550853,0.008410518995632553,0.024517227171209244,0.0,-0.01100000000000001
24.6499764919281,-73.64153725169827,-63.82893470472312,-2.0307631276597395,2.2712047107699656,0.00880122029384077,0.024394410666830867,0.0,-0.01100000000000001
24.699976444244385,-73.69289008160604,-63.930357248891234,-2.0295050289853505,2.2719051598347244,0.0028887236618566035,0.024671916388446676,0.0,-0.01100000000000001
24.74997639656067,-73.74440237695764,-64.03240253351512,-2.0282003407117046,2.272199084780761,0.0017614733577168496,0.02529481235220069,0.0,-0.01100000000000001
24.799976348876953,-73.79449614249239,-64.13217361234267,-2.0269314662749407,2.2717892854545445,-3.555876928798031e-05,0.025777664407168527,0.0,-0.01100000000000001
24.849976301193237,-73.84659557896542,-64.23597045131783,-2.025587379253951,2.2719978005186077,-0.0010382107837716512,0.026062199915941452,0.0,-0.01100000000000001
24.89997625350952,-73.89786786112654,-64.3387266028168,-2.024302857288032,2.272962166711195,-0.0011590965791965471,0.025895855797221173,0.0,-0.01100000000000001
24.949976205825806,-73.94862536013932,-64.44054717708926,-2.0229817637312104,2.272334642156046,-0.001209536821776682,0.025976371595598197,0.0,-0.01100000000000001
24.99997615814209,-73.99807407314586,-64.54044526856818,-2.0217328233044625,2.272425591315449,0.008092634922837579,0.025895443545169438,0.0,-0.01100000000000001
25.049976110458374,-74.0498448405404,-64.64529428743964,-2.0204397147918782,2.2727931384301066,0.011468535060879404,0.025553995315203724,0.0,-0.01100000000000001
25.099976062774658,-74.10005530892838,-64.74719697050737,-2.0191816729895087,2.2727575506292306,0.002673417166662007,0.02522537449559357,0.0,-0.01100000000000001
25.149976015090942,-74.15033207591117,-64.84969474308191,-2.017937987062095,2.2726283748034044,0.0005846407740459094,0.024815947137088262,0.0,-0.01100000000000001
25.199975967407227,-74.20033062228455,-64.9518932128265,-2.0166908398492707,2.273185837511145,-0.0007603996493196147,0.02476918339709574,0.0,-0.01100000000000001
25.24997591972351,-74.25050646888975,-65.05523786896197,-2.0154579655844445,2.272351993873031,-0.0038237280007395948,0.024610694979844996,0.0,-0.01100000000000001
25.299975872039795,-74.29884466877535,-65.1559000467311,-2.0142452129384587,2.2719740927599092,-0.0007234850634584204,0.024498059970432803,0.0,-0.01100000000000001
25.34997582435608,-74.34828471061132,-65.25889653802562,-2.0129865487765564,2.2711343155097956,-0.0016475866256811952,0.02458123294455801,0.0,-0.01100000000000001
25.399975776672363,-74.39609789184314,-65.35895817967634,-2.011811822568091,2.2693595860268068,0.002996789288735211,0.024351456022223814,0.0,-0.01100000000000001
25.449975728988647,-74.44483202301322,-65.46182768601177,-2.010644791606508,2.2694165306433973,0.0011023543847666802,0.02371939278684845,0.0,-0.01100000000000001
25.49997568130493,-74.49311704813286,-65.56426435947489,-2.0094902478187024,2.269176795717936,0.006595581663412998,0.023152379585663626,0.0,-0.01100000000000001
25.549975633621216,-74.54258117438333,-65.66927829511376,-2.008290938622753,2.269106338154965,0.005487815688820787,0.0231114704013834,0.0,-0.01100000000000001
25.5999755859375,-74.59000200862494,-65.77001965604639,-2.0071179006212354,2.2677368807946676,0.0008173927761058114,0.0234210878147274,0.0,-0.01100000000000001
25.649975538253784,-74.63839771770223,-65.87410933452169,-2.005939411670451,2.267183353345005,0.005899299695165132,0.02350944076550158,0.0,-0.01100000000000001
25.69997549057007,-74.68636973361643,-65.97783787671543,-2.0047397050745155,2.2674703528753506,-0.0010831786833746474,0.023569196787030535,0.0,-0.01100000000000001
25.749975442886353,-74.73428142306989,-66.08181842439853,-2.003560912237311,2.266687598243756,-3.095013924945059e-05,0.023416025945281426,0.0,-0.01100000000000001
25.799975395202637,-74.78072260679464,-66.18261365066606,-2.0023906671694447,2.2666220337658984,0.0020815334244696825,0.023693099061583543,0.0,-0.01100000000000001
25.84997534751892,-74.82911135053493,-66.2884347410597,-2.001164052369871,2.267486744941855,0.004365670909945278,0.02391642655237177,0.0,-0.01100000000000001
25.899975299835205,-74.8762475819832,-66.39202637504027,-1.9999526963360779,2.2669384161980743,0.004136444425830966,0.02406905306979567,0.0,-0.01100000000000001
25.94997525215149,-74.92333498676287,-66.49552449313904,-1.9987139961909046,2.266310457028853,0.010444333917458392,0.02441145439975239,0.0,-0.01100000000000001
25.999975204467773,-74.96988826411032,-66.59785090018283,-1.9974715563459682,2.26660619005154,0.010386384894093808,0.02482189885082004,0.0,-0.01100000000000001
26.049975156784058,-75.01720818029553,-66.70321793540782,-1.9962368633356957,2.266400449353038,0.005859371318914611,0.024572459498607226,0.0,-0.01100000000000001
26.099975109100342,-75.06316419504017,-66.80591579940105,-1.9949983196752126,2.2667631145406513,0.005544287504047421,0.02454955514125292,0.0,-0.01100000000000001
26.149975061416626,-75.10993276019731,-66.91053103510305,-1.9937391938671865,2.2665147970332145,-0.0009639426017718222,0.02480659218028837,0.0,-0.01100000000000001
26.19997501373291,-75.1555762022363,-67.01269035646317,-1.9924970869729484,2.2664466175593034,0.004497695984108829,0.0250785372955091,0.0,-0.01100000000000001
26.249974966049194,-75.20214953951754,-67.11740269437094,-1.9912356718660873,2.265244211282629,0.002147154560850577,0.024991742967447078,0.0,-0.01100000000000001
26.29997491836548,-75.24707169129242,-67.21919625953642,-1.9899837222300545,2.264816836637012,0.0068267847032839005,0.025147203608012064,0.0,-0.01100000000000001
26.349974870681763,-75.2933569677575,-67.32401226803441,-1.98866978486876,2.2646525767899908,0.005255865185015487,0.0252380874375445,0.0,-0.01100000000000001
26.399974822998047,-75.33751949222184,-67.42446190773371,-1.9874497881853999,2.263124062708479,0.008940681629543784,0.02532158769680289,0.0,-0.01100000000000001
26.44997477531433,-75.38410889088262,-67.53074286844594,-1.9861045816424874,2.2630248645652205,0.003684256140452915,0.02541203781089691,0.0,-0.01100000000000001
26.499974727630615,-75.4285467546072,-67.63284323882529,-1.9848474078765814,2.262273976816266,0.008354009561124436,0.025702109470237253,0.0,-0.01100000000000001
26.5499746799469,-75.47456911962533,-67.73867725324551,-1.983543934752189,2.261768675325914,0.0015568997350290555,0.025392830304268147,0.0,-0.01100000000000001
26.599974632263184,-75.51928085382386,-67.8414561345597,-1.9822723509123823,2.26124035937,0.00742941489444922,0.025607584051162258,0.0,-0.01100000000000001
26.649974584579468,-75.56517054141705,-67.94711800698194,-1.980953320332357,2.261401231376049,0.0030854367716368976,0.025599804891528764,0.0,-0.01100000000000001
26.699974536895752,-75.61010230555993,-68.05076654362216,-1.9796683304017286,2.261341505286002,-0.002534191423699002,0.02564981430560865,0.0,-0.01100000000000001
26.749974489212036,-75.65539012177695,-68.15540610336075,-1.9783950484834332,2.26079470407139,-5.2849151820839966e-05,0.02542722291557672,0.0,-0.01100000000000001
26.79997444152832,-75.69950564104623,-68.25729181165049,-1.9771315698794658,2.260945091910652,0.002034619838081938,0.025366360598230164,0.0,-0.01100000000000001
26.849974393844604,-75.74447810676153,-68.36136618770676,-1.9758357522783283,2.260968388938207,-0.0005405674748828818,0.025649966231741414,0.0,-0.01100000000000001
26.89997434616089,-75.78971848852379,-68.4662343076438,-1.9745204895911443,2.2603938865342856,0.005792680070181654,0.025729208102753802,0.0,-0.01100000000000001
26.949974298477173,-75.83485322181807,-68.57101131334491,-1.973197297358341,2.2606725953229687,0.0026765967803741735,0.02600222500559775,0.0,-0.01100000000000001
26.999974250793457,-75.87899638760197,-68.67369217551096,-1.9718957955252134,2.261144200061107,0.0016593874996677026,0.026104355958189395,0.0,-0.01100000000000001
27.04997420310974,-75.92466107153768,-68.77994106973861,-1.9705482486673533,2.260505445176162,-0.0034188671084154384,0.026221257815593115,0.0,-0.01100000000000001
27.099974155426025,-75.9694519664563,-68.88418779903552,-1.969194296718161,2.260001739568997,-0.003733310300675559,0.026492427936232223,0.0,-0.01100000000000001
27.14997410774231,-76.01377844770859,-68.98775611306822,-1.9678517856715412,2.2599457433675343,0.0004805365536666886,0.02684706349668823,0.0,-0.01100000000000001
27.199974060058594,-76.05783159145189,-69.09118212261193,-1.9665283899967252,2.259390163441531,-0.0008970820960037936,0.02671098889292649,0.0,-0.01100000000000001
27.249974012374878,-76.10308610751525,-69.19746364289803,-1.9651349863380658,2.2582709441485416,-0.0025762796929281497,0.026795273491477038,0.0,-0.01100000000000001
27.299973964691162,-76.14594428670445,-69.2981927433446,-1.9638309797116982,2.2584529080472047,0.0041771771636007985,0.02689060075509129,0.0,-0.01100000000000001
27.349973917007446,-76.19073484376591,-69.40407664619357,-1.9624815041998154,2.2567370141323573,0.006614139577203303,0.02652953424181746,0.0,-0.01100000000000001
27.39997386932373,-76.23346955925778,-69.50543367939233,-1.961172147475868,2.2559490762274677,-0.0022844943973195425,0.026430185038723155,0.0,-0.01100000000000001
27.449973821640015,-76.27795454611334,-69.61070772557001,-1.9598165263600762,2.2553003371174722,0.00240122782776974,0.026579597538211704,0.0,-0.01100000000000001
27.4999737739563,-76.32208958144864,-69.71538529688485,-1.9584932946434326,2.2544694901091185,0.0005938557044691609,0.026395035777545036,0.0,-0.01100000000000001
27.549973726272583,-76.36550904713542,-69.81902505956303,-1.9572011280449795,2.2533340602930085,0.0015751883730529253,0.02610223503335161,0.0,-0.01100000000000001
27.599973678588867,-76.40796909128467,-69.92085358373878,-1.9559377030727212,2.253068322828492,0.006653704500002635,0.02593786916497717,0.0,-0.01100000000000001
27.64997363090515,-76.45205200241482,-70.02709052841135,-1.9546530778125109,2.2532373471583647,0.00660580325116155,0.025356185970660607,0.0,-0.01100000000000001
27.699973583221436,-76.49520046672899,-70.13179490041728,-1.9534274300593109,2.2529319210871885,0.01154768595737982,0.02480709145971313,0.0,-0.01100000000000001
27.74997353553772,-76.53803546409308,-70.23596252852991,-1.9521704891117269,2.2529871464486413,0.011042895548311678,0.02493486468786657,0.0,-0.01100000000000001
27.799973487854004,-76.57994719742827,-70.3384343684087,-1.950932913573156,2.253227496451555,0.00573414637064024,0.025055294994289417,0.0,-0.01100000000000001
27.849973440170288,-76.62341330482754,-70.44554288535936,-1.9496255995690073,2.252424721924398,0.0037193021347612133,0.025225027989771956,0.0,-0.01100000000000001
27.899973392486572,-76.66510200283359,-70.54900702059658,-1.948362008277752,2.252226628579233,0.003116004214273471,0.02539249080861805,0.0,-0.01100000000000001
27.949973344802856,-76.7073643078937,-70.65427202540212,-1.9470597528569933,2.252122301390295,0.0032986025755452676,0.02564021514173603,0.0,-0.01100000000000001
27.99997329711914,-76.7486789996492,-70.75760361201529,-1.9457780006406749,2.2523379902192753,0.0077701225933451135,0.025923313986367914,0.0,-0.0040000000000000036
28.049973249435425,-76.79107062774051,-70.86413361731233,-1.9444226059080674,2.2517917289186578,0.005592429807580233,0.026282386589228816,0.0,-0.0040000000000000036
28.09997320175171,-76.83252658911233,-70.9689978925658,-1.943107629663453,2.2514974146693154,0.0029150625516912517,0.02626270910358743,0.0,0.0030000000000000027
28.149973154067993,-76.87356575009098,-71.07302071788949,-1.9417948506803238,2.2504705351053764,0.006014461629812121,0.02643367070308748,0.0,0.0030000000000000027
28.199973106384277,-76.91462160598617,-71.17723125391285,-1.9404651258891539,2.24966127638436,0.006478450228240944,0.02650758159362476,0.0,0.009000000000000008
28.24997305870056,-76.95629210870173,-71.28356838987362,-1.9391308245683918,2.2491181791932866,-0.005666754300097542,0.026306543941862118,0.0,0.009000000000000008
28.299973011016846,-76.99711177087602,-71.38857045720358,-1.9378240897719707,2.247577143271903,0.0036760003319741045,0.02615228369593244,0.0,0.016000000000000014
28.34997296333313,-77.03728790283203,-71.4922856976909,-1.936571931259226,2.243823951681787,0.0037376165258984715,0.02566721791249525,0.0,0.016000000000000014
28.399972915649414,-77.07658461937021,-71.59382812795168,-1.9353471371344397,2.2407138560128095,-0.0022202556524831022,0.025088246975957473,0.0,0.02300000000000002
28.4499728679657,-77.11749084445096,-71.70070749768729,-1.9341256200064916,2.238022728543921,0.0011348348554573598,0.02444319704380503,0.0,0.02300000000000002
28.499972820281982,-77.15755943812145,-71.80540752519043,-1.9328687282585573,2.235705369368524,0.001244878777064651,0.024432598205171685,0.0,0.029000000000000026
28.549972772598267,-77.19722544870288,-71.9098128423228,-1.9317018281214509,2.2326862679906565,0.011615207624147141,0.024157821363792582,0.0,0.029000000000000026
28.59997272491455,-77.23645713572277,-72.01314428372135,-1.9305398362014883,2.231272100677739,0.0028071462132085315,0.023530251476929123,0.0020000000000000018,0.03600000000000003
28.649972677230835,-77.2767505705171,-72.11951444966704,-1.92935125006984,2.228886405312204,0.004211763175030865,0.02325056401983165,0.0020000000000000018,0.03600000000000003
28.69997262954712,-77.31624199194404,-72.22386788054641,-1.9281748606844622,2.2250338727993397,0.004367678850829248,0.02340257128320214,0.0040000000000000036,0.04300000000000004
28.749972581863403,-77.35578950692641,-72.32878363384317,-1.9270270641023155,2.2211817920942094,-0.0008564654548006282,0.022992020749434114,0.0040000000000000036,0.04300000000000004
28.799972534179688,-77.39394817937492,-72.43038818001713,-1.9259505888282134,2.217963155823733,-0.0026622839139391246,0.022419038476726515,0.0050000000000000044,0.049000000000000044
28.84997248649597,-77.43321808972908,-72.53624167463323,-1.9248256123301253,2.2148246758633157,-0.0022809848861461307,0.022144122346801114,0.0050000000000000044,0.049000000000000044
28.899972438812256,-77.47108730740017,-72.63923985357091,-1.9237550134971044,2.2115981299422813,0.001970865071107362,0.021881517691241872,0.007000000000000006,0.05600000000000005
28.94997239112854,-77.50979798427981,-72.74462136779263,-1.9226808279178798,2.206235818796312,0.007323458224856595,0.021568216115419498,0.007000000000000006,0.05600000000000005
28.999972343444824,-77.5473395027409,-72.84671741046073,-1.9216386827177718,2.2003403490280062,0.006334597404205748,0.021186623800318237,0.009000000000000008,0.06299999999999994
29.04997229576111,-77.58609168341322,-72.95297777305812,-1.9205184966649256,2.194694788554548,0.005054706114244313,0.02120798015602195,0.009000000000000008,0.06299999999999994
29.099972248077393,-77.62261085413806,-73.05394285913103,-1.919466326457544,2.1901906588013564,-0.00024284010330867132,0.021298663548376923,0.010000000000000009,0.06899999999999995
29.149972200393677,-77.66064869671548,-73.1589725953958,-1.9183561473347261,2.184870335755581,0.000587808362927259,0.021566781476310932,0.010000000000000009,0.06899999999999995
29.19997215270996,-77.69756515742309,-73.26060575598414,-1.9172420339655545,2.1800121339155747,-0.00299822947168567,0.021830980319817228,0.01200000000000001,0.07599999999999996
29.249972105026245,-77.73491179038301,-73.36410321821069,-1.9161437670113726,2.1756615306054803,-0.003689826754511629,0.02187373288863707,0.01200000000000001,0.07599999999999996
29.29997205734253,-77.77143356607017,-73.46648820820172,-1.9150507806911639,2.1700435730748002,-0.006304214426914742,0.021809622426529937,0.013000000000000012,0.08299999999999996
29.349972009658813,-77.808096954988,-73.56945497929217,-1.9140046923259075,2.1627881630033574,0.001334518793301008,0.02119435864057248,0.013000000000000012,0.08299999999999996
29.399971961975098,-77.84349709919923,-73.6688032800693,-1.9130017039974283,2.1565220552373585,0.002946889193911793,0.02074788563208644,0.015000000000000013,0.08899999999999997
29.449971914291382,-77.88022593032797,-73.77268480721204,-1.9119909546407179,2.151619513795854,0.006607029041146644,0.02018601064736725,0.015000000000000013,0.08899999999999997
29.499971866607666,-77.91652615564404,-73.87570127959575,-1.911026053081991,2.1470415438780837,0.0004860139783755939,0.019452693109369406,0.016000000000000014,0.09599999999999997
29.54997181892395,-77.95214091806953,-73.97649200720554,-1.9100995254203312,2.1420152152163934,-0.0016007620724155982,0.018722079226854097,0.016000000000000014,0.09599999999999997
29.599971771240234,-77.9871669340378,-74.07583897006822,-1.9092551863521119,2.136284339501453,-0.003136409864114395,0.01786129484396327,0.018000000000000016,0.10299999999999998
29.64997172355652,-78.02356726015701,-74.17966726750171,-1.9083861227400096,2.1307972778936337,0.0001604821261834465,0.017128383946831225,0.018000000000000016,0.10299999999999998
29.699971675872803,-78.0592741291361,-74.2818642787219,-1.9075433420072716,2.1258597764800693,-0.0009739601316313841,0.016814386727285385,0.020000000000000018,0.10899999999999999
29.749971628189087,-78.0944102840152,-74.38249082662931,-1.9067410142248964,2.1215363819431965,-0.0010725499975173776,0.0164333598936992,0.020000000000000018,0.10899999999999999
29.79997158050537,-78.1291588517355,-74.48165895154142,-1.9059201605035303,2.1171867960356723,-0.00036286046348762285,0.016408213744217245,0.02100000000000002,0.11599999999999999
29.849971532821655,-78.16482447399225,-74.58486051712921,-1.9051325309916958,2.114845780193939,0.004017192713801866,0.016131731750081365,0.02100000000000002,0.11599999999999999
29.89997148513794,-78.19932049046058,-74.6852650649407,-1.9043900323693883,2.1120183947459306,0.010612372217350008,0.0154558976706043,0.02300000000000002,0.123
29.949971437454224,-78.23394011909721,-74.7858293333818,-1.9036571835648322,2.1088555812765764,0.007089390615332324,0.014937580873604387,0.02300000000000002,0.123
29.999971389770508,-78.26788755574587,-74.88438420282134,-1.9029629101332188,2.1057853360561505,0.004782352692989899,0.014479469981442566,0.02300000000000002,0.123
30.049971342086792,-78.30269783687491,-74.98624900958812,-1.9022865540404867,2.103773725112921,0.0013834386746558879,0.013900270364183962,0.02300000000000002,0.123
30.099971294403076,-78.33710598888509,-75.08732641749516,-1.901660705107795,2.1015040787114563,0.008629983913326218,0.013239979692291737,0.02300000000000002,0.123
30.14997124671936,-78.37101269043106,-75.18679508877048,-1.9010823462754733,2.0996498668605454,-0.00026730007738435223,0.012281071845321886,0.02300000000000002,0.123
30.199971199035645,-78.40426353645276,-75.28441621642295,-1.9005775275841204,2.0977606660737345,0.005355292104661706,0.011304094430219494,0.02300000000000002,0.123
30.24997115135193,-78.43892358872107,-75.38607235101665,-1.9000636717977244,2.0949462294170997,0.0033095579204874504,0.010518889327142967,0.02300000000000002,0.123
30.299971103668213,-78.47164039489783,-75.48263527212022,-1.8996101755753139,2.0924106264612665,0.001367972473638233,0.009923625608431711,0.02300000000000002,0.123
30.349971055984497,-78.50554043611747,-75.58221336225526,-1.8991567025308105,2.090582540123016,0.003595828335156079,0.009518504536829902,0.02300000000000002,0.123
30.39997100830078,-78.53842505066078,-75.67872235184724,-1.8987696661151057,2.088691892858683,0.004872311519556475,0.008729453263005513,0.02300000000000002,0.123
30.449970960617065,-78.57236470700283,-75.77905412234173,-1.8984331840438797,2.0879701201060845,0.003682022573789367,0.007588612610485286,0.02300000000000002,0.123
30.49997091293335,-78.60579916662107,-75.87800739407736,-1.8981240141020392,2.0872773186216,0.003725366103312365,0.006653415180536538,0.02300000000000002,0.123
30.549970865249634,-78.63889195401408,-75.97568560717282,-1.8978519947365828,2.0861889837807195,0.002166932512955079,0.006042847369591513,0.02300000000000002,0.123
30.599970817565918,-78.67162402467801,-76.07219178522381,-1.8976197099876864,2.0857621528510144,0.006623773774358561,0.005459944827517414,0.02300000000000002,0.123
30.649970769882202,-78.70525229052093,-76.1715555340373,-1.8973740596593764,2.0842018907012294,-0.0005335881989201917,0.0050509059749739285,0.02300000000000002,0.123
30.699970722198486,-78.73820992282724,-76.26928540051732,-1.8971651077494234,2.0835821072294296,0.002282301837750839,0.004773809242861264,0.02300000000000002,0.123
30.74997067451477,-78.77171015234013,-76.36813999393898,-1.8969407558324032,2.082931943193863,0.005296083058229711,0.004558711463327074,0.02300000000000002,0.123
30.799970626831055,-78.8045435679066,-76.46501299008104,-1.8967536209584444,2.0825652075542753,0.0065129380845751084,0.004295506878651454,0.02300000000000002,0.123
30.84997057914734,-78.83816843608157,-76.56491299088839,-1.8965801814871617,2.0810501561720676,0.004171742457295831,0.0037975954644947066,0.02300000000000002,0.123
30.899970531463623,-78.87143522420507,-76.66371247398142,-1.896401755688167,2.0807412316767584,0.005198783044941497,0.003730997601701955,0.02300000000000002,0.123
30.949970483779907,-78.9040554608029,-76.76073716310101,-1.8962994896125682,2.0795989982011074,0.004908384044272217,0.003088159042904256,0.02300000000000002,0.123
30.99997043609619,-78.9365370871001,-76.85717646165583,-1.8962306546305376,2.078775450331369,0.00021171424826748643,0.0019346854301429954,0.02300000000000002,0.123
31.049970388412476,-78.970095984585,-76.9570904810752,-1.8962184398235151,2.0774072815916327,0.0026234268989053415,0.0009970730044993946,0.02300000000000002,0.123
31.09997034072876,-79.00322540838069,-77.05576893502227,-1.8962514297363966,2.076026280100311,0.008425497806742692,0.00013889630859302115,0.02300000000000002,0.123
31.149970293045044,-79.03568055413699,-77.15237037195733,-1.8963353038739224,2.073882451022782,0.0032837323758858634,-0.0008579674547501708,0.02300000000000002,0.123
31.199970245361328,-79.06821040723689,-77.24888716666408,-1.8964437526558826,2.0727984197464515,0.010372290429971065,-0.0016754762834953092,0.02300000000000002,0.123
31.249970197677612,-79.10158642063242,-77.34796158668236,-1.8966195966794743,2.0706717300647974,0.014425994855496806,-0.0024971356161220264,0.02300000000000002,0.123
31.299970149993896,-79.13433394484855,-77.44454459158696,-1.896806625498095,2.068033938325121,0.009465622507257833,-0.003298051181039687,0.02300000000000002,0.123
31.34997010231018,-79.16735615496685,-77.54167444860923,-1.8970061358222567,2.065983413068597,0.01227146912027904,-0.00359508800336693,0.02300000000000002,0.123
31.399970054626465,-79.19948733738491,-77.63602975721483,-1.8972013091941764,2.0638098779691374,0.011099500301500495,-0.0037036560173902364,0.02300000000000002,0.123
31.44997000694275,-79.23270094375899,-77.73372982960194,-1.8974187131617697,2.0618100041951117,0.008228943788333113,-0.003990217056946386,0.02300000000000002,0.123
31.499969959259033,-79.26543326983169,-77.83010373819346,-1.8976489836782209,2.059756528220956,0.005219858278467617,-0.004351995719518525,0.02300000000000002,0.123
31.549969911575317,-79.29892899326605,-77.92837473445596,-1.8978679701256347,2.0575118731717352,0.00898761859710329,-0.004190283544649627,0.02300000000000002,0.123
31.5999698638916,-79.33123258131675,-78.02299181592662,-1.8980833832637554,2.05571403326981,0.009976332427232601,-0.0041215914939481645,0.02300000000000002,0.123
31.649969816207886,-79.3648247759475,-78.12238286533764,-1.8983670820445444,2.0537280396991227,0.010689915071117531,-0.004571912635547711,0.02300000000000002,0.123
31.69996976852417,-79.39729316694707,-78.21854851988138,-1.8986370004984323,2.0519515787582923,0.014244292457598904,-0.00506694005150387,0.02300000000000002,0.123
31.749969720840454,-79.42986629373665,-78.31509968423077,-1.898960825546694,2.0504707945373193,0.011597781435336728,-0.005749293011944462,0.02300000000000002,0.123
31.79996967315674,-79.46216779123723,-78.41067152661664,-1.8993059880193386,2.0498499885077766,0.012872466927863258,-0.006401410537561661,0.02300000000000002,0.123
31.849969625473022,-79.49477379760661,-78.50704593602218,-1.899696208059382,2.0487298711582507,0.01911600061693907,-0.006999787591705431,0.02300000000000002,0.123
31.899969577789307,-79.52813976242858,-78.6053846671459,-1.9001108022476088,2.0474437085221213,0.021533335304037927,-0.007695378256965185,0.02300000000000002,0.123
31.94996953010559,-79.56113189818241,-78.70256361632066,-1.9005542518870722,2.0456656218897264,0.01950464178067615,-0.008294163855683037,0.02300000000000002,0.123
31.999969482421875,-79.59321106137938,-78.79690395899685,-1.9009853026563743,2.0431776185729453,0.015496567551002831,-0.008662615676367603,0.02300000000000002,0.123
32.04996943473816,-79.6262397856091,-78.8944879570191,-1.901439583119277,2.041742163709851,0.01711660578131944,-0.008823040010291053,0.02300000000000002,0.123
32.09996938705444,-79.65910572678882,-78.99197841828098,-1.9019267024204265,2.0392149636559997,0.013381081301331251,-0.009047985593363589,0.02300000000000002,0.123
32.14996933937073,-79.69147844902452,-79.08795098307294,-1.902447007474162,2.0367590459087253,0.019863753260216107,-0.009529854642925717,0.02300000000000002,0.123
32.19996929168701,-79.72345707761558,-79.18254605599235,-1.9029868169840427,2.035100215966024,0.026171974490360964,-0.010240150532221071,0.02300000000000002,0.123
32.249969244003296,-79.75679442631255,-79.280908213646,-1.9035485690139837,2.0333569337910116,0.026413256010554133,-0.010679928521468015,0.02300000000000002,0.123
32.29996919631958,-79.78931235849568,-79.37732540598645,-1.9041282950401472,2.0314097724632996,0.023292455168729267,-0.011050266337639388,0.02300000000000002,0.123
32.349969148635864,-79.82082901855202,-79.4705880005382,-1.9047494409758414,2.0289124789044064,0.02701426436745658,-0.011666487734824229,0.02300000000000002,0.123
32.39996910095215,-79.85325166716085,-79.56579177099881,-1.9053702612082812,2.026914314558697,0.022532865542357842,-0.012338382559898504,0.02300000000000002,0.123
32.44996905326843,-79.88647837910055,-79.66397278610896,-1.9060612136552428,2.024919464886974,0.020465491199884167,-0.012751428519870602,0.02300000000000002,0.123
32.49996900558472,-79.91882617168167,-79.75951658040356,-1.9067425786470495,2.023567928835973,0.01756794010485656,-0.01332084229825644,0.02300000000000002,0.123
32.549968957901,-79.95114857412153,-79.85490850528781,-1.9074782124832779,2.0214352657385803,0.022221518560549623,-0.013784422599813745,0.02300000000000002,0.123
32.599968910217285,-79.98341344817867,-79.94940940215982,-1.9081885303868835,2.0190032663413127,0.019557109999044853,-0.01409893239366249,0.02300000000000002,0.123
32.64996886253357,-80.01633883108717,-80.04627122579268,-1.9089325193771705,2.0175190307305475,0.02351228581905116,-0.014308014026055957,0.02300000000000002,0.123
32.69996881484985,-80.04880207024947,-80.14164685496536,-1.9096537158762648,2.015300217230393,0.0271268982971735,-0.014219892160571243,0.02300000000000002,0.123
32.74996876716614,-80.08092758511457,-80.23562342753662,-1.9103869515991325,2.01336072262757,0.024445396576041167,-0.014497750560372976,0.02300000000000002,0.123
32.79996871948242,-80.11338958398932,-80.3303161023631,-1.9111612524743224,2.0110369080601633,0.024178412721082225,-0.014977749536479908,0.02300000000000002,0.123
32.849968671798706,-80.14672598313331,-80.42716351945212,-1.9119451299189696,2.009340907744036,0.020341773030907548,-0.015350663582916898,0.02300000000000002,0.123
32.89996862411499,-80.17888097818161,-80.52085969246819,-1.912776703086723,2.0077191600203976,0.02866046929745081,-0.015797347476026354,0.02300000000000002,0.123
32.949968576431274,-80.21228994043692,-80.61730705618226,-1.9136007138355553,2.0061025801264005,0.022901453505008405,-0.016201137276347595,0.02300000000000002,0.123
32.99996852874756,-80.24465827573917,-80.71035930474088,-1.9144176612869348,2.005013510249109,0.0175947531447634,-0.016522927680487035,0.02300000000000002,0.123
33.04996848106384,-80.27874082152816,-80.8081994330293,-1.9153313207770888,2.003227511974951,0.021466456082805625,-0.016939264783825167,0.02300000000000002,0.123
33.09996843338013,-80.31201781454058,-80.90314168240319,-1.91621812161807,2.0026659499884323,0.020826832939788854,-0.017475324573862864,0.02300000000000002,0.123
33.14996838569641,-80.34537673245666,-80.99806117573645,-1.9171404870043744,2.001681856452317,0.030557898664572414,-0.017720865850292422,0.02300000000000002,0.123
33.199968338012695,-80.37842020273564,-81.09179152298,-1.9180932468499852,2.000748788638714,0.03584220825050305,-0.018536498858657515,0.02300000000000002,0.123
33.24996829032898,-80.41229277485186,-81.18747689938988,-1.9190749838011762,1.9991046922955071,0.026937715654878222,-0.01921014727286086,0.02300000000000002,0.123
33.299968242645264,-80.44525658755323,-81.28084575103308,-1.9200952489189231,1.9983138257758366,0.03409415393050642,-0.01981398609332195,0.02300000000000002,0.123
33.34996819496155,-80.47850295365421,-81.37470857972978,-1.9211366928542277,1.9972188346734878,0.02727392797933686,-0.020562425636007357,0.02300000000000002,0.123
33.39996814727783,-80.51156836938327,-81.4680705512317,-1.922208635883588,1.9963770754369565,0.03209528994403942,-0.02117045483174521,0.02300000000000002,0.123
33.449968099594116,-80.54512599679626,-81.56248522270678,-1.9232813499258972,1.9950131083727851,0.028211820377405036,-0.02146421100192246,0.02300000000000002,0.123
33.4999680519104,-80.57962561720183,-81.65931889127458,-1.9243799780285864,1.9939277800252302,0.03693397895167259,-0.021340488020177854,0.02300000000000002,0.123
33.549968004226685,-80.61276717158457,-81.75238700357234,-1.9254617332864754,1.9927812899048216,0.03404700336487354,-0.021527477641039437,0.02300000000000002,0.123
33.59996795654297,-80.64585157869223,-81.84524336021721,-1.9265564834403797,1.9918985617832,0.037450401629824354,-0.021857712461092194,0.02300000000000002,0.123
33.64996790885925,-80.68049603445647,-81.9421086482769,-1.927643039393412,1.9907193123044165,0.041188374759781377,-0.021513608453974008,0.02300000000000002,0.123
33.69996786117554,-80.71344305156548,-82.03476665961783,-1.9287557319400837,1.9898950450853068,0.04890745186530395,-0.021788869050350726,0.02300000000000002,0.123
33.74996781349182,-80.74716106474482,-82.1292872084181,-1.929887003043608,1.9889962575309879,0.04789457128399076,-0.02238885223395882,0.02300000000000002,0.123
33.799967765808105,-80.78086840786409,-82.22375282222482,-1.9310513703242864,1.9880167837912988,0.04324651114889923,-0.022928733104975892,0.02300000000000002,0.123
33.84996771812439,-80.81506137748639,-82.3197055836338,-1.9322403051143895,1.9877202475661402,0.04753543484361718,-0.023148861367053294,0.02300000000000002,0.123
33.899967670440674,-80.84855594703073,-82.41381507126992,-1.9334237723465293,1.9878747022725485,0.05358478015427322,-0.02344256259485188,0.02300000000000002,0.123
33.94996762275696,-80.88218522614024,-82.5076950748591,-1.9345767411479422,1.9878711976403172,0.04702397628255494,-0.02343641031067584,0.02300000000000002,0.123
33.99996757507324,-80.91574291022532,-82.60108961014237,-1.9357389564183136,1.9875875542287875,0.051149726939332,-0.02334671276307208,0.02300000000000002,0.123
34.049967527389526,-80.94968272404908,-82.69563103674346,-1.9369285494763395,1.9867871675398612,0.04942152283630503,-0.02352685725575615,0.02300000000000002,0.123
34.09996747970581,-80.98396068314734,-82.79059498434916,-1.9381047720574889,1.9869495179663383,0.04934926669902111,-0.02339693250201954,0.02300000000000002,0.123
34.149967432022095,-81.01868633229124,-82.88670020303601,-1.9393575598397779,1.986499045117799,0.05374779985190874,-0.023825067887324757,0.02300000000000002,0.123
34.19996738433838,-81.0523669944802,-82.97914878729031,-1.9405435184566113,1.985797510864943,0.04870881260214619,-0.024143855681236323,0.02300000000000002,0.123
34.24996733665466,-81.08685967294794,-83.07390584694711,-1.941835087880679,1.9854043748857844,0.053696075701582,-0.02469363399095049,0.02300000000000002,0.123
34.29996728897095,-81.12092024444019,-83.16683168681998,-1.943095007509548,1.9846356382489538,0.05228227693941361,-0.02510611978574835,0.02300000000000002,0.123
34.34996724128723,-81.15515054930437,-83.2598248036117,-1.9443595223656145,1.9833189714049404,0.04925379526150926,-0.025271425720712185,0.02300000000000002,0.123
34.399967193603516,-81.18966370076474,-83.35320569608449,-1.945639101423095,1.983055655151307,0.051124671395202756,-0.025237472456986387,0.02300000000000002,0.123
34.4499671459198,-81.2245090212154,-83.44775875627825,-1.946967344081563,1.9828660655352304,0.054724899729845025,-0.025536008721466052,0.02300000000000002,0.123
34.499967098236084,-81.2590924070139,-83.54125815710165,-1.94825943337299,1.9822814767139552,0.050534179882510556,-0.025821122909014883,0.02300000000000002,0.123
34.54996705055237,-81.29388542088356,-83.63492909335713,-1.9495753928966437,1.9823320798264814,0.055598109666463405,-0.02586099227227488,0.02300000000000002,0.123
34.59996700286865,-81.32892151261498,-83.72872435675849,-1.9508948837264242,1.981117642513558,0.052664487099136716,-0.026018919915491122,0.02300000000000002,0.123
34.64996695518494,-81.36452172442482,-83.82418135052575,-1.9522457491813385,1.9809052030478371,0.056100092668312465,-0.026171847470783015,0.02300000000000002,0.123
34.69996690750122,-81.39879464714943,-83.91595107928282,-1.953557187261723,1.9810198689709813,0.05127657261682339,-0.026443650810470773,0.02300000000000002,0.123
34.749966859817505,-81.4340552400168,-84.01002455648798,-1.9549363955770191,1.9806122167313207,0.05521643156357748,-0.026731479966690834,0.02300000000000002,0.123
34.79996681213379,-81.46898555485541,-84.10269870499589,-1.956299991340111,1.9798272401195565,0.05356703196923708,-0.027171732269433792,0.02300000000000002,0.123
34.84996676445007,-81.50430319612089,-84.19624265276573,-1.9576650235788777,1.9795205465228691,0.06009367462192552,-0.027025534636327373,0.02300000000000002,0.123
34.89996671676636,-81.53986357772425,-84.290549236441,-1.9590831876117494,1.9789185131159046,0.06003295251478306,-0.027416547803216954,0.02300000000000002,0.123
34.94996666908264,-81.57482170587383,-84.38257410648016,-1.9604479407506088,1.9777912387798953,0.05883816652377132,-0.027569699888683442,0.02300000000000002,0.123
34.999966621398926,-81.61038024427828,-84.47589436063429,-1.9618643914801797,1.9773747131706487,0.0638756485707583,-0.027767353484822534,0.02300000000000002,0.123
35.04996657371521,-81.64613563588313,-84.56939885325819,-1.9632779486326095,1.977231477201892,0.05951140695191898,-0.02804128467236694,0.02300000000000002,0.123
35.099966526031494,-81.68186909811837,-84.66253089904785,-1.964693812537425,1.977222130267475,0.061689894878017064,-0.02811248425859958,0.02300000000000002,0.123
35.14996647834778,-81.71772963977332,-84.75541411433251,-1.9661113259771847,1.9774383190085936,0.06560473355981261,-0.028139827855611668,0.02300000000000002,0.123
35.19996643066406,-81.753957529729,-84.84888045909709,-1.9675737928425736,1.9765509459155968,0.06049829041728889,-0.028476488181025984,0.02300000000000002,0.123
35.24996638298035,-81.78974715341482,-84.94107645713946,-1.9690599949312941,1.976174402891374,0.060368883164246254,-0.029238421732009374,0.02300000000000002,0.123
35.29996633529663,-81.82548047682893,-85.0330588439792,-1.9705262836803823,1.9761486221671762,0.05860543526119251,-0.029364670308527418,0.02300000000000002,0.123
35.349966287612915,-81.86181950795438,-85.12589297840907,-1.9720238765802742,1.9755156261418496,0.05808078688222477,-0.029333317182959798,0.02300000000000002,0.123
35.3999662399292,-81.89789014599019,-85.2175562246854,-1.9735375984525545,1.974467023586134,0.05930010146301917,-0.0296797140786854,0.02300000000000002,0.123
35.44996619224548,-81.93399413525049,-85.30932611057075,-1.975058027139278,1.9738630019667995,0.057596066480399395,-0.030215396493443392,0.02300000000000002,0.123
35.49996614456177,-81.97051347336495,-85.40198097369768,-1.9766200283457198,1.973636384650821,0.06278840990259557,-0.030524024083308773,0.02300000000000002,0.123
35.54996609687805,-82.00738546305875,-85.49474700769612,-1.978179906987194,1.9733904689766495,0.05833803155252136,-0.030931671419291918,0.02300000000000002,0.123
35.599966049194336,-82.04405301160868,-85.586310563197,-1.9797259006279229,1.9731868334989253,0.05950129317449524,-0.030895265284660467,0.02300000000000002,0.123
35.64996600151062,-82.08087552774491,-85.67820657258316,-1.9812747007426703,1.9724314754135377,0.057861899449259374,-0.030923185309072322,0.02300000000000002,0.123
35.699965953826904,-82.11814042821608,-85.77127169288791,-1.9828985719933103,1.9713986542930386,0.05627602741371037,-0.031492191446809634,0.02300000000000002,0.123
35.74996590614319,-82.1552342886648,-85.86318950866199,-1.984508141498331,1.9711177325575964,0.059967920518602696,-0.031772918309613034,0.02300000000000002,0.123
35.79996585845947,-82.19247865707594,-85.95492589658296,-1.986148444088971,1.9707018764335276,0.060346245655694734,-0.032328120537153233,0.02300000000000002,0.123
35.84996581077576,-82.23037249039251,-86.04804872187475,-1.987808887922807,1.9714033729890446,0.05917029835951414,-0.03250416411454887,0.02300000000000002,0.123
35.89996576309204,-82.26783985092575,-86.13999551704656,-1.98947052708696,1.9706217397818586,0.06186054365823453,-0.03284365584205627,0.02300000000000002,0.123
35.949965715408325,-82.30546200686013,-86.23199398810758,-1.9911761529110685,1.97093451003146,0.06834188892625478,-0.033345754337005144,0.02300000000000002,0.123
35.99996566772461,-82.34353544239103,-86.3242279753936,-1.992852530566373,1.9696210875747084,0.0686286988825742,-0.03347721171349336,0.02300000000000002,0.123
36.049965620040894,-82.3817904268369,-86.41670918717678,-1.9945750044615516,1.9693415193945576,0.06758990563905642,-0.03362828819004625,0.02300000000000002,0.123
36.09996557235718,-82.41958983377745,-86.50738340630785,-1.9962414554430912,1.9690343824208143,0.07001690899532971,-0.03364586964842915,0.02300000000000002,0.123
36.14996552467346,-82.45860727893663,-86.60068738164306,-1.99800535865645,1.9690660294589124,0.0678336994885189,-0.033979730652174384,0.02300000000000002,0.123
36.199965476989746,-82.49683111458057,-86.69174302142,-1.9997608865460468,1.9682994735147388,0.0704259854634459,-0.03445804990736951,0.02300000000000002,0.123
36.24996542930603,-82.53492555763776,-86.78198259973291,-2.001513683724929,1.967404424132442,0.07162516732829734,-0.034891253474327234,0.02300000000000002,0.123
36.299965381622314,-82.57352776622697,-86.87308750262866,-2.0033066054815953,1.9668368073119946,0.0711179225606466,-0.03503108353173081,0.02300000000000002,0.123
36.3499653339386,-82.61199487395443,-86.96347709924169,-2.005105678244488,1.966078416210856,0.06966547866636225,-0.0354332899590928,0.02300000000000002,0.123
36.39996528625488,-82.65078231898225,-87.05399762648928,-2.0068987997864984,1.9648498285097227,0.07431278888858739,-0.03547789637969335,0.02300000000000002,0.123
36.44996523857117,-82.68973760218185,-87.14534603189726,-2.0087199807574554,1.9645492213593518,0.0742008306053692,-0.035647786187813356,0.02300000000000002,0.123
36.49996519088745,-82.72836439007519,-87.23584107889667,-2.010502165523132,1.9631384890302912,0.07967151563047414,-0.03539178657219828,0.02300000000000002,0.123
36.549965143203735,-82.76709173655105,-87.32618573829953,-2.012290921159505,1.9624461331461487,0.07755892843874682,-0.03550767142399304,0.02300000000000002,0.123
36.59996509552002,-82.80657339409966,-87.41757945016785,-2.014070110065127,1.961676778527962,0.07551685862778812,-0.03527223690443593,0.02300000000000002,0.123
36.649965047836304,-82.84538697948223,-87.50818571471734,-2.015830672929827,1.9608936665977446,0.07646849412542049,-0.03502075709674017,0.02300000000000002,0.123
36.69996500015259,-82.88399163148277,-87.59870839229181,-2.0176191475573027,1.9597255421724096,0.07345495845760208,-0.03505825885387124,0.02300000000000002,0.123
36.74996495246887,-82.92324331947792,-87.68992009919106,-2.019415837012576,1.9593195665437924,0.07585340921423912,-0.03523526018600982,0.02300000000000002,0.123
36.799964904785156,-82.96188118480303,-87.7792240595073,-2.021213188271745,1.9584126633352192,0.07946022077457862,-0.03556027354168,0.02300000000000002,0.123
36.84996485710144,-83.00148193643095,-87.87054183692779,-2.0230480857635462,1.9576253165592161,0.07904202910796693,-0.035812134693775706,0.02300000000000002,0.123
36.899964809417725,-83.04091754039194,-87.96144397879556,-2.0249452408728867,1.9574216504666297,0.08340359330080017,-0.036551425012028405,0.02300000000000002,0.123
36.94996476173401,-83.08040316066136,-88.05180449389836,-2.0268688130279386,1.9570705419600116,0.08867514411150534,-0.037283839606998624,0.02300000000000002,0.123
36.99996471405029,-83.11995348242803,-88.14171919573337,-2.0288305000082283,1.9567965283842672,0.08657589014482565,-0.03836405178950831,0.02300000000000002,0.123
37.04996466636658,-83.15956319862552,-88.23232810133415,-2.030838627505243,1.9569265299946739,0.08490562705817647,-0.03920535172990189,0.02300000000000002,0.123
37.09996461868286,-83.19883679498083,-88.32219989578033,-2.0328592579490024,1.9560711111019982,0.08701738626114837,-0.03975666419153319,0.02300000000000002,0.123
37.149964570999146,-83.238696735446,-88.41285945462656,-2.034980484513553,1.9551071335226042,0.08787989826995904,-0.04079487808046884,0.02300000000000002,0.123
37.19996452331543,-83.27891955691022,-88.50329379552849,-2.0371158760589854,1.953770102634548,0.08720575410499432,-0.041618593135418644,0.02300000000000002,0.123
37.249964475631714,-83.31860516963614,-88.59253828649281,-2.0392727830568194,1.9533979984882062,0.08544619433304106,-0.04253445767295495,0.02300000000000002,0.123
37.299964427948,-83.35898114409567,-88.68283148433952,-2.041478646475422,1.9517041512954905,0.09380979544305054,-0.043032142320377866,0.02300000000000002,0.123
37.34996438026428,-83.39949036602249,-88.77257467295964,-2.0437170299172207,1.9506792652077554,0.09169556373249356,-0.04381697292141787,0.02300000000000002,0.123
37.399964332580566,-83.44030945787048,-88.8623368790081,-2.0459969190552574,1.9495601408493124,0.09022680696926895,-0.04470017452776621,0.02300000000000002,0.123
37.44996428489685,-83.4805850112353,-88.95108303177022,-2.048262842246479,1.9484288323238375,0.09212459423823169,-0.04510401399958361,0.02300000000000002,0.123
37.499964237213135,-83.52131526413788,-89.04047218414622,-2.0505266054353877,1.9467361016386489,0.09273213387851423,-0.04507456353019967,0.02300000000000002,0.123
37.54996418952942,-83.56266713267861,-89.13038798562664,-2.0527976143936586,1.9458300106154383,0.0907350591558203,-0.044796036802472815,0.02300000000000002,0.123
37.5999641418457,-83.60390946907825,-89.2193771945674,-2.0550431264024795,1.9438634357064728,0.09260102853792707,-0.04445962534922945,0.02300000000000002,0.123
37.64996409416199,-83.64492898307964,-89.30814555897464,-2.0573047443746018,1.9426388799471686,0.09571345829583437,-0.04454322672681632,0.02300000000000002,0.123
37.69996404647827,-83.68656450449964,-89.39775276963248,-2.059545215013941,1.9415246645852904,0.09524531158218386,-0.04432743513683525,0.02300000000000002,0.123
37.749963998794556,-83.72784385969724,-89.4862237529641,-2.061806573217486,1.940040372462021,0.104324830175377,-0.04435895875851793,0.02300000000000002,0.123
37.79996395111084,-83.76950580763555,-89.57455625580839,-2.064029838948803,1.9392491705638133,0.09489984082929169,-0.04439650237859618,0.02300000000000002,0.123
37.849963903427124,-83.81175362353132,-89.66391565498566,-2.0663050114364503,1.9376842127612606,0.10662716719709668,-0.044336547922898734,0.02300000000000002,0.123
37.89996385574341,-83.85355969303873,-89.75211272418186,-2.068591267542576,1.9366614368246444,0.10814125488659808,-0.04470676005997637,0.02300000000000002,0.123
37.94996380805969,-83.89525892627576,-89.83942251001415,-2.0708713317970067,1.935507019636285,0.10706094210066665,-0.045176855535298925,0.02300000000000002,0.123
37.99996376037598,-83.93768749102378,-89.9274302278187,-2.073166040804733,1.9348461265371109,0.10246170816443897,-0.04555895726422619,0.02300000000000002,0.123
38.04996371269226,-83.9802558077163,-90.01561014952198,-2.0754956730010496,1.934267995474135,0.10342700569939109,-0.045652714780534426,0.02300000000000002,0.123
38.099963665008545,-84.02238162248777,-90.10251346557443,-2.0778138816573657,1.932921751339242,0.1038842067434128,-0.04592299821693582,0.02300000000000002,0.123
38.14996361732483,-84.06567864093235,-90.19151630129059,-2.0802614437445675,1.932372570913609,0.10608013612532988,-0.046792557121784845,0.02300000000000002,0.123
38.19996356964111,-84.10835824460754,-90.27840275617551,-2.0826400807051395,1.932438777389352,0.10997503850445131,-0.047311510268128354,0.02300000000000002,0.123
38.2499635219574,-84.15140557789658,-90.36541373861768,-2.0850317188415963,1.931756662035574,0.10557684355187304,-0.04745747153409194,0.02300000000000002,0.123
38.29996347427368,-84.19448170221979,-90.4522246291371,-2.0874454071734356,1.930922916395969,0.11131593471686412,-0.04727538480372689,0.02300000000000002,0.123
38.349963426589966,-84.2379215606894,-90.53891476924439,-2.089834336874799,1.9304827654215826,0.10894262170592854,-0.047228947531484614,0.02300000000000002,0.123
38.39996337890625,-84.28136296230922,-90.62515307302199,-2.0922458159215767,1.9301685592037663,0.11148411464339945,-0.04738971970165328,0.02300000000000002,0.123
38.449963331222534,-84.32520859160621,-90.71170900200453,-2.094659299229728,1.9292184876517346,0.11119977674407114,-0.04749442926950425,0.02300000000000002,0.123
38.49996328353882,-84.36888383025013,-90.7977909317356,-2.097105074828641,1.9285334701053303,0.11936435418001276,-0.047921909026496984,0.02300000000000002,0.123
38.5499632358551,-84.41324518847924,-90.88430766909026,-2.099506754790919,1.9274875691359126,0.11023433365797713,-0.047781522723564784,0.02300000000000002,0.123
38.59996318817139,-84.45776115193428,-90.97073570524891,-2.1019031175053944,1.9266517285570557,0.11219007766800362,-0.047458043470178776,0.02300000000000002,0.123
38.64996314048767,-84.50215399314055,-91.05689069620958,-2.1043093464218003,1.9242899031135634,0.11788322412686715,-0.047237547458672126,0.02300000000000002,0.123
38.699963092803955,-84.54676854721265,-91.14314611210773,-2.1067111026839616,1.923598940303297,0.11559296083553709,-0.04731542657000326,0.02300000000000002,0.123
38.74996304512024,-84.59138466215619,-91.22887363596668,-2.1090985814640795,1.9223108103315854,0.11876692212268662,-0.04718404439714489,0.02300000000000002,0.123
38.79996299743652,-84.63578276283818,-91.31471981643207,-2.1116631930474936,1.919381855628423,0.13538351806040974,-0.048532182022975295,0.02300000000000002,0.123
38.84996294975281,-84.67976319655988,-91.40011251040667,-2.114352767203942,1.91786529908616,0.1428224365154472,-0.05147847956573752,0.02300000000000002,0.123
38.89996290206909,-84.72532344031004,-91.4871272061104,-2.1169839211924875,1.9193341275332894,0.12633707457411156,-0.0526520215903362,0.02300000000000002,0.123
38.949962854385376,-84.77122116288824,-91.57327993665409,-2.1194574938009745,1.9190723842758206,0.11867457034234313,-0.05065780894097769,0.02300000000000002,0.123
38.99996280670166,-84.81655616743461,-91.65774243280582,-2.121897800542761,1.9183955368720236,0.12745335084276765,-0.04892477311978133,0.02300000000000002,0.123
39.049962759017944,-84.8627572493783,-91.74324555641472,-2.1243938693584807,1.919050573202869,0.12165152680462174,-0.04871801772851756,0.02300000000000002,0.123
39.09996271133423,-84.90938398577192,-91.8286472505949,-2.126858406247681,1.917817566632135,0.11593065450356087,-0.0485564352444607,0.02300000000000002,0.123
39.14996266365051,-84.95586165844644,-91.9135172318882,-2.1293691916970974,1.9186363290156703,0.12526599088045698,-0.04880927216335546,0.02300000000000002,0.123
39.1999626159668,-85.00212598106013,-91.99735209609632,-2.131849640967025,1.918318329968053,0.12098533055376867,-0.049383787467308524,0.02300000000000002,0.123
39.24996256828308,-85.04929458497286,-92.08265037984893,-2.134404617369276,1.9183695386815078,0.12471433309797146,-0.049681728816810156,0.02300000000000002,0.123
39.299962520599365,-85.09634538898584,-92.16695169720938,-2.1368778605282936,1.9186677328115658,0.12270751461520357,-0.04959011120093476,0.02300000000000002,0.123
39.34996247291565,-85.14390328385265,-92.25136624845516,-2.1393165897978053,1.9183067405900178,0.12010450678894528,-0.04862546151239829,0.02300000000000002,0.123
39.399962425231934,-85.19150427182592,-92.3359096249278,-2.141851173162179,1.9176210077898697,0.12156671452763841,-0.04895782090011571,0.02300000000000002,0.123
39.44996237754822,-85.2384761529576,-92.41927490752028,-2.1443989055139796,1.9157851129022236,0.12851436805232566,-0.049925588150090676,0.02300000000000002,0.123
39.4999623298645,-85.28537006497322,-92.50305745487853,-2.1469838852050205,1.9152438678306274,0.1253521100759361,-0.050898208971524396,0.02300000000000002,0.123
39.549962282180786,-85.33279089795457,-92.58728513425793,-2.1495947780447207,1.9140739430363511,0.12692386440118963,-0.05113862315894765,0.02300000000000002,0.123
39.59996223449707,-85.3783554021884,-92.66835649005338,-2.1522048479689717,1.9119417682145123,0.1333721074930861,-0.05128424661251774,0.02300000000000002,0.123
39.649962186813354,-85.42164660682018,-92.74606629210082,-2.1548773482139736,1.908110136671114,0.13123714142970652,-0.05196409214906563,0.02300000000000002,0.123
39.69996213912964,-85.46600713228159,-92.82472869825304,-2.157520080947267,1.904579417311554,0.13536647085295253,-0.05213123932811354,0.02300000000000002,0.123
39.74996209144592,-85.51075636083131,-92.9036982471473,-2.160207415984877,1.9006471915945955,0.13770066040310097,-0.052387299383855536,0.02300000000000002,0.123
39.79996204376221,-85.55593931248788,-92.98237899338048,-2.162821774218397,1.899375753420223,0.13129358434245528,-0.052458146561035944,0.02300000000000002,0.123
39.84996199607849,-85.6024762043324,-93.06342325801668,-2.1654950337109855,1.897123570917497,0.13697283403751762,-0.05198831711382359,0.02300000000000002,0.123
39.899961948394775,-85.64887453393433,-93.14424841512718,-2.1682026361383238,1.8961462198346914,0.1352568121545944,-0.05283295749144066,0.02300000000000002,0.123
39.94996190071106,-85.69600021145168,-93.22534969604544,-2.1708948807100215,1.8953452793748016,0.12849695536369488,-0.05332630161376448,0.02300000000000002,0.123
39.999961853027344,-85.74323519842493,-93.30583209874223,-2.173566609032443,1.8939077165992548,0.1293361381702738,-0.05335202194226422,0.02300000000000002,0.123
40.04996180534363,-85.791966238599,-93.3884962163429,-2.176281140258204,1.8937096547336558,0.12947085957874455,-0.053203660569750226,0.02300000000000002,0.123
40.09996175765991,-85.84065071999784,-93.47078646670083,-2.179003985122808,1.893518566193315,0.1385974294982997,-0.053196274761991555,0.02300000000000002,0.123
40.149961709976196,-85.88977936081363,-93.55310397548332,-2.181739325102224,1.8937975960542743,0.13600729060134398,-0.0536809030893685,0.02300000000000002,0.123
40.19996166229248,-85.93908995514117,-93.63509681066746,-2.1844840947971886,1.8934661042909726,0.13866604881509967,-0.05406405470340015,0.02300000000000002,0.123
40.249961614608765,-85.98862132153693,-93.71728334854946,-2.187194572906121,1.8932013991923629,0.1372264552649491,-0.05405426153846777,0.02300000000000002,0.123
40.29996156692505,-86.03837664735471,-93.79946461535677,-2.1898716292064093,1.893394481320548,0.13523432424800547,-0.053573648541786416,0.02300000000000002,0.123
40.34996151924133,-86.08902225775009,-93.8824403169575,-2.1925842802094335,1.8936691233162972,0.1409070932144054,-0.053020229730512465,0.02300000000000002,0.123
40.39996147155762,-86.13947024090588,-93.96403354418973,-2.195191134591082,1.8938163197091005,0.1372954478031005,-0.05241566459546007,0.02300000000000002,0.123
40.4499614238739,-86.1901788197969,-94.04638064246578,-2.197881824023241,1.8930538537250625,0.14078441493653365,-0.052292781428938305,0.02300000000000002,0.123
40.499961376190186,-86.24152254458045,-94.12930604421932,-2.2005805810280332,1.8929323654767118,0.13094966765242713,-0.052799840566168654,0.02300000000000002,0.123
40.54996132850647,-86.29269343469632,-94.21065132059726,-2.203130953018294,1.8939858409554118,0.12543990712380024,-0.051954089044870984,0.02300000000000002,0.123
40.599961280822754,-86.34390237918379,-94.29197560474377,-2.205784867695025,1.8908901392761368,0.14528040126332148,-0.0513895389271674,0.02300000000000002,0.123
40.64996123313904,-86.39546870738035,-94.37433871846112,-2.2085837850949446,1.8912111872572321,0.14810981550220276,-0.05328919863036883,0.02300000000000002,0.123
40.69996118545532,-86.44695860293247,-94.45639619987067,-2.211405438769847,1.8901010697511067,0.14799879702096325,-0.05489314539379048,0.02300000000000002,0.123
40.749961137771606,-86.49856324766422,-94.53791629518487,-2.2142176754729777,1.8893770062206585,0.1499539444578245,-0.05553956568492774,0.02300000000000002,0.123
40.79996109008789,-86.55069089131295,-94.61945799214108,-2.2170256680282665,1.8893633424094278,0.14858456618755447,-0.05552417395376164,0.02300000000000002,0.123
40.849961042404175,-86.60290910363172,-94.700601779627,-2.219851807677029,1.888766964223414,0.1457242735306924,-0.05555275189002304,0.02300000000000002,0.123
40.89996099472046,-86.65509557912907,-94.78093774767093,-2.2226240307933534,1.8880928788459894,0.14192198026713024,-0.05534828827214423,0.02300000000000002,0.123
40.94996094703674,-86.70792061290851,-94.86168434721282,-2.2254125402358134,1.8883512024269675,0.14072811904650606,-0.05492465196818173,0.02300000000000002,0.123
40.99996089935303,-86.7605309932207,-94.94162824067531,-2.228178748339037,1.8876805639419385,0.1490263208339229,-0.054659735635130595,0.02300000000000002,0.123
41.04996085166931,-86.81342649230612,-95.02166750545899,-2.230922970350987,1.886938345127932,0.14823131976247567,-0.05440364865555788,0.02300000000000002,0.123
41.099960803985596,-86.86701384841709,-95.1024170530401,-2.2337051488703294,1.8867393002463346,0.15335243025673556,-0.054236474117587016,0.02300000000000002,0.123
41.14996075630188,-86.92064393851312,-95.1825515360362,-2.2364533271368456,1.8862784421195886,0.14944329936193684,-0.05413939734100556,0.02300000000000002,0.123
41.199960708618164,-86.9739217429138,-95.26172175523888,-2.2391935133277396,1.8857903835588778,0.15498869598650178,-0.054191123221128706,0.02300000000000002,0.123
41.24996066093445,-87.02760739620518,-95.34103628935542,-2.2419445268026723,1.8851519654361697,0.15049272491530236,-0.0543965363140165,0.02300000000000002,0.123
41.29996061325073,-87.08209600783934,-95.4208281752901,-2.2446744154821245,1.8849302753960901,0.14953790582121562,-0.05395447135420459,0.02300000000000002,0.123
41.34996056556702,-87.13589334445244,-95.49917447798539,-2.2473640068548613,1.8841171711046498,0.14616290695672848,-0.05354932206203644,0.02300000000000002,0.123
41.3999605178833,-87.19035657717546,-95.57796214437303,-2.250072785607909,1.8838557341076063,0.14513077065894733,-0.05350687618594483,0.02300000000000002,0.123
41.449960470199585,-87.24518946269211,-95.65731047125139,-2.2528627987370373,1.8834110813875427,0.14985787045443197,-0.05388079110944902,0.02300000000000002,0.123
41.49996042251587,-87.29920216857577,-95.73509931661259,-2.2556108449153234,1.8836697951061347,0.14633589056375224,-0.05452496411201724,0.02300000000000002,0.123
41.54996037483215,-87.3543049120643,-95.81397530211844,-2.2584371639459446,1.88358243277577,0.15155584057793856,-0.0550289262561074,0.02300000000000002,0.123
41.59996032714844,-87.40952776137857,-95.89246141651303,-2.2612758560766157,1.8820298020367987,0.15527493187404234,-0.05539768262105741,0.02300000000000002,0.123
41.64996027946472,-87.46428053621298,-95.96994063665682,-2.2641481451533476,1.8817412439788674,0.15607478656987808,-0.05641462871535079,0.02300000000000002,0.123
41.699960231781006,-87.51967427093822,-96.0478371682295,-2.267078241541897,1.8811931368835348,0.15803567991493023,-0.05723848332490914,0.02300000000000002,0.123
41.74996018409729,-87.57553366596485,-96.1260044023643,-2.270072159920905,1.8807700039499462,0.16104252561215407,-0.058121206978843376,0.02300000000000002,0.123
41.799960136413574,-87.62999510606845,-96.20176254598013,-2.2730030982525826,1.8793940834511584,0.15884466421992197,-0.05897054982818685,0.02300000000000002,0.123
41.84996008872986,-87.68714395767168,-96.2807342044449,-2.2760904234999533,1.8780116293116194,0.16489599982199146,-0.05940638136822963,0.02300000000000002,0.123
41.89996004104614,-87.74372363223046,-96.3584232522108,-2.2791505210444725,1.877424609581533,0.1640838822886483,-0.0596433232140835,0.02300000000000002,0.123
41.94995999336243,-87.79928749251746,-96.43419131107059,-2.282141973870754,1.8758016089747778,0.16075666455641796,-0.05982348354374576,0.02300000000000002,0.123
41.99995994567871,-87.85469838467176,-96.50936125175505,-2.2851373747994077,1.87429867378736,0.15505992636843607,-0.06003424493714947,0.02300000000000002,0.123
42.049959897994995,-87.91245345180619,-96.58728696687324,-2.288256000834572,1.8731961649047113,0.15348262910313049,-0.0600588589345305,0.02300000000000002,0.123
42.09995985031128,-87.96931289161436,-96.6635568598935,-2.291322108436042,1.8717314782531551,0.15345763461151923,-0.06011177302227639,0.02300000000000002,0.123
42.14995980262756,-88.02574090609605,-96.7388578304526,-2.294379939097165,1.8693853941153675,0.15478203773014237,-0.060281922099065355,0.02300000000000002,0.123
42.19995975494385,-88.0827006021149,-96.81436099221857,-2.297465970207764,1.8691430481339297,0.16585873287582217,-0.060486833395507214,0.02300000000000002,0.123
42.24995970726013,-88.1396219706583,-96.88927275236428,-2.3005256649502983,1.8672527319181575,0.15684953947892585,-0.06058258650915249,0.02300000000000002,0.123
42.299959659576416,-88.19576084702531,-96.96339292328551,-2.303645358256101,1.8652398085025055,0.16362948957185633,-0.06082694842762941,0.02300000000000002,0.123
42.3499596118927,-88.25253123552574,-97.03762454609256,-2.306747791632596,1.8643080429329089,0.16490179161594265,-0.0612250025427624,0.02300000000000002,0.123
42.399959564208984,-88.30805748898197,-97.10981914736023,-2.3097966352704553,1.8629081565934253,0.16060168233536043,-0.06145254869441062,0.02300000000000002,0.123
42.44995951652527,-88.36581463404673,-97.18511885978599,-2.313030234840576,1.8615135192160737,0.1644723716674174,-0.0620526867651971,0.02300000000000002,0.123
42.49995946884155,-88.4229894116046,-97.25925357082782,-2.3162006222406566,1.8607031344798413,0.16306334196300065,-0.06246954170928796,0.02300000000000002,0.123
42.54995942115784,-88.48038116332529,-97.33312798257607,-2.319374206775603,1.8594823408653822,0.1588163029082521,-0.06258928809410778,0.02300000000000002,0.123
42.59995937347412,-88.53667302328353,-97.40525910891415,-2.322517219490501,1.858371331910407,0.16494977062224825,-0.06297001319360084,0.02300000000000002,0.123
42.649959325790405,-88.5952530410193,-97.4798155838649,-2.325717954333611,1.8575892368273819,0.16394305613506846,-0.06276958786252115,0.02300000000000002,0.123
42.69995927810669,-88.65344985887583,-97.55366976349676,-2.3289077988887916,1.8567174211995052,0.16611161698761484,-0.06248807298178066,0.02300000000000002,0.123
42.749959230422974,-88.71122737917943,-97.62632635714816,-2.33201403794854,1.8552226146627557,0.1692045504731182,-0.0619871359797752,0.02300000000000002,0.123
42.79995918273926,-88.7689042192058,-97.69859857518274,-2.3351453639129205,1.8533576107090508,0.17505098491160315,-0.06192592064182518,0.02300000000000002,0.123
42.84995913505554,-88.82791131996757,-97.77295952398823,-2.3384426923226056,1.8517373672293973,0.1769539267860607,-0.06296559725113929,0.02300000000000002,0.123
42.899959087371826,-88.88590253156086,-97.84525852967832,-2.3415259225440055,1.8513852675776816,0.17450637929629734,-0.06246505134182792,0.02300000000000002,0.123
42.94995903968811,-88.94491704433584,-97.91829063677812,-2.344645569843656,1.8490970657127248,0.173791037846667,-0.06154788374200207,0.02300000000000002,0.123
42.999958992004395,-89.00283309346497,-97.98955565038993,-2.3477227890815144,1.8476360825105294,0.1731765108649984,-0.06124497086359789,0.02300000000000002,0.123
43.04995894432068,-89.06233804539008,-98.06296181804468,-2.350925901907693,1.8473897017159249,0.16910922735264292,-0.06175679144919135,0.02300000000000002,0.123
43.09995889663696,-89.1207603046213,-98.13488903875766,-2.354086899237062,1.8454356147062703,0.17808732622588844,-0.062283384352326096,0.02300000000000002,0.123
43.14995884895325,-89.18032772117547,-98.20742151825999,-2.3572746930599067,1.8447581658249665,0.18079259437037568,-0.062171629110152934,0.02300000000000002,0.123
43.19995880126953,-89.23948024224158,-98.27899356257156,-2.360466405851868,1.8430621398107985,0.17791018115807322,-0.06276395494239875,0.02300000000000002,0.123
43.249958753585815,-89.29817630336487,-98.34983217851094,-2.36370908479441,1.8413616082760802,0.1863750743933971,-0.06355215133080523,0.02300000000000002,0.123
43.2999587059021,-89.35722903076119,-98.42124527404442,-2.3670551107843467,1.839666613874904,0.18824233844030586,-0.0647424670453524,0.02300000000000002,0.123
43.349958658218384,-89.4160502434669,-98.4915887745214,-2.3703222298523503,1.8394687046648395,0.17901905823945766,-0.06529728189821662,0.02300000000000002,0.123
43.39995861053467,-89.47429133880034,-98.56039016166055,-2.3734718282051785,1.8380907150325014,0.1855999047633812,-0.06442096362363046,0.02300000000000002,0.123
43.44995856285095,-89.53580567051472,-98.63316058226557,-2.376818175293576,1.836890386790373,0.1840174056281651,-0.06392863777828889,0.02300000000000002,0.123
43.499958515167236,-89.59531692346891,-98.70331052547763,-2.3800431282268693,1.8353619694709606,0.17601801335076941,-0.06376705242848488,0.02300000000000002,0.123
43.54995846748352,-89.65531879569224,-98.77332302456243,-2.3832695451702994,1.8346234845105134,0.17630217458976224,-0.06375177930539906,0.02300000000000002,0.123
43.599958419799805,-89.71470570812808,-98.84188439004468,-2.38643329146106,1.8333877749480854,0.18321902955970512,-0.06349306929359233,0.02300000000000002,0.123
43.64995837211609,-89.77606078856093,-98.91264792390264,-2.389711453472595,1.8330564622955168,0.18149058741233448,-0.06367573223444893,0.02300000000000002,0.123
43.69995832443237,-89.83690819999681,-98.98233726950252,-2.392925210671045,1.8322211885549977,0.17609577370037802,-0.06357852944938264,0.02300000000000002,0.123
43.74995827674866,-89.89917120761176,-99.05275195150122,-2.396158165695408,1.8310178102471146,0.17521579658392,-0.06328532764945041,0.02300000000000002,0.123
43.79995822906494,-89.95905109264532,-99.11968706889573,-2.399218288349908,1.8312906317125375,0.1737900280052757,-0.06262161842103478,0.02300000000000002,0.123
43.849958181381226,-90.02221295658782,-99.18980234043259,-2.402353266571641,1.830666424918753,0.17078384856547166,-0.061595608197329496,0.02300000000000002,0.123
43.89995813369751,-90.08474930992314,-99.259316273131,-2.405559512303826,1.8286665648330276,0.18590872392694763,-0.06116169618156663,0.02300000000000002,0.123
43.949958086013794,-90.14636948081106,-99.32763188028238,-2.4088258781324545,1.828773197792996,0.18294406245810851,-0.06307519296736382,0.02300000000000002,0.123
43.99995803833008,-90.2072796431742,-99.39465561668906,-2.4120594173417995,1.8275355548898338,0.18449877261983436,-0.06465740132563287,0.02300000000000002,0.123
44.04995799064636,-90.27089191170136,-99.46420247281584,-2.4153866645933446,1.8274825678164053,0.17677177472318126,-0.06487898979726554,0.02300000000000002,0.123
44.09995794296265,-90.33302948835227,-99.5314900080363,-2.4185465187824944,1.8288830779083791,0.17560808426751356,-0.06379683713156799,0.02300000000000002,0.123
44.14995789527893,-90.39553813088435,-99.59888821239407,-2.4217836647390674,1.8246806878645345,0.18372461674221854,-0.0630842082815322,0.02300000000000002,0.123
44.199957847595215,-90.45881207290884,-99.66674394329148,-2.4251013441620954,1.8237726517416977,0.1880182084886959,-0.06412247098246487,0.02300000000000002,0.123
44.2499577999115,-90.52134392256158,-99.73339313133751,-2.4283792837978333,1.8234484367137613,0.18733945276155003,-0.06486622221089042,0.02300000000000002,0.123
44.29995775222778,-90.58406600125926,-99.7999476848522,-2.4316628315950912,1.8233387212935954,0.18019624594428127,-0.0646970477281022,0.02300000000000002,0.123
44.34995770454407,-90.64803389395861,-99.8667793959082,-2.4348969856140807,1.8200177043266392,0.18510835475588694,-0.06354520695654038,0.02300000000000002,0.123
44.39995765686035,-90.70968233652843,-99.93132402670284,-2.4381866888600334,1.8186950212414887,0.18921870834057353,-0.06464019425316223,0.02300000000000002,0.123
44.449957609176636,-90.77397178830734,-99.99818247871272,-2.4416261100434173,1.8179090550075547,0.18323703754553014,-0.06615035209930999,0.02300000000000002,0.123
44.49995756149292,-90.83815655074623,-100.06435321914402,-2.445037688335248,1.8152512944329156,0.18716611064093,-0.06665751448030284,0.02300000000000002,0.123
44.549957513809204,-90.90193105842067,-100.12962906769141,-2.448458274584748,1.8141246133021882,0.19086758903532142,-0.06706170172472564,0.02300000000000002,0.123
44.59995746612549,-90.9645393977248,-100.19327354346562,-2.451841360812531,1.812843365070873,0.1881095017137497,-0.06784618369037076,0.02300000000000002,0.123
44.64995741844177,-91.03073177947951,-100.25978078989611,-2.4554403679100085,1.811793945733441,0.19493102002659124,-0.06845129424055398,0.02300000000000002,0.123
44.69995737075806,-91.0951758933971,-100.32403595653413,-2.458986627424554,1.8103196426954782,0.19870966210718832,-0.06937050515449805,0.02300000000000002,0.123
44.74995732307434,-91.15963470591392,-100.38776649168815,-2.4625159271695107,1.810108189775245,0.19893146687249186,-0.06984257883098055,0.02300000000000002,0.123
44.799957275390625,-91.22325610008005,-100.45024122341728,-2.4659993050980344,1.8089513611476957,0.19366743087487018,-0.07024925816830103,0.02300000000000002,0.123
44.84995722770691,-91.29000295155193,-100.51532502522504,-2.4696514961385234,1.808023408657688,0.20154409283101554,-0.07023105564432512,0.02300000000000002,0.123
44.89995718002319,-91.35467418261135,-100.57799295847389,-2.473204115583511,1.8086288057270836,0.20117681265781018,-0.07038292143199687,0.02300000000000002,0.123
44.94995713233948,-91.41978995148654,-100.6405710640017,-2.476736058722679,1.8071944290154303,0.19582193509904391,-0.07029785201883701,0.02300000000000002,0.123
44.99995708465576,-91.48490604855596,-100.70274696335363,-2.480253398197048,1.8065269276845104,0.19856306388495157,-0.07016363015789202,0.02300000000000002,0.123
45.049957036972046,-91.55170789841573,-100.76622725063014,-2.4839036832851478,1.8064450274819313,0.19849119239731794,-0.07031155526563242,0.02300000000000002,0.123
45.09995698928833,-91.61737703700754,-100.82819968973251,-2.4874920133891005,1.8048560633950648,0.1968411325076315,-0.07067503833356388,0.02300000000000002,0.123
45.149956941604614,-91.68398924922,-100.89058318044518,-2.4910924588300185,1.80441377283573,0.19435908465640572,-0.07077145491605127,0.02300000000000002,0.123
45.1999568939209,-91.7502481057487,-100.95221535407383,-2.4946599254978854,1.8040187246778585,0.2001662342483599,-0.07058937745692942,0.02300000000000002,0.123
45.24995684623718,-91.81647383941072,-101.01350964050022,-2.4982437917313365,1.8036107959287655,0.2052133502578635,-0.0705411898979135,0.02300000000000002,0.123
45.29995679855347,-91.88270474467484,-101.0745972927511,-2.5018788902541123,1.80190819863436,0.19994485330504053,-0.07093761792083746,0.02300000000000002,0.123
45.34995675086975,-91.94925820066231,-101.13550891126253,-2.5055023628223556,1.8013851185560354,0.20616260897100674,-0.0711323543902587,0.02300000000000002,0.123
45.399956703186035,-92.01430894059237,-101.19464679828765,-2.5090301976921374,1.7993669448232021,0.20540640538793506,-0.07118868369519839,0.02300000000000002,0.123
45.44995665550232,-92.08343025843075,-101.25699933038652,-2.512759181145206,1.7982381807253782,0.19822881533819148,-0.07128971187216081,0.02300000000000002,0.123
45.4999566078186,-92.15023888197705,-101.31687856060186,-2.5163593702865064,1.7967582164247315,0.20140422249404527,-0.07125237708777732,0.02300000000000002,0.123
45.54995656013489,-92.21750480506071,-101.37671068519543,-2.5199444376073163,1.7960831669429473,0.19853549563790923,-0.07106139173932896,0.02300000000000002,0.123
45.59995651245117,-92.28440736395866,-101.43583078380819,-2.523493335803451,1.7942095775610776,0.20300234137903858,-0.0708544073681397,0.02300000000000002,0.123
45.649956464767456,-92.35306649939365,-101.4960383245493,-2.5271492936895736,1.7927713312144238,0.20458410328265783,-0.07099345003939513,0.02300000000000002,0.123
45.69995641708374,-92.42075637160428,-101.55499795288051,-2.5307620020763975,1.7910544833722442,0.21335970713914576,-0.0711489164213416,0.02300000000000002,0.123
45.749956369400024,-92.48990767953724,-101.61491946625453,-2.5344437958297674,1.7886246224443263,0.20875316437325558,-0.07155204416255269,0.02300000000000002,0.123
45.79995632171631,-92.55632249235573,-101.6723128040697,-2.538010532810837,1.7877128957479649,0.21194303624808247,-0.07208125558908644,0.02300000000000002,0.123
45.84995627403259,-92.62565991617375,-101.73197737489318,-2.5416943325952,1.7861513854716387,0.213442818657951,-0.07201870465022134,0.02300000000000002,0.123
45.89995622634888,-92.69468070518634,-101.79108733287892,-2.5453291960563384,1.7842042266775777,0.20576654070891626,-0.07146969420290658,0.02300000000000002,0.123
45.94995617866516,-92.76276575561585,-101.84922987240503,-2.5489462139594004,1.7830057571070224,0.21175035803413714,-0.07143532991911333,0.02300000000000002,0.123
45.999956130981445,-92.8297953277806,-101.90600736600514,-2.5524539346427435,1.781811419210875,0.21252449248897357,-0.0712609709846902,0.02300000000000002,0.123
46.04995608329773,-92.90000376828128,-101.96496819710968,-2.5561095179777373,1.7801847344655433,0.21104027286340732,-0.07103149433611745,0.02300000000000002,0.123
46.099956035614014,-92.96907691172092,-102.02244117341175,-2.5596689511520023,1.7785747670530618,0.20784006009995795,-0.07038863853973744,0.02300000000000002,0.123
46.1499559879303,-93.03815994706103,-102.07969605602376,-2.5632750316452775,1.7771101506407698,0.21433440772105683,-0.07057816673382633,0.02300000000000002,0.123
46.19995594024658,-93.1065223240183,-102.13600072747798,-2.5668419874834214,1.7757151159709776,0.21760447527011018,-0.0710792255779777,0.02300000000000002,0.123
46.249955892562866,-93.17720521181559,-102.19400152932964,-2.5705538103766403,1.775680322826238,0.2218242975638108,-0.0715473578711296,0.02300000000000002,0.123
46.29995584487915,-93.24585813323594,-102.25004787981692,-2.5741483348618344,1.7742793590020558,0.22025157352801408,-0.07126086954063088,0.02300000000000002,0.123
46.349955797195435,-93.31454082792227,-102.30582540568938,-2.5777442956773395,1.7733704667023378,0.21312746872473276,-0.07116292826591843,0.02300000000000002,0.123
46.39995574951172,-93.38292505763657,-102.36090162915126,-2.5812754744495985,1.7723077389657964,0.21746205495194987,-0.07092867998193647,0.02300000000000002,0.123
46.449955701828,-93.45346698625461,-102.41747240042096,-2.58494477238283,1.7711925766797272,0.21927724795770664,-0.07099072256297495,0.02300000000000002,0.123
46.49995565414429,-93.52356807886717,-102.47319936511086,-2.5885321467237423,1.769705681171049,0.22130182344052984,-0.0706119397108935,0.02300000000000002,0.123
46.54995560646057,-93.59242932621636,-102.52773650228394,-2.59208940825291,1.7684181049811336,0.21908528966195248,-0.07069236844337283,0.02300000000000002,0.123
46.599955558776855,-93.66151592291332,-102.58202360552562,-2.5956236190445066,1.7678292003877307,0.22165380461730452,-0.07078606145629959,0.02300000000000002,0.123
46.64995551109314,-93.73379502641926,-102.63833419755932,-2.5992720276468546,1.7661340008267872,0.21629078326821727,-0.07031754259572205,0.02300000000000002,0.123
46.699955463409424,-93.80249151567439,-102.69152047693905,-2.602729436596349,1.7647530983901418,0.21910296541339538,-0.06975534820852143,0.02300000000000002,0.123
46.74995541572571,-93.87334276428322,-102.74597922385037,-2.606276101192628,1.7626753494339906,0.21604046589695014,-0.06961427114164417,0.02300000000000002,0.123
46.79995536804199,-93.94336952018588,-102.79946887483813,-2.60978359781153,1.7614338365482147,0.2216118369393361,-0.06958011934203129,0.02300000000000002,0.123
46.849955320358276,-94.01505348250492,-102.85394923922895,-2.613374842658737,1.7602475249888516,0.22183104727800373,-0.06968372183086387,0.02300000000000002,0.123
46.89995527267456,-94.08479571014469,-102.90658824970802,-2.616844401184291,1.758492661897488,0.22099771628900874,-0.06954368990391849,0.02300000000000002,0.123
46.949955224990845,-94.15638464784001,-102.96015533555718,-2.6203751549997834,1.7571784142414912,0.2187288984182661,-0.06916464903349721,0.02300000000000002,0.123
46.99995517730713,-94.22656342111968,-103.01233728463828,-2.6238381948177962,1.7553281587464789,0.21476310203873225,-0.06908388285803777,0.02300000000000002,0.123
47.04995512962341,-94.29863816025295,-103.06552999554134,-2.62740001686613,1.7539072208171484,0.2195000697901478,-0.06919380973340893,0.02300000000000002,0.123
47.0999550819397,-94.36990316947686,-103.1177453766302,-2.630936262712325,1.7522693194497545,0.21889579122548308,-0.06947781306494401,0.02300000000000002,0.123
47.14995503425598,-94.4415526470639,-103.1696423128474,-2.634440884547835,1.7505527044539142,0.22049779767112787,-0.06926454463117343,0.02300000000000002,0.123
47.199954986572266,-94.51176215037546,-103.22011258640238,-2.6378856023432693,1.7488161125452562,0.2207320912092028,-0.06937690201404406,0.02300000000000002,0.123
47.24995493888855,-94.5844081965111,-103.27195284849464,-2.64148504780001,1.7475642985316415,0.22181653805059384,-0.06967972234539085,0.02300000000000002,0.123
47.299954891204834,-94.65629081304205,-103.32249560296037,-2.6450445254074095,1.745401785081679,0.2168268015048023,-0.06987213682394633,0.02300000000000002,0.123
47.34995484352112,-94.72824769334376,-103.37278015986458,-2.648615697959638,1.7431711176676201,0.21527573456007507,-0.06999017734851219,0.02300000000000002,0.123
47.3999547958374,-94.79816959260353,-103.42123402320429,-2.6520608485626735,1.7417245771394125,0.21473496881068363,-0.07007793613090427,0.02100000000000002,0.11599999999999999
47.44995474815369,-94.87082904382467,-103.47121877220573,-2.655641749147197,1.7404045647573936,0.21335840064648048,-0.06995646951185272,0.02100000000000002,0.11599999999999999
47.49995470046997,-94.94396501229487,-103.52099424236171,-2.6591990687107616,1.7382753314350545,0.21385432974985405,-0.06958213654189087,0.020000000000000018,0.10899999999999999
47.549954652786255,-95.01581255082799,-103.56963197342321,-2.662699723953584,1.737187624329349,0.21526222140722046,-0.06940269021523714,0.020000000000000018,0.10899999999999999
47.59995460510254,-95.0874785026388,-103.61779250173366,-2.6661707087374156,1.7360597862244156,0.2175241254018992,-0.06942422310294623,0.018000000000000016,0.10299999999999998
47.64995455741882,-95.16019769880789,-103.66628650866056,-2.6697198533169297,1.7348427400610522,0.21640663998747103,-0.06967792594277962,0.018000000000000016,0.10299999999999998
47.69995450973511,-95.23380788273703,-103.71503299707018,-2.6733309478531235,1.7333843551434385,0.22399393950255625,-0.06992935942866302,0.016000000000000014,0.09599999999999997
47.74995446205139,-95.3074686531491,-103.7635712132576,-2.6769536764421753,1.73288521748038,0.21759096982047044,-0.070580893002347,0.016000000000000014,0.09599999999999997
47.799954414367676,-95.37910976581573,-103.81063211062776,-2.6805081924635985,1.7295359810562978,0.2230940706162985,-0.07110496458695638,0.015000000000000013,0.08899999999999997
47.84995436668396,-95.45293914514883,-103.85969790519412,-2.6844889040130058,1.724186860286144,0.26190672950986954,-0.07339650964080313,0.015000000000000013,0.08899999999999997
47.899954319000244,-95.52559930860382,-103.90923012730778,-2.6888924548420494,1.7213768124159736,0.25567590450618,-0.08110098470536592,0.013000000000000012,0.08299999999999996
47.94995427131653,-95.59806967292474,-103.95623655595294,-2.6926062886611133,1.7267656163825655,0.22204097187820493,-0.08081318675547818,0.013000000000000012,0.08299999999999996
47.99995422363281,-95.67056973923323,-104.00242295920518,-2.696134342016502,1.7201148110523719,0.22590799131860256,-0.07421875135301262,0.01200000000000001,0.07599999999999996
48.0499541759491,-95.74608200673079,-104.04996434715991,-2.699830084947892,1.716632016860891,0.22281126984164606,-0.07110916097670815,0.01200000000000001,0.07599999999999996
48.09995412826538,-95.82013112879777,-104.09607545700614,-2.703450677947112,1.7135414407186034,0.2284616842586479,-0.07029237533970557,0.010000000000000009,0.06899999999999995
48.149954080581665,-95.89311988654322,-104.14130523667612,-2.7070157951701996,1.7096613445866924,0.22922995801049778,-0.07054350187419928,0.010000000000000009,0.06899999999999995
48.19995403289795,-95.96585768395555,-104.18612314301717,-2.710569653402616,1.706395649305593,0.22771041102590334,-0.07107302208599993,0.009000000000000008,0.06299999999999994
48.24995398521423,-96.04088887806051,-104.23203634844039,-2.714248954389969,1.7025945953145951,0.23407303911070898,-0.07107897803835435,0.009000000000000008,0.06299999999999994
48.29995393753052,-96.11324987110002,-104.27554775446879,-2.7177666646171916,1.6977778070661829,0.2246585247283734,-0.0708003901615999,0.007000000000000006,0.05600000000000005
48.3499538898468,-96.18753035785262,-104.32002756859312,-2.7213788605031124,1.6946881692477063,0.22215425567859295,-0.07033356381843973,0.007000000000000006,0.05600000000000005
48.399953842163086,-96.25928962659503,-104.36274528490782,-2.724854781233767,1.6899950604539236,0.22608357250483402,-0.07019419983478523,0.0050000000000000044,0.049000000000000044
48.44995379447937,-96.33265138364926,-104.40619028837877,-2.728401021976933,1.6852140333652963,0.22038242942092573,-0.07025333000264725,0.0050000000000000044,0.049000000000000044
48.499953746795654,-96.40827278718562,-104.45078251749865,-2.7320599576909768,1.6828553165078102,0.22526045625000027,-0.07009020463150846,0.0040000000000000036,0.04300000000000004
48.54995369911194,-96.48159811303454,-104.49383846883705,-2.7356113305455105,1.6805599714487673,0.23222811001550742,-0.07009809686036604,0.0040000000000000036,0.04300000000000004
48.59995365142822,-96.55348408259931,-104.53586917929574,-2.739072915911952,1.6762194824636045,0.2345824947620019,-0.07014902153941348,0.0020000000000000018,0.03600000000000003
48.64995360374451,-96.62904511198774,-104.57972559439996,-2.742675238966056,1.6725691406009509,0.22730504234034538,-0.06971487869891337,0.0020000000000000018,0.03600000000000003
48.69995355606079,-96.70254572276389,-104.62211191208067,-2.746136422132554,1.6699588410495174,0.22992696922879904,-0.06866861509642791,0.0,0.029000000000000026
48.749953508377075,-96.77575074015226,-104.66409271459678,-2.749541165533611,1.6673350548510468,0.23031582481749246,-0.06779922502096192,0.0,0.029000000000000026
48.79995346069336,-96.84783763218752,-104.705192500953,-2.7528464728384265,1.6654825567724356,0.2342126481168273,-0.0668823399987547,0.0,0.02300000000000002
48.849953413009644,-96.92334393096662,-104.74774621787654,-2.756252363372969,1.662492016415224,0.22770725591790994,-0.06618256207372321,0.0,0.02300000000000002
48.89995336532593,-96.99677179012181,-104.78878170730788,-2.759530807875897,1.6603414944458192,0.23250997080775165,-0.0652943464315595,0.0,0.016000000000000014
48.94995331764221,-97.0703133136424,-104.82967568901184,-2.762782022992274,1.6580274152901682,0.2343887827332819,-0.06458664240303474,0.0,0.016000000000000014
48.999953269958496,-97.14318480597021,-104.87016431212503,-2.7660315308539887,1.653815184397358,0.2343136701410535,-0.06455790119471377,0.0,0.009000000000000008
49.04995322227478,-97.2178154388364,-104.91115761291219,-2.769325570053189,1.649563833840161,0.23114513093008462,-0.06456558869847909,0.0,0.009000000000000008
49.099953174591064,-97.29024029927923,-104.95063292952167,-2.772501061577992,1.6478002044462832,0.2341283556142521,-0.06405205953440145,0.0,0.0030000000000000027
49.14995312690735,-97.36589077828283,-104.99157460724851,-2.775743091555756,1.647400440643463,0.23901725970341225,-0.06304779418971297,0.0,0.0030000000000000027
49.19995307922363,-97.438269168549,-105.03050919735071,-2.7787838606617,1.6463820959744615,0.23671055485073864,-0.062113447044270506,0.0,-0.0040000000000000036
49.24995303153992,-97.51256041039855,-105.07004688151027,-2.7818565376364974,1.6449996297943257,0.23519793629543734,-0.06084712901196683,0.0,-0.0040000000000000036
49.2999529838562,-97.58647015419912,-105.10848644548848,-2.7848868873925965,1.6459219346291631,0.22928159740329618,-0.05974401203970514,0.0,-0.01100000000000001
49.349952936172485,-97.65930293691896,-105.14622676100673,-2.7878134133208192,1.6465604758050616,0.23010243884976758,-0.05863953261167679,0.0,-0.01100000000000001
49.39995288848877,-97.7313416662045,-105.18331279635858,-2.790627934425444,1.6472751746795955,0.2196462475170048,-0.05763630189404056,0.0,-0.01100000000000001
49.449952840805054,-97.80750277006717,-105.22165007054981,-2.7935268781901206,1.6482359798311335,0.22431539054949903,-0.056159268773980725,0.0,-0.01100000000000001
49.49995279312134,-97.88110801046354,-105.25821306486867,-2.79629179486865,1.6492583755614072,0.22581034018148793,-0.05499004937990537,0.0,-0.01100000000000001
49.54995274543762,-97.95480588942614,-105.29479592374368,-2.79901645080273,1.6511307465236058,0.22638626804467527,-0.05428469739002185,0.0,-0.01100000000000001
49.599952697753906,-98.02851324722573,-105.33132106399975,-2.801692114709902,1.6526751124364594,0.2256588812950621,-0.05357300086442308,0.0,-0.01100000000000001
49.64995265007019,-98.10386148224013,-105.36799544923132,-2.8043623423247817,1.6535893146083338,0.2264005238069401,-0.052721846527694405,0.0,-0.01100000000000001
49.699952602386475,-98.17847086519825,-105.40393973314869,-2.8069428113350745,1.6574858763227922,0.23169040180577063,-0.05148702058605754,0.0,-0.01100000000000001
49.74995255470276,-98.25413328894363,-105.440395215134,-2.8094931996046655,1.6609087680600438,0.2322541752023335,-0.05046528262467935,0.0,-0.01100000000000001
49.79995250701904,-98.32733540031894,-105.47554989172045,-2.8118775708400894,1.66442230259243,0.23354136969182393,-0.049236393627948634,0.0,-0.01100000000000001
49.84995245933533,-98.4039410720956,-105.51153582307903,-2.8142818088049117,1.6657055421284395,0.2295118076487285,-0.047639515208767545,0.0,-0.01100000000000001
49.89995241165161,-98.48109823064817,-105.54732101282822,-2.8166486374430577,1.6681871223664135,0.22459391318473818,-0.0462697251579209,0.0,-0.01100000000000001
49.949952363967896,-98.55486336942108,-105.5814557007941,-2.818850803173839,1.6702783541600417,0.21849083267068609,-0.045269349354221694,0.0,-0.01100000000000001
49.99995231628418,-98.63089489792283,-105.61654292179333,-2.8210631906025085,1.6722741619611905,0.21611044907599428,-0.044143870754903704,0.0,-0.01100000000000001
50.049952268600464,-98.70900703153694,-105.6519482437674,-2.8232790337190723,1.6750210132000813,0.21313008843332515,-0.04309368697655098,0.0,-0.01100000000000001
50.09995222091675,-98.78572941788904,-105.68627640210863,-2.8253969124957674,1.6767350307483602,0.20972996934251592,-0.04206310342080276,0.0,-0.01100000000000001
50.14995217323303,-98.86232721714096,-105.720429444971,-2.827442244762031,1.6790271947183002,0.21430479918714448,-0.040721932137745005,0.0,-0.01100000000000001
50.199952125549316,-98.93859594861225,-105.75426250341513,-2.829390205450439,1.6816887483253398,0.208647672384067,-0.03965369844275894,0.0,-0.01100000000000001
50.2499520778656,-99.01639796528146,-105.78866927905993,-2.831380259989191,1.6846030845915856,0.21773574471335458,-0.03870259078669898,0.0,-0.01100000000000001
50.299952030181885,-99.0931357679476,-105.82182636345733,-2.8332969362585407,1.6868281897982302,0.2116414713101813,-0.037802850418132736,0.0,-0.01100000000000001
50.34995198249817,-99.17051655406033,-105.85530747653613,-2.8351879344178417,1.6897528442485017,0.2129440513608144,-0.03701301035163376,0.0,-0.01100000000000001
50.39995193481445,-99.24598437959777,-105.8878386996347,-2.8369551730545304,1.692748954590216,0.20537739220757867,-0.03630120690068699,0.0,-0.01100000000000001
50.44995188713074,-99.32501903183412,-105.92150188178358,-2.838800082661631,1.6958138358953938,0.20036166906995734,-0.035518826581760185,0.0,-0.01100000000000001
50.49995183944702,-99.40119090270996,-105.95372752126057,-2.8405640067002373,1.6981931532218566,0.2071789175421899,-0.03505302867759019,0.0,-0.01100000000000001
50.549951791763306,-99.48066672016289,-105.98735155302865,-2.8423609198665103,1.7007443017937103,0.20732655044261927,-0.03464622006994526,0.0,-0.01100000000000001
50.59995174407959,-99.55726958593061,-106.01978106097457,-2.8440720646857924,1.7025290184425559,0.19760990869934544,-0.034602142464865725,0.0,-0.01100000000000001
50.649951696395874,-99.63639478797516,-106.05307602643225,-2.845837993636641,1.7050703681244965,0.20609352759398497,-0.034024648826737884,0.0,-0.01100000000000001
50.69995164871216,-99.71475789724656,-106.08590645253446,-2.847589125495946,1.7066161774966915,0.205523841078359,-0.034164221745772765,0.0,-0.01100000000000001
50.74995160102844,-99.79492760827691,-106.11945367806354,-2.8493483731951694,1.7086081808251832,0.20736073426654483,-0.03388267050677241,0.0,-0.01100000000000001
50.79995155334473,-99.87319057116584,-106.15223463069941,-2.8510682457758465,1.7107407913732808,0.21225478499087777,-0.03390318633870355,0.0,-0.01100000000000001
50.84995150566101,-99.95309768963851,-106.18560348212272,-2.85280610225614,1.7130831747802013,0.20951777922210066,-0.03403202307212314,0.0,-0.01100000000000001
50.899951457977295,-100.03220112005776,-106.2184850091178,-2.854476105128938,1.7156054352875554,0.2072368967895935,-0.03326893312348391,0.0,-0.01100000000000001
50.94995141029358,-100.11427944515845,-106.25249685965255,-2.85615659907163,1.717592161767653,0.20291451811611988,-0.03250887306994056,0.0,-0.01100000000000001
50.99995136260986,-100.19208459599406,-106.28458285115308,-2.857681939947774,1.7198256579885367,0.20293377185279268,-0.03150417038392742,0.0,-0.01100000000000001
51.04995131492615,-100.27370614008804,-106.31835454863055,-2.8592852267319664,1.7223453476542057,0.20072987688526037,-0.030766944945269853,0.0,-0.01100000000000001
51.09995126724243,-100.3551382031637,-106.35190081186128,-2.8608147702719946,1.725066058495816,0.2017789374164244,-0.0300678043049075,0.0,-0.01100000000000001
51.149951219558716,-100.43456052269246,-106.38444928564505,-2.8622408131819133,1.727858634048016,0.19820098016299464,-0.02906708789941613,0.0,-0.01100000000000001
51.199951171875,-100.51513844105273,-106.41735961902164,-2.8636511443241237,1.729598922073959,0.19887757163709063,-0.028048742683085714,0.0,-0.01100000000000001
51.249951124191284,-100.59740124145877,-106.45085526892574,-2.8650494900138157,1.731629286467292,0.20108992809661766,-0.027088786330799645,0.0,-0.01100000000000001
51.29995107650757,-100.67823033735463,-106.48386038969008,-2.8664138934383208,1.733909803160296,0.19963621672804405,-0.026473247720440442,0.0,-0.01100000000000001
51.34995102882385,-100.7593114914313,-106.51670379516763,-2.867742618669929,1.7361492882708143,0.20054603367089058,-0.02595892866844925,0.0,-0.01100000000000001
51.39995098114014,-100.83821856786334,-106.54848826574901,-2.869021234803549,1.7388343856891006,0.20172366137945608,-0.02573500343613208,0.0,-0.01100000000000001
51.44995093345642,-100.92171854447702,-106.58206450380274,-2.8703822596140176,1.7419704267841094,0.19906411436732666,-0.02570622606006904,0.0,-0.01100000000000001
51.499950885772705,-101.00372351294688,-106.61479032574498,-2.8716728124039683,1.745650360019958,0.19343593227748437,-0.025372199408405464,0.0,-0.01100000000000001
51.54995083808899,-101.08575488173814,-106.64728713930015,-2.8729554406719315,1.7489704931895589,0.19111815729812442,-0.025183741387223922,0.0,-0.01100000000000001
51.59995079040527,-101.1679314079391,-106.67948133268064,-2.874181389845749,1.7524938659970002,0.1846749926990071,-0.024632856837763388,0.0,-0.01100000000000001
51.64995074272156,-101.25252299303725,-106.7124037838616,-2.8754562982995764,1.7563927810359936,0.19322288759146156,-0.02414004333340067,0.0,-0.01100000000000001
51.69995069503784,-101.33598402624392,-106.7445254325525,-2.876668812268509,1.7610031697419477,0.18329845408926296,-0.023837159164060418,0.0,-0.01100000000000001
51.749950647354126,-101.41877116879927,-106.77604484591485,-2.8777993198801326,1.7642040217973771,0.18622817530640515,-0.022897893363169185,0.0,-0.01100000000000001
51.79995059967041,-101.50206872089471,-106.80766052619525,-2.8789391041214545,1.7678262485078906,0.1908821901515445,-0.022286468435805052,0.0,-0.01100000000000001
51.849950551986694,-101.58747433748128,-106.83995275500592,-2.8801076704189525,1.7713408812288367,0.19103960459130628,-0.022166082673301415,0.0,-0.01100000000000001
51.89995050430298,-101.67301681778517,-106.87196285436193,-2.8812161499146485,1.7740678094176494,0.1870424274010961,-0.02186699617547235,0.0,-0.01100000000000001
51.94995045661926,-101.75752111450798,-106.90344717047137,-2.882292992158091,1.7778766939316797,0.18436533659733273,-0.02107835742106736,0.0,-0.01100000000000001
51.99995040893555,-101.84023978745786,-106.93411747243202,-2.8833333832513928,1.7807040837392953,0.18004174995010513,-0.020731773346766676,0.0,-0.01100000000000001
52.04995036125183,-101.92724812473351,-106.9661562910805,-2.8843970817867466,1.7836222140406608,0.18130147845193098,-0.02029569732971576,0.0,-0.01100000000000001
52.099950313568115,-102.01061971550554,-106.99675427945418,-2.8854160766709307,1.7867356523558198,0.1792252623332223,-0.020149227179970395,0.0,-0.01100000000000001
52.1499502658844,-102.09781799781875,-107.02862078950025,-2.8864617002004227,1.7903240049082996,0.17423153936985789,-0.019979070224770433,0.0,-0.01100000000000001
52.199950218200684,-102.18248524024875,-107.05947479462685,-2.887461085181062,1.7939287172858858,0.17905965332330906,-0.01974784933641856,0.0,-0.01100000000000001
52.24995017051697,-102.26974830820667,-107.09116723435112,-2.888480664837713,1.79743861087879,0.17801030536647083,-0.019508615316054925,0.0,-0.01100000000000001
52.29995012283325,-102.35459177418848,-107.12178470868342,-2.8894250132925072,1.8004285724050064,0.1810007336152587,-0.018916559927290105,0.0,-0.01100000000000001
52.349950075149536,-102.43958039100868,-107.15248934401617,-2.890378714215261,1.8041098212773667,0.18473896038693435,-0.01843555699077194,0.0,-0.01100000000000001
52.39995002746582,-102.52493838054394,-107.18304382230644,-2.8912454918804618,1.807413689729905,0.18041925880832335,-0.01777176658067471,0.0,-0.01100000000000001
52.449949979782104,-102.61093513885918,-107.21357213757746,-2.8920999655922057,1.8112751993282212,0.17774943876753005,-0.01682599294737474,0.0,-0.01100000000000001
52.49994993209839,-102.70017517782863,-107.2450913106728,-2.892975297885861,1.8157708029792803,0.17623491098489769,-0.016359092527207377,0.0,-0.01100000000000001
52.54994988441467,-102.78679371015912,-107.27551024924337,-2.8937766153784885,1.819014431114298,0.1706828792309544,-0.015826390726653664,0.0,-0.01100000000000001
52.59994983673096,-102.87136551419492,-107.30496685688104,-2.8944842331346936,1.8221881041314183,0.16849097971714513,-0.014957840136345954,0.0,-0.01100000000000001
52.64994978904724,-102.96134954778644,-107.33622151586361,-2.895241101325765,1.8261567127970408,0.16909711701891614,-0.014056894319001936,0.0,-0.01100000000000001
52.699949741363525,-103.04686057675514,-107.3656780860313,-2.8959048309736724,1.829917972390804,0.17357166555271966,-0.01342855613258375,0.0,-0.01100000000000001
52.74994969367981,-103.13621602054177,-107.39639324384507,-2.8965853373303343,1.8337796433528522,0.17606416176029357,-0.012808280719546292,0.0,-0.01100000000000001
52.799949645996094,-103.2230152725996,-107.42598992105478,-2.8971817847210777,1.8376657359109347,0.16924234272835337,-0.012182082488646712,0.0,-0.01100000000000001
52.84994959831238,-103.31217418755494,-107.4564427664012,-2.897790443710615,1.8419815696170736,0.16941753156739361,-0.011620123044882138,0.0,-0.01100000000000001
52.89994955062866,-103.39925727234159,-107.48608278136903,-2.8983539838707917,1.8452467813058795,0.17247554028724513,-0.01103228148535518,0.0,-0.01100000000000001
52.949949502944946,-103.4888625893663,-107.51645842497953,-2.898925103443373,1.8492590855669857,0.16280316093056763,-0.01077627980743237,0.0,-0.01100000000000001
52.99994945526123,-103.57682074436688,-107.54621299382559,-2.8995117123207566,1.8528014725308584,0.16688497733348356,-0.0110134626758846,0.0,-0.01100000000000001
53.049949407577515,-103.6672656767088,-107.57656246096242,-2.900113772262533,1.8564163613684501,0.16155644613002518,-0.011146488252365262,0.0,-0.01100000000000001
53.0999493598938,-103.75725607565701,-107.60653592390146,-2.900704582868357,1.860225096231491,0.15896685011925438,-0.011252920482419927,0.0,-0.01100000000000001
53.14994931221008,-103.84537700816745,-107.63594159084475,-2.9013462320238648,1.8629335968552005,0.16663620743685267,-0.011635185186465011,0.0,-0.01100000000000001
53.19994926452637,-103.934900717997,-107.6655982716629,-2.901955898947123,1.8664385339718161,0.16054366148617577,-0.011899827908083475,0.0,-0.01100000000000001
53.24994921684265,-104.02520793045964,-107.69542661811069,-2.9025891856386203,1.8701533892058952,0.1628008584423907,-0.011996858040614601,0.0,-0.01100000000000001
53.299949169158936,-104.11410667439826,-107.72455729029866,-2.903211117284842,1.8736694945546877,0.16057625648271656,-0.011880146533081533,0.0,-0.01100000000000001
53.34994912147522,-104.20546044166255,-107.7544375542039,-2.903831830357315,1.8767551397485398,0.16653379917786879,-0.011523650758622899,0.0,-0.01100000000000001
53.399949073791504,-104.29375140789656,-107.78310107709865,-2.9043626185761386,1.8809439309632732,0.1552261817567555,-0.011006312361616194,0.0,-0.01100000000000001
53.44994902610779,-104.38581630387797,-107.81304329658053,-2.904907151419821,1.8839498712773617,0.15769522807857725,-0.010311747753810474,0.0,-0.01100000000000001
53.49994897842407,-104.47441101519976,-107.84178868345519,-2.905383345585006,1.8882093648102347,0.1559101039597416,-0.009539750142502293,0.0,-0.01100000000000001
53.549948930740356,-104.5664069454296,-107.8715038376454,-2.905822375551071,1.8910432647642434,0.158794988259355,-0.008531809775499218,0.0,-0.01100000000000001
53.59994888305664,-104.65548275231201,-107.90023166583794,-2.9062195191091704,1.8946144425335636,0.1559551152727631,-0.007814379201660114,0.0,-0.01100000000000001
53.649948835372925,-104.74818540072428,-107.93034674174794,-2.906606593833223,1.89791588491225,0.1555795474509646,-0.007241123023241889,0.0,-0.01100000000000001
53.69994878768921,-104.84060907471756,-107.96042268102754,-2.9069592746831763,1.9013294080495753,0.16537247980813327,-0.006595752526043684,0.0,-0.01100000000000001
53.74994874000549,-104.93210069466409,-107.99010831923681,-2.9072867528702178,1.9049590770458495,0.15901920066349182,-0.006195188342715707,0.0,-0.01100000000000001
53.79994869232178,-105.02066470107607,-108.01879278351095,-2.907601749851318,1.9079461414896925,0.15837515470384073,-0.00604982664058534,0.0,-0.01100000000000001
53.84994864463806,-105.11355989088237,-108.04888179314612,-2.9079420009643724,1.9115842789572137,0.15624952138279188,-0.006086993923082402,0.0,-0.01100000000000001
53.899948596954346,-105.20550229379154,-108.07850123013061,-2.9082372151335965,1.9140483876549668,0.1531926835352968,-0.005714035282857188,0.0,-0.01100000000000001
53.94994854927063,-105.29894869800357,-108.10856005157612,-2.908563432140678,1.9172869377489794,0.15280295023531335,-0.005564116552752954,0.0,-0.01100000000000001
53.999948501586914,-105.38982884200858,-108.13764362619206,-2.908885708157106,1.9202063145186672,0.15438090873354102,-0.005797800598993338,0.0,-0.01100000000000001
54.0499484539032,-105.48380524658663,-108.16784655676149,-2.9092651000188834,1.9227012782248016,0.15514393383159966,-0.006447313625839439,0.0,-0.01100000000000001
54.09994840621948,-105.5760933428033,-108.19737626230776,-2.9096241835383463,1.9250315450910975,0.15551936060678478,-0.006531969942894937,0.0,-0.01100000000000001
54.14994835853577,-105.66760946784662,-108.22649678416218,-2.9099927107397767,1.9280970651762095,0.1499579376104793,-0.006806745292136597,0.0,-0.01100000000000001
54.19994831085205,-105.75985838631169,-108.25566416920125,-2.910358272262821,1.9305166336053645,0.15310667170494843,-0.0068543402429632515,0.0,-0.01100000000000001
54.249948263168335,-105.85417067589339,-108.28550470287448,-2.910753277818699,1.9331200081336188,0.15447468458165445,-0.007046344430308496,0.0,-0.01100000000000001
54.29994821548462,-105.94487384458726,-108.31434031768471,-2.9111147762115595,1.935243306674274,0.14701968491520923,-0.007046892939743589,0.0,-0.01100000000000001
54.3499481678009,-106.03651163257801,-108.34336402404898,-2.911465513069226,1.9378409456159398,0.15006949102573436,-0.006651181842621301,0.0,-0.01100000000000001
54.39994812011719,-106.12913082711916,-108.3725168849785,-2.9117657047707763,1.9405813948194468,0.1429340460546555,-0.006168196658757134,0.0,-0.01100000000000001
54.44994807243347,-106.22115418517822,-108.40142765247073,-2.9120342384417595,1.943686477405656,0.1482319841450511,-0.005477743001695932,0.0,-0.01100000000000001
54.499948024749756,-106.3159077709813,-108.43137540170584,-2.9123097559078306,1.9461266614774975,0.15309827412849855,-0.004895359046378504,0.0,-0.01100000000000001
54.54994797706604,-106.40815185881112,-108.46043983025712,-2.9125458726162554,1.9486038317176855,0.14728275450924255,-0.0044279808053839555,0.0,-0.01100000000000001
54.599947929382324,-106.49860077482023,-108.48880962921473,-2.9127389674586044,1.9514049226928554,0.14963205062414575,-0.003982740869214322,0.0,-0.01100000000000001
54.64994788169861,-106.59274064548237,-108.51848842145559,-2.9129225850860347,1.952793896014112,0.14832698403806904,-0.0035019114969569013,0.0,-0.01100000000000001
54.69994783401489,-106.68587411528021,-108.54792349393438,-2.9130961471972214,1.9552562470328596,0.14679127383140536,-0.0030932203140705697,0.0,-0.01100000000000001
54.74994778633118,-106.77968727538101,-108.57738097335684,-2.913249799177935,1.957883770791792,0.14745998053521545,-0.002753500734675372,0.0,-0.01100000000000001
54.79994773864746,-106.87366398499576,-108.60668809176912,-2.9133916103982993,1.9587738582390857,0.14871775119575958,-0.0024720617176767073,0.0,-0.01100000000000001
54.849947690963745,-106.96964463214687,-108.63656938289036,-2.9135325000217116,1.9609367301730698,0.14056906766354924,-0.0024308681676357266,0.0,-0.01100000000000001
54.89994764328003,-107.06169729274724,-108.6653307677048,-2.913727411858801,1.9632173821664367,0.14905982731931067,-0.002693476691981938,0.0,-0.01100000000000001
54.94994759559631,-107.15884795945095,-108.69539921714355,-2.9138867165339644,1.9656381137623447,0.13668931525883402,-0.002956497395046341,0.0,-0.01100000000000001
54.9999475479126,-107.25125563014302,-108.72380414473695,-2.914008812351226,1.9676154148455596,0.13773620729264038,-0.002680472400060339,0.0,-0.01100000000000001
55.04994750022888,-107.34571977244904,-108.75272856864058,-2.914137174504921,1.9696366935400016,0.1423073484997458,-0.0021487240964778043,0.0,-0.01100000000000001
55.099947452545166,-107.4421791759436,-108.78203410298431,-2.914220806532202,1.9717744275523625,0.14303767040632562,-0.001624195734008465,0.0,-0.01100000000000001
55.14994740486145,-107.53758846390606,-108.8109057890809,-2.914272781487976,1.97319616588916,0.13977276050044185,-0.0010489868935822473,0.0,-0.01100000000000001
55.199947357177734,-107.63067109124154,-108.83896338996662,-2.914290324622656,1.97548093837668,0.13848824248657732,-0.0003709345214491726,0.0,-0.01100000000000001
55.24994730949402,-107.72636662429778,-108.8677963766015,-2.914296772140482,1.9779160167532384,0.14005526882640132,0.00012693472735518657,0.0,-0.01100000000000001
55.2999472618103,-107.82051823375483,-108.8963327975311,-2.914322575709097,1.9796018226207799,0.13955474084551706,0.00019040717752238638,0.0,-0.01100000000000001
55.34994721412659,-107.91497433716076,-108.92485943215205,-2.9143353983261355,1.981593839150757,0.13780585803483417,8.933417511127799e-05,0.0,-0.01100000000000001
55.39994716644287,-108.0111113526354,-108.95368873731931,-2.9143122741892475,1.984677422663089,0.13383998400118172,0.0004142418076663973,0.0,-0.01100000000000001
55.449947118759155,-108.10609669844058,-108.98220347149058,-2.9143737381210038,1.9869779143678319,0.1379258166102005,3.615232152611959e-05,0.0,-0.01100000000000001
55.49994707107544,-108.20251541296082,-109.0108925563439,-2.914408516525901,1.9902334169318314,0.1311313321536073,-0.0003926913065960862,0.0,-0.01100000000000001
55.549947023391724,-108.29756832027033,-109.03904898996501,-2.9144221305793394,1.9911802131903702,0.1366315379617168,-0.00013286159656499333,0.0,-0.01100000000000001
55.59994697570801,-108.39231043346656,-109.0672851881063,-2.9145114218251575,1.9950032341315034,0.13848034106210827,-0.0006967537194257573,0.0,-0.01100000000000001
55.64994692802429,-108.48820172880949,-109.09562541051201,-2.914583975846319,1.9969150452860802,0.13587365091103668,-0.0011464042890546393,0.0,-0.01100000000000001
55.699946880340576,-108.58531648413579,-109.12397449267537,-2.9145883837145385,1.9996840947226961,0.1310180675403453,-0.0005704275936842811,0.0,-0.01100000000000001
55.74994683265686,-108.68142028177546,-109.15232228358624,-2.914714304301029,2.000377820399944,0.13598556151759314,-0.0008021490046150141,0.0,-0.01100000000000001
55.799946784973145,-108.77741306676542,-109.18059146371539,-2.914844352584236,2.0017707555979523,0.13595837010962644,-0.0018332132171507258,0.0,-0.01100000000000001
55.84994673728943,-108.87480188477339,-109.20905667776302,-2.9149473489388784,2.0035478096059554,0.13267260498894995,-0.0019418976224267355,0.0,-0.01100000000000001
55.89994668960571,-108.97193035884004,-109.23751664457882,-2.915106196904807,2.0050587709439696,0.13173438454091552,-0.0022719443006688034,0.0,-0.01100000000000001
55.949946641922,-109.06903362641509,-109.26590162967727,-2.9152348884616166,2.0089401298134897,0.13022427742167253,-0.0024662544932729257,0.0,-0.01100000000000001
55.99994659423828,-109.16621961274906,-109.29415253061643,-2.9153115484316765,2.010182816730954,0.1315487517814359,-0.0017896154379045584,0.0,-0.01100000000000001
56.049946546554565,-109.26416241377666,-109.32269231693036,-2.91541058678647,2.0126821162588717,0.13535242319661134,-0.0015314124836964217,0.0,-0.01100000000000001
56.09994649887085,-109.36092361771702,-109.35085770142695,-2.915500425716528,2.0144091828903616,0.13795579592578674,-0.001320360818451575,0.0,-0.01100000000000001
56.149946451187134,-109.45783239334853,-109.37916887934357,-2.9156041436223634,2.0173157056006334,0.13548259657182354,-0.0015608922046977413,0.0,-0.01100000000000001
56.19994640350342,-109.55656289381162,-109.40798749040299,-2.91567788201287,2.0193853537767144,0.13683529645754344,-0.0015139443914512624,0.0,-0.01100000000000001
56.2499463558197,-109.65454109451397,-109.43658340765505,-2.9157174717685543,2.022075855328944,0.13193858439229775,-0.0009244096800558218,0.0,-0.01100000000000001
56.299946308135986,-109.75013513286964,-109.46473148627204,-2.9157447246042016,2.0240972087829765,0.127042647365944,-0.0005398061176339551,0.0,-0.01100000000000001
56.34994626045227,-109.84834901475415,-109.49362904656793,-2.9157453542950664,2.026434581666617,0.13103989093013838,0.00011432428109776414,0.0,-0.01100000000000001
56.399946212768555,-109.94544012842701,-109.52220292882821,-2.915724071164014,2.027660075481574,0.13005936259000905,0.0003101721731275358,0.0,-0.01100000000000001
56.44994616508484,-110.04228178581401,-109.5508693681774,-2.915707741541304,2.0300101440357725,0.13641196607347497,0.0006920983985998629,0.0,-0.01100000000000001
56.49994611740112,-110.14081522357715,-109.58024230479667,-2.9157085337432074,2.0320667807632695,0.13550835236480938,0.0006114404306258615,0.0,-0.01100000000000001
56.54994606971741,-110.2388191298068,-109.6094140222972,-2.9156744215049177,2.0343600962520845,0.14215871325296023,0.0007439437652464041,0.0,-0.01100000000000001
56.59994602203369,-110.33629272877506,-109.63835450331746,-2.915590033591841,2.037336330195958,0.1414117780451241,0.0012640284002445397,0.0,-0.01100000000000001
56.649945974349976,-110.43516274880326,-109.66777271515663,-2.915503965548758,2.0391336561756783,0.14186421673378458,0.0018573423012320529,0.0,-0.01100000000000001
56.69994592666626,-110.53281642236034,-109.69687812825775,-2.9154092168556014,2.0408117221239945,0.13879839416327733,0.0020366467079350474,0.0,-0.01100000000000001
56.749945878982544,-110.63135341322103,-109.72624390097513,-2.9152876300512616,2.0433908220118764,0.14252588522469353,0.002406574755173124,0.0,-0.01100000000000001
56.79994583129883,-110.73023952719154,-109.7557621408245,-2.9151641005269293,2.0458869980910217,0.13975239870860937,0.002676270792355828,0.0,-0.01100000000000001
56.84994578361511,-110.82982305717985,-109.78565698789534,-2.915016987969183,2.047677241576934,0.1375186300620975,0.0029136146660471976,0.0,-0.01100000000000001
56.8999457359314,-110.9280933197949,-109.81510048078214,-2.9148154801627735,2.049265462230361,0.13523882852458474,0.003671256057441628,0.0,-0.01100000000000001
56.94994568824768,-111.02612195500225,-109.84433659533002,-2.914582684206352,2.0515659866098304,0.1336332634819181,0.004534790974244208,0.0,-0.01100000000000001
56.999945640563965,-111.12541967149598,-109.87390262259524,-2.914355012698948,2.052340866335784,0.13288273692985464,0.004875928773776273,0.0,-0.01100000000000001
57.04994559288025,-111.22461947536263,-109.90386234235076,-2.9141964193347554,2.0541219767672794,0.137113079058659,0.0042967148498257775,0.0,-0.01100000000000001
57.09994554519653,-111.32342177792775,-109.93369756994615,-2.914009100554452,2.055496144252889,0.13592402164151302,0.004098441858874806,0.0,-0.01100000000000001
57.14994549751282,-111.4236103674413,-109.96381018745866,-2.9138092142869536,2.0575105911101543,0.13503670715269414,0.0039947284398427355,0.0,-0.01100000000000001
57.1999454498291,-111.52255417360224,-109.99335068159462,-2.9135643022111766,2.0593681970924407,0.13260073277187662,0.00455753082511703,0.0,-0.01100000000000001
57.249945402145386,-111.62209933368338,-110.02301803860605,-2.9132970627096655,2.060773082131986,0.1295298241893821,0.005230983636559124,0.0,-0.01100000000000001
57.29994535446167,-111.72027251548879,-110.05222266064904,-2.9129620032906884,2.0623878810965333,0.12427835168095426,0.006151019037258939,0.0,-0.01100000000000001
57.349945306777954,-111.81848036536235,-110.0813762699756,-2.91260157760616,2.0639984077950406,0.12308811296124965,0.006944674046570117,0.0,-0.01100000000000001
57.39994525909424,-111.91664264639135,-110.11036448585551,-2.9121801845076183,2.066604667440623,0.12424581913223369,0.007998563963662244,0.0,-0.01100000000000001
57.44994521141052,-112.01612663572112,-110.13977586920524,-2.9117492477076072,2.0684727266667333,0.125467924751423,0.008621752820224073,0.0,-0.01100000000000001
57.49994516372681,-112.11520369790473,-110.16902779729838,-2.9112837366872664,2.0702863594015244,0.12400299108294055,0.009150900028455675,0.0,-0.01100000000000001
57.54994511604309,-112.21393937202022,-110.19812288545164,-2.910792276882749,2.071596009814368,0.12547033068811492,0.009691453977692556,0.0,-0.01100000000000001
57.599945068359375,-112.3141805308731,-110.22766560852666,-2.9102802191323995,2.074581416251597,0.1254426129376584,0.010166054357505323,0.0,-0.01100000000000001
57.64994502067566,-112.4130982868103,-110.25638691930382,-2.9097062529354134,2.07565758718042,0.12080722821828092,0.010930252126259454,0.0,-0.01100000000000001
57.69994497299194,-112.51233346925646,-110.28512306192701,-2.9091442503411957,2.0780125586951494,0.12193405410185909,0.011401273794403737,0.0,-0.01100000000000001
57.74994492530823,-112.61413130233548,-110.31451243397717,-2.9085185807686833,2.0792039079696902,0.11837301966326144,0.011946437894120554,0.0,-0.01100000000000001
57.79994487762451,-112.71307140289699,-110.34318886653685,-2.9079548029746136,2.080790723306223,0.11344053626747563,0.011978412691800585,0.0,-0.01100000000000001
57.849944829940796,-112.81362530564778,-110.37203012461241,-2.907407562770403,2.082489467119465,0.11341671283610288,0.011552708076288332,0.0,-0.01100000000000001
57.89994478225708,-112.91390436062834,-110.4005538100865,-2.906881519706364,2.083904233813051,0.11298562386492388,0.011084943597649596,0.0,-0.01100000000000001
57.949944734573364,-113.01493250036245,-110.4292547505491,-2.906369853172335,2.085838862451681,0.1171073916763835,0.010698878571004097,0.0,-0.01100000000000001
57.99994468688965,-113.1149302789687,-110.45774497621132,-2.9059209817813705,2.086511880481685,0.10731102753731553,0.00980947554140956,0.0,-0.01100000000000001
58.04994463920593,-113.21625933473409,-110.48642194029773,-2.905495630246185,2.0890718895906923,0.11219563474343165,0.009232455160400947,0.0,-0.01100000000000001
58.09994459152222,-113.31629468079065,-110.51465982277644,-2.9051145608364566,2.090851209615797,0.10886957723275882,0.008402122605363644,0.0,-0.01100000000000001
58.1499445438385,-113.41725630245712,-110.54324437614602,-2.9047630331316894,2.092098498197668,0.10879250011725906,0.007715454693859188,0.0,-0.01100000000000001
58.199944496154785,-113.51860198463665,-110.57193505279453,-2.904388124649261,2.093189947365959,0.10126545721500288,0.007312516588401512,0.0,-0.01100000000000001
58.24994444847107,-113.619765753009,-110.6006890595943,-2.9040542710832136,2.094780951206818,0.10858967009969414,0.007263967680464418,0.0,-0.01100000000000001
58.29994440078735,-113.71928997437477,-110.6286788312397,-2.9037075534700065,2.095427973950473,0.10046455166029865,0.0070398896754639406,0.0,-0.01100000000000001
58.34994435310364,-113.81946994847976,-110.65710038716365,-2.9033618510802026,2.0968300792574848,0.1074352783406763,0.007063672006389826,0.0,-0.01100000000000001
58.39994430541992,-113.92053588128245,-110.68585573692532,-2.902965247794514,2.0976580988245623,0.11030160193537712,0.007613418405097679,0.0,-0.01100000000000001
58.449944257736206,-114.02095619735285,-110.71442316520417,-2.9025681901668055,2.098434033799948,0.11119754884581055,0.008017137010704148,0.0,-0.01100000000000001
58.49994421005249,-114.1218962888617,-110.74333868364359,-2.902203410325496,2.0997534347686364,0.11549615661748014,0.00804191254497573,0.0,-0.01100000000000001
58.549944162368774,-114.2234901695329,-110.77279287313871,-2.9018642642687156,2.101527258473263,0.11844911260944341,0.007354853764796879,0.0,-0.01100000000000001
58.59994411468506,-114.32340412764616,-110.80182818398478,-2.9014841313261717,2.1031381998620007,0.11488227845149641,0.007327653406110794,0.0,-0.01100000000000001
58.64994406700134,-114.42434110607887,-110.83113783074238,-2.90107842863173,2.104495983841662,0.11661112621557863,0.007966178282186908,0.0,-0.01100000000000001
58.69994401931763,-114.52595406138944,-110.86076673034967,-2.9006830076764234,2.1065905723781357,0.11273171170316805,0.008201665461161533,0.0,-0.01100000000000001
58.74994397163391,-114.6277151730824,-110.89057390238045,-2.900280209574981,2.1082698160978297,0.11285207831615039,0.008227564731863661,0.0,-0.01100000000000001
58.799943923950195,-114.72818185902042,-110.92009685907061,-2.899876591806397,2.1095395488706368,0.11478874613077758,0.008417479772508967,0.0,-0.01100000000000001
58.84994387626648,-114.82992622472027,-110.9503157793441,-2.899482318391805,2.11074845494002,0.11514220220877308,0.008187199659327333,0.0,-0.01100000000000001
58.899943828582764,-114.93089067320997,-110.9803983198203,-2.8990588020607175,2.1125836079731015,0.11247382402379683,0.008319240993869936,0.0,-0.01100000000000001
58.94994378089905,-115.03229328509603,-111.01057348583498,-2.898595694958753,2.1133940951581387,0.109089784765263,0.008894565017266588,0.0,-0.01100000000000001
58.99994373321533,-115.13453087038322,-111.04085452609918,-2.8980586259008354,2.115332517411997,0.11082658629042284,0.009769731943704526,0.0,-0.01100000000000001
59.049943685531616,-115.23580276215657,-111.07085382892747,-2.8974610934603198,2.1159822397547052,0.11041803384025178,0.011435275833903913,0.0,-0.01100000000000001
59.0999436378479,-115.33717838606364,-111.10103174294363,-2.8968696681475046,2.1163696581556666,0.10588188072433642,0.012120686446295013,0.0,-0.01100000000000001
59.149943590164185,-115.43963861378442,-111.1318539268895,-2.8963740713573825,2.1157806339064558,0.10951174561153895,0.011367124095261135,0.0,-0.01100000000000001
59.19994354248047,-115.541096452715,-111.16227917401551,-2.895854802177203,2.1176047070105337,0.10582216056365602,0.010517077110582489,0.0,-0.01100000000000001
59.24994349479675,-115.64285731182154,-111.19284315237279,-2.8953198165534086,2.118863193859529,0.10230079928939716,0.010596769584284061,0.0,-0.01100000000000001
59.29994344711304,-115.74420723093235,-111.22347876705939,-2.894748027957556,2.1188571191854213,0.10336966260235864,0.01112788657748444,0.0,-0.01100000000000001
59.34994339942932,-115.84442760779423,-111.25385058900845,-2.8942152525400227,2.120004791595172,0.10097272529350451,0.011318436374524668,0.0,-0.01100000000000001
59.399943351745605,-115.94537308147478,-111.28434330325499,-2.893647875484024,2.1204453319233876,0.10617622826924303,0.011392881877093438,0.0,-0.01100000000000001
59.44994330406189,-116.04728229134922,-111.31543282222522,-2.8930673692638003,2.1212746689983306,0.10317470290654675,0.011651568670578776,0.0,-0.01100000000000001
59.499943256378174,-116.14898151238698,-111.34669892289678,-2.892496484524338,2.1230921230177975,0.10637150555905561,0.01174967327674721,0.0,-0.01100000000000001
59.54994320869446,-116.25086726147738,-111.37766921645793,-2.8918243180153413,2.1252482194188316,0.09717924644100746,0.012543119085415558,0.0,-0.01100000000000001
59.59994316101074,-116.35341574331062,-111.40895813610113,-2.8911878895286134,2.1239626072968676,0.09871076001642086,0.013075209571615001,0.0,-0.01100000000000001
59.649943113327026,-116.45464803339114,-111.44020417213187,-2.8906232510345715,2.125952837740517,0.10423680321751204,0.012489840638843992,0.0,-0.01100000000000001
59.69994306564331,-116.55594077289224,-111.47155589407596,-2.8900576856984808,2.127609065266238,0.10271891734962138,0.01181922990426089,0.0,-0.01100000000000001
59.749943017959595,-116.65884289219994,-111.50319027939197,-2.889412450598571,2.12855377707093,0.09637229262532061,0.012177155245594993,0.0,-0.01100000000000001
59.79994297027588,-116.76059499669331,-111.53448688606021,-2.8887665891485392,2.129373042753722,0.09713019933783786,0.012871896666584864,0.0,-0.01100000000000001
59.84994292259216,-116.86273115967836,-111.56600331784135,-2.888138873912728,2.130427910471107,0.10186979720520019,0.013063633265258133,0.0,-0.01100000000000001
59.89994287490845,-116.96422557996877,-111.59718693883637,-2.8874593879933617,2.1319046138819893,0.09777458101872555,0.013396692394619969,0.0,-0.01100000000000001
59.94994282722473,-117.06634495688888,-111.62866160667541,-2.8867916878588864,2.1331561116603024,0.10319038989808826,0.013726512140811161,0.0,-0.01100000000000001
59.999942779541016,-117.16884930369936,-111.66025047672419,-2.8861040413606736,2.13448428910687,0.10544159673025517,0.01381326376523028,0.0,-0.01100000000000001
60.0499427318573,-117.2721766892439,-111.69207003512147,-2.885407606996696,2.1354390662000067,0.10164351083882907,0.013987462399665019,0.0,-0.01100000000000001
60.099942684173584,-117.37425404911225,-111.72349421972069,-2.884707661113818,2.1361316326397857,0.10397433368694081,0.014169274210521995,0.0,-0.01100000000000001
60.14994263648987,-117.47562958319344,-111.75475044506484,-2.8840037862583623,2.1377371249392385,0.09789135923354352,0.01423421302431209,0.0,-0.01100000000000001
60.19994258880615,-117.57924342662004,-111.78678907338404,-2.8832920448327566,2.1386022452401483,0.10024477452831504,0.014321292544886075,0.0,-0.01100000000000001
60.24994254112244,-117.68036280952855,-111.81794400425812,-2.88256655543703,2.1392494870501397,0.09544946656072954,0.014547128161117182,0.0,-0.01100000000000001
60.29994249343872,-117.7814746794177,-111.84882528605374,-2.8818323443832425,2.1400811766884735,0.0990381442862506,0.014858614051458744,0.0,-0.01100000000000001
60.349942445755005,-117.88377420856906,-111.8800530690409,-2.8810571123208164,2.1409931091165273,0.09479385190027063,0.015263751037880928,0.0,-0.01100000000000001
60.39994239807129,-117.98615774852905,-111.91150105269267,-2.8803297213178873,2.1417925577964274,0.0974919967263179,0.015231903370052325,0.0,-0.01100000000000001
60.44994235038757,-118.08816712022504,-111.94265827301804,-2.879592906574477,2.141622363169495,0.09871928376790748,0.014976743226840925,0.0,-0.01100000000000001
60.49994230270386,-118.19099852192906,-111.97409501361624,-2.878880937632074,2.142237890671312,0.09601192741165604,0.01467392606336344,0.0,-0.01100000000000001
60.54994225502014,-118.29249331750201,-112.00517749759496,-2.878178923797248,2.143534443515528,0.09299951852731787,0.014466420578147562,0.0,-0.01100000000000001
60.599942207336426,-118.39499450673623,-112.03672585120567,-2.8775026001172894,2.1435247799119708,0.09633931872646435,0.014083479027410925,0.0,-0.01100000000000001
60.64994215965271,-118.49694824885299,-112.06780260731594,-2.8768479822729547,2.14482586896071,0.09133484209487006,0.013646481205914366,0.0,-0.01100000000000001
60.699942111968994,-118.60053576768443,-112.0993013892262,-2.876200505624949,2.145995132293026,0.0905656130012278,0.013179236117484006,0.0,-0.01100000000000001
60.74994206428528,-118.70312137243883,-112.13059935236348,-2.875537103253658,2.1462233721881208,0.0916573711808185,0.01338397450083567,0.0,-0.01100000000000001
60.79994201660156,-118.80453332050634,-112.161719976033,-2.8748779756279763,2.147074649763191,0.08962299073423517,0.01355653385569173,0.0,-0.01100000000000001
60.84994196891785,-118.90989637465864,-112.1939723219527,-2.8741832386565696,2.14817140619449,0.09283860320708034,0.013716486161486779,0.0,-0.01100000000000001
60.89994192123413,-119.0123174164669,-112.22531269963274,-2.873483821495813,2.1491357200142067,0.09606695475819499,0.014068024580759737,0.0,-0.01100000000000001
60.949941873550415,-119.11506197205048,-112.25700499042746,-2.8727885960243,2.1495714531906684,0.09616138307522862,0.01416934482206429,0.0,-0.01100000000000001
60.9999418258667,-119.21880813702444,-112.28908031635957,-2.872035384933479,2.150954037850337,0.09543792803284121,0.01464805758739774,0.0,-0.01100000000000001
61.04994177818298,-119.32199132542263,-112.32075557966655,-2.871293699479816,2.152762275281394,0.09089419851168234,0.014963970042446904,0.0,-0.01100000000000001
61.09994173049927,-119.42523218499949,-112.35234308403133,-2.870552051851339,2.152931286784952,0.09017586284454521,0.015199940121170853,0.0,-0.01100000000000001
61.14994168281555,-119.52946065326019,-112.38451137758776,-2.8698379437623225,2.154446082122844,0.08879948491567244,0.014820138646789405,0.0,-0.01100000000000001
61.199941635131836,-119.63144426056202,-112.41608811465366,-2.869132462988584,2.15591576902511,0.08747365611390946,0.014511620198552783,0.0,-0.01100000000000001
61.24994158744812,-119.73448436238262,-112.44821595001312,-2.868452523295997,2.1567040542180407,0.08479049445963607,0.014056051839203202,0.0,-0.01100000000000001
61.299941539764404,-119.83689438781511,-112.48021451833529,-2.867774744401462,2.158120614154892,0.09407938472160343,0.013973838242843758,0.0,-0.01100000000000001
61.34994149208069,-119.9396634276626,-112.51256337497152,-2.8671212285872345,2.158676694874275,0.09213508911349319,0.013468864066111653,0.0,-0.01100000000000001
61.39994144439697,-120.04109100355994,-112.54462327036532,-2.8664628544308717,2.1583332686421413,0.0918235901703909,0.013384062830539853,0.0,-0.01100000000000001
61.44994139671326,-120.14413790624874,-112.57746846511093,-2.8658165647938514,2.158872432686552,0.09570578730234557,0.013342467842584598,0.0,-0.01100000000000001
61.49994134902954,-120.2460511224,-112.61013879362375,-2.865163880222791,2.159326728387097,0.09258752204793858,0.013241064260530715,0.0,-0.01100000000000001
61.549941301345825,-120.34905573441246,-112.64332345472248,-2.8644798227415875,2.160509124422654,0.09488308984234864,0.01351302534409569,0.0,-0.01100000000000001
61.59994125366211,-120.45203556230452,-112.67661202856932,-2.863761659410597,2.161015301020832,0.09346382133835764,0.014102191291444943,0.0,-0.01100000000000001
61.649941205978394,-120.55395781045414,-112.70981622653747,-2.86302167238802,2.1614013436024386,0.09488164886016219,0.014785493585475653,0.0,-0.01100000000000001
61.69994115829468,-120.65647227901243,-112.7434846723255,-2.8622699404343424,2.1620049350862245,0.09511904698199575,0.015249040166173199,0.0,-0.01100000000000001
61.74994111061096,-120.7597902390146,-112.77751011965786,-2.861472190930919,2.161881260568032,0.08907973862552776,0.01564941006159565,0.0,-0.01100000000000001
61.799941062927246,-120.86072429254116,-112.8108286421488,-2.860660367327839,2.1631938603348115,0.09451411761951262,0.01631308494614811,0.0,-0.01100000000000001
61.84994101524353,-120.96473398633823,-112.84527086291523,-2.8597852142734093,2.1642795367062075,0.09684513680726495,0.017031233262500292,0.0,-0.01100000000000001
61.899940967559814,-121.06817191289821,-112.87962903814474,-2.858877262119083,2.16474902284208,0.09218494010358039,0.01786188288317094,0.0,-0.01100000000000001
61.9499409198761,-121.1708806334704,-112.91387447874767,-2.857970497882242,2.1663148727717956,0.09334340652807709,0.018314594885197495,0.0,-0.01100000000000001
61.99994087219238,-121.27347094327533,-112.94803769490466,-2.857002038570466,2.1668861919829374,0.08717250076155007,0.018927730874084874,0.0,-0.01100000000000001
62.04994082450867,-121.37720344647683,-112.98295712673072,-2.8560678921638627,2.168508496534432,0.09044390696376704,0.019119798238774122,0.0,-0.01100000000000001
62.09994077682495,-121.48088612887419,-113.01806611734325,-2.8551537038968147,2.1698547489929223,0.09369973021640937,0.018877452536521514,0.0,-0.01100000000000001
62.149940729141235,-121.58300131667136,-113.05270239705375,-2.8542703960718288,2.1707215529878816,0.09521216607441514,0.018467344945794262,0.0,-0.01100000000000001
62.19994068145752,-121.68655056511935,-113.08781718119269,-2.8533797830277137,2.1721472853275747,0.09226843178755846,0.01802266229622431,0.0,-0.01100000000000001
62.249940633773804,-121.78921494293375,-113.12273058146066,-2.852522200103183,2.1720610171683594,0.09328502833135865,0.017791042273105122,0.0,-0.01100000000000001
62.29994058609009,-121.89125188742909,-113.15770048521699,-2.851703452162234,2.1713348735746276,0.09196384517671953,0.017078173953480203,0.0,-0.01100000000000001
62.34994053840637,-121.99319748509241,-113.19255313314419,-2.8508710193196567,2.1712416008372877,0.08889167489281759,0.01672925216754501,0.0,-0.01100000000000001
62.399940490722656,-122.09543324121714,-113.22743162082703,-2.850023733282149,2.1707935503155498,0.08871162896645217,0.01680522986394609,0.0,-0.01100000000000001
62.44994044303894,-122.19759722139257,-113.26205980876067,-2.8491845552967265,2.1714342302333467,0.08899638459573073,0.017004428190428394,0.0,-0.01100000000000001
62.499940395355225,-122.29969280635953,-113.29666238847076,-2.8483889605556763,2.171691301983748,0.09206197788441264,0.01672593938453162,0.0,-0.01100000000000001
62.54994034767151,-122.40276130691176,-113.33154791475984,-2.8475388472466827,2.1713575220031007,0.09106468171419121,0.01673506340774481,0.0,-0.01100000000000001
62.59994029998779,-122.50518352834592,-113.36636624972908,-2.8467029661826833,2.171010641013781,0.08921432038851111,0.016960862350960167,0.0,-0.01100000000000001
62.64994025230408,-122.60777380697861,-113.40123826220726,-2.845840720943591,2.1713409123488443,0.08245791877126682,0.017094290442573244,0.0,-0.01100000000000001
62.69994020462036,-122.71191591294765,-113.43667928789691,-2.8449371954715374,2.1710002262953214,0.0875552733412271,0.017672277907379075,0.0,-0.01100000000000001
62.749940156936646,-122.81435863426499,-113.47172229087009,-2.8440568854421033,2.1717469140383923,0.08672107856559173,0.018096440767769638,0.0,-0.01100000000000001
62.79994010925293,-122.91440699746339,-113.50602763920874,-2.8431701660353603,2.1719202931023065,0.08771541110574199,0.018301724201131554,0.0,-0.01100000000000001
62.849940061569214,-123.0197515739527,-113.54202727579442,-2.842231078029012,2.172332564284977,0.08766892740433757,0.01838241924048695,0.0,-0.01100000000000001
62.8999400138855,-123.12211360650525,-113.57696848548431,-2.8413069212173054,2.1724697857767303,0.08843453412740505,0.018536813262756906,0.0,-0.01100000000000001
62.94993996620178,-123.22475710644672,-113.61213973798127,-2.8403577463809824,2.17358850569687,0.0887992201729829,0.018905696536332887,0.0,-0.01100000000000001
62.999939918518066,-123.32797017621539,-113.64767826560998,-2.8393986650978493,2.17437093301467,0.08810527207238203,0.01915039661194117,0.0,-0.01100000000000001
63.04993987083435,-123.42992697479278,-113.6826050067733,-2.838452635600356,2.1752043637097334,0.08236564847256658,0.019173960218547184,0.0,-0.01100000000000001
63.099939823150635,-123.53219143274198,-113.71756026380253,-2.837489225904631,2.1755503828119886,0.08528972297327715,0.019472111357189285,0.0,-0.01100000000000001
63.14993977546692,-123.63570128662495,-113.75316120762484,-2.836510484985425,2.1767652456996043,0.0814150044883999,0.019383950150526012,0.0,-0.01100000000000001
63.1999397277832,-123.73895641810681,-113.78877300324498,-2.8354942509260446,2.176432950327604,0.07753649853226789,0.019820497331187955,0.0,-0.01100000000000001
63.24993968009949,-123.84125381613525,-113.82408022244948,-2.8344573115176694,2.1774582912273903,0.08142335330741042,0.02041792759515703,0.0,-0.01100000000000001
63.29993963241577,-123.9435200106222,-113.8590496726264,-2.8334094548721818,2.1773210363032813,0.080993718653931,0.020965229237798554,0.0,-0.01100000000000001
63.349939584732056,-124.04530601041644,-113.89414878354195,-2.8323571934279377,2.1776280479006456,0.08174246646637706,0.021027483400772692,0.0,-0.01100000000000001
63.39993953704834,-124.14518699019631,-113.92875092986564,-2.831288031926501,2.176976748481559,0.08113864464791536,0.021393216983751778,0.0,-0.01100000000000001
63.449939489364624,-124.24961825204073,-113.9646068859436,-2.8301559679981536,2.177517097782116,0.07433828500527997,0.021854611017512165,0.0,-0.01100000000000001
63.49993944168091,-124.35179932382,-113.99960526001006,-2.8290538836897707,2.1775534233963683,0.08131425677593485,0.02231601239951087,0.0,-0.01100000000000001
63.54993939399719,-124.45372421312968,-114.03491430060213,-2.8279987356040546,2.1767714504901727,0.07778974305998443,0.02178603494388822,0.0,-0.01100000000000001
63.59993934631348,-124.55541520269975,-114.07042249046565,-2.826971589948682,2.1776805773775587,0.07509540264276618,0.02110054037504972,0.0,-0.01100000000000001
63.64993929862976,-124.6596039006654,-114.10661703233207,-2.825945636262341,2.17778521314426,0.08333401742456688,0.02070077544254999,0.0,-0.01100000000000001
63.699939250946045,-124.76204657977874,-114.1421696722506,-2.8249617423982736,2.1777280215667165,0.07671158384276165,0.020175791487045396,0.0,-0.01100000000000001
63.74993920326233,-124.86599871921962,-114.17858116446095,-2.8240140653209194,2.1782947283494223,0.08041472234423111,0.019430793812720143,0.0,-0.01100000000000001
63.79993915557861,-124.96699457910209,-114.21416162251991,-2.823111720880346,2.178856117240031,0.07727967331142406,0.018813864170536588,0.0,-0.01100000000000001
63.8499391078949,-125.07069925272239,-114.25073209927747,-2.8221916130903564,2.1797116609611558,0.07826290523640134,0.01846484330622006,0.0,-0.01100000000000001
63.89993906021118,-125.17427169899021,-114.28745823255157,-2.8213022793752396,2.1801430669913704,0.07457451555556899,0.018058780460010467,0.0,-0.01100000000000001
63.949939012527466,-125.27745227156014,-114.32421840112964,-2.820409699540893,2.1805862910531233,0.07602431651779915,0.017930777878898463,0.0,-0.01100000000000001
63.99993896484375,-125.37856774245867,-114.36037210305032,-2.819521149312759,2.180481516938734,0.06713698769292725,0.017927068813659422,0.0,-0.01100000000000001
64.04993891716003,-125.48399352862205,-114.39793258105522,-2.8185253324687833,2.1797662463204164,0.06647062987067644,0.018756225269992027,0.0,-0.01100000000000001
64.09993886947632,-125.58574565473893,-114.43443431762444,-2.8176162414163204,2.1801172425382753,0.06601520553329863,0.019010168883318534,0.0,-0.01100000000000001
64.1499388217926,-125.68881003054261,-114.47160041726254,-2.8166949488685584,2.180560448367723,0.06641985584533945,0.018755666144974124,0.0,-0.01100000000000001
64.19993877410889,-125.79103576016627,-114.50853796249365,-2.8157416421527297,2.1794973745456305,0.06525332509176685,0.018929659311239234,0.0,-0.01100000000000001
64.24993872642517,-125.89383277170717,-114.54579790010443,-2.8147574269590327,2.1799526759826238,0.06521711984073233,0.01944992127950069,0.0,-0.01100000000000001
64.29993867874146,-125.99549455228762,-114.58287696013734,-2.8137894213019576,2.180209602181603,0.07266341586313096,0.019724202956712573,0.0,-0.01100000000000001
64.34993863105774,-126.09674164808943,-114.6199093311191,-2.81279360279459,2.179228693201903,0.07131886267730936,0.019853471916273898,0.0,-0.01100000000000001
64.39993858337402,-126.19716050549407,-114.65666312282245,-2.811760702938311,2.1795100543529387,0.06822022204462978,0.020437924615885835,0.0,-0.01100000000000001
64.44993853569031,-126.29961053694875,-114.69425244729706,-2.810741631175772,2.179526895571275,0.06633736373612956,0.020568099041146995,0.0,-0.01100000000000001
64.49993848800659,-126.40077675506535,-114.73136934602407,-2.809712146504076,2.178542053665352,0.06400315782568974,0.02060359571097104,0.0,-0.01100000000000001
64.54993844032288,-126.5032511193261,-114.76918659306251,-2.8086600460909756,2.1789990240432893,0.06517323476298159,0.020808887059145235,0.0,-0.01100000000000001
64.59993839263916,-126.60281423169637,-114.80615898317808,-2.8076376640444867,2.179138601768389,0.0632397575014627,0.020881731617676178,0.0,-0.01100000000000001
64.64993834495544,-126.70581950592873,-114.8446110834981,-2.806587782747375,2.1794888338281044,0.06892507047554584,0.020863310026405357,0.0,-0.01100000000000001
64.69993829727173,-126.80784091822666,-114.8828888988573,-2.8055484563709063,2.179399299969596,0.07024984466710099,0.0207816771165523,0.0,-0.01100000000000001
64.74993824958801,-126.90945705618525,-114.92128640887226,-2.8045398979443528,2.180051462823861,0.07208622706399723,0.02061894820741156,0.0,-0.01100000000000001
64.7999382019043,-127.0093033011304,-114.95909386186784,-2.8035190353831774,2.1806773173733363,0.07334514998583265,0.020463820890872002,0.0,-0.01100000000000001
64.84993815422058,-127.11335604060442,-114.99847013093532,-2.8024779337120003,2.180354532124005,0.06641175736632839,0.02040129627444003,0.0,-0.01100000000000001
64.89993810653687,-127.21523703678503,-115.03718072439989,-2.801507150615843,2.180936006065302,0.07487318159836584,0.020053589948827482,0.0,-0.01100000000000001
64.94993805885315,-127.31666675233714,-115.07583348106914,-2.8005279859123964,2.182344736308529,0.06739998663589307,0.01960956508434205,0.0,-0.01100000000000001
64.99993801116943,-127.41743084723068,-115.11437371835447,-2.7995482574965966,2.183386313604799,0.06949106878720641,0.01962876771084639,0.0,-0.01100000000000001
65.04993796348572,-127.5204555185862,-115.15379386970685,-2.798497092271334,2.1839766596718704,0.06988715598515874,0.020206252050939573,0.0,-0.01100000000000001
65.099937915802,-127.62191334688298,-115.19288559760423,-2.7974865304396155,2.1851353808075897,0.07299569016052569,0.020340636963306576,0.0,-0.01100000000000001
65.14993786811829,-127.72407923056348,-115.23228583445636,-2.796416032966237,2.1850682328416338,0.06257240135293039,0.020533094260280455,0.0,-0.01100000000000001
65.19993782043457,-127.82613463563752,-115.27176975487146,-2.7953281207810194,2.1862336359149754,0.07487217625332944,0.021369838231945937,0.0,-0.01100000000000001
65.24993777275085,-127.92727734162942,-115.31100390674769,-2.7942348186231123,2.1865227863314507,0.07317972509018424,0.021753130151921696,0.0,-0.01100000000000001
65.29993772506714,-128.02765979290209,-115.34982623804063,-2.7931128318419973,2.1867584224569794,0.06860785335449894,0.0219969799420152,0.0,-0.01100000000000001
65.34993767738342,-128.12922198977327,-115.38919614550231,-2.791940084555309,2.185989774820418,0.06539881483008955,0.022692546158122287,0.0,-0.01100000000000001
65.3999376296997,-128.22911966093986,-115.4281306267847,-2.7908019819958745,2.1862225954871155,0.05834789211029403,0.02298305214167564,0.0,-0.01100000000000001
65.44993758201599,-128.33201133914545,-115.46805572670712,-2.789582692322923,2.1860645719201113,0.059039024294568254,0.02341809050410911,0.0,-0.01100000000000001
65.49993753433228,-128.43473124600075,-115.50797740918392,-2.7883711743929673,2.1857281901686485,0.0570119983941473,0.023782746923601918,0.0,-0.01100000000000001
65.54993748664856,-128.53577629826853,-115.5473686478587,-2.787152081827396,2.1860910697163214,0.06190252881980861,0.02419361152037867,0.0,-0.01100000000000001
65.59993743896484,-128.63530964631113,-115.58636232537538,-2.785957394304354,2.18540916721558,0.0620253764345787,0.024326309887809882,0.0,-0.01100000000000001
65.64993739128113,-128.74000861232545,-115.62711293745939,-2.784689165718431,2.185578446678117,0.05701831742314706,0.024355260563852,0.0,-0.01100000000000001
65.69993734359741,-128.84223517089947,-115.66673524523098,-2.783429124751107,2.1856899762354507,0.059662406928776945,0.02467369289641051,0.0,-0.01100000000000001
65.7499372959137,-128.9439987533645,-115.70652870678546,-2.7822174985042984,2.185635613863871,0.05326985639379056,0.0246287662725353,0.0,-0.01100000000000001
65.79993724822998,-129.04463693866435,-115.74601837624351,-2.781010623014994,2.186247543392082,0.04977637047892762,0.024362244769003314,0.0,-0.01100000000000001
65.84993720054626,-129.14806486408222,-115.7861600399534,-2.779740611977538,2.185840436010594,0.049010923559540266,0.024724717050353447,0.0,-0.01100000000000001
65.89993715286255,-129.24989673125793,-115.82568704110605,-2.7785367608436315,2.1866349140565142,0.05498085065849537,0.024510050101322192,0.0,-0.01100000000000001
65.94993710517883,-129.35293965365742,-115.86599036833778,-2.7773387477288254,2.1869345599814802,0.04906971904924519,0.024012506733101367,0.0,-0.01100000000000001
65.99993705749512,-129.45262016137468,-115.90521117264376,-2.7761866668584063,2.1866513243850503,0.04979796808274856,0.02365897998961423,0.0,-0.01100000000000001
66.0499370098114,-129.5557357024297,-115.94571316195474,-2.7749969809756494,2.1877238479815246,0.05056977416173415,0.02348772464563072,0.0,-0.01100000000000001
66.09993696212769,-129.65790511670087,-115.98590820498491,-2.7738085349164425,2.1875775411722413,0.04949127223394591,0.02353766558284113,0.0,-0.01100000000000001
66.14993691444397,-129.7598875165073,-116.02640148289682,-2.7726432407719344,2.187396488024539,0.05312921396832154,0.023529296947289294,0.0,-0.01100000000000001
66.19993686676025,-129.8609279191215,-116.06688172781882,-2.7715022420209725,2.188795641224259,0.05595169483225938,0.02312407542447007,0.0,-0.01100000000000001
66.24993681907654,-129.9620885490921,-116.10749496893732,-2.7703251297794633,2.189501818120292,0.05327965935190753,0.023163561642097052,0.0,-0.01100000000000001
66.29993677139282,-130.06241186593184,-116.14746610352572,-2.7691243520477067,2.1886607256252444,0.055390179667730334,0.02361391284886848,0.0,-0.01100000000000001
66.3499367237091,-130.16224164033656,-116.18757787234622,-2.767920619589439,2.1895013937935497,0.05523914289625131,0.02396793946079107,0.0,-0.01100000000000001
66.39993667602539,-130.26076013510882,-116.22736382649897,-2.7667040533999003,2.189845018707346,0.049970026291526,0.02441157402663484,0.0,-0.01100000000000001
66.44993662834167,-130.36363525275684,-116.26887067277251,-2.7654491854747603,2.1894990152762324,0.049718295033359144,0.024560862887225504,0.0,-0.01100000000000001
66.49993658065796,-130.46398894467663,-116.30932540769179,-2.7642184357809363,2.1901699264955394,0.04582804085112452,0.024535752878616174,0.0,-0.01100000000000001
66.54993653297424,-130.56439578108436,-116.35021452193966,-2.763029264913509,2.190804807614581,0.0522076720950723,0.024144202534148805,0.0,-0.01100000000000001
66.59993648529053,-130.66419458847338,-116.39119869772883,-2.761872073267867,2.1913531033135443,0.053089937458950534,0.02374053227962216,0.0,-0.01100000000000001
66.64993643760681,-130.76664082222194,-116.43339770795397,-2.7607311886948245,2.190542618658294,0.06087690942176919,0.023042135016537832,0.0,-0.01100000000000001
66.6999363899231,-130.8667664569718,-116.47518109068918,-2.759754491952102,2.1901112819856126,0.0692183694172444,0.021093024323711622,0.0,-0.01100000000000001
66.74993634223938,-130.96787431649287,-116.51767110937762,-2.7587800424677034,2.1909789996643703,0.06438781433940749,0.0194931662037516,0.0,-0.01100000000000001
66.79993629455566,-131.06668962630158,-116.55908402339696,-2.757741941539138,2.190772429667407,0.05307567734843323,0.019675993670261908,0.0,-0.01100000000000001
66.84993624687195,-131.1684714225922,-116.60128458449107,-2.756539193329609,2.19227998816045,0.04392789769723807,0.02178345692629757,0.0,-0.01100000000000001
66.89993619918823,-131.26977906545633,-116.6433423985313,-2.7553550022861244,2.192725960477331,0.039255740798891686,0.02309736232573137,0.0,-0.01100000000000001
66.94993615150452,-131.37046745667755,-116.68525080784235,-2.7541577741980356,2.1921299454551044,0.04410341610791798,0.023912736398196074,0.0,-0.01100000000000001
66.9999361038208,-131.4703537636586,-116.72712328023971,-2.7530169096244568,2.1910947484201326,0.04134164788049395,0.02351671742829504,0.0,-0.01100000000000001
67.04993605613708,-131.573085859433,-116.7703075240769,-2.7518702751686033,2.19035791178598,0.04519933304804828,0.022818047705289685,0.0,-0.01100000000000001
67.09993600845337,-131.67384611061212,-116.81271696828023,-2.7507275117364247,2.1895948012428157,0.04714915626545505,0.022534914859349945,0.0,-0.01100000000000001
67.14993596076965,-131.77385786171627,-116.85512788370266,-2.7496361531167377,2.1896489118414615,0.047742533666334845,0.022203996240152023,0.0,-0.01100000000000001
67.19993591308594,-131.87352898219058,-116.89753544274971,-2.7485319510391624,2.18987264585295,0.03949975505837314,0.0219482198946355,0.0,-0.01100000000000001
67.24993586540222,-131.9762486006489,-116.9413653902365,-2.7473798770920888,2.1905964809745795,0.03795724732878883,0.022187275507503056,0.0,-0.01100000000000001
67.2999358177185,-132.07550199114235,-116.9838303988903,-2.7462730626125076,2.1900917971827267,0.04624471137558456,0.02231284794010283,0.0,-0.01100000000000001
67.34993577003479,-132.1750695381541,-117.02661634792796,-2.745149260098386,2.1899294143659147,0.03751328948679679,0.02208015392539234,0.0,-0.01100000000000001
67.39993572235107,-132.2738227765921,-117.0692629568591,-2.7440307396051615,2.189859723873578,0.0391246768730461,0.022387563936265745,0.0,-0.01100000000000001
67.44993567466736,-132.37485614494054,-117.11302869660832,-2.7429057756526976,2.1893561666336336,0.045139783610711345,0.022457072697510093,0.0,-0.01100000000000001
67.49993562698364,-132.47412343279757,-117.15594968913877,-2.741737766637075,2.190073224730506,0.03930109218909789,0.02278109403198222,0.0,-0.01100000000000001
67.54993557929993,-132.5750195462916,-117.19994393310806,-2.7405986436314698,2.1894465816519157,0.0374197296352669,0.022777087813936173,0.0,-0.01100000000000001
67.59993553161621,-132.67286777175622,-117.2425829159035,-2.739428548005293,2.189459774215742,0.03917162546409494,0.023264083075185998,0.0,-0.01100000000000001
67.6499354839325,-132.77419144857794,-117.28684360912928,-2.738198025729455,2.188966728867751,0.04220370658252992,0.023935398328752345,0.0,-0.01100000000000001
67.69993543624878,-132.87499091384265,-117.33112461773008,-2.7370006381023604,2.188671232761822,0.040432908959834146,0.02393098100109828,0.0,-0.01100000000000001
67.74993538856506,-132.97396087368358,-117.37465305733043,-2.7357846115655233,2.188079721770072,0.030293677045105463,0.0239637255925129,0.0,-0.01100000000000001
67.79993534088135,-133.0720785389776,-117.41797053575452,-2.734582918889273,2.188636599763408,0.0396465825794745,0.024373117336994904,0.0,-0.01100000000000001
67.84993529319763,-133.17406269078054,-117.46299513436506,-2.7333090323341906,2.1880506949504603,0.036223086056381984,0.024532565717479426,0.0,-0.01100000000000001
67.89993524551392,-133.27313254990128,-117.50681619966765,-2.7320689517832943,2.188257592501792,0.026089215784567243,0.024793274932449857,0.0,-0.01100000000000001
67.9499351978302,-133.37239955639805,-117.55078386664759,-2.7308022645436925,2.18788386118382,0.029708348921892815,0.025122165964155212,0.0,-0.01100000000000001
67.99993515014648,-133.47189731239087,-117.5949477755421,-2.729519026896712,2.188075653611233,0.028470610833723965,0.02552993977473302,0.0,-0.01100000000000001
68.04993510246277,-133.572453051161,-117.63940752517958,-2.728218671210587,2.188483854336568,0.03074272468538513,0.0256016131556965,0.0,-0.01100000000000001
68.09993505477905,-133.67222537561432,-117.68343581339975,-2.7269077292045996,2.188351745326508,0.02772221101284696,0.02577896592928523,0.0,-0.01100000000000001
68.14993500709534,-133.7723512556428,-117.72782130899546,-2.725587191519393,2.189299949680706,0.02740830370817589,0.025904593583000353,0.0,-0.01100000000000001
68.19993495941162,-133.87064281438393,-117.77167384072064,-2.7243136711177134,2.1894644696785703,0.029937590717271305,0.025905207130026957,0.0,-0.01100000000000001
68.2499349117279,-133.9715839000308,-117.81667947874834,-2.722966157619447,2.1893611556879202,0.016295130460355606,0.025947272628872423,0.0,-0.01100000000000001
68.29993486404419,-134.07060274596765,-117.86040706122624,-2.7215914704795034,2.1902214637259294,0.02258677837863535,0.02664304709345995,0.0,-0.01100000000000001
68.34993481636047,-134.16899636351033,-117.90425251148365,-2.7202594080847504,2.189783406519944,0.024387831233455295,0.02671669149932302,0.0,-0.01100000000000001
68.39993476867676,-134.26627215678198,-117.94764718904783,-2.7188877719283377,2.1894662274345262,0.019193975135933544,0.027170218788161966,0.0,-0.01100000000000001
68.44993472099304,-134.36589499644586,-117.9921496859773,-2.717514163893566,2.1894563763042796,0.025891382166453387,0.027275809197929633,0.0,-0.01100000000000001
68.49993467330933,-134.46668751088566,-118.03724541352663,-2.7161367006547055,2.1879598258867974,0.02283717098708008,0.027020750360219146,0.0,-0.01100000000000001
68.54993462562561,-134.56508991668406,-118.0814970016161,-2.714790771810967,2.1885587597640854,0.02120751351045418,0.02681428877526977,0.0,-0.01100000000000001
68.5999345779419,-134.66315068153187,-118.12594882335937,-2.713484942703157,2.187655984183621,0.02305227070751486,0.026456532006924577,0.0,-0.01100000000000001
68.64993453025818,-134.76418608629672,-118.17168019932458,-2.712158965253249,2.187910858191355,0.013847535853791976,0.02590396071881741,0.0,-0.01100000000000001
68.69993448257446,-134.8631521505148,-118.2165949855816,-2.710897639356809,2.1870869424937083,0.015092625034034704,0.025475188804311558,0.0,-0.01100000000000001
68.74993443489075,-134.9625792710257,-118.26180451468292,-2.7095776715322963,2.1874857949366335,0.01889540472607124,0.02563290827848692,0.0,-0.01100000000000001
68.79993438720703,-135.06011963022846,-118.30647556930826,-2.708315231165662,2.1872385704297286,0.01822347094066979,0.025729085681411627,0.0,-0.01100000000000001
68.84993433952332,-135.15882285817344,-118.35176808531486,-2.707052816956764,2.186854644693347,0.01863890072658815,0.02537303329661474,0.0,-0.01100000000000001
68.8999342918396,-135.260007680594,-118.39821685667508,-2.7057187591308516,2.1868152969275574,0.016574616462269043,0.025499994682615473,0.0,-0.01100000000000001
68.94993424415588,-135.35817856760383,-118.44369252139248,-2.7044594702853044,2.187712425845128,0.015563273929852836,0.025488105958979164,0.0,-0.01100000000000001
68.99993419647217,-135.45712395960032,-118.48968312704673,-2.7031559931128686,2.1869161283426015,0.02256369938919576,0.025810059622792866,0.0,-0.01100000000000001
69.04993414878845,-135.5580361012488,-118.53662345249401,-2.7017776542857863,2.1875356855519468,0.01232730355894154,0.026278522935089643,0.0,-0.01100000000000001
69.09993410110474,-135.65771906148643,-118.58333489918893,-2.7004554385631825,2.187438260155207,0.016172416687810266,0.02650195502676361,0.0,-0.01100000000000001
69.14993405342102,-135.75641039211754,-118.62969364200256,-2.699111191877218,2.186915452896096,0.011576969169679062,0.026540647184428834,0.0,-0.01100000000000001
69.1999340057373,-135.85353661715516,-118.67547470904533,-2.697777299356116,2.1872878196088528,0.0039043721242513407,0.02676875351608488,0.0,-0.01100000000000001
69.24993395805359,-135.95446842428282,-118.72334721582503,-2.6964254122955578,2.1873657598111604,0.0117407268500515,0.026834710334372607,0.0,-0.01100000000000001
69.29993391036987,-136.0521591944052,-118.76958595438207,-2.695057116889183,2.1862663222752117,0.008882198549631811,0.026869702411975515,0.0,-0.01100000000000001
69.34993386268616,-136.14860500252718,-118.81544742496999,-2.69372222998892,2.1853896690277894,0.010406850426651081,0.02693565317611919,0.0,-0.01100000000000001
69.39993381500244,-136.24647987395954,-118.86208648705023,-2.692350242324243,2.184760363243007,0.010468252928468397,0.027136167141701927,0.0,-0.01100000000000001
69.44993376731873,-136.34501395136198,-118.9092221034124,-2.6909866766371042,2.1838281045783443,0.009662533470167427,0.027143316179583477,0.0,-0.01100000000000001
69.49993371963501,-136.44463975602844,-118.95692544497653,-2.6895787208307445,2.182554924178351,0.00496004787997607,0.02706427416908714,0.0,-0.01100000000000001
69.5499336719513,-136.5428905929281,-119.0041734733677,-2.6882146690251414,2.18248156025067,0.0032398688649461953,0.027134368076552364,0.0,-0.01100000000000001
69.59993362426758,-136.6389106184844,-119.05043448043884,-2.68686488413365,2.1823195271652462,0.0026787375121575677,0.027293045034771625,0.0,-0.01100000000000001
69.64993357658386,-136.73836435761842,-119.09848479904718,-2.685451542734116,2.1818604014238314,0.0022344029337228294,0.027518210335160203,0.0,-0.01100000000000001
69.69993352890015,-136.83616935367922,-119.14605126732847,-2.6841015610595647,2.1814779627379846,-0.0016862728557968058,0.027161811987364875,0.0,-0.01100000000000001
69.74993348121643,-136.93210461703444,-119.19276350129745,-2.6827492556363266,2.1813616839033645,0.0005052567239008912,0.027107743898813545,0.0,-0.01100000000000001
69.79993343353271,-137.029804513948,-119.24062809910995,-2.6814138959759046,2.180714590423797,0.0015110615416711374,0.02696174580883963,0.0,-0.01100000000000001
69.849933385849,-137.12776462374677,-119.28880063330793,-2.6800262520793083,2.1813428433256807,0.004887398017142934,0.027210305247321223,0.0,-0.01100000000000001
69.89993333816528,-137.2272709911946,-119.3381571717031,-2.6786433143807242,2.181438727164028,0.004070344077873395,0.027105852405987136,0.0,-0.01100000000000001
69.94993329048157,-137.32444329314944,-119.38633905711123,-2.6772413062819522,2.181775252231377,-0.0007572276937157798,0.02738200465235828,0.0,-0.01100000000000001
69.99993324279785,-137.4212197220106,-119.43443053745918,-2.6758303766697633,2.1820471884957593,0.00010273002483429335,0.02797932921226191,0.0,-0.01100000000000001
70.04993319511414,-137.52061732953186,-119.48418654891705,-2.6744134483458786,2.1817771968983357,-0.005085056123977579,0.028005881171804584,0.0,-0.01100000000000001
70.09993314743042,-137.61554399525468,-119.531796826654,-2.673020325908844,2.1823042773029515,-0.00045739797356830194,0.028017638863752022,0.0,-0.01100000000000001
70.1499330997467,-137.71595563050516,-119.58230391888956,-2.6715486188441564,2.1821337107845564,0.0003022200858627108,0.028224456904787785,0.0,-0.01100000000000001
70.19993305206299,-137.8110527221086,-119.63026076824143,-2.6701382584837425,2.181644919078797,-0.0010474345943872379,0.028480063787094292,0.0,-0.01100000000000001
70.24993300437927,-137.9092347646589,-119.6798982783392,-2.6686647806313104,2.181707665218626,-0.002297513357146557,0.028760885930983877,0.0,-0.01100000000000001
70.29993295669556,-138.0051650535943,-119.7285325673997,-2.667174258095002,2.180579683000841,-0.004087015237646933,0.029172323596199097,0.0,-0.01100000000000001
70.34993290901184,-138.10073436333627,-119.77717620083243,-2.6657155383331146,2.1799848813214044,-0.008119332045750632,0.02932176157937105,0.0,-0.01100000000000001
70.39993286132812,-138.1968056778714,-119.82616655333322,-2.6642382972842142,2.179009693662598,0.0022075888117024343,0.029347613561544812,0.0,-0.01100000000000001
70.44993281364441,-138.29360706506225,-119.87572136378765,-2.6627491221124355,2.178262593868504,0.004104035179041858,0.0294600053402006,0.0,-0.01100000000000001
70.4999327659607,-138.39037773322474,-119.92548116169023,-2.6612884644686545,2.1779795473849903,0.0007187168671448953,0.029082113269672867,0.0,-0.01100000000000001
70.54993271827698,-138.4864890512871,-119.97501083146584,-2.6598454169599544,2.1775485410717947,-0.002337362123788243,0.02877008059486351,0.0,-0.01100000000000001
70.59993267059326,-138.5832484804351,-120.02495868105079,-2.6583956067058194,2.1769396425228114,-0.0032749229560405943,0.02853337017443667,0.0,-0.01100000000000001
70.64993262290955,-138.68293205604598,-120.07675606885086,-2.656909901572321,2.178078879716563,-0.009632943721676343,0.028451399778768725,0.0,-0.01100000000000001
70.69993257522583,-138.77682154512638,-120.12579069316423,-2.6555159685519842,2.1770867713856337,-0.003101014460205851,0.028538175097864008,0.0,-0.01100000000000001
70.74993252754211,-138.8718298874311,-120.17550528336811,-2.6541027720936956,2.177717508279942,-0.004108253215962662,0.028376371982256354,0.0,-0.01100000000000001
70.7999324798584,-138.97051656533287,-120.2272398324537,-2.6526200324171922,2.177670632034414,-0.0038015641244535377,0.02860583339815384,0.0,-0.01100000000000001
70.84993243217468,-139.06742048283155,-120.27816932045728,-2.6511575353433146,2.178318444494813,-0.005927197572520129,0.028770198632347768,0.0,-0.01100000000000001
70.89993238449097,-139.1637428864746,-120.3289303269623,-2.6497031740428065,2.178995708912826,0.0022973146644659926,0.02889667623972216,0.0,-0.01100000000000001
70.94993233680725,-139.26274611259782,-120.38128952429284,-2.6482049821921008,2.1789397507330297,0.0015378777495853868,0.028844434460989644,0.0,-0.01100000000000001
70.99993228912354,-139.35726362322222,-120.43136035357247,-2.6467468571812023,2.1790188010188545,-0.001339390386855553,0.0291856175826476,0.0,-0.01100000000000001
71.04993224143982,-139.45513756009464,-120.4834923906883,-2.6452342644421605,2.1791450344453307,-0.007124570791492208,0.02934475345398498,0.0,-0.01100000000000001
71.0999321937561,-139.5516829127504,-120.5351091666772,-2.643742595371176,2.1793131437673217,-0.00599554117385347,0.029481192953289843,0.0,-0.01100000000000001
71.14993214607239,-139.6478171565929,-120.58659210592823,-2.642262673183697,2.1794057786362724,-0.005844746175855106,0.029470684377221466,0.0,-0.01100000000000001
71.19993209838867,-139.74248843570948,-120.63754453115875,-2.640853731746837,2.1795069081232636,-0.002428395774264157,0.02909275943907352,0.0,-0.01100000000000001
71.24993205070496,-139.84114620091387,-120.69065943014319,-2.6393456032687883,2.1795298120710416,-0.0075094554578217605,0.028928885656244945,0.0,-0.01100000000000001
71.29993200302124,-139.93544390848837,-120.74152457932188,-2.6378855129041416,2.1791225650493526,-0.008378314284983623,0.029037925514181367,0.0,-0.01100000000000001
71.34993195533752,-140.02889433907393,-120.79204998306368,-2.6364368571390795,2.1787098264211493,-0.009836708903544773,0.02917743258155193,0.0,-0.01100000000000001
71.39993190765381,-140.12499235610804,-120.84409514780111,-2.6349512817256877,2.1786343111262707,-0.0077275427820333,0.029288633565772382,0.0,-0.01100000000000001
71.44993185997009,-140.22203452755193,-120.89673220927828,-2.633417108143431,2.1778504651674018,-0.006618105067567637,0.02957037441735426,0.0,-0.01100000000000001
71.49993181228638,-140.3164426983293,-120.94814685984147,-2.6319346949564,2.1780213397051185,-0.010007707146264425,0.02987440928549764,0.0,-0.01100000000000001
71.54993176460266,-140.41215332790287,-121.00038472915571,-2.6304377004510653,2.178155131583347,-0.015718771954922807,0.029596000821392434,0.0,-0.01100000000000001
71.59993171691895,-140.5057579749871,-121.05156856238268,-2.6289585446601613,2.1785731220268727,-0.01670331797230808,0.029725384357840955,0.0,-0.01100000000000001
71.64993166923523,-140.60254563743126,-121.1047903141771,-2.627422792653784,2.1794667918778767,-0.016026922023637334,0.02999024139359608,0.0,-0.01100000000000001
71.69993162155151,-140.69591445037406,-121.15626181793732,-2.6258995268822196,2.179887994366026,-0.019448697968294924,0.030315684377872517,0.0,-0.01100000000000001
71.7499315738678,-140.79156906921952,-121.20919645126301,-2.6243509948053596,2.1803742069837257,-0.01485966506415138,0.030748228328843098,0.0,-0.01100000000000001
71.79993152618408,-140.88673295851086,-121.26199219451257,-2.622803192571751,2.1802445682599645,-0.016222408979450192,0.030857875197458296,0.0,-0.01100000000000001
71.84993147850037,-140.98168300666646,-121.31474128386714,-2.6212164331719263,2.1809951033321755,-0.018801468700684103,0.031104086279593525,0.0,-0.01100000000000001
71.89993143081665,-141.07771418606993,-121.36813049654187,-2.6195820797790943,2.1816247492036025,-0.01680956254800848,0.03166531203288441,0.0,-0.01100000000000001
71.94993138313293,-141.17247941179545,-121.42105891684363,-2.6180016765880585,2.1821155916657964,-0.017795844918262364,0.03173671103185858,0.0,-0.01100000000000001
71.99993133544922,-141.26685519437245,-121.47395601433459,-2.6164448444512702,2.18203377542451,-0.017015213967448938,0.03137149595181114,0.0,-0.01100000000000001
72.0499312877655,-141.36494007410272,-121.52911530685891,-2.6147916166288745,2.182131299632771,-0.02051104006038167,0.031371707280436936,0.0,-0.01100000000000001
72.09993124008179,-141.4596016890161,-121.5825995288577,-2.6131964068613476,2.182357118182061,-0.027569476657109536,0.03139920245384088,0.0,-0.01100000000000001
72.14993119239807,-141.5520385346399,-121.63504470024104,-2.611657760290863,2.181974882931621,-0.020117207348472853,0.03147308706414047,0.0,-0.01100000000000001
72.19993114471436,-141.64714528418287,-121.68903859572544,-2.6100412012031513,2.1819005340283444,-0.02108845646947668,0.0316332235968813,0.0,-0.01100000000000001
72.24993109703064,-141.74375155392224,-121.74407104305708,-2.60839044272504,2.1815978598267494,-0.022911146529692,0.03184371401840577,0.0,-0.01100000000000001
72.29993104934692,-141.83706928464292,-121.79753648902178,-2.6067729877909662,2.1815518237022684,-0.022659161003129587,0.031998349545203975,0.0,-0.01100000000000001
72.34993100166321,-141.93015415861046,-121.85094568972485,-2.605152324760082,2.181433618870767,-0.02279635653431316,0.032196451580267314,0.0,-0.01100000000000001
72.39993095397949,-142.02390979028146,-121.90493824140134,-2.603559291268923,2.180730576737046,-0.022239967275713722,0.031952666053475416,0.0,-0.01100000000000001
72.44993090629578,-142.11764958971054,-121.95920336185212,-2.6019598298289175,2.181162722795849,-0.028234954615009574,0.031655029962935496,0.0,-0.01100000000000001
72.49993085861206,-142.2140325686024,-122.01525767745228,-2.600323182742412,2.180970093176569,-0.021647705728076994,0.03172663825278891,0.0,-0.01100000000000001
72.54993081092834,-142.30799822387155,-122.06996976719904,-2.5987231395038357,2.181487682149972,-0.02730291030461512,0.03162482134273304,0.0,-0.01100000000000001
72.59993076324463,-142.40039564786116,-122.12404721417829,-2.5972103407978637,2.181322231309574,-0.026026886126300695,0.031074269276704706,0.0,-0.01100000000000001
72.64993071556091,-142.495125132429,-122.17994441045202,-2.595643929325085,2.180907414820013,-0.022421597001663754,0.030840298360243094,0.0,-0.01100000000000001
72.6999306678772,-142.59047963155547,-122.23654306568648,-2.5940435876180286,2.180921036376764,-0.027477128910568322,0.030876540780223328,0.0,-0.01100000000000001
72.74993062019348,-142.68366719239907,-122.29194927974704,-2.592479461027506,2.1808569833929927,-0.021980246164627112,0.0312829845542823,0.0,-0.01100000000000001
72.79993057250977,-142.7768063660599,-122.34743432704796,-2.590906082886298,2.1801315566593105,-0.02600219018792454,0.03135886507462541,0.0,-0.01100000000000001
72.84993052482605,-142.8703314879373,-122.40339936342102,-2.5893063304688444,2.1797374474272586,-0.025866580995951533,0.031702548796112284,0.0,-0.01100000000000001
72.89993047714233,-142.9658207500016,-122.46078640690652,-2.587673322246848,2.179786227921698,-0.02332627548796216,0.031749936844672554,0.0,-0.01100000000000001
72.94993042945862,-143.0598903205682,-122.51752212693766,-2.5860823252592064,2.1794646446751647,-0.02529131498002974,0.03159121397283033,0.0,-0.01100000000000001
72.9999303817749,-143.1514674636003,-122.57289615979067,-2.584535879595436,2.1793901937133042,-0.024123718757207917,0.031497251085238674,0.0,-0.01100000000000001
73.04993033409119,-143.24669914102788,-122.63094262801218,-2.5828998034160793,2.179048859799111,-0.027966031548168173,0.03159983981991868,0.0,-0.01100000000000001
73.09993028640747,-143.3387837717911,-122.68727490886617,-2.5812801103667433,2.179059259980842,-0.02605250303771739,0.03210828686510555,0.0,-0.01100000000000001
73.14993023872375,-143.43325966393766,-122.74514123814765,-2.579627272575389,2.179669009613092,-0.025853498621926443,0.03246283904266575,0.0,-0.01100000000000001
73.19993019104004,-143.524019956145,-122.80075845528525,-2.5780324101566086,2.179867144921033,-0.025371235476213227,0.032630281843616285,0.0,-0.01100000000000001
73.24993014335632,-143.61914383946743,-122.85919971261866,-2.5763376601040404,2.180242663430255,-0.028763304614771876,0.03270041889106559,0.0,-0.01100000000000001
73.29993009567261,-143.7099864897329,-122.91575565378822,-2.5746723521288577,2.1799925625341174,-0.0335407682887901,0.033180983655435495,0.0,-0.01100000000000001
73.34993004798889,-143.80350010610923,-122.97388668667006,-2.5729557916161965,2.1811531529664987,-0.03904002574766439,0.03347509637514602,0.0,-0.01100000000000001
73.39993000030518,-143.8945298086433,-123.03041969540831,-2.5712759362979227,2.181333474452588,-0.03552242246113314,0.03383287539656426,0.0,-0.01100000000000001
73.44992995262146,-143.98790643434805,-123.08908459375964,-2.569566508013036,2.1821924158384993,-0.03630554489492828,0.03370836144144537,0.0,-0.01100000000000001
73.49992990493774,-144.07800200217002,-123.14600675133579,-2.567896795174087,2.1827129491674917,-0.033700314996141234,0.03381520073865663,0.0,-0.01100000000000001
73.54992985725403,-144.16999619013606,-123.20398890696039,-2.5661737086753966,2.1828847218006118,-0.033359449114642996,0.03406750358424177,0.0,-0.01100000000000001
73.59992980957031,-144.26276043902814,-123.26236615256232,-2.5644218822587765,2.1831778691296653,-0.03899500879403319,0.03433335814938064,0.0,-0.01100000000000001
73.6499297618866,-144.35544811425314,-123.32115920843135,-2.562673740648334,2.1831250530625703,-0.03243625026516703,0.03464383526366606,0.0,-0.01100000000000001
73.69992971420288,-144.44718496254092,-123.37960349816932,-2.5609372367472236,2.1829343978300355,-0.036265327562938925,0.0344816389957513,0.0,-0.01100000000000001
73.74992966651917,-144.5409378789969,-123.43926225399295,-2.5591536554493186,2.181962946965616,-0.042975492470617965,0.034635354974181236,0.0,-0.01100000000000001
73.79992961883545,-144.63117558187588,-123.49675189356466,-2.5574394734860486,2.181521064810114,-0.04301441668416191,0.03461301854681066,0.0,-0.01100000000000001
73.84992957115173,-144.72225767781512,-123.55512919949045,-2.5556917288476293,2.1810229151804266,-0.04139349534495074,0.0348020390620545,0.0,-0.01100000000000001
73.89992952346802,-144.8169840963793,-123.6162186225178,-2.5539087620836955,2.180497975761192,-0.0397454277025092,0.0345873486296164,0.0,-0.01100000000000001
73.9499294757843,-144.90853769768285,-123.6753257491026,-2.552193982744358,2.180029337687768,-0.032826293063367054,0.03430852588600293,0.0,-0.01100000000000001
73.99992942810059,-144.99887432552762,-123.73370884232405,-2.550522031355482,2.1799957912912666,-0.03929403688484071,0.03378895772125929,0.0,-0.01100000000000001
74.04992938041687,-145.09279687648672,-123.79459364624793,-2.548744413176643,2.18037309915822,-0.03612756806612421,0.03400310642531504,0.0,-0.01100000000000001
74.09992933273315,-145.1822002614245,-123.85280965524139,-2.5470550056738603,2.1800016776459907,-0.03845296705170489,0.03411985248259028,0.0,-0.01100000000000001
74.14992928504944,-145.27517497031442,-123.91332415168525,-2.5452708027795117,2.1799851791005196,-0.03993555446235256,0.034349516373477246,0.0,-0.01100000000000001
74.19992923736572,-145.3653755952004,-123.97207382001832,-2.5435298114597478,2.17995125398809,-0.04173651623756451,0.03474461355986144,0.0,-0.01100000000000001
74.249929189682,-145.4580023650431,-124.03256241432864,-2.541714605336714,2.180278602466117,-0.046548454771500145,0.03513343089520828,0.0,-0.01100000000000001
74.29992914199829,-145.54668367960727,-124.09092682874372,-2.5399348089064353,2.1799073299229654,-0.03785588229213508,0.03565082523570731,0.0,-0.01100000000000001
74.34992909431458,-145.6377520369999,-124.1509308078969,-2.5381061402884413,2.1793136873824914,-0.04030426330943636,0.03593435868360483,0.0,-0.01100000000000001
74.39992904663086,-145.72822722910158,-124.21064750253049,-2.536292141553034,2.178791614059683,-0.04765092575369588,0.03603861471286725,0.0,-0.01100000000000001
74.44992899894714,-145.81848944334806,-124.27068143725901,-2.5344827887608923,2.1789844495617445,-0.0460706793706518,0.03600873535871218,0.0,-0.01100000000000001
74.49992895126343,-145.91118506990674,-124.33249908528369,-2.532580724891657,2.1780917998391756,-0.047085575011876116,0.0363664415060452,0.0,-0.01100000000000001
74.54992890357971,-145.9999875061358,-124.39177651167095,-2.5307659233933686,2.1771441028863574,-0.04186376138998553,0.03666109247035652,0.0,-0.01100000000000001
74.599928855896,-146.0901198674742,-124.45217873813655,-2.5289596872896807,2.17636034973586,-0.04626036374601897,0.03631036345995189,0.0,-0.01100000000000001
74.64992880821228,-146.1810293682486,-124.5134573785454,-2.527108474392936,2.1759788975356105,-0.047093737174682425,0.03622463910406925,0.0,-0.01100000000000001
74.69992876052856,-146.27244956030142,-124.5754436528299,-2.525259040666545,2.175144524942267,-0.04300934075507225,0.03625443969109166,0.0,-0.01100000000000001
74.74992871284485,-146.36060834694615,-124.63526582455447,-2.523471441100661,2.1744332126666213,-0.04838065970081343,0.03621211661870379,0.0,-0.01100000000000001
74.79992866516113,-146.4514053249804,-124.69693024607135,-2.5216456300827015,2.1737081290571223,-0.05213086111284724,0.03602324277726112,0.0,-0.01100000000000001
74.84992861747742,-146.54050510868515,-124.7578569701297,-2.5198156548547628,2.173225683298498,-0.04918191420061697,0.036232902092614656,0.0,-0.01100000000000001
74.8999285697937,-146.62994452532044,-124.81949498210845,-2.5180293497557003,2.1730091578825514,-0.049046928585182115,0.03618683081327983,0.0,-0.01100000000000001
74.94992852210999,-146.7225715745925,-124.8833379338809,-2.516190174431427,2.1728930124133403,-0.04722130533346951,0.03565047118014935,0.0,-0.01100000000000001
74.99992847442627,-146.80954400901325,-124.94330419167414,-2.514466284527004,2.172598242584642,-0.04345946054815813,0.03534427378744288,0.0,-0.01100000000000001
75.04992842674255,-146.90018001562692,-125.00639641442315,-2.5126596617434958,2.1734881450312207,-0.048039481857449245,0.0353602692329251,0.0,-0.01100000000000001
75.09992837905884,-146.99069214301562,-125.06990366092377,-2.5108734596600337,2.1743791881182095,-0.04538569453788287,0.0351510758451877,0.0,-0.01100000000000001
75.14992833137512,-147.07998607446473,-125.13253910134603,-2.5091095489247146,2.175257620933851,-0.04469756729237068,0.035064156408821885,0.0,-0.01100000000000001
75.1999282836914,-147.16741380106012,-125.19381636883921,-2.507358724331477,2.176114507050801,-0.056300773148053034,0.035106323913226344,0.0,-0.01100000000000001
75.24992823600769,-147.25807430886965,-125.25770112896934,-2.505522561359768,2.176703551742817,-0.05272440436766648,0.035594438805051684,0.0,-0.01100000000000001
75.29992818832397,-147.34550479620083,-125.31959639850201,-2.5037572053538533,2.1767037771371993,-0.05237883307945801,0.03568080774001635,0.0,-0.01100000000000001
75.34992814064026,-147.4339763565128,-125.38230775702057,-2.5019837113644208,2.1770088535677368,-0.0532856041232099,0.03558309950785097,0.0,-0.01100000000000001
75.39992809295654,-147.52315080909642,-125.44549716163485,-2.500167279332819,2.17720974989968,-0.0568660887759125,0.035707738697746114,0.0,-0.01100000000000001
75.44992804527283,-147.61265163992954,-125.50907604482545,-2.4983286805702414,2.177079777296325,-0.05756043670694628,0.03598853522668965,0.0,-0.01100000000000001
75.49992799758911,-147.70003612585845,-125.57183823177589,-2.496536161587166,2.176598718538953,-0.05295213238556153,0.03600987055640406,0.0,-0.01100000000000001
75.5499279499054,-147.78787499705024,-125.63501563090834,-2.4947555102562116,2.1760272445266655,-0.04861505207103632,0.03575672561470152,0.0,-0.01100000000000001
75.59992790222168,-147.87344582945,-125.696739610812,-2.4929539180646656,2.174275341368694,-0.04439037870478591,0.035621559104638365,0.0,-0.01100000000000001
75.64992785453796,-147.9565474061394,-125.75696986279347,-2.491114875043251,2.171019708312763,-0.047916499804557054,0.03566336128588858,0.0,-0.01100000000000001
75.69992780685425,-148.03676989940774,-125.81515081284188,-2.4893788206642373,2.16763286290449,-0.054734547229783985,0.0355321645182361,0.0,-0.01100000000000001
75.74992775917053,-148.12027944681122,-125.8756925641497,-2.487577670967321,2.165572224092081,-0.055298098215299255,0.03556969033333679,0.0,-0.01100000000000001
75.79992771148682,-148.20338870637505,-125.93600074597508,-2.485800536743694,2.1626783428504393,-0.05859089184733672,0.03557855838429696,0.0,-0.01100000000000001
75.8499276638031,-148.2878604485143,-125.99776439617948,-2.484026810129602,2.1610840514613683,-0.05652887321706537,0.0354819766858339,0.0,-0.01100000000000001
75.89992761611938,-148.3741931285092,-126.06121494029348,-2.482233233826363,2.15994965526099,-0.05065255024627612,0.03534241245994453,0.0,-0.01100000000000001
75.94992756843567,-148.4605201772078,-126.12460650579311,-2.4803808353603043,2.160055798966698,-0.05932162645160629,0.035734081502224575,0.0,-0.01100000000000001
75.99992752075195,-148.54447142030006,-126.18647833407468,-2.4786034492209468,2.1590850952193406,-0.05351849939452335,0.036030388692504536,0.0,-0.01100000000000001
76.04992747306824,-148.63130470837385,-126.25120107879894,-2.4767491167679028,2.1594311876168235,-0.05773398776612762,0.03636489892305762,0.0,-0.01100000000000001
76.09992742538452,-148.72018133348502,-126.31787700346928,-2.4748086222872687,2.160233785943451,-0.060790093902281676,0.036979217916824784,0.0,-0.01100000000000001
76.1499273777008,-148.8058401812452,-126.38235712568,-2.4729826013647163,2.1602836463115325,-0.05549345251688588,0.037077108908953105,0.0,-0.01100000000000001
76.19992733001709,-148.8919978084569,-126.44720930146279,-2.4711205768213946,2.160633690453452,-0.05867463668391015,0.037143928265818436,0.0,-0.01100000000000001
76.24992728233337,-148.97752961974265,-126.51182115676653,-2.4692911596434004,2.1606840796169484,-0.056105610445772,0.037029565433267186,0.0,-0.01100000000000001
76.29992723464966,-149.06402657550979,-126.57748696083513,-2.467431790741637,2.161335986170166,-0.05227022154589399,0.036908960080427856,0.0,-0.01100000000000001
76.34992718696594,-149.15115453404866,-126.64367277674187,-2.465549649867244,2.161514483453414,-0.05592551431499864,0.037089660784324685,0.0,-0.01100000000000001
76.39992713928223,-149.2376393089203,-126.7094915107796,-2.4636789192451376,2.1615621463888446,-0.05179793871727369,0.037166483899685195,0.0,-0.01100000000000001
76.44992709159851,-149.3238589140447,-126.7753866431912,-2.4617740032864406,2.1625619732539074,-0.053984666317377715,0.03760822338202025,0.0,-0.01100000000000001
76.4999270439148,-149.41198687924003,-126.84308492254256,-2.459820036971965,2.163859789328241,-0.05422988073389482,0.03813309230769314,0.0,-0.01100000000000001
76.54992699623108,-149.49853350849693,-126.90985469647836,-2.4579207832572787,2.1655022664435437,-0.05421717958151297,0.03807156798850495,0.0,-0.01100000000000001
76.59992694854736,-149.58534452688937,-126.97676793773525,-2.4559448739489533,2.1663772227336304,-0.05330732428094643,0.03866011303717328,0.0,-0.01100000000000001
76.64992690086365,-149.6725805469749,-127.04469134226935,-2.4539258491804974,2.167898992219105,-0.056553515698353214,0.03943590857158632,0.0,-0.01100000000000001
76.69992685317993,-149.75915424709552,-127.11261536992788,-2.45190597890875,2.168898379816275,-0.06370324476036643,0.040004549626160214,0.0,-0.01100000000000001
76.74992680549622,-149.8473482722064,-127.18179748803036,-2.4498062532938447,2.1699947259851275,-0.060932294969459136,0.04065432519284074,0.0,-0.01100000000000001
76.7999267578125,-149.93321060677684,-127.24924060344264,-2.4477775400280906,2.1710865652276228,-0.06065440106529733,0.040828301547460547,0.0,-0.01100000000000001
76.84992671012878,-150.01937566438298,-127.31742976783725,-2.4457276026538803,2.1724607852636626,-0.06236944103879003,0.040904336982123875,0.0,-0.01100000000000001
76.89992666244507,-150.10607071718147,-127.38642240563603,-2.4436844166223044,2.1739796990195117,-0.057381866536825935,0.04088118659355712,0.0,-0.01100000000000001
76.94992661476135,-150.19297620185816,-127.45547174462011,-2.441626092148345,2.174740000163109,-0.0658201204658054,0.04047398751134923,0.0,-0.01100000000000001
76.99992656707764,-150.27967239503693,-127.52431482134568,-2.4395786123694965,2.1756616880855995,-0.06710721909624881,0.04061855181769775,0.0,-0.01100000000000001
77.04992651939392,-150.3654110271469,-127.5927134879493,-2.437542404465501,2.176627944242448,-0.06381717305213862,0.04064845748746348,0.0,-0.01100000000000001
77.0999264717102,-150.4515766008003,-127.66176179781102,-2.4355103369067264,2.1773446080594034,-0.0671459736241748,0.04049359832336277,0.0,-0.01100000000000001
77.14992642402649,-150.53955282500345,-127.73227075036102,-2.4334350045555317,2.178027255210713,-0.07443211677510328,0.04024015054263451,0.0,-0.01100000000000001
77.19992637634277,-150.62397283062694,-127.80004946507042,-2.43145396496358,2.1787462894584775,-0.0731319357301718,0.04017465885274364,0.0,-0.01100000000000001
77.24992632865906,-150.70997280355024,-127.86939114139103,-2.4294342485676608,2.1792464746343514,-0.06706244365919564,0.04005413647693603,0.0,-0.01100000000000001
77.29992628097534,-150.79494573605942,-127.93874902575875,-2.4274138717123117,2.1791357606273163,-0.06703125768631776,0.03994965604120986,0.0,-0.01100000000000001
77.34992623329163,-150.87930654337663,-128.00771999564938,-2.425413350569644,2.1794423775730194,-0.07037119558609209,0.03992927978534069,0.0,-0.01100000000000001
77.39992618560791,-150.9643203112551,-128.07711960004315,-2.4233535988844275,2.1791907984674395,-0.07376799776488559,0.040248185527577425,0.0,-0.01100000000000001
77.4499261379242,-151.04958949088265,-128.1471370582996,-2.4213236251527572,2.179245665915782,-0.06757286703209038,0.04042905377174281,0.0,-0.01100000000000001
77.49992609024048,-151.13444403772314,-128.21694432562288,-2.4192845283444813,2.1792020533161525,-0.07109511590579012,0.040491067292272136,0.0,-0.01100000000000001
77.54992604255676,-151.2189995591917,-128.2866688455267,-2.417279267681917,2.179501150802737,-0.07125468725686745,0.040220430184722746,0.0,-0.01100000000000001
77.59992599487305,-151.30455471966846,-128.35728990054577,-2.415256267979611,2.178868023840109,-0.0713668655951153,0.03996614368131548,0.0,-0.01100000000000001
77.64992594718933,-151.38930913110948,-128.4277876627852,-2.4132606022704666,2.1791317126286156,-0.07313569360164135,0.03964122918485656,0.0,-0.01100000000000001
77.69992589950562,-151.47303915955604,-128.49775590699147,-2.411291019723491,2.1787499056742874,-0.06662568047563272,0.039571540466044754,0.0,-0.01100000000000001
77.7499258518219,-151.55728070927367,-128.5681627928602,-2.409283534996973,2.179637697773358,-0.06798488294025445,0.03973411489280235,0.0,-0.01100000000000001
77.79992580413818,-151.64187303642382,-128.63920913423647,-2.4073237275218022,2.179344428270349,-0.06758829793560442,0.03931020192893646,0.0,-0.01100000000000001
77.84992575645447,-151.72563953013986,-128.71028815737762,-2.4053734463272396,2.17934220353617,-0.06979292426083862,0.0389201902122545,0.0,-0.01100000000000001
77.89992570877075,-151.80947204137485,-128.7819855904926,-2.403429718379233,2.179449333854152,-0.06948574661816374,0.03851657431069562,0.0,-0.01100000000000001
77.94992566108704,-151.8927632111314,-128.85328663278318,-2.401494130444457,2.179677019944407,-0.07041704578742046,0.03848642274578691,0.0,-0.01100000000000001
77.99992561340332,-151.97623983415085,-128.92482972043683,-2.3995439512421823,2.1798504088677135,-0.07373391709243322,0.03860750939588237,0.0,-0.01100000000000001
78.0499255657196,-152.05911140540465,-128.99651606754432,-2.3975903828213543,2.179895300842655,-0.0649058908659433,0.03886678288341801,0.0,-0.01100000000000001
78.09992551803589,-152.14183199815918,-129.06849892183445,-2.3956087407830804,2.1794965787280844,-0.06546774811468169,0.03901805040006679,0.0,-0.01100000000000001
78.14992547035217,-152.22389183168423,-129.14006285496936,-2.3936462001325345,2.179960031265434,-0.06749006195277843,0.03918497189314368,0.0,-0.01100000000000001
78.19992542266846,-152.30670278536306,-129.2123222938829,-2.391633944095932,2.179971201647499,-0.0672880294627338,0.03955048410838723,0.0,-0.01100000000000001
78.24992537498474,-152.38879478904238,-129.28454637806212,-2.3896016444976524,2.180865044504537,-0.06508635623701102,0.039994943203698174,0.0,-0.01100000000000001
78.29992532730103,-152.4714659666032,-129.35788897174226,-2.3875779617470694,2.1812560522762188,-0.06811497282170464,0.0399511077225565,0.0,-0.01100000000000001
78.34992527961731,-152.55382455808783,-129.43092801209835,-2.385530373373936,2.181871480876632,-0.06628137154032133,0.04019628477243198,0.0,-0.01100000000000001
78.3999252319336,-152.63566381197097,-129.5034721694799,-2.383457550716615,2.1825463278576542,-0.07246677388911187,0.04067045877876586,0.0,-0.01100000000000001
78.44992518424988,-152.7169455058713,-129.5763430325964,-2.3813951654201686,2.1828706477401116,-0.07151816038734732,0.04099786663316216,0.0,-0.01100000000000001
78.49992513656616,-152.79848983675365,-129.65000658599743,-2.379322568880177,2.1834403934967552,-0.07099849925102528,0.04104952333478043,0.0,-0.01100000000000001
78.54992508888245,-152.87951982725903,-129.72328490602712,-2.3772743635659914,2.184579863318531,-0.06410424430008463,0.040922570788018794,0.0,-0.01100000000000001
78.59992504119873,-152.96102580157697,-129.7968100343506,-2.3751612206905124,2.184550833492673,-0.07562381247959812,0.041087388628454485,0.0,-0.01100000000000001
78.64992499351501,-153.04241905187817,-129.87081714497455,-2.3730430534080296,2.1842158946493138,-0.07434764584965364,0.041684085612819305,0.0,-0.01100000000000001
78.6999249458313,-153.12357771693985,-129.94503897712343,-2.3709429101818524,2.185140458148994,-0.06959687989864824,0.041615091406005326,0.0,-0.01100000000000001
78.74992489814758,-153.20310386056593,-130.0176458072129,-2.368859171850201,2.18430013527697,-0.07027077401660467,0.041654641873007096,0.0,-0.01100000000000001
78.79992485046387,-153.28479522830975,-130.09242963322853,-2.366771724571998,2.1842642391425624,-0.07701059839014304,0.04125408264404058,0.0,-0.01100000000000001
78.84992480278015,-153.36541925641492,-130.16702901385975,-2.364708324769139,2.1836401708938338,-0.07170639379558354,0.040902069825024936,0.0,-0.01100000000000001
78.89992475509644,-153.44501961910052,-130.24114958842864,-2.362668873758485,2.1831070037965397,-0.07148957958014639,0.04057929112116228,0.0,-0.01100000000000001
78.94992470741272,-153.5236809162035,-130.31426098887144,-2.3606246409810008,2.1829795968903625,-0.07569315898437752,0.04090264773108146,0.0,-0.01100000000000001
78.999924659729,-153.60594716798957,-130.39102058827936,-2.358555212419691,2.1828256647881523,-0.07826280405974374,0.04050554655728345,0.0,-0.01100000000000001
79.04992461204529,-153.68389142429623,-130.4646351039941,-2.3565689196444657,2.1822494723883454,-0.07056926222594773,0.040253415778720485,0.0,-0.01100000000000001
79.09992456436157,-153.7636162829806,-130.54062464377503,-2.3545359308382907,2.1819003650024955,-0.06898019920667574,0.04008817151272018,0.0,-0.01100000000000001
79.14992451667786,-153.84356057972104,-130.6166287678062,-2.3524480870538533,2.1823347742989334,-0.06945152134808416,0.040556736114207056,0.0,-0.01100000000000001
79.19992446899414,-153.92255850346478,-130.69189578630983,-2.3503817333398467,2.1824165932519883,-0.07048011132860728,0.040930651208023326,0.0,-0.01100000000000001
79.24992442131042,-154.00147365180308,-130.7673136448248,-2.348295491233211,2.1815524359942313,-0.0688768273708026,0.04124300626251905,0.0,-0.01100000000000001
79.29992437362671,-154.07934987410653,-130.8423817124826,-2.3461704815349287,2.1807065824505925,-0.07063597273530003,0.041865687980025185,0.0,-0.01100000000000001
79.349924325943,-154.15698092265706,-130.91733336592912,-2.3440407764347255,2.1805165535936366,-0.0675178529214059,0.042274848220972765,0.0,-0.01100000000000001
79.39992427825928,-154.23495935385787,-130.9928162995766,-2.34191303958977,2.179990953548122,-0.06914221876609744,0.042315161262035966,0.0,-0.01100000000000001
79.44992423057556,-154.31328145184418,-131.0695122907834,-2.339727323463664,2.1793681690403597,-0.07618599269094756,0.04252772773257179,0.0,-0.01100000000000001
79.49992418289185,-154.39018053487638,-131.14544924306009,-2.3375621982339356,2.1792137066780173,-0.06441581164369996,0.04304795628245439,0.0,-0.01100000000000001
79.54992413520813,-154.4671485247423,-131.22125585617124,-2.3353615398221237,2.1791064658393844,-0.06580840201399896,0.043596919747422976,0.0,-0.01100000000000001
79.59992408752441,-154.54515478004322,-131.29795923868696,-2.333112337149855,2.178376115157586,-0.07227920012342157,0.04413743620345258,0.0,-0.01100000000000001
79.6499240398407,-154.62181368553414,-131.37382206240474,-2.33090630851186,2.179160135008525,-0.06712052817643567,0.0443384390082845,0.0,-0.01100000000000001
79.69992399215698,-154.6986389666112,-131.4500544121925,-2.328687175569725,2.1795922282307716,-0.07644869198999879,0.0442391848755199,0.0,-0.01100000000000001
79.74992394447327,-154.77625839412914,-131.52707196403952,-2.3264737946783822,2.1802718763405817,-0.07835680903488046,0.04395428593298968,0.0,-0.01100000000000001
79.79992389678955,-154.85366523517754,-131.60401002887394,-2.324302519431222,2.1800940154582147,-0.07840742972898761,0.04356048193665699,0.0,-0.01100000000000001
79.84992384910583,-154.929660866788,-131.67969364725266,-2.322151439827089,2.179858789686757,-0.07839255092429467,0.04315614187629085,0.0,-0.01100000000000001
79.89992380142212,-155.00726018061673,-131.7570728703307,-2.3199413668828086,2.180174862075742,-0.07729797090075621,0.04321577661332248,0.0,-0.01100000000000001
79.9499237537384,-155.0838227320751,-131.83360910902823,-2.317777082360644,2.180080041498455,-0.08112395494442089,0.0431626312207734,0.0,-0.01100000000000001
79.99992370605469,-155.1604720143147,-131.91046178802733,-2.31562607947472,2.179704684633715,-0.07620720409017971,0.04293143397301936,0.0,-0.01100000000000001
80.04992365837097,-155.23783779374023,-131.98838433601776,-2.3134725947503587,2.178832476620759,-0.0715709476732846,0.04264952377407615,0.0,-0.01100000000000001
80.09992361068726,-155.31390124133887,-132.06532767790688,-2.3113645031413648,2.1787078861260856,-0.0729575771499061,0.0422137062773468,0.0,-0.01100000000000001
80.14992356300354,-155.39030243219375,-132.1427819402019,-2.3092435927855512,2.177882744306661,-0.07275461224075092,0.041987558782830316,0.0,-0.01100000000000001
80.19992351531982,-155.4672296085217,-132.22113967448962,-2.3071401582901503,2.177095784272193,-0.07621724106077904,0.04169635807130554,0.0,-0.01100000000000001
80.24992346763611,-155.54240785222564,-132.29780067447618,-2.3050478728350954,2.17583385320192,-0.07747474486306166,0.04163487544518058,0.0,-0.01100000000000001
80.29992341995239,-155.61515762687407,-132.37205113369134,-2.302950725338121,2.172364524314691,-0.07499417488469093,0.04173284299467309,0.0,-0.01100000000000001
80.34992337226868,-155.68963554307922,-132.44839674427857,-2.3007993256133803,2.169026361812357,-0.07380032703906118,0.042034774090577626,0.0,-0.01100000000000001
80.39992332458496,-155.76229221591365,-132.52326249054266,-2.298682827525512,2.1665079918612373,-0.0688684847934241,0.04226785769717888,0.0,-0.01100000000000001
80.44992327690125,-155.83613499038577,-132.59940920734203,-2.2964212645363777,2.1635809841901685,-0.07742353376865517,0.04350511290060472,0.0,-0.01100000000000001
80.49992322921753,-155.90979625323098,-132.6760555255921,-2.2941249296205948,2.1618176994545655,-0.07347601834465235,0.044739788187706735,0.0,-0.01100000000000001
80.54992318153381,-155.98268918768147,-132.75235520867733,-2.2918705819821916,2.1584512945227767,-0.07613253165628192,0.04501574548014418,0.0,-0.01100000000000001
80.5999231338501,-156.05554165200135,-132.82856407859208,-2.2895191561518016,2.156232261434518,-0.08442071760871374,0.04599632432778171,0.0,-0.01100000000000001
80.64992308616638,-156.12951140136104,-132.90673462369816,-2.2871401488478402,2.1554255692748256,-0.07864849748831648,0.04695349849234822,0.0,-0.01100000000000001
80.69992303848267,-156.20286154833,-132.98459120042108,-2.284747807890623,2.1549776457714294,-0.07934649040895117,0.04745418919565214,0.0,-0.01100000000000001
80.74992299079895,-156.27656474405867,-133.06282635384088,-2.282304376729681,2.154484564907482,-0.0807579033700704,0.04815269366179289,0.0,-0.01100000000000001
80.79992294311523,-156.34970380555194,-133.1408501198398,-2.2799252603447573,2.153745449931551,-0.08441231567457914,0.048059227384313584,0.0,-0.01100000000000001
80.84992289543152,-156.42326982960947,-133.21986142586266,-2.2775400288895185,2.1536700317874606,-0.07871227475683465,0.047780915718119654,0.0,-0.01100000000000001
80.8999228477478,-156.49707272782692,-133.2994839663594,-2.2751458906230293,2.1539431765667287,-0.08173811036275365,0.04752672879032723,0.0,-0.01100000000000001
80.94992280006409,-156.57026193580325,-133.37873462126225,-2.272794883216427,2.1546313499566185,-0.08394585267262002,0.04705387736333473,0.0,-0.01100000000000001
80.99992275238037,-156.644076587816,-133.45884427385374,-2.2704258090855625,2.153996493609692,-0.09198002651762589,0.04663402477148662,0.0,-0.01100000000000001
81.04992270469666,-156.71658374901702,-133.53832290824639,-2.2681064999354996,2.153906075011402,-0.0821819010008699,0.04668135074529738,0.0,-0.01100000000000001
81.09992265701294,-156.78876410000566,-133.61799280775872,-2.265796450051902,2.1539920852432797,-0.0866350279117023,0.04631357201208239,0.0,-0.01100000000000001
81.14992260932922,-156.86225409346645,-133.69944582799477,-2.2635172029625,2.1533492435921042,-0.08394793560805956,0.04560813172908287,0.0,-0.01100000000000001
81.19992256164551,-156.93396636475163,-133.77902638900113,-2.2612971006276408,2.1535563568921403,-0.084210885428838,0.044825621966613806,0.0,-0.01100000000000001
81.24992251396179,-157.00618628909132,-133.85957012050343,-2.2590718593892554,2.152467364774218,-0.0856042194291242,0.044465855050565925,0.0,-0.01100000000000001
81.29992246627808,-157.07734992101405,-133.94024749595116,-2.2569159308527156,2.152151758788712,-0.0801280552703199,0.0436690166407208,0.0,-0.01100000000000001
81.34992241859436,-157.14869621678795,-134.020968104583,-2.254723852133702,2.1514417810855395,-0.08413261703704113,0.04328171769499685,0.0,-0.01100000000000001
81.39992237091064,-157.21913015221497,-134.1008386276295,-2.2525882206633794,2.1508054484496517,-0.09237241555531961,0.043149528564323233,0.0,-0.01100000000000001
81.44992232322693,-157.29068956794666,-134.18315800216027,-2.250418143950705,2.1508667037245046,-0.08845903993167353,0.04291334380261605,0.0,-0.01100000000000001
81.49992227554321,-157.36099744668272,-134.264750190326,-2.2482677710880448,2.149571131118754,-0.08195827303907012,0.043146793375462074,0.0,-0.01100000000000001
81.5499222278595,-157.43107429451624,-134.3459954749553,-2.2460974950490367,2.149316562194782,-0.09617549745037683,0.04305802178808156,0.0,-0.01100000000000001
81.59992218017578,-157.5020672917114,-134.42828382044465,-2.2438680131153323,2.148638569914781,-0.08406717772749872,0.04387455239072915,0.0,-0.01100000000000001
81.64992213249207,-157.57256605215346,-134.51072603796848,-2.2416253128561436,2.148553847844552,-0.08564313453572951,0.044459578754546536,0.0,-0.01100000000000001
81.69992208480835,-157.6426045720926,-134.59319017357728,-2.239403040620545,2.1480052993918464,-0.08608582081820892,0.0445567666839776,0.0,-0.01100000000000001
81.74992203712463,-157.71246078042125,-134.67538681853355,-2.2371515216289475,2.147519839381878,-0.08896748343518314,0.04487050687785819,0.0,-0.01100000000000001
81.79992198944092,-157.78238140108945,-134.75775204062037,-2.2348796030444325,2.1475953325985886,-0.08048867492164843,0.04524529550922813,0.0,-0.01100000000000001
81.8499219417572,-157.8519465801752,-134.84070508160656,-2.2325995873968347,2.1471597012663097,-0.08554584457939554,0.04568258133552222,0.0,-0.01100000000000001
81.89992189407349,-157.9219439891636,-134.92487967468458,-2.2303109903668394,2.1465003900793014,-0.0872142715600451,0.04563189535368134,0.0,-0.01100000000000001
81.94992184638977,-157.99097430337994,-135.00794215289196,-2.228077306141311,2.1469720532468832,-0.0844494771641692,0.0452356955474055,0.0,-0.01100000000000001
81.99992179870605,-158.05849876346957,-135.0893004126635,-2.2259362254765214,2.1466838626545846,-0.07651930429052245,0.044817188859800815,0.0,-0.01100000000000001
82.04992175102234,-158.12861522380356,-135.17438667601053,-2.223720001322,2.1461680954809244,-0.08615435696039406,0.043675838949174976,0.0,-0.01100000000000001
82.09992170333862,-158.19693264207868,-135.2577871844293,-2.2215712988408622,2.1463526182365875,-0.08605428105970155,0.043179384288934634,0.0,-0.01100000000000001
82.14992165565491,-158.26501781564116,-135.34102034654816,-2.2194521683642745,2.1460524943490404,-0.08718492035252441,0.042549385747822584,0.0,-0.01100000000000001
82.19992160797119,-158.33311250251467,-135.42433503034965,-2.217323023614836,2.1457289357100024,-0.08929396002119498,0.04251018381413776,0.0,-0.01100000000000001
82.24992156028748,-158.4007623842599,-135.50775880436822,-2.215221250881882,2.1451138359101343,-0.07857135599673587,0.042374742799422015,0.0,-0.01100000000000001
82.29992151260376,-158.4668276685253,-135.59020143308078,-2.213075494759718,2.143607989050582,-0.08165510444926069,0.04249192346886891,0.0,-0.01100000000000001
82.34992146492004,-158.5338058631095,-135.6738264681807,-2.210860108195812,2.143389158226873,-0.0745663800996278,0.04326873795228738,0.0,-0.01100000000000001
82.39992141723633,-158.59955261418287,-135.75612549626354,-2.2086472380514324,2.1416895767695143,-0.07932369339567961,0.044077722267418344,0.0,-0.01100000000000001
82.44992136955261,-158.66576141838652,-135.83982972835128,-2.2063613878315214,2.1422344543535856,-0.06971736988049157,0.04513281356913815,0.0,-0.01100000000000001
82.4999213218689,-158.73219691161614,-135.92421952312364,-2.2040166472818203,2.142131199053474,-0.0815918754449089,0.04568122878590986,0.0,-0.01100000000000001
82.54992127418518,-158.79768155682282,-136.0074804257411,-2.2016821699865985,2.142319113198397,-0.086707642141628,0.04648026025414181,0.0,-0.01100000000000001
82.59992122650146,-158.86241589449963,-136.08988634243494,-2.19936783146443,2.142055834612347,-0.08114662906746696,0.04693651849605237,0.0,-0.01100000000000001
82.64992117881775,-158.92911714011655,-136.17541984235532,-2.1969364847621207,2.1415875147321515,-0.08519592731302206,0.04720540309452131,0.0,-0.01100000000000001
82.69992113113403,-158.99544028131302,-136.2608487096833,-2.1944858307161588,2.1416153030570375,-0.08701685535574111,0.04783532497495684,0.0,-0.01100000000000001
82.74992108345032,-159.0608141116427,-136.34522617795042,-2.1920933592171377,2.141358361226742,-0.08233612703142519,0.04783941584490167,0.0,-0.01100000000000001
82.7999210357666,-159.12427085890096,-136.42712692251655,-2.189768640386343,2.140823860806408,-0.08021872364464806,0.04777062281593458,0.0,-0.01100000000000001
82.84992098808289,-159.19241054994953,-136.515292065363,-2.1872623889473353,2.140406256100261,-0.08678498945291195,0.047597687539052726,0.0,-0.01100000000000001
82.89992094039917,-159.25722851531805,-136.599621875144,-2.1849137651828796,2.1393727788009884,-0.08401898643083933,0.047268276869225356,0.0,-0.01100000000000001
82.94992089271545,-159.32255159639172,-136.68455755305536,-2.1825258435006996,2.1380866394478613,-0.09109326515732404,0.04699848859670643,0.0,-0.01100000000000001
82.99992084503174,-159.38713287316452,-136.76869229127828,-2.1801699850734018,2.137691103557633,-0.09122199424526148,0.04702963780828607,0.0,-0.01100000000000001
83.04992079734802,-159.45323511975457,-136.8553313819038,-2.1777485620180963,2.1368532373413456,-0.08978962935358457,0.04720757296076537,0.0,-0.01100000000000001
83.0999207496643,-159.51808038961283,-136.9407881903629,-2.175380770166942,2.137409750991742,-0.08683777386032626,0.047277525274499424,0.0,-0.01100000000000001
83.14992070198059,-159.58346343954017,-137.0270622039898,-2.1729668490037777,2.1367856154842655,-0.08705976797401305,0.047229933322062344,0.0,-0.01100000000000001
83.19992065429688,-159.64755952572395,-137.1120354622973,-2.1706197628700816,2.136262570781958,-0.09299265995862072,0.04728950054579097,0.0,-0.01100000000000001
83.24992060661316,-159.7123333219725,-137.19820751816982,-2.168207965889605,2.1364838256831113,-0.08819710133097373,0.047349158774765164,0.0,-0.01100000000000001
83.29992055892944,-159.77612150744858,-137.2838282262499,-2.165808654659205,2.1354753358189136,-0.08909202366774804,0.047429415411968656,0.0,-0.01100000000000001
83.34992051124573,-159.83989647836037,-137.36943217509034,-2.1633642824026023,2.135323560746576,-0.09817568463914783,0.04792458933016906,0.0,-0.01100000000000001
83.39992046356201,-159.90219936682,-137.45372556502417,-2.161044885065326,2.1343034373555234,-0.088495022817455,0.04785011058643121,0.0,-0.01100000000000001
83.4499204158783,-159.96646439309262,-137.54099057839943,-2.1586389031587654,2.13406291574261,-0.08961789625819302,0.04725695910968051,0.0,-0.01100000000000001
83.49992036819458,-160.02912068005662,-137.6267439580693,-2.1562556940696926,2.1338766997443477,-0.0875686269864835,0.04714922373195589,0.0,-0.01100000000000001
83.54992032051086,-160.09174439000162,-137.71280411787026,-2.1539021841734627,2.132788202241789,-0.08562944497734995,0.04703405705587654,0.0,-0.01100000000000001
83.59992027282715,-160.15363082648295,-137.79804343008408,-2.151576463180192,2.1329889530592876,-0.09126920075726544,0.046678478008220496,0.0,-0.01100000000000001
83.64992022514343,-160.2169978861604,-137.88585060809177,-2.1491997252847423,2.1320648190724993,-0.09329606476925907,0.0465242927786128,0.0,-0.01100000000000001
83.69992017745972,-160.27877407073976,-137.97188146114348,-2.146886793687635,2.131936737505516,-0.09380476331682439,0.046543596382252875,0.0,-0.01100000000000001
83.749920129776,-160.34185606099913,-138.05994599838596,-2.1445383322781515,2.132294998648428,-0.09430308875327166,0.046218983959214845,0.0,-0.01100000000000001
83.79992008209229,-160.40283845047827,-138.14519888779495,-2.1422449680984914,2.1326766833412805,-0.08900071099947796,0.04642113507724297,0.0,-0.01100000000000001
83.84992003440857,-160.46556274514208,-138.23362621774592,-2.1398983228463604,2.132678343844044,-0.0974944243423582,0.04642039520674812,0.0,-0.01100000000000001
83.89991998672485,-160.52760182273173,-138.32169515265403,-2.1375831973558324,2.1333525144959484,-0.08798574567194715,0.04611498412738939,0.0,-0.01100000000000001
83.94991993904114,-160.5893986912489,-138.4095134289902,-2.135236520329956,2.1335599635985787,-0.0846165635236531,0.046132078044578924,0.0,-0.01100000000000001
83.99991989135742,-160.64951693557765,-138.49533804450007,-2.132952375258101,2.1343961966008576,-0.09081718194326886,0.04631900943358251,0.0,-0.01100000000000001
84.0499198436737,-160.71225859193288,-138.5854881336093,-2.130502925886577,2.135107103411093,-0.09172990589907307,0.04692138457570508,0.0,-0.01100000000000001
84.09991979598999,-160.77308285377,-138.67360173468884,-2.128113695867403,2.1350350159049634,-0.09422592756887634,0.04736956427293096,0.0,-0.01100000000000001
84.14991974830627,-160.83395748277923,-138.76196979093064,-2.1256758241071254,2.1356308095515226,-0.09652767205102197,0.04786571519442996,0.0,-0.01100000000000001
84.19991970062256,-160.89469046437912,-138.85050036602786,-2.123214659296876,2.135617232006108,-0.09435241595477759,0.04851648738866673,0.0,-0.01100000000000001
84.24991965293884,-160.9548943933097,-138.93860622467662,-2.120720536205847,2.135399465727599,-0.0884539315313722,0.049356544866519164,0.0,-0.01100000000000001
84.29991960525513,-161.01444623861366,-139.0269383266048,-2.1182288197541164,2.134930264160578,-0.09529484839160302,0.049413423621518154,0.0,-0.01100000000000001
84.34991955757141,-161.07437293345248,-139.11630030522207,-2.115746972286219,2.1349003818140684,-0.09202945540989516,0.049168345845528115,0.0,-0.01100000000000001
84.3999195098877,-161.13333210323995,-139.20441159414213,-2.113288417248993,2.1344623754148913,-0.08891053652433151,0.049069306024565884,0.0,-0.01100000000000001
84.44991946220398,-161.19209027398955,-139.2928487902353,-2.1108514492538846,2.1344526915756243,-0.08936257094574633,0.04885556105891799,0.0,-0.01100000000000001
84.49991941452026,-161.25029451265746,-139.38199624276888,-2.108468356876175,2.134396567614439,-0.08962798498376863,0.04825065838959724,0.0,-0.01100000000000001
84.54991936683655,-161.30864650044234,-139.47153783946356,-2.1060777804577078,2.134445344950104,-0.08988876642485698,0.047477920343407615,0.0,-0.01100000000000001
84.59991931915283,-161.36543549937116,-139.55892838200327,-2.1037649551314312,2.134456403292115,-0.08517142566824093,0.047172024640980026,0.0,-0.01100000000000001
84.64991927146912,-161.42499814804938,-139.65140314381765,-2.1013371644377226,2.1348244418281435,-0.0860608495815497,0.04696991655631244,0.0,-0.01100000000000001
84.6999192237854,-161.48218312223494,-139.740905735766,-2.0990246907612535,2.1350878565554314,-0.08610104125279167,0.04678685194001171,0.0,-0.01100000000000001
84.74991917610168,-161.53981850209288,-139.8312230844037,-2.096675098295771,2.135441270811294,-0.08903416546773937,0.0466734984439545,0.0,-0.01100000000000001
84.79991912841797,-161.5973525648526,-139.92167099358673,-2.0943306550172367,2.1359411626984115,-0.08827352491582416,0.0466804207421934,0.0,-0.01100000000000001
84.84991908073425,-161.6549090621413,-140.01335906442122,-2.0919332405810507,2.1364071076970714,-0.09319675204197325,0.046934997419221705,0.0,-0.01100000000000001
84.89991903305054,-161.71210609231179,-140.10530803236563,-2.0895073992583817,2.1360326490238837,-0.08806961583494168,0.04757605969263248,0.0,-0.01100000000000001
84.94991898536682,-161.76947661583617,-140.1977324192436,-2.087057049145836,2.1372470593968265,-0.08545653113471634,0.04814082659550658,0.0,-0.01100000000000001
84.9999189376831,-161.82475415133672,-140.28698478029932,-2.084670330996687,2.137254806166817,-0.08696089262573566,0.04846183454411623,0.0,-0.01100000000000001
85.04991888999939,-161.8817839549698,-140.38021072722574,-2.082114942935941,2.1363338471353717,-0.09040003634483357,0.04938914142584585,0.0,-0.01100000000000001
85.09991884231567,-161.93836751633626,-140.47378596812575,-2.0795727200397627,2.136614535760419,-0.08844330644029207,0.049835610904612214,0.0,-0.01100000000000001
85.14991879463196,-161.9937346387992,-140.56542384120456,-2.077079528976162,2.136171792783977,-0.09550666613892789,0.050108075185003334,0.0,-0.01100000000000001
85.19991874694824,-162.04926084909988,-140.6575373129437,-2.074585645269631,2.1366104837144846,-0.08580452239781668,0.049970425262598435,0.0,-0.01100000000000001
85.24991869926453,-162.10543607148193,-140.75081818930812,-2.0720196391736936,2.1366425728952474,-0.09576972303173446,0.05003951146668878,0.0,-0.01100000000000001
85.29991865158081,-162.1601700529194,-140.84260873262664,-2.0694826541469284,2.1370123187294485,-0.08709854442601783,0.050534439740170294,0.0,-0.01100000000000001
85.3499186038971,-162.2148133045906,-140.93413425239297,-2.0669400307019132,2.137577240319157,-0.09638200486838307,0.050677417445257174,0.0,-0.01100000000000001
85.39991855621338,-162.2690958646551,-141.02518528850737,-2.0644296672667286,2.137243515047167,-0.09089256966453241,0.05072071831450153,0.0,-0.01100000000000001
85.44991850852966,-162.32464368106585,-141.11879706519724,-2.061866378816071,2.1371697805156247,-0.09449889035915096,0.050457194765492694,0.0,-0.01100000000000001
85.49991846084595,-162.37906143607253,-141.21092840304559,-2.05936397484609,2.1368411991725376,-0.09334549769941818,0.05021514558994003,0.0,-0.01100000000000001
85.54991841316223,-162.4338250659602,-141.30367205688103,-2.056827954458076,2.1371805101985024,-0.09261836088023771,0.050201760700003956,0.0,-0.01100000000000001
85.59991836547852,-162.48739617498504,-141.39465093113208,-2.0543489826270807,2.1380658180781316,-0.09670738647636988,0.0501997516198328,0.0,-0.01100000000000001
85.6499183177948,-162.54262940644054,-141.4888107880383,-2.0517725780688734,2.138545745909633,-0.10463182371666552,0.05030918467117519,0.0,-0.01100000000000001
85.69991827011108,-162.59710510139723,-141.58200135372644,-2.0492137577487215,2.139524625561556,-0.09779787991680312,0.050623895086960996,0.0,-0.01100000000000001
85.74991822242737,-162.6514529455407,-141.67533723069445,-2.046649491347826,2.140596058260074,-0.09441353242925765,0.05078165901031799,0.0,-0.01100000000000001
85.79991817474365,-162.70437043752813,-141.76648677248045,-2.0441273625316745,2.1412300971337155,-0.09779437357646019,0.05105211021327924,0.0,-0.01100000000000001
85.84991812705994,-162.75970795326612,-141.86260084322697,-2.041466382541359,2.1425471558206293,-0.09826047071075807,0.05128367148082453,0.0,-0.01100000000000001
85.89991807937622,-162.81297367784376,-141.95592241536923,-2.0389140350158104,2.1433202141288645,-0.09565047504240541,0.051198062954207924,0.0,-0.01100000000000001
85.9499180316925,-162.86615839151582,-142.04951355776893,-2.036345087679527,2.1442111597956046,-0.10429743653692436,0.051084451823719595,0.0,-0.01100000000000001
85.99991798400879,-162.91872467485254,-142.14245075357712,-2.0338011617398224,2.143962622629689,-0.09828108411783087,0.05124289740321464,0.0,-0.01100000000000001
86.04991793632507,-162.97265370602315,-142.23811078905985,-2.0311825340785714,2.144392212543361,-0.10061944797033709,0.05120275651869698,0.0,-0.01100000000000001
86.09991788864136,-163.0249677627271,-142.33143706654755,-2.028670368706616,2.143767838542802,-0.10040642185055006,0.0508936605916371,0.0,-0.01100000000000001
86.14991784095764,-163.07816702930342,-142.4268497865639,-2.0260984338618613,2.1434142789411204,-0.09473400740187034,0.05079984860960862,0.0,-0.01100000000000001
86.19991779327393,-163.130294042861,-142.5208326039978,-2.023560668698398,2.1432624870281445,-0.09475726834736392,0.05082555681484991,0.0,-0.01100000000000001
86.24991774559021,-163.18263676076234,-142.61554754463205,-2.020998862258721,2.1427580683259584,-0.0985056138578475,0.0506883550768225,0.0,-0.01100000000000001
86.2999176979065,-163.23441226087974,-142.70942629775647,-2.018455879869291,2.14170995917533,-0.09563091162199676,0.050791880441916196,0.0,-0.01100000000000001
86.34991765022278,-163.28560558842304,-142.80271239905028,-2.015918796717529,2.1409925630159092,-0.103385869279001,0.05072078936610497,0.0,-0.01100000000000001
86.39991760253906,-163.3360223952057,-142.89482269029705,-2.013389915090291,2.1405606214458874,-0.10370807987811007,0.051001494300732066,0.0,-0.01100000000000001
86.44991755485535,-163.38831810925038,-142.99125480410044,-2.010797799174741,2.140623507068395,-0.09838298230406745,0.05105877202944394,0.0,-0.01100000000000001
86.49991750717163,-163.43920391757086,-143.08552412760932,-2.008267408201183,2.1404150401003306,-0.1007707362282788,0.050860377233823785,0.0,-0.01100000000000001
86.54991745948792,-163.48957643581207,-143.1792307832559,-2.0057702660504297,2.1405501574870707,-0.10002532723405456,0.05050134861647151,0.0,-0.01100000000000001
86.5999174118042,-163.53985420888054,-143.27315790339222,-2.0032829892178916,2.139717222760067,-0.108993242534087,0.05012705637139895,0.0,-0.01100000000000001
86.64991736412048,-163.59103116365966,-143.36971229945954,-2.000774943191657,2.139855449523679,-0.10099392253248392,0.04962016816142048,0.0,-0.01100000000000001
86.69991731643677,-163.6407550925544,-143.46415896387268,-1.998319298198613,2.139959647061369,-0.10616650573186061,0.049276820152368644,0.0,-0.01100000000000001
86.74991726875305,-163.69093462372314,-143.55976864705949,-1.995808300536208,2.1402438827730417,-0.1130469090024592,0.04928781406045885,0.0,-0.01100000000000001
86.79991722106934,-163.7395392286163,-143.65296976073955,-1.9933640123166922,2.140137929428328,-0.10691512876986266,0.04954277247885809,0.0,-0.01100000000000001
86.84991717338562,-163.78919714339554,-143.74948627959782,-1.990857518417563,2.1392802869144227,-0.10909864546518547,0.049485006579714,0.0,-0.01100000000000001
86.8999171257019,-163.8382790628055,-143.84584880130964,-1.9883672849643352,2.1392120678946536,-0.09993589863121317,0.049475974285281714,0.0,-0.01100000000000001
86.94991707801819,-163.88658943155917,-143.94138815158212,-1.9859134588031313,2.1387223288473782,-0.10013406704461456,0.04908028656788066,0.0,-0.01100000000000001
86.99991703033447,-163.9339712107414,-144.0354117998025,-1.9834691223743985,2.1381695053717,-0.10290934294754317,0.049116833639103824,0.0,-0.01100000000000001
87.04991698265076,-163.982928760547,-144.1336422557377,-1.9809168725963835,2.1374294943522134,-0.09821832309437462,0.04950900088469371,0.0,-0.01100000000000001
87.09991693496704,-164.03017948422223,-144.22932099204738,-1.9784340438479249,2.1363836417378907,-0.10257486953932567,0.049752156224774566,0.0,-0.01100000000000001
87.14991688728333,-164.0772723573627,-144.32518479993897,-1.9759542990042125,2.1358192457799485,-0.10004571524768073,0.04974544715977082,0.0,-0.01100000000000001
87.19991683959961,-164.12499733056447,-144.42281228030677,-1.973445395057132,2.1359060902880844,-0.10252365778688274,0.04946336131418035,0.0,-0.01100000000000001
87.2499167919159,-164.17112812108218,-144.51820684060655,-1.9710088054787465,2.135000174628586,-0.10180983488139557,0.049275828862626256,0.0,-0.01100000000000001
87.29991674423218,-164.2164126348362,-144.61385862718151,-1.968524714813155,2.134313768325487,-0.09798511422102864,0.04923100879619479,0.0,-0.01100000000000001
87.34991669654846,-164.26216555027065,-144.71076754344358,-1.9660308118414171,2.1335975898699266,-0.10435735700295828,0.04919024696704886,0.0,-0.01100000000000001
87.39991664886475,-164.30634088939647,-144.80471289108962,-1.9636242515602946,2.133015008912162,-0.10009285074273522,0.04923685613317638,0.0,-0.01100000000000001
87.44991660118103,-164.351872351312,-144.9029917707932,-1.9611096648284958,2.1328691013642986,-0.09400344545561755,0.049187483589776704,0.0,-0.01100000000000001
87.49991655349731,-164.3963141816454,-144.9997465684727,-1.9586099316597114,2.1324205932293157,-0.10184239526872876,0.04941612639034463,0.0,-0.01100000000000001
87.5499165058136,-164.44080468822838,-145.09644776765322,-1.9560652591188623,2.132523633003216,-0.10813407323657098,0.0500545349192695,0.0,-0.01100000000000001
87.59991645812988,-164.48409285501705,-145.19111972822117,-1.9536192363730962,2.131708611734546,-0.10241708657354187,0.05027075436081993,0.0,-0.01100000000000001
87.64991641044617,-164.5291902415728,-145.2907005964393,-1.951028054329652,2.1321802223846746,-0.0992973468228433,0.05038025561235884,0.0,-0.01100000000000001
87.69991636276245,-164.57279655122832,-145.38774964543572,-1.9485025940961607,2.1325185922295966,-0.09773171350872517,0.05033989581352755,0.0,-0.01100000000000001
87.74991631507874,-164.61665010198902,-145.48555128886014,-1.9459662865918657,2.13307674786018,-0.09976670448767276,0.05031256175794966,0.0,-0.01100000000000001
87.79991626739502,-164.65952631851454,-145.58133966839367,-1.9434660673291135,2.1341673666798724,-0.09969519241518898,0.05046896278938813,0.0,-0.0040000000000000036
87.8499162197113,-164.70357922135676,-145.6807185734166,-1.9408588017443624,2.1349221825710885,-0.0975935935710025,0.05068486643024644,0.0,-0.0040000000000000036
87.89991617202759,-164.74645148300544,-145.77820019680115,-1.9383097523047677,2.135040420286182,-0.10793894564717926,0.05076134176225197,0.0,0.0030000000000000027
87.94991612434387,-164.78999747777644,-145.87748246588725,-1.9357055014116369,2.135095067007324,-0.09963564067957083,0.051057029107361,0.0,0.0030000000000000027
87.99991607666016,-164.8317827425321,-145.97306407175031,-1.9331881650087739,2.1344069615986334,-0.1005557568442678,0.051108852479321565,0.0,0.009000000000000008
88.04991602897644,-164.87503898884708,-146.07260404076527,-1.9305005112906892,2.1343781916050135,-0.10605398950499448,0.051912890531268616,0.0,0.009000000000000008
88.09991598129272,-164.9176152182102,-146.17146317217043,-1.9278299148089224,2.1339782165517307,-0.1018104947856428,0.05260463490563637,0.0,0.016000000000000014
88.14991593360901,-164.95967650291098,-146.26935917015382,-1.9251551643023985,2.133345379856468,-0.09967831351115225,0.05318654572471399,0.0,0.016000000000000014
88.1999158859253,-165.00175006828323,-146.36772634181457,-1.9224620785088022,2.130520040848824,-0.11046509666861187,0.053380021905780034,0.0,0.02300000000000002
88.24991583824158,-165.04386129225313,-146.46676088587327,-1.9197419259676927,2.1267219926156637,-0.11020782147656794,0.05357530565601258,0.0,0.02300000000000002
88.29991579055786,-165.08455126498583,-146.563136144679,-1.917039484152556,2.1233629480171565,-0.1059109114064921,0.053903389566178614,0.0,0.029000000000000026
88.34991574287415,-165.1251774862098,-146.65975036348192,-1.9143189632585966,2.120189981840012,-0.10756649003479304,0.054390165023023525,0.0,0.029000000000000026
88.39991569519043,-165.16559429264322,-146.75656273860676,-1.9116259664272803,2.117419750914239,-0.10889981434244189,0.05415545874977112,0.0020000000000000018,0.03600000000000003
88.44991564750671,-165.2064702198627,-146.8550192423743,-1.9088961089304268,2.1150940707682713,-0.10438744191117974,0.05398263170298283,0.0020000000000000018,0.03600000000000003
88.499915599823,-165.24680768405213,-146.95242831663077,-1.9061793483659226,2.112589996431862,-0.10696407783427976,0.05405058933945792,0.0040000000000000036,0.04300000000000004
88.54991555213928,-165.2871425377934,-147.05067933113034,-1.903508426056644,2.109878870012444,-0.10656422989790615,0.05361212024569465,0.0040000000000000036,0.04300000000000004
88.59991550445557,-165.32627299361155,-147.14656842479388,-1.900941193857473,2.1064148477996585,-0.10727153314572407,0.05265900679453263,0.0050000000000000044,0.049000000000000044
88.64991545677185,-165.36639569597298,-147.24535642611244,-1.8983241288596757,2.10272942157573,-0.10805688370428053,0.05189871065617047,0.0050000000000000044,0.049000000000000044
88.69991540908813,-165.406172652673,-147.34372111984598,-1.8957306345518992,2.0999341443585813,-0.10605273242340163,0.051393115635345654,0.007000000000000006,0.05600000000000005
88.74991536140442,-165.44475422963308,-147.43965187578365,-1.8932212502721448,2.0965885256646963,-0.11075931848316956,0.050884535324860154,0.007000000000000006,0.05600000000000005
88.7999153137207,-165.48363239220814,-147.53687908071333,-1.8907001711981504,2.0925095675079857,-0.11307003523859001,0.0504952418575871,0.009000000000000008,0.06299999999999994
88.84991526603699,-165.52309897927995,-147.63641317108414,-1.8881400337333258,2.085918680710395,-0.11036821580277936,0.05012712618874269,0.009000000000000008,0.06299999999999994
88.89991521835327,-165.5614087025051,-147.7334852717907,-1.8856259775418458,2.0802351148386884,-0.10908910590615924,0.05006204407101821,0.010000000000000009,0.06899999999999995
88.94991517066956,-165.59929825398933,-147.830473416277,-1.8831912875460501,2.0752076331199514,-0.10465638872990037,0.04937250807077558,0.010000000000000009,0.06899999999999995
88.99991512298584,-165.63633672175794,-147.9256437247709,-1.8808041953461145,2.069595852638916,-0.11474573038695164,0.048575174974025644,0.01200000000000001,0.07599999999999996
89.04991507530212,-165.67425082189874,-148.02410259186803,-1.8783618531263315,2.0640166454283935,-0.10764970338649084,0.04815565034390015,0.01200000000000001,0.07599999999999996
89.09991502761841,-165.71090560082482,-148.12043101947557,-1.8760352881808227,2.0597509761790542,-0.11077595633186996,0.04706451699429627,0.013000000000000012,0.08299999999999996
89.14991497993469,-165.74645524627584,-148.21452522683887,-1.873809670353364,2.054665488076774,-0.10775545600596186,0.046067033236648416,0.013000000000000012,0.08299999999999996
89.19991493225098,-165.78311684546316,-148.3118856442018,-1.8715120466582231,2.048616793213396,-0.10617977878452663,0.04548574530038074,0.015000000000000013,0.08899999999999997
89.24991488456726,-165.81927278000157,-148.40878888003803,-1.8692573936062118,2.042326748215242,-0.10900816773222807,0.0448642654147809,0.015000000000000013,0.08899999999999997
89.29991483688354,-165.85414988969856,-148.50382519376672,-1.8670704457951732,2.037134247749482,-0.09903074011855331,0.04421544462047985,0.016000000000000014,0.09599999999999997
89.34991478919983,-165.88857848166683,-148.5978738946463,-1.8649121929687709,2.0330216298070884,-0.10586624778823762,0.043622319621653055,0.016000000000000014,0.09599999999999997
89.39991474151611,-165.9232433774754,-148.69329580434368,-1.8627743643247727,2.028123686139596,-0.10530989698815595,0.04300213881508177,0.018000000000000016,0.10299999999999998
89.4499146938324,-165.95759856689213,-148.78880043117022,-1.8606669656324957,2.0233085095449472,-0.1051257916544086,0.04230561554498851,0.018000000000000016,0.10299999999999998
89.49991464614868,-165.99119770603238,-148.8839765007732,-1.8585509528288207,2.017842856036385,-0.10417217462991939,0.04186335535856729,0.020000000000000018,0.10899999999999999
89.54991459846497,-166.0242023919103,-148.97808727266158,-1.8565236150007023,2.0131284138983205,-0.10068386374346035,0.04129398722416296,0.020000000000000018,0.10899999999999999
89.59991455078125,-166.05539461994553,-149.0679839267331,-1.8545948001451336,2.007816830086893,-0.09748623813589506,0.04018939569193776,0.02100000000000002,0.11599999999999999
89.64991450309753,-166.0864288974238,-149.15813925718228,-1.8525745490342118,2.0004627271317186,-0.09876385884206611,0.039454401277544585,0.02100000000000002,0.11599999999999999
89.69991445541382,-166.11681040503538,-149.24690609553704,-1.8506700110878471,1.996369090548525,-0.09603101614140344,0.038681971250337156,0.02300000000000002,0.123
89.7499144077301,-166.14681186402765,-149.3345288907901,-1.848815988288294,1.9930029185404141,-0.09823494043965592,0.03794631630256985,0.02300000000000002,0.123
89.79991436004639,-166.1776179585556,-149.42497570140236,-1.846977864279054,1.9890939662073348,-0.10211786974508641,0.03713496957299379,0.02300000000000002,0.123
89.84991431236267,-166.2087860606577,-149.5180828130959,-1.8451405112680748,1.9854271941291444,-0.10128026090640768,0.036473508354765746,0.02300000000000002,0.123
89.89991426467896,-166.2392483398966,-149.61044414409812,-1.8433902031028957,1.9836870310620862,-0.09534260712891945,0.03566299190000222,0.02300000000000002,0.123
89.94991421699524,-166.26921766829645,-149.70131464681162,-1.8417009793537193,1.9821547583203274,-0.09426826631565853,0.03476055562023808,0.02300000000000002,0.123
89.99991416931152,-166.29978645341507,-149.79400827062184,-1.839981811609091,1.9800451289287186,-0.09323258652493743,0.03446690261288803,0.02300000000000002,0.123
90.04991412162781,-166.33059113174374,-149.88940434347413,-1.8382527547425263,1.9783119531953175,-0.09880469957580576,0.03418952342654223,0.02300000000000002,0.123
90.09991407394409,-166.36091186131793,-149.9845056464126,-1.8365391656571468,1.977537890590149,-0.0922773527998049,0.03411555439175934,0.02300000000000002,0.123
90.14991402626038,-166.39089279507965,-150.07851044741986,-1.8348473754432681,1.977244231361522,-0.0984473768133766,0.03407794861834933,0.02300000000000002,0.123
90.19991397857666,-166.42039116237504,-150.17095907249163,-1.8331813473228575,1.9763309790677197,-0.0981564663506658,0.03416464835770801,0.02300000000000002,0.123
90.24991393089294,-166.4513465324312,-150.2684729478874,-1.8314374742416721,1.9751455967973324,-0.09792242657516312,0.03398870707317492,0.02300000000000002,0.123
90.29991388320923,-166.48049086565112,-150.3624156592523,-1.8298252325382292,1.97563960676017,-0.09451298187487302,0.033485794902800965,0.02300000000000002,0.123
90.34991383552551,-166.509421658114,-150.4551906367193,-1.8282388882638059,1.9756666072509792,-0.09312318174111059,0.032720162603309184,0.02300000000000002,0.123
90.3999137878418,-166.53921647937904,-150.55075849349728,-1.8266609730173313,1.9758634756527198,-0.09277268076810649,0.03204830852165245,0.02300000000000002,0.123
90.44991374015808,-166.56836767266384,-150.64482439014256,-1.8251738606200358,1.9764556289938042,-0.08784794923776407,0.031016552926358864,0.02300000000000002,0.123
90.49991369247437,-166.59838778550213,-150.74198303534084,-1.823694938044134,1.9767011733356343,-0.09673695715188596,0.029854543413520937,0.02300000000000002,0.123
90.54991364479065,-166.6281589115249,-150.83850959105783,-1.8222993515364656,1.977053701205083,-0.09646291464955485,0.028610282948726112,0.02300000000000002,0.123
90.59991359710693,-166.65662687561695,-150.93113666602045,-1.8210442481531028,1.9774341628025358,-0.09176250780368118,0.027178819165553283,0.02300000000000002,0.123
90.64991354942322,-166.68623402622597,-151.02774214206227,-1.8197597647313324,1.9782310421826264,-0.09438609237165832,0.026013478662012528,0.02300000000000002,0.123
90.6999135017395,-166.7158326780878,-151.12460641072167,-1.8185105664748304,1.9775018652616578,-0.09348167377415097,0.02517771933124328,0.02300000000000002,0.123
90.74991345405579,-166.744105369369,-151.21726243988795,-1.8173345559387941,1.9774726808678145,-0.09283738726902968,0.024594734299548063,0.02300000000000002,0.123
90.79991340637207,-166.77325293886747,-151.31268687498127,-1.816118741050824,1.977220350383395,-0.0882534952800372,0.02458420009552658,0.02300000000000002,0.123
90.84991335868835,-166.80309433263616,-151.41023146407815,-1.8149059928073068,1.9764064824242353,-0.09001101476326824,0.024188638520996678,0.02300000000000002,0.123
90.89991331100464,-166.8323038418141,-151.5056942221615,-1.8137248057095527,1.975771576194355,-0.09246270985699788,0.02395280034071271,0.02300000000000002,0.123
90.94991326332092,-166.86082266943953,-151.5988245219113,-1.8125340395149494,1.975572743022402,-0.09441101496653477,0.024187442107254462,0.02300000000000002,0.123
90.9999132156372,-166.88990895438394,-151.69472384144635,-1.8113588326367014,1.9754589162402596,-0.08767450455548309,0.023993484731500838,0.02300000000000002,0.123
91.04991316795349,-166.91931983065322,-151.79183489615536,-1.8101522502685141,1.9750362498466416,-0.09073565420685997,0.023864650249403818,0.02300000000000002,0.123
91.09991312026978,-166.9478185424819,-151.88662507462152,-1.8090048482482444,1.9747174041959483,-0.08862328692611063,0.02346429018820341,0.02300000000000002,0.123
91.14991307258606,-166.97586439156012,-151.980146525787,-1.8078724498631709,1.9743403614408828,-0.09137323528792238,0.023182903647287034,0.02300000000000002,0.123
91.19991302490234,-167.0040539991527,-152.07487371673923,-1.8067791765353953,1.9740973724238113,-0.08664655388343516,0.022710814095942763,0.02300000000000002,0.123
91.24991297721863,-167.03249609281147,-152.17073968772957,-1.8057232042684457,1.973236823712834,-0.0865981985041001,0.02166421568368987,0.02300000000000002,0.123
91.29991292953491,-167.06005029314142,-152.2624856692561,-1.8047312690960802,1.9725259341128538,-0.08605733247365598,0.02083475683608963,0.02300000000000002,0.123
91.3499128818512,-167.08835256466432,-152.35725741985993,-1.803744518602723,1.9711972086515508,-0.08599096186434468,0.02011863910650011,0.02300000000000002,0.123
91.39991283416748,-167.11638505191576,-152.45171650307856,-1.8028034180603025,1.9702138537409026,-0.09126528725007191,0.019322792463127403,0.02300000000000002,0.123
91.44991278648376,-167.14427506193366,-152.5453954881847,-1.8019225276694584,1.9691061858003416,-0.08787496807240686,0.018480674004893494,0.02300000000000002,0.123
91.49991273880005,-167.17246906778556,-152.6401516914344,-1.8010760150150784,1.9681509172131164,-0.08432456029008273,0.017698328559040133,0.02300000000000002,0.123
91.54991269111633,-167.20028136436582,-152.73388860569483,-1.8002480869440656,1.96780983480756,-0.08734543006413234,0.016929330291512636,0.02300000000000002,0.123
91.59991264343262,-167.2280211070356,-152.8281554595873,-1.7994651647861293,1.9667747900602837,-0.08320926971540259,0.016338950802311975,0.02300000000000002,0.123
91.6499125957489,-167.25607938533489,-152.9236452102274,-1.7987141503699189,1.9660248640290539,-0.081627329650807,0.015437571761877595,0.02300000000000002,0.123
91.69991254806519,-167.28392356640586,-153.01844062011583,-1.79798072495263,1.9660910417713782,-0.08205888093534183,0.014813092422425221,0.02300000000000002,0.123
91.74991250038147,-167.31095590701452,-153.11171951753403,-1.797326918546228,1.9642311875175364,-0.08103522333846215,0.014087302822121523,0.02300000000000002,0.123
91.79991245269775,-167.33857571880634,-153.20738927205403,-1.796639917878558,1.963618215278311,-0.08509843461980553,0.013523688225505443,0.02300000000000002,0.123
91.84991240501404,-167.36628491202856,-153.30385270337015,-1.7959749194981172,1.962795920181798,-0.0819570421964039,0.013309749028726678,0.02300000000000002,0.123
91.89991235733032,-167.39271885671616,-153.39636297522054,-1.7953629509207456,1.9620739494012511,-0.0775461662976563,0.012957096233625471,0.02300000000000002,0.123
91.9499123096466,-167.41974105627372,-153.49181301833121,-1.7947456031808664,1.9610974087647275,-0.07591204133516995,0.01256993891863086,0.02300000000000002,0.123
91.99991226196289,-167.44628449368525,-153.58649092904528,-1.7941660001693933,1.9603262448865122,-0.0677827750902236,0.012176381026987058,0.02300000000000002,0.123
92.04991221427917,-167.4731071874869,-153.68323932482897,-1.793601103613866,1.9588184772714479,-0.0695308207212087,0.011470865460658869,0.02300000000000002,0.123
92.09991216659546,-167.49925283477964,-153.77876629544568,-1.7931027906099668,1.958080298114789,-0.06684037292929186,0.010633882173540018,0.02300000000000002,0.123
92.14991211891174,-167.5246411885939,-153.87168090843616,-1.7925900902105314,1.9572714360310262,-0.06646730827015566,0.010476163379318372,0.02300000000000002,0.123
92.19991207122803,-167.5501906016278,-153.9657681597097,-1.7920950408358711,1.9559947777797801,-0.07002695135013251,0.010286755529659223,0.02300000000000002,0.123
92.24991202354431,-167.5765105040055,-154.06358440621975,-1.7916163928717506,1.9544209218055224,-0.0618149786339824,0.009839628824294514,0.02300000000000002,0.123
92.2999119758606,-167.60117910916833,-154.15546948106876,-1.791135716744653,1.9536202779961347,-0.0642474725169475,0.009791464493801333,0.02300000000000002,0.123
92.34991192817688,-167.6261335399997,-154.2491767534853,-1.7907056777763284,1.9521776240689603,-0.061066049343742906,0.009431836191503774,0.02300000000000002,0.123
92.39991188049316,-167.65132446329363,-154.343752706912,-1.7902738651846675,1.9513214307075117,-0.06205216132106918,0.008936727035930235,0.02300000000000002,0.123
92.44991183280945,-167.67616304599733,-154.43753736733353,-1.789883327383892,1.9505995912142529,-0.060382775339498776,0.00839736566169768,0.02300000000000002,0.123
92.49991178512573,-167.70137840610766,-154.53312322330862,-1.7895105737585604,1.9498999866516966,-0.06026912304754577,0.007866113531112912,0.02300000000000002,0.123
92.54991173744202,-167.72595817677498,-154.62601666269552,-1.7891243314267637,1.9494839037965273,-0.06266937908402435,0.007794318329340149,0.02300000000000002,0.123
92.5999116897583,-167.75101290719707,-154.72057159802975,-1.7887234965554926,1.948487025778359,-0.07110774074221604,0.007907734503507336,0.02300000000000002,0.123
92.64991164207458,-167.7757334787063,-154.81461065129196,-1.788351189905805,1.9481558735538964,-0.06179914520862879,0.007977020578815861,0.02300000000000002,0.123
92.69991159439087,-167.80050094765204,-154.90941513774905,-1.788001140500359,1.948276360054056,-0.06534148619176583,0.00753785598910278,0.02300000000000002,0.123
92.74991154670715,-167.82506026414018,-155.00325478722385,-1.7876399518044421,1.948063533245564,-0.06746120434191959,0.007388918035775353,0.02300000000000002,0.123
92.79991149902344,-167.84976098545928,-155.0980844921913,-1.7873102025793823,1.9476918959361185,-0.0579386041661518,0.007101866168214847,0.02300000000000002,0.123
92.84991145133972,-167.87510897042233,-155.19494018246274,-1.7869874135447985,1.947729125930644,-0.058629621121640794,0.006759380593166528,0.02300000000000002,0.123
92.899911403656,-167.8995768287302,-155.28880928328192,-1.786742571610937,1.9480353781485669,-0.05864955294305325,0.005963944851503105,0.02300000000000002,0.123
92.94991135597229,-167.92361621798497,-155.3810222662438,-1.7865017919271542,1.9474506452356046,-0.06018342838415873,0.005206386342284489,0.02300000000000002,0.123
92.99991130828857,-167.94837395985505,-155.4763046510879,-1.7862780741590938,1.947985238500502,-0.06064974003177981,0.004809445128150191,0.02300000000000002,0.123
93.04991126060486,-167.97323598156092,-155.57164859878762,-1.7860620694862055,1.9479144951318614,-0.058361324188047285,0.004578141371200047,0.02300000000000002,0.123
93.09991121292114,-167.9980795581678,-155.66700106878673,-1.7858711779190912,1.9481717103467349,-0.06006290642313851,0.0041965112795670275,0.02300000000000002,0.123
93.14991116523743,-168.0224525244588,-155.76076123561776,-1.7856899626578038,1.9487059106687163,-0.05659068112138507,0.00406621372106825,0.02300000000000002,0.123
93.19991111755371,-168.04696497742967,-155.8553870817732,-1.7855197526413178,1.9496844875997776,-0.057630209000691,0.003759102829923762,0.02300000000000002,0.123
93.24991106987,-168.07161762415714,-155.95009628793787,-1.7853278781997972,1.9495698426121317,-0.054849364331501095,0.0038257251786436314,0.02300000000000002,0.123
93.29991102218628,-168.09593904090463,-156.0420296532453,-1.785112596587031,1.9497551276714724,-0.059626577605686716,0.004077172773215438,0.02300000000000002,0.123
93.34991097450256,-168.12073771552605,-156.1364396207679,-1.7849234405843089,1.9497088701847156,-0.05672612843791211,0.004244795545484299,0.02300000000000002,0.123
93.39991092681885,-168.14525541672415,-156.22987530262972,-1.7847149314561648,1.9493876400643952,-0.06058333312237702,0.004099634245655264,0.02300000000000002,0.123
93.44991087913513,-168.17023363706866,-156.32440078967852,-1.784498267989737,1.9496908314802102,-0.05828680618188908,0.004365961281451574,0.02300000000000002,0.123
93.49991083145142,-168.19559343495047,-156.4200950068728,-1.784281680624186,1.9494941912932087,-0.06205601692948061,0.004351124740820113,0.02300000000000002,0.123
93.5499107837677,-168.2201432046717,-156.51319754855206,-1.7840717529161743,1.9485854967847194,-0.06388253801785412,0.004353128134833593,0.02300000000000002,0.123
93.59991073608398,-168.24493504103964,-156.6079538124675,-1.783879364838278,1.9487568216156734,-0.05966646328303508,0.004219572980920265,0.02300000000000002,0.123
93.64991068840027,-168.26981048770685,-156.7028100997746,-1.7837053608717581,1.948762560423691,-0.053225678715317144,0.003928987887078983,0.02300000000000002,0.123
93.69991064071655,-168.29482404716066,-156.79817054050895,-1.783545687204635,1.9486137447257084,-0.04249723959958291,0.0036708078849133786,0.02300000000000002,0.123
93.74991059303284,-168.31974092299757,-156.89420106845995,-1.783411027760032,1.9487565765941333,-0.05161400607373681,0.0029698936705759094,0.02300000000000002,0.123
93.79991054534912,-168.34390334665883,-156.9879465815736,-1.7832989565182926,1.948418465915764,-0.05120015665222665,0.0025076006251961705,0.02300000000000002,0.123
93.8499104976654,-168.36832927619986,-157.08240692360124,-1.7832305657733238,1.9485216140692037,-0.04313745542988588,0.002144884748359543,0.02300000000000002,0.123
93.89991044998169,-168.39345675184288,-157.17978762747285,-1.78320780476586,1.9486429265538177,-0.05200313835444234,0.0011654930968944552,0.02300000000000002,0.123
93.94991040229797,-168.417036335087,-157.27205626206592,-1.7832296625646087,1.9490093024986943,-0.046452480488553605,0.0003756986798400954,0.02300000000000002,0.123
93.99991035461426,-168.44137268737165,-157.36759562879433,-1.7832512292319447,1.9489623181876374,-0.04799726269348527,-0.00021965879158492732,0.02300000000000002,0.123
94.04991030693054,-168.46545938419163,-157.46165965165545,-1.7833007146921005,1.9494100624013158,-0.046571960813346774,-0.00039732536259025304,0.02300000000000002,0.123
94.09991025924683,-168.4906117355028,-157.55949612667956,-1.7833425462675505,1.9496803476784323,-0.04066441734752832,-0.0005611287704762917,0.02300000000000002,0.123
94.14991021156311,-168.51470231166536,-157.6540353663427,-1.7834195273012925,1.9504627674221386,-0.036852361340083205,-0.0008098807165360874,0.02300000000000002,0.123
94.1999101638794,-168.53833381492385,-157.74712474373047,-1.7834920984294178,1.9507052555740028,-0.04116440609888549,-0.0012169672730181526,0.02300000000000002,0.123
94.24991011619568,-168.5628470056574,-157.8441072684866,-1.7835920216129764,1.9511577277043057,-0.04227346801254937,-0.0015465261020860916,0.02300000000000002,0.123
94.29991006851196,-168.58621923658583,-157.93586644066704,-1.7836872278862896,1.950802522449329,-0.042805376869743644,-0.0016839806171548032,0.02300000000000002,0.123
94.34991002082825,-168.61018426565582,-158.03006196142985,-1.783764432224603,1.9507712785904374,-0.04863725582755902,-0.0015749615744605535,0.02300000000000002,0.123
94.39990997314453,-168.63409552123122,-158.12508214245483,-1.7839036659449168,1.9513767396882402,-0.04524310654614297,-0.001867029572598635,0.02300000000000002,0.123
94.44990992546082,-168.65796152156398,-158.21931572616074,-1.784036543673579,1.9505949497832835,-0.040824169252443344,-0.002224495448359207,0.02300000000000002,0.123
94.4999098777771,-168.6815740539132,-158.31264733073257,-1.7842033118795013,1.9514502707599484,-0.03907163278694944,-0.0027150627497061317,0.02300000000000002,0.123
94.54990983009338,-168.7053061559791,-158.40683022338794,-1.7843652465106556,1.951842675693849,-0.03598006983839841,-0.0030146235258085535,0.02300000000000002,0.123
94.59990978240967,-168.72930810304894,-158.50276058603168,-1.7845728917554269,1.9520636364163488,-0.03416988558919353,-0.003537342230817453,0.02300000000000002,0.123
94.64990973472595,-168.753040998018,-158.59736119161548,-1.7847844911012845,1.9524438635876182,-0.03459097830527239,-0.003946613803332785,0.02300000000000002,0.123
94.69990968704224,-168.77708233948408,-158.69325981653324,-1.7850039996994038,1.952526052490225,-0.035585341596155805,-0.004167119272327064,0.02300000000000002,0.123
94.74990963935852,-168.80070918963935,-158.78767730495935,-1.7851895289637463,1.9537578106674791,-0.03616375846932843,-0.003982879082063078,0.02300000000000002,0.123
94.7999095916748,-168.82432450919316,-158.8829283125232,-1.7854019266160164,1.9539219666647987,-0.03472309984314359,-0.0039527389923360665,0.02300000000000002,0.123
94.84990954399109,-168.84815409839862,-158.9790035226986,-1.7855842425491464,1.9547082929657573,-0.03351556423786958,-0.003690630327201078,0.02300000000000002,0.123
94.89990949630737,-168.87171690208905,-159.07448554415777,-1.7857668086786262,1.955632144403705,-0.035078084838881855,-0.003513771339682638,0.02300000000000002,0.123
94.94990944862366,-168.89500543209698,-159.16926578164663,-1.7859512925885639,1.9558246651159374,-0.0348711326217053,-0.0034979717887636728,0.02300000000000002,0.123
94.99990940093994,-168.91851336342577,-159.2654967039358,-1.7861483763349764,1.9559915217862023,-0.02918816397183474,-0.0036484726533313958,0.02300000000000002,0.123
95.04990935325623,-168.94231419440456,-159.36266064967708,-1.7863429656140766,1.9554493292111348,-0.026440559918888842,-0.0037820774998594364,0.02300000000000002,0.123
95.09990930557251,-168.96510631328078,-159.45560875874102,-1.786520347297604,1.9550812231602865,-0.02593721455187113,-0.003649818010466112,0.02300000000000002,0.123
95.1499092578888,-168.9890636432345,-159.55371375758736,-1.786736591560583,1.9543797195427823,-0.02828140928283289,-0.0038196326670927555,0.02300000000000002,0.123
95.19990921020508,-169.0118317724446,-159.64668658409627,-1.7869252179156694,1.954303859422584,-0.03444891481627742,-0.004002505576571062,0.02300000000000002,0.123
95.24990916252136,-169.03550374339372,-159.743524442132,-1.7871578210666277,1.9539208920228937,-0.034091186162500044,-0.004213111220822612,0.02300000000000002,0.123
95.29990911483765,-169.05844308768582,-159.83670113868078,-1.787397747790855,1.953802868297552,-0.032943631635355644,-0.004487030941550137,0.02300000000000002,0.123
95.34990906715393,-169.08165453622328,-159.93064280838686,-1.7876119134283084,1.9536189834562536,-0.03144900960973921,-0.004466254114064178,0.02300000000000002,0.123
95.39990901947021,-169.1050109369557,-160.02570565633172,-1.7878591515027578,1.953340393165883,-0.03162988832657782,-0.004634420939590185,0.02300000000000002,0.123
95.4499089717865,-169.12871226396274,-160.1214478660017,-1.7881123992152472,1.9534495010260615,-0.025519016065743312,-0.004616325180992456,0.02300000000000002,0.123
95.49990892410278,-169.15214919583528,-160.21586475311378,-1.7883796625331605,1.9525768049278314,-0.028466035102516662,-0.005020420757321694,0.02300000000000002,0.123
95.54990887641907,-169.17556956276965,-160.31019273075074,-1.7886326263607923,1.9528551455278247,-0.026063618318375607,-0.005072706307599187,0.02300000000000002,0.123
95.59990882873535,-169.1992280039806,-160.40583202392497,-1.78891819520663,1.9521772930093675,-0.029706371960850887,-0.005311096646576888,0.02300000000000002,0.123
95.64990878105164,-169.22288993614308,-160.50146553481835,-1.7892316461363647,1.9525227065621138,-0.027421647484025084,-0.005733207841505013,0.02300000000000002,0.123
95.69990873336792,-169.24623255672475,-160.5956651605116,-1.7895394195837142,1.9528518495169473,-0.025364105413887957,-0.0059299503276696724,0.02300000000000002,0.123
95.7499086856842,-169.2700066891615,-160.69208296083923,-1.789873983186595,1.9536375055799349,-0.025044798062733572,-0.006177364443313064,0.02300000000000002,0.123
95.79990863800049,-169.2932185326819,-160.7864460632783,-1.7902091249296195,1.9531001052147292,-0.02034620780766925,-0.006476338518398754,0.02300000000000002,0.123
95.84990859031677,-169.3168382215341,-160.88263853871274,-1.7905650741766044,1.953101417414111,-0.01948657015344591,-0.0067431973400683175,0.02300000000000002,0.123
95.89990854263306,-169.3400532379546,-160.977282062783,-1.7909220105364634,1.9530130581737293,-0.015298616998099687,-0.006812980684861727,0.02300000000000002,0.123
95.94990849494934,-169.3634592224418,-161.07319054776363,-1.7912944993278952,1.9538342543110803,-0.0178656715635281,-0.007093710527670196,0.02300000000000002,0.123
95.99990844726562,-169.38640301046885,-161.16766472884066,-1.791672567058414,1.9538045407313092,-0.01924437746610066,-0.0074701531193430435,0.02300000000000002,0.123
96.04990839958191,-169.40964309976707,-161.26290355715358,-1.7920687816518999,1.9543828570733568,-0.014090817565424582,-0.007586178270619689,0.02300000000000002,0.123
96.0999083518982,-169.43312430529582,-161.35876182169673,-1.7924673747417954,1.954822538206826,-0.016470906872433,-0.00772774638699204,0.02300000000000002,0.123
96.14990830421448,-169.4563554375687,-161.45365540283052,-1.7928663472001596,1.9542819602408976,-0.0166147206382962,-0.007828545633817966,0.02300000000000002,0.123
96.19990825653076,-169.4794504436998,-161.54852277227434,-1.7933161833522713,1.953951529541101,-0.014079231734712025,-0.008355229951324712,0.02300000000000002,0.123
96.24990820884705,-169.50280766510264,-161.64403131666302,-1.7937716773336454,1.953669077423536,-0.014239550653996957,-0.0088453090808437,0.02300000000000002,0.123
96.29990816116333,-169.5258994240192,-161.73771388380342,-1.7942465422365257,1.9530465652580593,-0.015827867215709692,-0.00912382674192816,0.02300000000000002,0.123
96.34990811347961,-169.5490104010964,-161.8314697109268,-1.7947248647499683,1.9523614723229672,-0.00983819609296058,-0.009309503666478062,0.02300000000000002,0.123
96.3999080657959,-169.57251571907835,-161.9266226849263,-1.7951976290370386,1.9513445282084074,-0.016542929145145782,-0.009538565413373543,0.02300000000000002,0.123
96.44990801811218,-169.595820773905,-162.02012043857252,-1.79566711408206,1.95084683979101,-0.016525810489381947,-0.00938584011135765,0.02300000000000002,0.123
96.49990797042847,-169.61951042742177,-162.11460873471637,-1.7961393964223522,1.9502350014957168,-0.01628762997254419,-0.009327505821062971,0.02300000000000002,0.123
96.54990792274475,-169.6433567467311,-162.2098330519081,-1.796615088824326,1.9498592748258996,-0.020252408569877596,-0.009380247247149824,0.02300000000000002,0.123
96.59990787506104,-169.66716308115792,-162.3042666107393,-1.797026413415431,1.9496300281556254,-0.022130310738125405,-0.00883354553653798,0.02300000000000002,0.123
96.64990782737732,-169.69100917457516,-162.39911808894232,-1.797502362924068,1.949224248914349,-0.01487611063436264,-0.008687105209717893,0.02300000000000002,0.123
96.6999077796936,-169.71533023220354,-162.4953150918166,-1.797977480163102,1.9494056752994575,-0.012707970352565245,-0.00908849847450384,0.02300000000000002,0.123
96.74990773200989,-169.73917383773076,-162.58973842118277,-1.7984593356103864,1.9491698732485085,-0.01982159615364154,-0.009463050693667137,0.02300000000000002,0.123
96.79990768432617,-169.7629826411442,-162.68409756768193,-1.7989618574464925,1.949402698970575,-0.015990302377725547,-0.009729782099714151,0.02300000000000002,0.123
96.84990763664246,-169.78774638738437,-162.78018551556482,-1.7994928964394674,1.9496550774247223,-0.01600710868536854,-0.010194250809305173,0.02300000000000002,0.123
96.89990758895874,-169.8125877164017,-162.87547882075214,-1.8000403696731173,1.9497025737908207,-0.01010164753226385,-0.010510104209036324,0.02300000000000002,0.123
96.94990754127502,-169.83705876355324,-162.9701230070713,-1.8006166848485627,1.9492045156618227,-0.012621192264176231,-0.011065489527299474,0.02300000000000002,0.123
96.99990749359131,-169.86156220400426,-163.0652170286007,-1.801192742099815,1.9494422376550762,-0.015165313765991485,-0.011517584049659475,0.02300000000000002,0.123
97.04990744590759,-169.8861918975618,-163.16045823310148,-1.8017700043610851,1.9494447285689505,-0.017587826692125823,-0.011505437336129659,0.02300000000000002,0.123
97.09990739822388,-169.91060269996035,-163.25473694671487,-1.8023322537073239,1.949676936147931,-0.012312292214643273,-0.011382494454311443,0.02300000000000002,0.123
97.14990735054016,-169.9351879883567,-163.3508098713549,-1.8029381495689332,1.949134768290407,-0.007430909877045795,-0.01157413438195938,0.02300000000000002,0.123
97.19990730285645,-169.95925210359647,-163.44543272317597,-1.8035362460472986,1.9488463685984259,-0.005764100474293914,-0.01176934246216437,0.02300000000000002,0.123
97.24990725517273,-169.9832206636688,-163.53992535244754,-1.8041476322164438,1.9482620670777215,-0.00397844504258588,-0.011964713152033308,0.02300000000000002,0.123
97.29990720748901,-170.00768828956524,-163.6344861879394,-1.8047454929424138,1.9477717538718229,0.00433507587671788,-0.011992873443979446,0.02300000000000002,0.123
97.3499071598053,-170.03176062146602,-163.72808323644142,-1.8053335140688085,1.9471425307973518,-0.00026066110884881487,-0.011902789835703198,0.02300000000000002,0.123
97.39990711212158,-170.0553771705279,-163.8197895740266,-1.8059410593068794,1.9452998471525644,0.004522401235591601,-0.01188228117258352,0.02300000000000002,0.123
97.44990706443787,-170.0781506223846,-163.90738410244302,-1.8065607383939104,1.9415963463302597,0.0020261606993547316,-0.012103197666261542,0.02300000000000002,0.123
97.49990701675415,-170.10090774504624,-163.99524429045138,-1.8071825521712523,1.9391956549513187,0.00595731742838677,-0.012281606402046789,0.02300000000000002,0.123
97.54990696907043,-170.12412266269178,-164.08485451844822,-1.807794682719359,1.9374424121053382,-0.005922069972601614,-0.012446471332220646,0.02300000000000002,0.123
97.59990692138672,-170.14673609218625,-164.17294118247227,-1.8084540498802377,1.9350002881776447,-0.002290403840743093,-0.012751474213309006,0.02300000000000002,0.123
97.649906873703,-170.17070494274745,-164.26520620193853,-1.8091488109742997,1.9332817640095752,-0.0010049677815716744,-0.013297150508572895,0.02300000000000002,0.123
97.69990682601929,-170.19487222437672,-164.35769861748517,-1.8098562776752791,1.9321418269814439,0.00792391014614327,-0.013637774628298526,0.02300000000000002,0.123
97.74990677833557,-170.21907972543337,-164.45057068142714,-1.8105695334608007,1.9306168473339949,-0.0006644313418178065,-0.014089522254909231,0.02300000000000002,0.123
97.79990673065186,-170.24289597914645,-164.54191976988793,-1.8112729149808038,1.9292565003126476,0.003872448187267551,-0.01415602451497632,0.02300000000000002,0.123
97.84990668296814,-170.26752231363486,-164.63498739191385,-1.811957541891823,1.9285136468252586,-0.0027307289716365975,-0.013994502836445408,0.02300000000000002,0.123
97.89990663528442,-170.2923085138011,-164.72846113846242,-1.8126809721836479,1.9269413209396402,0.002036847046483223,-0.014064931707311495,0.02300000000000002,0.123
97.94990658760071,-170.3171460098095,-164.82263595066715,-1.813428387824507,1.9266987859157922,0.0001594150601196007,-0.014522395266240901,0.02300000000000002,0.123
97.99990653991699,-170.34167095548838,-164.91578241990302,-1.8141513403445637,1.925806711665785,-0.0009258935676195626,-0.014691155867007116,0.02300000000000002,0.123
98.04990649223328,-170.36676489495423,-165.01118767344073,-1.814895573266408,1.9251746033363566,3.175469263484417e-05,-0.01451962928576624,0.02300000000000002,0.123
98.09990644454956,-170.39186029448368,-165.10654495846742,-1.815628642490143,1.924646171314959,0.0018231834528209885,-0.014394510813217692,0.02300000000000002,0.123
98.14990639686584,-170.41659754500736,-165.20081709400924,-1.8163362672560794,1.9234481035615223,0.0018292525324636387,-0.0142220541851462,0.02300000000000002,0.123
98.19990634918213,-170.44136912131387,-165.2956234756902,-1.8170659620267582,1.9230475449951336,0.0074783677666528485,-0.014131491784058474,0.02300000000000002,0.123
98.24990630149841,-170.4658545088058,-165.3895639719189,-1.8178134780915816,1.922615566544955,0.004140181967077593,-0.014514112192318062,0.02300000000000002,0.123
98.2999062538147,-170.49043538869856,-165.4834503729757,-1.818582801567982,1.9222706133386196,0.010395509136315205,-0.014910248084992084,0.02300000000000002,0.123
98.34990620613098,-170.51503309600957,-165.57791116693255,-1.8193946691317013,1.9212975180680303,0.009458538557836627,-0.015511636941725027,0.02300000000000002,0.123
98.39990615844727,-170.5396187058112,-165.6721536406252,-1.8202013239047155,1.9214868339782154,0.010822513876925788,-0.01587287620956827,0.02300000000000002,0.123
98.44990611076355,-170.56434812043844,-165.766275433262,-1.8210430707168315,1.9213510972077865,0.010897828451573516,-0.016359007707017176,0.02300000000000002,0.123
98.49990606307983,-170.58951835634952,-165.86115873706035,-1.821883769645088,1.9213026789015162,0.007585592491374746,-0.016626985031960945,0.02300000000000002,0.123
98.54990601539612,-170.6144626607307,-165.95599387737823,-1.8228073212458402,1.92147304585123,0.011127402554200748,-0.017451398716791303,0.02300000000000002,0.123
98.5999059677124,-170.63882443509684,-166.0485601634646,-1.823713847300048,1.9207528315543365,0.010898051050277496,-0.018152747979212215,0.02300000000000002,0.123
98.64990592002869,-170.66409561437155,-166.14434100141312,-1.8246506593610246,1.921112371266361,0.014308445826775849,-0.018411461064407914,0.02300000000000002,0.123
98.69990587234497,-170.68926604816423,-166.23941260798549,-1.8255720212563231,1.921633433033315,0.013818308044309047,-0.01847294537237479,0.02300000000000002,0.123
98.74990582466125,-170.71412228591151,-166.3335667291362,-1.82650445601149,1.921974896662362,0.015531016862111172,-0.0186077788297078,0.02300000000000002,0.123
98.79990577697754,-170.73885826743725,-166.42697651124078,-1.827411795888853,1.9223677845227702,0.017991046467669046,-0.018344265855353536,0.02300000000000002,0.123
98.84990572929382,-170.76422725652023,-166.52249091789488,-1.828327466889933,1.9226924807523555,0.01133448275805304,-0.018308433397991056,0.02300000000000002,0.123
98.89990568161011,-170.78945777792939,-166.61735647068664,-1.8292357568989888,1.9227468085994708,0.01161942234656934,-0.01820615295018822,0.02300000000000002,0.123
98.94990563392639,-170.81433329418383,-166.71088298956124,-1.8301295555964763,1.9223026273000379,0.007599833834124051,-0.018216246010844834,0.02300000000000002,0.123
98.99990558624268,-170.8399145208923,-166.80665024068549,-1.831020481454027,1.9228622517442773,0.013782444563295089,-0.017703112741747892,0.02300000000000002,0.123
99.04990553855896,-170.8648881401795,-166.89960581754903,-1.8318915588114961,1.9227005956573824,0.013875335745325169,-0.01781238342527415,0.02300000000000002,0.123
99.09990549087524,-170.89058299339334,-166.99532068070047,-1.8328381433267216,1.9235495481130238,0.022002227122116642,-0.018198032092921614,0.02300000000000002,0.123
99.14990544319153,-170.91629261951923,-167.09129168888666,-1.8338229629171314,1.9233742217273175,0.02022131429294713,-0.01903149268741345,0.02300000000000002,0.123
99.19990539550781,-170.94142205523661,-167.1850032069434,-1.834789562339104,1.9230575017298772,0.021257167314620348,-0.019500236054294316,0.02300000000000002,0.123
99.2499053478241,-170.96638223156614,-167.27791468710075,-1.8357628779189252,1.9232848655845942,0.022389014034441816,-0.019676687904804417,0.02300000000000002,0.123
99.29990530014038,-170.99257101359999,-167.374636197002,-1.8368128802718346,1.9234457424484777,0.019521036258260335,-0.020238229164551286,0.02300000000000002,0.123
99.34990525245667,-171.0178842332339,-167.4681567394403,-1.8378389326666702,1.9236324266199747,0.021786591207062948,-0.020540144006537243,0.02300000000000002,0.123
99.39990520477295,-171.04313159792127,-167.56156189096788,-1.8388728818241007,1.9236720776438203,0.02404115247838224,-0.0208184453793819,0.02300000000000002,0.123
99.44990515708923,-171.06895449103877,-167.6568323186496,-1.8399242166690266,1.9226915473674648,0.02426662368281684,-0.020779130207801803,0.02300000000000002,0.123
99.49990510940552,-171.09463176800773,-167.75064202250397,-1.8409493484826926,1.9224532359327993,0.02600402802138008,-0.020624119762469497,0.02300000000000002,0.123
99.5499050617218,-171.12028872170734,-167.84410066885366,-1.8419381731874112,1.9220776605704744,0.02784004504083873,-0.02025348955840071,0.02300000000000002,0.123
99.59990501403809,-171.14489093040797,-167.93424147286575,-1.8429484896221455,1.9208044764243664,0.03179399703517577,-0.02013533306805274,0.02300000000000002,0.123
99.64990496635437,-171.16938893563065,-168.02354310661502,-1.8439345700723602,1.9177204818405629,0.03255067468697142,-0.019855027743398104,0.02300000000000002,0.123
99.69990491867065,-171.19294306191023,-168.10970605761798,-1.8448872716331917,1.9147094241374942,0.03436269335956043,-0.01959418581103146,0.02300000000000002,0.123
99.74990487098694,-171.2179048549173,-168.20079082661215,-1.8458650998450339,1.912848888298132,0.03134541464832348,-0.019281008170311843,0.02300000000000002,0.123
99.79990482330322,-171.2423936466816,-168.2898624486551,-1.8467883647447034,1.9110891784187751,0.037100422951165994,-0.01875476508080589,0.02300000000000002,0.123
99.8499047756195,-171.26753229649484,-168.38042765462538,-1.847722118377347,1.910257052018769,0.029769797589427844,-0.01865880190806686,0.02300000000000002,0.123
99.89990472793579,-171.29325445126963,-168.4725755146841,-1.84868896907644,1.909479407634395,0.027649677779590435,-0.01900882857080876,0.02300000000000002,0.123
99.94990468025208,-171.31905031831363,-168.5644746388328,-1.849632270899773,1.909170791833561,0.02268733182276929,-0.019079015800819953,0.02300000000000002,0.123
99.99990463256836,-171.3447156362766,-168.65627328009887,-1.850659530751229,1.9097170461949668,0.03494253834827621,-0.019495568639567095,0.02300000000000002,0.123
100.04990458488464,-171.37179639769494,-168.75079353579693,-1.8517006846612178,1.9093436805428452,0.03302391320789458,-0.02031919879166785,0.02300000000000002,0.123
100.09990453720093,-171.39883007570802,-168.8441999649944,-1.8527866776834154,1.9102981718898677,0.03333500946882491,-0.021046380192751773,0.02300000000000002,0.123
100.14990448951721,-171.42583705026183,-168.9375699367044,-1.8539063941412048,1.9111722268244253,0.033906554386710044,-0.022016849407605375,0.02300000000000002,0.123
100.1999044418335,-171.4529196473765,-169.03097407931557,-1.8550394861225155,1.9114886265594762,0.03374484719689922,-0.022543956084983958,0.02300000000000002,0.123
100.24990439414978,-171.48012563716162,-169.1244095815427,-1.8561768376508752,1.91254272244245,0.029065028733019083,-0.02285270760037226,0.02300000000000002,0.123
100.29990434646606,-171.50752026806282,-169.2176175655555,-1.8573324492704757,1.913006300041544,0.03225357618570468,-0.023048122518779735,0.02300000000000002,0.123
100.34990429878235,-171.53478019170308,-169.3103533144834,-1.8584532091225554,1.9135697308419741,0.028982212502662152,-0.023055867815992837,0.02300000000000002,0.123
100.39990425109863,-171.56259354938038,-169.40546684328214,-1.8596343804258633,1.914418108561295,0.031653757632905545,-0.02288890579826296,0.02300000000000002,0.123
100.44990420341492,-171.59014172238986,-169.499061696845,-1.860784670713887,1.9153029983314698,0.03307044806599613,-0.023106111155255214,0.02300000000000002,0.123
100.4999041557312,-171.61832698931477,-169.59429868411726,-1.861934403936165,1.916771986830206,0.032255292081730405,-0.0231318798764585,0.02300000000000002,0.123
100.54990410804749,-171.6460161147099,-169.6881642236201,-1.863091194564333,1.918032474613954,0.03507381161622166,-0.023168907511703214,0.02300000000000002,0.123
100.59990406036377,-171.67352042500943,-169.78157669511253,-1.864261889316019,1.9192250435776441,0.0364317773820886,-0.023530093968246228,0.02300000000000002,0.123
100.64990401268005,-171.70181514066587,-169.87673131171698,-1.8654369163792703,1.9209586929429887,0.039373727715487555,-0.02347656032473027,0.02300000000000002,0.123
100.69990396499634,-171.73058031096673,-169.9730486879833,-1.8666338599478816,1.9222540478004515,0.04360756133543793,-0.023650052488422214,0.02300000000000002,0.123
100.74990391731262,-171.75865156331946,-170.06704949831342,-1.8678019637660082,1.9232436818808976,0.040883465307866865,-0.023690043729296433,0.02300000000000002,0.123
100.7999038696289,-171.78705101088366,-170.1623635889488,-1.869011297064377,1.9241644164995493,0.03589634648936891,-0.023945628449344822,0.02300000000000002,0.123
100.84990382194519,-171.81550366324922,-170.25730040713785,-1.8702236256651175,1.9253431276941537,0.03895257827934583,-0.024150264555772263,0.02300000000000002,0.123
100.89990377426147,-171.84358648162055,-170.35055931868897,-1.8714216599782765,1.9258707922188385,0.03926254245801627,-0.024448190656089844,0.02300000000000002,0.123
100.94990372657776,-171.87237444407694,-170.44614866851387,-1.8726540505449325,1.92701027344116,0.03960486690735992,-0.02456889952724871,0.02300000000000002,0.123
100.99990367889404,-171.9009478881422,-170.54128948578105,-1.87391890144738,1.9275126859406886,0.04546511847203559,-0.024815549242185493,0.02300000000000002,0.123
101.04990363121033,-171.9293801831937,-170.63601909694825,-1.8751956205077518,1.928131803373888,0.044390575203170295,-0.02538971584210019,0.02300000000000002,0.123
101.09990358352661,-171.95816990433644,-170.7316567353371,-1.8764805259227149,1.9294026720693704,0.047092742911645835,-0.025670559680640206,0.02300000000000002,0.123
101.1499035358429,-171.98673346315744,-170.82655848118296,-1.877786961810452,1.9303922588907447,0.04943006364528291,-0.025932472636389772,0.02300000000000002,0.123
101.19990348815918,-172.01547043289483,-170.92228111383548,-1.8791533292267821,1.9310243335908404,0.048668527687052925,-0.026639216998259083,0.02300000000000002,0.123
101.24990344047546,-172.04378333673557,-171.0165003688415,-1.8805115118163194,1.9312749703763739,0.05094975400993111,-0.027172819268257785,0.02300000000000002,0.123
101.29990339279175,-172.0719538410085,-171.11038391379086,-1.8818704295885607,1.931566288436467,0.047917907555787696,-0.027431887639488742,0.02300000000000002,0.123
101.34990334510803,-172.1002564409859,-171.20470642432187,-1.883263258498143,1.931371099224129,0.05256124576517573,-0.02771064596181998,0.02300000000000002,0.123
101.39990329742432,-172.12814811977353,-171.29736256873738,-1.8846285821571702,1.931082132927594,0.05194811939467791,-0.027802374890026255,0.02300000000000002,0.123
101.4499032497406,-172.1573814662676,-171.39445035397338,-1.886046252277733,1.9313267800905332,0.05501961567632476,-0.027671079809786666,0.02300000000000002,0.123
101.49990320205688,-172.18570834728237,-171.4883784169933,-1.8874186115510683,1.932201021091489,0.05639549125496647,-0.027755552738021032,0.02300000000000002,0.123
101.54990315437317,-172.2139718595843,-171.58165960291103,-1.8887898437126527,1.9319827618122947,0.055800328125426076,-0.027789598642291358,0.02300000000000002,0.123
101.59990310668945,-172.24250009262886,-171.67545369386875,-1.8901845495624712,1.932478618751528,0.05864686865347054,-0.027819944708679153,0.02300000000000002,0.123
101.64990305900574,-172.2714956593943,-171.77094647323005,-1.891614579497456,1.933329452105461,0.057730191311963934,-0.028110022795015923,0.02300000000000002,0.123
101.69990301132202,-172.30052896680684,-171.86635789806604,-1.8930322099712933,1.9337650564840054,0.0577595005210509,-0.02826711851701462,0.02300000000000002,0.123
101.7499029636383,-172.32968168686494,-171.9617214871913,-1.8944671250038307,1.9349808583913535,0.05663485185050189,-0.028390754841149238,0.02300000000000002,0.123
101.79990291595459,-172.3579662293618,-172.0534713327838,-1.8958177531613436,1.9355404936869836,0.05793942009680839,-0.02806486503143857,0.02300000000000002,0.123
101.84990286827087,-172.3873354334663,-172.14888830770576,-1.8972184778124113,1.9371191325983264,0.0546755872029851,-0.02789563868145245,0.02300000000000002,0.123
101.89990282058716,-172.41656719330228,-172.24385784827297,-1.8986177584961421,1.937171347452433,0.05655119900640563,-0.027839740762637885,0.02300000000000002,0.123
101.94990277290344,-172.44588061603739,-172.33849312531981,-1.900010038170401,1.9370412585835695,0.05968677765910368,-0.027785421593193048,0.02300000000000002,0.123
101.99990272521973,-172.47470579743535,-172.43127686138695,-1.9014068295994948,1.9372907543378524,0.06554104095819041,-0.027984856382366988,0.02300000000000002,0.123
102.04990267753601,-172.5044598504013,-172.5260295336315,-1.902798990245179,1.9377266427327087,0.061756259769283284,-0.028061903858386035,0.02300000000000002,0.123
102.0999026298523,-172.53420435116146,-172.62001296883295,-1.9041675177462076,1.9378132983922476,0.06121252690117371,-0.027698868755566347,0.02300000000000002,0.123
102.14990258216858,-172.56420284162152,-172.71405012384008,-1.905521867832363,1.9380097487742944,0.06132723709856099,-0.027405905731582265,0.02300000000000002,0.123
102.19990253448486,-172.59407310916794,-172.80772145666842,-1.9069231884725557,1.93723748272454,0.05763620055782338,-0.027590883009207996,0.02300000000000002,0.123
102.24990248680115,-172.62401469949847,-172.90064632467127,-1.908265286299454,1.937365455727324,0.05661584039137987,-0.0274817285808415,0.02300000000000002,0.123
102.29990243911743,-172.65400356423774,-172.99357066393077,-1.9096606750709832,1.936364516954257,0.06693134174612228,-0.02756164522201332,0.02300000000000002,0.123
102.34990239143372,-172.6841754263735,-173.08672607811184,-1.9110552175680653,1.935728528960279,0.06905490788963352,-0.027762513151976077,0.02300000000000002,0.123
102.39990234375,-172.71362841998928,-173.17787096575663,-1.9124602823036163,1.9352986374373542,0.06772390282853455,-0.02825326781585909,0.02300000000000002,0.123
102.44990229606628,-172.74448037206332,-173.2721979247565,-1.913879255703363,1.935060332889051,0.06834430719234988,-0.02831869917638236,0.02300000000000002,0.123
102.49990224838257,-172.77490824425155,-173.3646214920695,-1.9152860630114577,1.9341289247916837,0.06816394182425209,-0.028287735227549123,0.02300000000000002,0.123
102.54990220069885,-172.80502126849643,-173.45599362785075,-1.9167050593017534,1.93363330486019,0.06962067323153856,-0.028494794702900582,0.02300000000000002,0.123
102.59990215301514,-172.83600198354716,-173.54981798356854,-1.9181840885330579,1.9331869033235987,0.0681915171544467,-0.029001489575318378,0.02300000000000002,0.123
102.64990210533142,-172.86691829829257,-173.642183412952,-1.9196588654135793,1.9320432880775409,0.07252902123973172,-0.029333796025163606,0.02300000000000002,0.123
102.6999020576477,-172.8983227724992,-173.73498145543377,-1.9211297178237425,1.9318403583228412,0.07042484723594146,-0.029479568703565107,0.02300000000000002,0.123
102.74990200996399,-172.92959355446584,-173.8273840734391,-1.9226419668582655,1.9314579970378065,0.06865114049575455,-0.02993650221311921,0.02300000000000002,0.123
102.79990196228027,-172.9602266491111,-173.91756359244266,-1.9241131496901254,1.9313303861144802,0.06999799837603915,-0.030036797936626537,0.02300000000000002,0.123
102.84990191459656,-172.9927580663763,-174.0125303677986,-1.9256656160314194,1.9314511797412066,0.06726658627854515,-0.030336585204385542,0.02300000000000002,0.123
102.89990186691284,-173.02436159629016,-174.10454230665238,-1.9271839071505048,1.9311628839101778,0.07187011689963951,-0.03039539516295302,0.02300000000000002,0.123
102.94990181922913,-173.05579251077506,-174.19578241296887,-1.9286615627914976,1.930412532166052,0.07209827996471421,-0.030258645778560835,0.02300000000000002,0.123
102.99990177154541,-173.0870918196189,-174.28701642399346,-1.9301701149227866,1.9301444795526081,0.07932151109671755,-0.030222309382249422,0.02300000000000002,0.123
103.0499017238617,-173.11961903510127,-174.3809937511435,-1.9317056226547291,1.9299451045219231,0.07789234286484437,-0.030369759491323013,0.02300000000000002,0.123
103.09990167617798,-173.15146635686156,-174.4726121224429,-1.9332240473587252,1.9299123977513395,0.08089840628415597,-0.03054259243587572,0.02300000000000002,0.123
103.14990162849426,-173.18378168238826,-174.56552258613783,-1.9347620633545164,1.9296789938893901,0.08231120676974457,-0.030596281706386216,0.02300000000000002,0.123
103.19990158081055,-173.21561052675474,-174.65697303646851,-1.9363076717093526,1.9294942635466776,0.08270185428741193,-0.030850065941914924,0.02300000000000002,0.123
103.24990153312683,-173.24793178508884,-174.749315531809,-1.9378787706977787,1.9289466196627023,0.0796715738933469,-0.03122452538957932,0.02300000000000002,0.123
103.29990148544312,-173.28004503977144,-174.84031335078433,-1.939480219217885,1.9284255945113087,0.07993794261246968,-0.03170828669484189,0.02300000000000002,0.123
103.3499014377594,-173.31253808766627,-174.93198566467348,-1.941102234815001,1.927409460594132,0.07904607790920662,-0.03222214727156776,0.02300000000000002,0.123
103.39990139007568,-173.34428611878425,-175.0211251120741,-1.9426897137814048,1.9269988324583074,0.07986836900822807,-0.032499592738800064,0.02300000000000002,0.123
103.44990134239197,-173.37781865609196,-175.1145939540114,-1.9443641692147833,1.9260092955330326,0.07705883429341236,-0.03273385287203253,0.02300000000000002,0.123
103.49990129470825,-173.41077780345128,-175.20581048632425,-1.945999024709175,1.9255788138221748,0.07550066772479416,-0.03301548367987076,0.02300000000000002,0.123
103.54990124702454,-173.44369098343483,-175.2968384878018,-1.9476758937482528,1.9250218297265267,0.07848098389169404,-0.03329013128375144,0.02300000000000002,0.123
103.59990119934082,-173.47649414716682,-175.38702971954183,-1.9493131316301522,1.9246993872851001,0.07535745362069664,-0.033362489469660826,0.02300000000000002,0.123
103.6499011516571,-173.51039641279525,-175.47941084626405,-1.951006234540626,1.923511225238906,0.073086200944447,-0.0333923819608576,0.02300000000000002,0.123
103.69990110397339,-173.5441752496261,-175.5705726733897,-1.952650301788973,1.9235042079031854,0.07598162569877301,-0.03319134619490258,0.02300000000000002,0.123
103.74990105628967,-173.57821722404853,-175.66233983533135,-1.9543124708961945,1.9230540617366951,0.08053545002720122,-0.03287175670709111,0.02300000000000002,0.123
103.79990100860596,-173.6109911149886,-175.7508785003738,-1.9559528166263966,1.9217643561989448,0.08128206494899515,-0.033158377964445845,0.02300000000000002,0.123
103.84990096092224,-173.6455778371938,-175.84330672298037,-1.9576405238670012,1.9214069346045501,0.07879497332490926,-0.0333796088391515,0.02300000000000002,0.123
103.89990091323853,-173.67998322081223,-175.9349530169111,-1.9593470427051556,1.9214165278721294,0.0900321141356043,-0.03354063595310579,0.02300000000000002,0.123
103.94990086555481,-173.71393456646106,-176.02534963524442,-1.9610370796916816,1.9214374697989836,0.08325284517699495,-0.03391597993098772,0.02300000000000002,0.123
103.9999008178711,-173.747307271016,-176.11428002451623,-1.9627344793839772,1.9205855699008445,0.08560009256959951,-0.03427454250141211,0.02300000000000002,0.123
104.04990077018738,-173.7825033585953,-176.20733433364092,-1.9645260580669068,1.9207032190075009,0.08268397674576992,-0.034785211265348774,0.02300000000000002,0.123
104.09990072250366,-173.81685269536143,-176.29767909914105,-1.9662927423304482,1.9202519626008352,0.07955889275036787,-0.035164694128589,0.02300000000000002,0.123
104.14990067481995,-173.85105772161666,-176.38751840649,-1.9680596613490966,1.9197570023796937,0.08198364119054859,-0.03543476374122653,0.02300000000000002,0.123
104.19990062713623,-173.88586779114758,-176.4787721637318,-1.969873106031691,1.9189490602135346,0.08829552925799497,-0.035646886963390786,0.02300000000000002,0.123
104.24990057945251,-173.92017280645018,-176.5684136522392,-1.9716844382369443,1.9183152900448435,0.08558135191401087,-0.03597921935046676,0.02300000000000002,0.123
104.2999005317688,-173.9544873527435,-176.65771241078875,-1.9735391925393373,1.9173274276262133,0.08994662738945135,-0.036532754342671066,0.02300000000000002,0.123
104.34990048408508,-173.9893975535444,-176.748303406821,-1.975448813149901,1.9175436620585973,0.08895116492411158,-0.03722047526606212,0.02300000000000002,0.123
104.39990043640137,-174.02324194540918,-176.8355080317954,-1.97726462585153,1.9171521980851318,0.08861212882541475,-0.03744809887656154,0.02300000000000002,0.123
104.44990038871765,-174.0585490856152,-176.92622826619902,-1.9791624389147093,1.9160085279627295,0.09276497484025106,-0.03739657494034064,0.02300000000000002,0.123
104.49990034103394,-174.09378155146717,-177.0165588043672,-1.9810685058582465,1.9163454591115379,0.08985587406236703,-0.03749752247352391,0.02300000000000002,0.123
104.54990029335022,-174.12893314048893,-177.10595653096183,-1.9829096448130505,1.9161120038922623,0.08613311533961297,-0.03729017014752646,0.02300000000000002,0.123
104.5999002456665,-174.16362258303673,-177.1938924393232,-1.9847390768657316,1.9152276842115241,0.08187270611555456,-0.03709311307293496,0.02300000000000002,0.123
104.64990019798279,-174.19949381011034,-177.28452987112695,-1.9866667012105883,1.914816242430472,0.08535530059205831,-0.037513342605416215,0.02300000000000002,0.123
104.69990015029907,-174.235133452135,-177.37414896054665,-1.9886029446836937,1.9136560068162776,0.08696780043464346,-0.03817506155223824,0.02300000000000002,0.123
104.74990010261536,-174.27108826228442,-177.46391541758186,-1.9905372697554313,1.9127352674604057,0.08976849815756643,-0.03837695203685212,0.02300000000000002,0.123
104.79990005493164,-174.30651971273846,-177.55223724159774,-1.992503456744795,1.9120071257547402,0.09213676736502502,-0.0389508139566004,0.02300000000000002,0.123
104.84990000724792,-174.34300985865497,-177.64228286220725,-1.9945437832302046,1.9116673338894836,0.09138262116864468,-0.03974426172163509,0.02300000000000002,0.123
104.89989995956421,-174.3795498718136,-177.73199541511335,-1.9966363623318086,1.9106465447848657,0.09351436027048411,-0.04083796256130326,0.02300000000000002,0.123
104.9498999118805,-174.41622281633153,-177.8213795658183,-1.9987041077073895,1.9103817284280376,0.0874789344795402,-0.041367032590496476,0.02300000000000002,0.123
104.99989986419678,-174.45185649482966,-177.9081027718266,-2.000749418810534,1.9100733037565352,0.09343577473816977,-0.04155568627511421,0.02300000000000002,0.123
105.04989981651306,-174.48919202304853,-177.99866718911596,-2.0029119223484826,1.9097006843052502,0.0961882792420556,-0.04203252521054854,0.02300000000000002,0.123
105.09989976882935,-174.52606414440405,-178.0876347540485,-2.0050379408364414,1.9095207635157059,0.0953571988415591,-0.042350279956744674,0.02300000000000002,0.123
105.14989972114563,-174.562921047342,-178.17672887612176,-2.007211015170591,1.9090989373697602,0.10089783528467475,-0.042885963474291355,0.02300000000000002,0.123
105.19989967346191,-174.59991157316136,-178.26573177452363,-2.009362200867958,1.9079241361052304,0.09823612583656416,-0.04305558907501308,0.02300000000000002,0.123
105.2498996257782,-174.6368189923208,-178.3541750824759,-2.011513394141176,1.9071796834523829,0.10401230804076317,-0.042934061670817016,0.02300000000000002,0.123
105.29989957809448,-174.67432618031305,-178.44287652265737,-2.013652179772979,1.9067990337996321,0.10470472157484033,-0.0425201737866973,0.02300000000000002,0.123
105.34989953041077,-174.71156188082105,-178.53055241482318,-2.015742551949661,1.9063181951377113,0.10641025866518385,-0.04208569152963145,0.02300000000000002,0.123
105.39989948272705,-174.7485220102012,-178.61743010939696,-2.01782617918564,1.9054006494241345,0.10868233863580339,-0.04167298388811999,0.02300000000000002,0.123
105.44989943504333,-174.78685493298357,-178.70735067802383,-2.019962333750487,1.9046228595296786,0.10742662075176486,-0.041723207272433095,0.02300000000000002,0.123
105.49989938735962,-174.82460033149673,-178.7958576587008,-2.0220898763096877,1.9045374012619143,0.10581894379264924,-0.04205018202080703,0.02300000000000002,0.123
105.5498993396759,-174.86232033499238,-178.88371879673176,-2.0241835497329608,1.90434739151812,0.10394357967885258,-0.04204477632141711,0.02300000000000002,0.123
105.59989929199219,-174.8999247450667,-178.97119733671028,-2.0263064027214193,1.9043777901709242,0.10655937163373297,-0.04221997914807589,0.02300000000000002,0.123
105.64989924430847,-174.93859118582145,-179.06103175312742,-2.0284906442680626,1.90367343168964,0.11033047074944263,-0.04247417118927701,0.02300000000000002,0.123
105.69989919662476,-174.97674393774963,-179.1494440452528,-2.03066252043617,1.9036611722693113,0.10919118116263989,-0.04292168600755156,0.02300000000000002,0.123
105.74989914894104,-175.0151990824501,-179.2379260238334,-2.0328443879701528,1.9035189795249683,0.10620383336325714,-0.04325140625319991,0.02300000000000002,0.123
105.79989910125732,-175.05295098460178,-179.32413928011647,-2.034970575021804,1.9028321622094782,0.10560497559219473,-0.043256172940330184,0.02300000000000002,0.123
105.84989905357361,-175.09207542250357,-179.41293000887737,-2.037181741639174,1.9017715375394584,0.10491464997667058,-0.04342593757478431,0.02300000000000002,0.123
105.89989900588989,-175.13159583488965,-179.50222382015554,-2.039445236216144,1.9015512276487563,0.11140633780944757,-0.043832699336160005,0.02300000000000002,0.123
105.94989895820618,-175.170466783041,-179.58946150841552,-2.0416289538956303,1.9009207640427601,0.11090974535245873,-0.04391353203613421,0.02300000000000002,0.123
105.99989891052246,-175.20890051752045,-179.67526332468728,-2.0437600724492744,1.9003951829853136,0.10888121904510675,-0.043693925545587695,0.02300000000000002,0.123
106.04989886283875,-175.2491550126284,-179.7646048446863,-2.0459705936616372,1.8991763752241264,0.10719453230899281,-0.04323492912716637,0.02300000000000002,0.123
106.09989881515503,-175.28863760141226,-179.85167230833963,-2.0480875072634634,1.898804021619247,0.10884558958559075,-0.04264742638397529,0.02300000000000002,0.123
106.14989876747131,-175.3283959692414,-179.9393630077013,-2.0502613206674303,1.897906876187912,0.11268234021064165,-0.04261277953192037,0.02300000000000002,0.123
106.1998987197876,-175.36844523783634,-180.0270695259305,-2.0523867151547894,1.8970857323390624,0.11586783157018384,-0.04239388048997661,0.02300000000000002,0.123
106.24989867210388,-175.40772898845483,-180.11279648875043,-2.0544677139338114,1.8968240225427604,0.11703404380279048,-0.04196091413442727,0.02300000000000002,0.123
106.29989862442017,-175.4473452815222,-180.19894809180136,-2.056605456372348,1.896081329774836,0.1202793613366286,-0.04209464897265194,0.02300000000000002,0.123
106.34989857673645,-175.487770484186,-180.28619178033645,-2.0587222744115823,1.8952567826746058,0.1122184312011038,-0.0420156268198644,0.02300000000000002,0.123
106.39989852905273,-175.52588335607265,-180.36838994828668,-2.0607817624717604,1.8935806558689168,0.1153421966610737,-0.041616832942399,0.02300000000000002,0.123
106.44989848136902,-175.56349925557365,-180.4494679269935,-2.062902378109218,1.8899922599351249,0.11361683191178842,-0.04160493548674052,0.02300000000000002,0.123
106.4998984336853,-175.60128446200235,-180.53055297173378,-2.065016721402502,1.887261267145959,0.11434398649924263,-0.04163185174582667,0.02300000000000002,0.123
106.54989838600159,-175.63935475532355,-180.6119936393492,-2.067162404225763,1.8845410664282698,0.1211430826621777,-0.04204418301773244,0.02300000000000002,0.123
106.59989833831787,-175.67639880163802,-180.69098110817833,-2.069261507919572,1.8818913952024423,0.12139806948372567,-0.04260000955879441,0.02300000000000002,0.123
106.64989829063416,-175.71703675362852,-180.77677124114433,-2.071486908460431,1.8807706953869592,0.12234718626884047,-0.04278925142424168,0.02300000000000002,0.123
106.69989824295044,-175.75697654372533,-180.860594756093,-2.073658618556065,1.8799486769440825,0.11840113869104683,-0.04293231524448167,0.02300000000000002,0.123
106.74989819526672,-175.79708828475611,-180.94424077897554,-2.075844714362386,1.8789533434928867,0.12286640646072351,-0.043328860578505796,0.02300000000000002,0.123
106.79989814758301,-175.8370187317456,-181.02716690338178,-2.078050137792309,1.8784277667388862,0.12326146992599189,-0.04388035514235512,0.02300000000000002,0.123
106.84989809989929,-175.8789423070891,-181.11402702300126,-2.080375517336096,1.8784627919076136,0.12034479736602105,-0.04472688441871222,0.02300000000000002,0.123
106.89989805221558,-175.92023450999878,-181.19923286058528,-2.0826652733763273,1.8777129853379322,0.12133704761409564,-0.04540298051927228,0.02300000000000002,0.123
106.94989800453186,-175.96178630185003,-181.28441869337033,-2.084959259317186,1.8772996120807408,0.11884896476741881,-0.04561548083624402,0.02300000000000002,0.123
106.99989795684814,-176.00305335236075,-181.36857224895073,-2.087226553433254,1.8764328549800207,0.11968224292511316,-0.04576197348339321,0.02300000000000002,0.123
107.04989790916443,-176.04601206559707,-181.45573090525687,-2.089544450953621,1.8757164509905446,0.11603209707433604,-0.04554594260004815,0.02300000000000002,0.123
107.09989786148071,-176.08851359971607,-181.541564910086,-2.0917966001725157,1.8752707795281565,0.12153477484891693,-0.045152878811812056,0.02300000000000002,0.123
107.149897813797,-176.13158016376624,-181.62809688783346,-2.0940570607680744,1.8748599008945057,0.12471648198044738,-0.04469348247559942,0.02300000000000002,0.123
107.19989776611328,-176.1736681992632,-181.7122681266814,-2.096261638459905,1.8737633526934845,0.12687779055338588,-0.04448352263062335,0.02300000000000002,0.123
107.24989771842957,-176.21642880952675,-181.79733355288894,-2.098495313160808,1.874042533860275,0.12664644483470863,-0.04436114585092034,0.02300000000000002,0.123
107.29989767074585,-176.26034687873386,-181.88377848806957,-2.100737134195661,1.8732863272278222,0.12233127560895211,-0.04418324024502799,0.02300000000000002,0.123
107.34989762306213,-176.30354482430252,-181.96826600609117,-2.102936808617006,1.8729992499299803,0.12401835919634543,-0.043928603535352787,0.02300000000000002,0.123
107.39989757537842,-176.3464058157331,-182.05163075157213,-2.105136039841252,1.8732042904644841,0.11840878289360449,-0.044024560521789026,0.02300000000000002,0.123
107.4498975276947,-176.39173273783143,-182.13887774930717,-2.107456153099791,1.8735418547237053,0.11950694114443801,-0.04449272801591337,0.02300000000000002,0.123
107.49989748001099,-176.4360158274514,-182.22380111520917,-2.109812078197963,1.8737179595911844,0.12213831831068526,-0.04567118004143188,0.02300000000000002,0.123
107.54989743232727,-176.48030840629357,-182.30801353267367,-2.112159091906766,1.8741413660456654,0.11837178729296033,-0.04665392421291326,0.02300000000000002,0.123
107.59989738464355,-176.52455590056869,-182.3917096949034,-2.1145370514311153,1.8734262625765803,0.11990194183306004,-0.047386263461548075,0.02300000000000002,0.123
107.64989733695984,-176.57075018839194,-182.47820373824146,-2.117025267107784,1.8736615100500786,0.11887696781026327,-0.0480568604472093,0.02300000000000002,0.123
107.69989728927612,-176.61601957421095,-182.56237128257908,-2.119469425301585,1.8738524598567081,0.12326395556422386,-0.048467502649046014,0.02300000000000002,0.123
107.74989724159241,-176.6622349120847,-182.64793875310568,-2.1219677785720163,1.8735547288183723,0.12033307700498919,-0.048949554585685964,0.02300000000000002,0.123
107.79989719390869,-176.7070687975226,-182.73063335556287,-2.124389942662191,1.8731839872369236,0.1265943899484809,-0.049048648472365425,0.02300000000000002,0.123
107.84989714622498,-176.75376176169684,-182.8160482224769,-2.126873103590787,1.8734848957360957,0.12518826552068388,-0.04891176711298506,0.02300000000000002,0.123
107.89989709854126,-176.8002913286388,-182.90061163142474,-2.1293158375763004,1.872154686333377,0.12497857879479385,-0.04854483846448574,0.02300000000000002,0.123
107.94989705085754,-176.84674253486224,-182.9848267934477,-2.131770244011232,1.8726209213799723,0.12672275889260637,-0.048354597391740854,0.02300000000000002,0.123
107.99989700317383,-176.89220609297814,-183.06693117732522,-2.1341689412332427,1.8715946414871418,0.12319328304918524,-0.04849574449830016,0.02300000000000002,0.123
108.04989695549011,-176.9401703331999,-183.1524986350349,-2.13664752193754,1.870592377284476,0.12388915974471976,-0.04821354734468366,0.02300000000000002,0.123
108.0998969078064,-176.9872365237622,-183.23582428327944,-2.13908253725955,1.8704247778832148,0.12625321449814983,-0.04815286984744676,0.02300000000000002,0.123
108.14989686012268,-177.03428193694222,-183.3189914998129,-2.1415661503278294,1.8701272043851733,0.13085934220349504,-0.04859263706925903,0.02300000000000002,0.123
108.19989681243896,-177.0803885589248,-183.40013861567073,-2.144000208626054,1.8696313129236528,0.1269358873949552,-0.04916301224967915,0.02300000000000002,0.123
108.24989676475525,-177.12845547228872,-183.48457845474212,-2.1465950008200796,1.868594029623355,0.12918061881445125,-0.049824531520164764,0.02300000000000002,0.123
108.29989671707153,-177.1750578989402,-183.56604229878968,-2.1491227705870086,1.8683768187754057,0.12703348341859866,-0.05030032099952044,0.02300000000000002,0.123
108.34989666938782,-177.22226777326603,-183.64815842176162,-2.1516816749222794,1.8676082316145581,0.12775112850718343,-0.05046445792682246,0.02300000000000002,0.123
108.3998966217041,-177.26885146538552,-183.7287115263898,-2.154179953002171,1.8674097960246272,0.12622607110366654,-0.0503824467807497,0.02300000000000002,0.123
108.44989657402039,-177.31716327143752,-183.8118621779351,-2.1567970432320105,1.8662397849072316,0.12698077547679562,-0.050555201697266954,0.02300000000000002,0.123
108.49989652633667,-177.36483931909402,-183.8934008542096,-2.1593549317427305,1.8665284656747738,0.12418888904729015,-0.05068629806768039,0.02300000000000002,0.123
108.54989647865295,-177.41296320163184,-183.97523112411258,-2.161897430963345,1.8663978854034882,0.1309731227275933,-0.05052303962520598,0.02300000000000002,0.123
108.59989643096924,-177.45998818365757,-184.05475467610046,-2.1643527175682347,1.8657507071069563,0.12626999029658245,-0.050048363422685954,0.02300000000000002,0.123
108.64989638328552,-177.50905022208613,-184.13739866701218,-2.1668973947409196,1.8653181481139482,0.12806452425018863,-0.049666571104935345,0.02300000000000002,0.123
108.6998963356018,-177.55764097382914,-184.2189967084258,-2.1694186214945943,1.865063808507178,0.13271398529375253,-0.0495926875032454,0.02300000000000002,0.123
108.74989628791809,-177.60595157688962,-184.29980360676427,-2.171932334113516,1.8642766512423714,0.13230917798144398,-0.04984361491618123,0.02300000000000002,0.123
108.79989624023438,-177.65407910177424,-184.37988167967055,-2.174415983121239,1.8639067159375233,0.13135594955573995,-0.04988060219912868,0.02300000000000002,0.123
108.84989619255066,-177.70422116552876,-184.46300670482495,-2.1770179362792197,1.8627482973928258,0.1336092204417045,-0.05000122346902597,0.02300000000000002,0.123
108.89989614486694,-177.75304976483224,-184.543718630064,-2.1795750622789796,1.862495484361714,0.13830468702420556,-0.05052189094649991,0.02300000000000002,0.123
108.94989609718323,-177.80213478774056,-184.62446801662162,-2.182151025407695,1.8615228707894567,0.1346285172634634,-0.050964278181470604,0.02300000000000002,0.123
108.99989604949951,-177.85085996893855,-184.7043127458102,-2.1847357487717125,1.8615565426902025,0.12831803073649284,-0.05158215314850028,0.02300000000000002,0.123
109.0498960018158,-177.90078646465412,-184.7861266398507,-2.1874185981909897,1.8597365882607604,0.1341689167869323,-0.052005504050011774,0.02300000000000002,0.123
109.09989595413208,-177.95046358796824,-184.86718552241246,-2.190067559966716,1.8584490872383694,0.1311094768138297,-0.05240319128640786,0.02300000000000002,0.123
109.14989590644836,-178.00030695797528,-184.94817926259714,-2.192766559065005,1.8573194631850078,0.14063078298522153,-0.05278912132238885,0.02300000000000002,0.123
109.19989585876465,-178.04905888291657,-185.02679580938621,-2.1953865267851174,1.8567057890086527,0.13761772348368195,-0.053117330628828924,0.02300000000000002,0.123
109.24989581108093,-178.09935301290434,-185.10772477774142,-2.198129570097496,1.8563942762518033,0.1415531013421349,-0.0533415972833021,0.02300000000000002,0.123
109.29989576339722,-178.14902395142437,-185.1877150958614,-2.2008583502275965,1.8553049237612103,0.142375151711008,-0.0535270305298173,0.02300000000000002,0.123
109.3498957157135,-178.19845810233272,-185.26691209892945,-2.20357210737934,1.8544967296017758,0.14025026452827635,-0.05377479954823944,0.02300000000000002,0.123
109.39989566802979,-178.24583670165242,-185.34226880360922,-2.2061510723363273,1.8529095193787979,0.13978188143268844,-0.05310193058084212,0.02300000000000002,0.123
109.44989562034607,-178.29312818720973,-185.4178538087553,-2.208899381939421,1.8492095582670132,0.13935972028877114,-0.052844549892104235,0.02300000000000002,0.123
109.49989557266235,-178.34006391535104,-185.4919629610361,-2.211504350591506,1.84713574903073,0.14346359093148345,-0.05222091211339083,0.02300000000000002,0.123
109.54989552497864,-178.38677295077264,-185.56533833803547,-2.2140802016932186,1.8451228531800015,0.1371085086488148,-0.05183592282209155,0.02300000000000002,0.123
109.59989547729492,-178.4338996137199,-185.63888064992037,-2.21664247896078,1.843070732827542,0.1398985121460962,-0.05167548737810889,0.02300000000000002,0.123
109.6498954296112,-178.48403812699203,-185.71649659098256,-2.2192708791632936,1.842609415084393,0.13540788404729956,-0.051397395473658763,0.02300000000000002,0.123
109.69989538192749,-178.53386469990886,-185.79325142418824,-2.221860497303972,1.841543937435737,0.14319193573204375,-0.051097177244143414,0.02300000000000002,0.123
109.74989533424377,-178.58440239879613,-185.87031374958394,-2.2244391473809517,1.8405451243367104,0.13564827559715065,-0.05104865363797016,0.02300000000000002,0.123
109.79989528656006,-178.6342476888596,-185.94588115662322,-2.2270086558099003,1.8395596948852688,0.14227647107015223,-0.051112427444242416,0.02300000000000002,0.123
109.84989523887634,-178.6856998057489,-186.02368640908523,-2.2296662043454067,1.8394399637231187,0.1416532624231127,-0.05197683950876262,0.02300000000000002,0.123
109.89989519119263,-178.7382594246339,-186.10267868728735,-2.2323648388919697,1.8392947864299867,0.14400311386761475,-0.0524985666885378,0.02300000000000002,0.123
109.94989514350891,-178.79017774938026,-186.17998350176325,-2.2350266257798244,1.8393220351712958,0.13796343883683942,-0.052946629423211905,0.02300000000000002,0.123
109.9998950958252,-178.84137156182607,-186.25571407030932,-2.237676536695931,1.8394632766542955,0.133910064518457,-0.05334505661918652,0.02300000000000002,0.123
110.04989504814148,-178.89455559131508,-186.33389069237165,-2.2404077887985467,1.8392502635325705,0.13425454381395355,-0.05365005774837209,0.02300000000000002,0.123
110.09989500045776,-178.9481441545035,-186.41240205702258,-2.2431957695574245,1.8394057831793478,0.13467648225431833,-0.05437095925966189,0.02300000000000002,0.123
110.14989495277405,-179.00195981082197,-186.4903900360502,-2.245957901359034,1.8398206383913664,0.13437591989638836,-0.05461304364168746,0.02300000000000002,0.123
110.19989490509033,-179.05466186523438,-186.56617192807406,-2.248663283991378,1.839105209452983,0.1310725165158818,-0.05462785343113153,0.02300000000000002,0.123
110.24989485740662,-179.10979873005243,-186.64510231315518,-2.251545230038423,1.837983704146324,0.1422430438355529,-0.05496926301937401,0.02300000000000002,0.123
110.2998948097229,-179.16370704197848,-186.721794715205,-2.254371871833775,1.8376963536441613,0.13842794297235414,-0.05575088993851485,0.02300000000000002,0.123
110.34989476203918,-179.21828262906791,-186.7987951281016,-2.257177653260796,1.8370818466319818,0.13875671456851713,-0.05576166481423209,0.02300000000000002,0.123
110.39989471435547,-179.27036701387343,-186.87211549149174,-2.259923785050545,1.8357906257374257,0.13961462855764112,-0.055578491470148934,0.02300000000000002,0.123
110.44989466667175,-179.3218926739597,-186.944617313919,-2.262756914112161,1.832944484904525,0.14312991282905105,-0.05538231876240358,0.02300000000000002,0.123
110.49989461898804,-179.37310821777862,-187.0163037315176,-2.265519079045384,1.8307787060193692,0.13873618011347824,-0.055082586571746375,0.02300000000000002,0.123
110.54989457130432,-179.42521707203454,-187.0890460899939,-2.2683290004772685,1.827623886511295,0.1481882718196521,-0.05498031374197798,0.02300000000000002,0.123
110.5998945236206,-179.47595889379969,-187.1595551243032,-2.271032795193725,1.826374047700334,0.14902293813214373,-0.05490850400166367,0.02300000000000002,0.123
110.64989447593689,-179.5292705808809,-187.23330526160257,-2.273791170397391,1.8244309946431663,0.14980041549601972,-0.054731935252928195,0.02300000000000002,0.123
110.69989442825317,-179.58415338015607,-187.3090675006461,-2.2766221550906995,1.8241979453180426,0.148018331233663,-0.05478784306673838,0.02300000000000002,0.123
110.74989438056946,-179.63778746804368,-187.38272977799338,-2.2793785597629745,1.8235688755278203,0.14875937047386054,-0.054930429925780545,0.02300000000000002,0.123
110.79989433288574,-179.69091515296003,-187.45543807138662,-2.282113760456309,1.8227321804123962,0.15650510575207827,-0.05505699408366926,0.02300000000000002,0.123
110.84989428520203,-179.74602585826594,-187.5303420682552,-2.2849200520864925,1.823547164034967,0.1554449776574139,-0.055319708620456605,0.02300000000000002,0.123
110.89989423751831,-179.8027130916151,-187.6068199286475,-2.2877558700010283,1.8236500818882995,0.15848305788972425,-0.055307738052832435,0.02300000000000002,0.123
110.9498941898346,-179.85726967306874,-187.68000792696358,-2.29047705044795,1.8242654146528114,0.14952679678819025,-0.055285496142707946,0.02300000000000002,0.123
110.99989414215088,-179.91300524191928,-187.75442251406744,-2.293272725695883,1.8240963129177579,0.1572676319602726,-0.05528511343128216,0.02300000000000002,0.123
111.04989409446716,-179.96938095519016,-187.8293885090713,-2.2960774736673564,1.8248025043536853,0.15710689217736784,-0.055508880801831355,0.02300000000000002,0.123
111.09989404678345,-180.02739130470005,-187.90612536399289,-2.2989335390016974,1.8254103185835373,0.15857533705209406,-0.05560481575358599,0.02300000000000002,0.123
111.14989399909973,-180.08474728611773,-187.98146908404843,-2.3017470419892696,1.825412834911492,0.15362459772427317,-0.05557258013179028,0.02300000000000002,0.123
111.19989395141602,-180.14086687967517,-188.05480026428495,-2.304519089270491,1.8261060773963282,0.15173390259788405,-0.05579444383078028,0.02300000000000002,0.123
111.2498939037323,-180.1988904206069,-188.13001545129237,-2.3073387852075014,1.825454311508618,0.15133885610811074,-0.055523630099912985,0.02300000000000002,0.123
111.29989385604858,-180.25697609614792,-188.20501952543978,-2.310172187983629,1.8254298461784182,0.1559110516818333,-0.055367505209512266,0.02300000000000002,0.123
111.34989380836487,-180.31319975570995,-188.27730057553336,-2.312937493075783,1.825550787189032,0.15307555659590086,-0.05573368417808873,0.02300000000000002,0.123
111.39989376068115,-180.3693161105082,-188.34908033626027,-2.3157534280187795,1.8237753227937998,0.15792689364904008,-0.05605438388351037,0.02300000000000002,0.123
111.44989371299744,-180.42474816047584,-188.4197162269749,-2.3186471336641015,1.8212898008779246,0.16019095678605563,-0.056163141470094116,0.02300000000000002,0.123
111.49989366531372,-180.4793140822664,-188.48895205901675,-2.321511797349996,1.8184096753862298,0.1612411766937276,-0.05637249461391857,0.02300000000000002,0.123
111.54989361763,-180.5337507632325,-188.55775740172996,-2.3243907392123107,1.8162998928481955,0.16552063212241824,-0.05689826879729435,0.02300000000000002,0.123
111.59989356994629,-180.58884840841804,-188.62693208620135,-2.3272761736842815,1.813063768539244,0.1600402247023759,-0.05753670680794236,0.02300000000000002,0.123
111.64989352226257,-180.64493780346788,-188.69727739221344,-2.330200018707395,1.8118138897583536,0.1624099936244241,-0.05796964113652869,0.02300000000000002,0.123
111.69989347457886,-180.70342028463642,-188.77026775392875,-2.3331967855481692,1.8114497108957308,0.16568395163052582,-0.05820517124088529,0.02300000000000002,0.123
111.74989342689514,-180.76131683410713,-188.84196816974702,-2.3361138497057525,1.8110862338225382,0.16347637425686853,-0.0580008693947297,0.02300000000000002,0.123
111.79989337921143,-180.81730868440246,-188.91087207247836,-2.3388951046487136,1.8108187225195176,0.15872812143313816,-0.05742692508859567,0.02300000000000002,0.123
111.84989333152771,-180.87652063523373,-188.98322647260082,-2.34179514907407,1.8109445371888513,0.17214030728687518,-0.056882093417133,0.02300000000000002,0.123
111.899893283844,-180.93729457302592,-189.05699429451724,-2.344735994946577,1.811229138313016,0.16681592149048544,-0.05692260714631364,0.02300000000000002,0.123
111.94989323616028,-180.99557553925217,-189.12718147805788,-2.3474913631243655,1.811846289122158,0.1673289586535988,-0.05634056678713237,0.02300000000000002,0.123
111.99989318847656,-181.05445630886828,-189.19795626415353,-2.350306524232517,1.812087919902481,0.17139945623785224,-0.056039172467916634,0.02300000000000002,0.123
112.04989314079285,-181.11546426563064,-189.2708601615726,-2.353141121021411,1.8130388526561503,0.16623619751450744,-0.0558854195101822,0.02300000000000002,0.123
112.09989309310913,-181.1767849321814,-189.34383293484493,-2.355965029366151,1.8134614931418995,0.17067359287172498,-0.05550333534423446,0.02300000000000002,0.123
112.14989304542542,-181.23788739646326,-189.4161958162338,-2.358803315312429,1.8141165099355385,0.16460685136383507,-0.055595071921136135,0.02300000000000002,0.123
112.1998929977417,-181.2974356364421,-189.48635116116395,-2.3615963206758805,1.814214608281247,0.1697419020195731,-0.05590332250533449,0.02300000000000002,0.123
112.24989295005798,-181.35954130521938,-189.5592738879335,-2.3645586243011847,1.8153618126549655,0.17006685632658097,-0.05653664734095655,0.02300000000000002,0.123
112.29989290237427,-181.42001423919606,-189.6299842854975,-2.3674468772912625,1.814718153687172,0.16613995930397946,-0.05729064546386028,0.02300000000000002,0.123
112.34989285469055,-181.48019499982314,-189.70021898002935,-2.3704085234219914,1.8149374767604425,0.17393920252242676,-0.05822284740840194,0.02300000000000002,0.123
112.39989280700684,-181.53983119432658,-189.76944498987336,-2.3733901315126875,1.81391836432021,0.17039977784094856,-0.05885591793953875,0.02300000000000002,0.123
112.44989275932312,-181.59747972691932,-189.8364281302386,-2.3764437081376286,1.8107904964771486,0.1786617003835131,-0.059430504008005744,0.02300000000000002,0.123
112.4998927116394,-181.65570150816302,-189.90361470217726,-2.3795108896803194,1.807580256618406,0.1772404599371541,-0.05973366616644696,0.02300000000000002,0.123
112.54989266395569,-181.71232182750964,-189.96848930463398,-2.3824686453514508,1.8052578224301912,0.17314030886144666,-0.05988059299041147,0.02300000000000002,0.123
112.59989261627197,-181.77082858061516,-190.0349967516283,-2.3854693249379286,1.8032906185172064,0.17710253801044337,-0.05962868135222318,0.02300000000000002,0.123
112.64989256858826,-181.83095871343193,-190.10339843455466,-2.3885443542908114,1.8017415115651603,0.17931938203370282,-0.059830808388177545,0.02300000000000002,0.123
112.69989252090454,-181.89152454360607,-190.17187107140685,-2.391540207765654,1.800827089437676,0.17067081452631258,-0.059731549135452866,0.02300000000000002,0.123
112.74989247322083,-181.95331468701744,-190.24095313014894,-2.3944971678832285,1.8000219910327113,0.1672549569154314,-0.058604121012027215,0.02300000000000002,0.123
112.79989242553711,-182.01304568906502,-190.3074539622451,-2.3973791440448062,1.7992916673496302,0.16625952633732627,-0.05807207409778599,0.02300000000000002,0.123
112.8498923778534,-182.07518165125214,-190.3763123965257,-2.40032264372634,1.7984738456664784,0.17018041966952563,-0.057810670952211804,0.02300000000000002,0.123
112.89989233016968,-182.1381701718826,-190.44586279539936,-2.403287054832806,1.7984486147170262,0.17572920160324004,-0.05769096704431249,0.02300000000000002,0.123
112.94989228248596,-182.19928223410696,-190.51295583570908,-2.4061673216463606,1.7986755524284304,0.17276818787072337,-0.05778308540016535,0.02300000000000002,0.123
112.99989223480225,-182.2623595821283,-190.58152328867317,-2.409083280165118,1.798190537398666,0.17457035927018352,-0.05760235482585955,0.02300000000000002,0.123
113.04989218711853,-182.3250895726815,-190.64964093098737,-2.411990514147946,1.7982098741695531,0.17939433458444456,-0.05763757376567398,0.02300000000000002,0.123
113.09989213943481,-182.39006967907628,-190.7199349888779,-2.414997081311115,1.7985369336752857,0.17345288733642253,-0.05789272860786296,0.02300000000000002,0.123
113.1498920917511,-182.4538784678139,-190.78845587159654,-2.417960471407747,1.7987669468460639,0.18469921248198765,-0.0578498373388857,0.02300000000000002,0.123
113.19989204406738,-182.51587720438425,-190.85459538695696,-2.4208511225082527,1.7987640326517305,0.17589301973335983,-0.05841092479468705,0.02300000000000002,0.123
113.24989199638367,-182.5789220500476,-190.92155464130704,-2.423840541823703,1.7986404135548808,0.17876770322769925,-0.05890996338969951,0.02300000000000002,0.123
113.29989194869995,-182.6446101072175,-190.9907170775543,-2.426927098302002,1.7984812406578607,0.17555807633949203,-0.059443890207795703,0.02300000000000002,0.123
113.34989190101624,-182.7069818029839,-191.05614578762373,-2.4299251394928176,1.7988931696523915,0.18286582952627967,-0.05991490275206571,0.02300000000000002,0.123
113.39989185333252,-182.77074741877382,-191.12247434766064,-2.4329785038931915,1.7980746434370736,0.17779926200987622,-0.060476357074135505,0.02300000000000002,0.123
113.4498918056488,-182.83568118984894,-191.18943587734313,-2.4361098298278723,1.7985418805072306,0.1828434450532803,-0.061106563845418,0.02300000000000002,0.123
113.49989175796509,-182.90129020126406,-191.25644674259405,-2.4392553289347383,1.798118173529827,0.18382710754883044,-0.061557904960280976,0.02300000000000002,0.123
113.54989171028137,-182.96642289723636,-191.32258854436657,-2.44238723503622,1.7979894889339199,0.18600141407417792,-0.06180827831267395,0.02300000000000002,0.123
113.59989166259766,-183.0304875196887,-191.38723456586848,-2.4454633489407698,1.7973509768899651,0.18393681462515826,-0.062012646071687265,0.02300000000000002,0.123
113.64989161491394,-183.09636160514862,-191.45333801442843,-2.448600559582588,1.7983272770714025,0.18467045702400403,-0.061859913168519576,0.02300000000000002,0.123
113.69989156723022,-183.1634991707861,-191.52042040592042,-2.4517964181638803,1.7991431403616729,0.18451832479374267,-0.061964296616798385,0.02300000000000002,0.123
113.74989151954651,-183.22833509834152,-191.5849339601058,-2.4548919192741256,1.7986615592570452,0.18210016812238136,-0.06218329257279373,0.02300000000000002,0.123
113.7998914718628,-183.29416926962892,-191.65019310591015,-2.4580309567650853,1.799157875271981,0.1831894479097315,-0.062237254664197834,0.02300000000000002,0.123
113.84989142417908,-183.36028339123752,-191.71531162329245,-2.461124555538098,1.7996127363109509,0.1801102428689682,-0.06170717652651211,0.02300000000000002,0.123
113.89989137649536,-183.42703871107634,-191.78089769013164,-2.4642651950584877,1.7995628808852924,0.1918728266028526,-0.06125160088017839,0.02300000000000002,0.123
113.94989132881165,-183.4932398401705,-191.8456011894054,-2.4673752778456812,1.7999785003461992,0.19588593261593112,-0.06130271536347113,0.02300000000000002,0.123
113.99989128112793,-183.55887304921546,-191.9094381707624,-2.4704633040086694,1.7991992338038,0.19337920563339328,-0.061488193703550464,0.02300000000000002,0.123
114.04989123344421,-183.62742523228923,-191.9757276274975,-2.4737140059736547,1.7997821788824402,0.18991337732078292,-0.0619328630205172,0.02300000000000002,0.123
114.0998911857605,-183.69331791280558,-192.03896242398966,-2.4768272554341353,1.7996169669345665,0.1945872644608358,-0.062079073162182856,0.02300000000000002,0.123
114.14989113807678,-183.75916339673495,-192.10180579737613,-2.4799341018791607,1.7993615398727993,0.1937446293565418,-0.062042293393690336,0.02300000000000002,0.123
114.19989109039307,-183.82618503226382,-192.16546187053322,-2.4831134956075416,1.7990927395754277,0.19444982690216084,-0.062306431166632724,0.02300000000000002,0.123
114.24989104270935,-183.89240412180393,-192.22805129909167,-2.4862798936566315,1.7979217133191074,0.19668710588034535,-0.062472835768566305,0.02300000000000002,0.123
114.29989099502563,-183.95935789759847,-192.290662453949,-2.4894646754121434,1.797248137786183,0.19470263428266063,-0.06255610532317726,0.02300000000000002,0.123
114.34989094734192,-184.02648379556612,-192.35312729991236,-2.49265630342778,1.7957478736982069,0.19625149780567064,-0.06254573689083234,0.02300000000000002,0.123
114.3998908996582,-184.09149809042282,-192.41320035594748,-2.495838831785436,1.7940700098528342,0.19765019754019061,-0.06262945978981665,0.02300000000000002,0.123
114.44989085197449,-184.15372807036465,-192.47013019166124,-2.498984913523989,1.7895612399800402,0.19602282189968984,-0.06272117232471662,0.02300000000000002,0.123
114.49989080429077,-184.21697474870334,-192.52776580225495,-2.5021731137863163,1.7863398284315828,0.19793861583451583,-0.0627342426354176,0.02300000000000002,0.123
114.54989075660706,-184.28042909834886,-192.58523511722117,-2.505340591209695,1.783969719275868,0.1986792549275719,-0.06266447830755022,0.02300000000000002,0.123
114.59989070892334,-184.3427854937564,-192.64158761224186,-2.5085214416668498,1.7803171715494321,0.20067527005186792,-0.06288070850802449,0.02300000000000002,0.123
114.64989066123962,-184.40347305976783,-192.69626862430235,-2.511707549904843,1.7757013430133723,0.1959363687267681,-0.06296879674140404,0.02300000000000002,0.123
114.69989061355591,-184.4664673256114,-192.7526728779601,-2.5149663557276924,1.7723977946426503,0.19392884802576152,-0.06274128414838342,0.02300000000000002,0.123
114.74989056587219,-184.52719615154794,-192.806622693856,-2.518033545774581,1.7694077850530585,0.19489308435706068,-0.06230963922127141,0.02300000000000002,0.123
114.79989051818848,-184.59056593197556,-192.86258154628192,-2.521197297267778,1.7664835328449202,0.18840482365160227,-0.06203433147659997,0.02300000000000002,0.123
114.84989047050476,-184.6550433939386,-192.91906862417827,-2.524343764106319,1.7648189783969663,0.18743093709564032,-0.062211679091352064,0.02300000000000002,0.123
114.89989042282104,-184.7208019446402,-192.97624021927038,-2.5274892873342387,1.7642020999793875,0.1972172819743009,-0.062126312305382785,0.02300000000000002,0.123
114.94989037513733,-184.78777283444347,-193.0341183605422,-2.530656299523815,1.7626235442797642,0.19475881918016616,-0.06201806280361229,0.02300000000000002,0.123
114.99989032745361,-184.85425465307767,-193.0914214504076,-2.5338131116208067,1.7630212489311226,0.20000413267490205,-0.0620673033956045,0.02300000000000002,0.123
115.0498902797699,-184.92136783803267,-193.1485987090036,-2.53691796481354,1.76247621547519,0.1984608238772368,-0.06220396220451138,0.02300000000000002,0.123
115.09989023208618,-184.99067004844326,-193.2072147044597,-2.5400939090652943,1.7624457920165941,0.20035097725677692,-0.062088639284267326,0.02300000000000002,0.123
115.14989018440247,-185.0588312198913,-193.2646017498773,-2.543198973192319,1.762568527566491,0.19849369290143204,-0.06194120697180477,0.02300000000000002,0.123
115.19989013671875,-185.12751621428572,-193.32208893475,-2.546286215471344,1.7627817980301703,0.19916870080163,-0.06164182593483851,0.02300000000000002,0.123
115.24989008903503,-185.1973448793715,-193.38026349681405,-2.5494098723864376,1.7622768275578942,0.1997537017529627,-0.06139802623613477,0.02300000000000002,0.123
115.29989004135132,-185.26913081249396,-193.4398397671904,-2.552615627043034,1.7625289634665626,0.19981519338609713,-0.06157932299048205,0.02300000000000002,0.123
115.3498899936676,-185.33778359818632,-193.49658121925566,-2.555665523267888,1.7619957323708781,0.20156391254281525,-0.06160675030599428,0.02300000000000002,0.123
115.39988994598389,-185.40734898270313,-193.55393840049985,-2.5587606535448977,1.7608347898578955,0.205577587894505,-0.061559795774085095,0.02300000000000002,0.123
115.44988989830017,-185.4787784289039,-193.61258805441662,-2.561905348760749,1.7610464029716406,0.20891601314014002,-0.06138284869441616,0.02300000000000002,0.123
115.49988985061646,-185.54850035377774,-193.66935369846786,-2.564885533436232,1.7611510583467922,0.20313528470650274,-0.06096077439522333,0.02300000000000002,0.123
115.54988980293274,-185.62044665773607,-193.7278403807,-2.5680055058131446,1.760660016823791,0.2075676015937119,-0.060502920905476015,0.02300000000000002,0.123
115.59988975524902,-185.69169063019172,-193.7856328033233,-2.571135689172349,1.7606023527372725,0.2132313268404766,-0.06106188314058663,0.02300000000000002,0.123
115.64988970756531,-185.7630393163682,-193.84319371702858,-2.574247409803787,1.760711894780847,0.21664070486849993,-0.06135117647231778,0.02300000000000002,0.123
115.69988965988159,-185.83399959200193,-193.90014034742967,-2.5773426446558636,1.7605145313050476,0.20979500205111953,-0.061634835959539024,0.02300000000000002,0.123
115.74988961219788,-185.9056480836201,-193.95733315436942,-2.580467796524139,1.7602893856637876,0.2121298069216267,-0.06142887790384439,0.02300000000000002,0.123
115.79988956451416,-185.97656145314826,-194.01367201537823,-2.583574752650039,1.7600390193385476,0.21155129444697365,-0.06169622301239206,0.02300000000000002,0.123
115.84988951683044,-186.04902693584347,-194.07058220030007,-2.5867356681654705,1.7602001692944458,0.21365939061728675,-0.06170888166369324,0.02300000000000002,0.123
115.89988946914673,-186.12137689725034,-194.12682803164,-2.5898827082105127,1.7601147385727736,0.20548181911889987,-0.06194490335379373,0.02300000000000002,0.123
115.94988942146301,-186.19331466093948,-194.1822623807807,-2.592971300920422,1.7608751261856654,0.2090676717330653,-0.06150244663705527,0.02300000000000002,0.123
115.9998893737793,-186.26477461392798,-194.23715098937527,-2.596109333271371,1.7599581879283064,0.21257332290605904,-0.06189382998289695,0.02300000000000002,0.123
116.04988932609558,-186.3379529633137,-194.29234698988637,-2.5992992468820413,1.7598613635136278,0.20797067293837326,-0.06244328590861944,0.02300000000000002,0.123
116.09988927841187,-186.41034091009428,-194.34624562116173,-2.602467289083084,1.7594740066436942,0.20782203506935526,-0.06273942506257614,0.02300000000000002,0.123
116.14988923072815,-186.48276243116058,-194.39984142175712,-2.60563146233182,1.7600545288426575,0.20469804811375544,-0.06291808770925052,0.02300000000000002,0.123
116.19988918304443,-186.55598574954533,-194.45382526328703,-2.6088768896921364,1.7587311884087464,0.19849191797280266,-0.06345350789475136,0.02300000000000002,0.123
116.24988913536072,-186.62806970674944,-194.50651516648148,-2.6120408424592454,1.7582362944889491,0.20216714116565912,-0.06333049780348024,0.02300000000000002,0.123
116.299889087677,-186.70018423515899,-194.5587666060117,-2.615247638370835,1.7575584308921721,0.1947463654633496,-0.06346957230761119,0.02300000000000002,0.123
116.34988903999329,-186.77301917918984,-194.61128282231005,-2.6184721585714374,1.7569885579823548,0.20364070392547243,-0.06334100429117666,0.02300000000000002,0.123
116.39988899230957,-186.84518434400547,-194.6630739208603,-2.6216351745661264,1.7559464289433193,0.19700703648122578,-0.06318463105218546,0.02300000000000002,0.123
116.44988894462585,-186.91800513616522,-194.7146678549534,-2.62478777322389,1.755165940168803,0.20316172945022823,-0.06273994582647521,0.02300000000000002,0.123
116.49988889694214,-186.99169882053292,-194.76643599025255,-2.6279506122271945,1.7549977442990063,0.20031219131775385,-0.062284194766154634,0.02300000000000002,0.123
116.54988884925842,-187.0645243210592,-194.81759901587228,-2.6311023207163107,1.7548699413122046,0.20829754211910764,-0.06220025512333653,0.02300000000000002,0.123
116.5998888015747,-187.13712295330893,-194.86827181456036,-2.6341777807325664,1.7541095852333848,0.2096034327837829,-0.06196369317581977,0.02300000000000002,0.123
116.64988875389099,-187.21238185342827,-194.92015768196464,-2.6373925407911334,1.7540616762642287,0.20638037490046454,-0.06184842318925557,0.02300000000000002,0.123
116.69988870620728,-187.28502030907552,-194.96974461066208,-2.640509082477685,1.7543856180139576,0.20468515417022623,-0.062339541127833596,0.02300000000000002,0.123
116.74988865852356,-187.35853120585105,-195.0199145882701,-2.6436992059459405,1.7539348684193483,0.2070180683598329,-0.06294164172586729,0.02300000000000002,0.123
116.79988861083984,-187.43195277008067,-195.06979808836695,-2.646880687580365,1.7544522210778015,0.20261507339293927,-0.06331621955877613,0.02300000000000002,0.123
116.84988856315613,-187.50645365811658,-195.12021327157157,-2.6501617020576584,1.754704349893497,0.20744737890198844,-0.06389833427276,0.02300000000000002,0.123
116.89988851547241,-187.5802271003422,-195.169711766512,-2.653391073271003,1.754608608804283,0.2063572687746761,-0.06434771684030746,0.02300000000000002,0.123
116.9498884677887,-187.65447684103233,-195.21940296102503,-2.656669334400138,1.7551655834592867,0.20850082609160647,-0.06463308189591543,0.02300000000000002,0.123
116.99988842010498,-187.72926295641852,-195.2694150498927,-2.660018322341284,1.7546210236488444,0.2144975694487778,-0.06526431758545687,0.02300000000000002,0.123
117.04988837242126,-187.8036804415145,-195.31856335873874,-2.6633391452660105,1.7534469052454045,0.21509995030996207,-0.06577876157267898,0.02300000000000002,0.123
117.09988832473755,-187.87864876506936,-195.36768318324056,-2.6666975297771094,1.7529181114243215,0.21449930722889737,-0.06606635512808842,0.02300000000000002,0.123
117.14988827705383,-187.95393351635903,-195.41676007506342,-2.670038255239057,1.7524071535335473,0.21027253851129846,-0.06598553135843366,0.02300000000000002,0.123
117.19988822937012,-188.02855244629671,-195.46521167410995,-2.6733527060832722,1.7510403559754164,0.21073340496405632,-0.06567410698615525,0.02300000000000002,0.123
117.2498881816864,-188.10450520148567,-195.51435856853138,-2.6767614914210056,1.7498226030572155,0.21712991059152217,-0.06577542319185328,0.02300000000000002,0.123
117.29988813400269,-188.17735750624428,-195.56111174795572,-2.6800603668608316,1.7477170857557385,0.2104124358301436,-0.06614763390415102,0.02300000000000002,0.123
117.34988808631897,-188.25155364832827,-195.6084620763428,-2.6833969012433183,1.7464850459780847,0.21467503084999595,-0.06607579920141636,0.02300000000000002,0.123
117.39988803863525,-188.3252732477839,-195.65542735732745,-2.686758990993816,1.7448016551244585,0.2192523788894394,-0.06636110614546742,0.02300000000000002,0.123
117.44988799095154,-188.40106582258983,-195.70319103979418,-2.6902006518989556,1.7438436165824822,0.21780005640875696,-0.06678738315760671,0.02300000000000002,0.123
117.49988794326782,-188.47563060815784,-195.74978173297384,-2.693579551117457,1.7422104680811186,0.21885919616771354,-0.0668838459296503,0.02300000000000002,0.123
117.5498878955841,-188.55070005202757,-195.79641475683061,-2.6969567770288054,1.740755903162155,0.21277181826571917,-0.0668261044475285,0.02300000000000002,0.123
117.59988784790039,-188.626098306107,-195.84308868201595,-2.70035013698353,1.7392268062917284,0.2166618986781344,-0.06672298097316165,0.02300000000000002,0.123
117.64988780021667,-188.7004668353355,-195.8888752140411,-2.7036995394982317,1.7384137720925568,0.21581432033538586,-0.06668308861043355,0.02300000000000002,0.123
117.69988775253296,-188.77562526264506,-195.93492818410266,-2.707083552154784,1.7374961578621475,0.21902040276501927,-0.06659252316639384,0.02300000000000002,0.123
117.74988770484924,-188.85030197931945,-195.9805202415483,-2.7104372493057753,1.736913955637102,0.21924598874142323,-0.06619473573288977,0.02300000000000002,0.123
117.79988765716553,-188.92589780342,-196.0262483263699,-2.7137612989416002,1.736101125691539,0.21786595223075098,-0.06595430033709647,0.02300000000000002,0.123
117.84988760948181,-189.0005525726956,-196.0714702004123,-2.7171113126921322,1.7353158393202253,0.2213074123894481,-0.0660110670370967,0.02300000000000002,0.123
117.8998875617981,-189.0752354846171,-196.1163795371109,-2.720428832563903,1.7345911191463175,0.21615931188992016,-0.06601974205989582,0.02300000000000002,0.123
117.94988751411438,-189.15070588649584,-196.161432860531,-2.7237661218563947,1.7345267767491315,0.21987781934413,-0.06567576162276616,0.02300000000000002,0.123
117.99988746643066,-189.22608857825267,-196.2061932546652,-2.727118077349149,1.7329402842929695,0.22004499653365903,-0.0658186243120999,0.02300000000000002,0.123
118.04988741874695,-189.30092089203583,-196.25017288361474,-2.730470706068701,1.733111946055367,0.22396401457326653,-0.06609489505404029,0.02300000000000002,0.123
118.09988737106323,-189.37675619265733,-196.2943016460123,-2.733867434719451,1.731803065701067,0.22242285794647038,-0.06631501377910848,0.02300000000000002,0.123
118.14988732337952,-189.45174602141913,-196.33762223539034,-2.73723507138199,1.7305430039828942,0.22018989065705133,-0.06660516688915463,0.02300000000000002,0.123
118.1998872756958,-189.52649225486198,-196.3805738960228,-2.740616485952588,1.7294800999293614,0.22338486864142637,-0.06697258496842429,0.02300000000000002,0.123
118.24988722801208,-189.6027540532294,-196.4240026329824,-2.744076792255513,1.728398997093298,0.2207113063182816,-0.06746037537842603,0.02300000000000002,0.123
118.29988718032837,-189.6776798763431,-196.46588666458962,-2.747483369931578,1.7268018395949707,0.22178209871884166,-0.06739945961097873,0.02300000000000002,0.123
118.34988713264465,-189.7527868223814,-196.50769660496164,-2.7509043324092826,1.7249230093084922,0.21656256046888106,-0.06751221267863958,0.02300000000000002,0.123
118.39988708496094,-189.82867272514957,-196.54960387003976,-2.7543321601339947,1.7231494316552347,0.2152824474818548,-0.06752449838613865,0.02300000000000002,0.123
118.44988703727722,-189.90406109413306,-196.59081301032143,-2.7577188233568473,1.721375149690015,0.21538887097371232,-0.06724758623309908,0.02300000000000002,0.123
118.4998869895935,-189.97986648117288,-196.63189482020871,-2.7611026245240615,1.7201583397496985,0.21689159955106915,-0.06697867644797777,-0.005151634207481686,-0.05690980524489008
118.54988694190979,-190.05609921069734,-196.67294863400437,-2.764477287795349,1.718806711895689,0.22170041556403403,-0.06653783365004111,0.0,-0.0050000000000000044
118.59988689422607,-190.13209236343351,-196.7136318421333,-2.7678167350655087,1.7178840482238242,0.2199958022861223,-0.06634557373461615,0.0,-0.0050000000000000044
118.64988684654236,-190.20825381376173,-196.75375282026832,-2.7711371572591044,1.714048851587212,0.22265717838197968,-0.066019587153503,0.0,-0.0050000000000000044
118.69988679885864,-190.28527765160064,-196.79387345636982,-2.774460368515866,1.7078536444387036,0.21898243442142049,-0.06546673371616113,0.0,-0.0050000000000000044
118.74988675117493,-190.36131826075467,-196.83328243567124,-2.7776965304087855,1.6995675555162515,0.21688575183782324,-0.06463474834212196,0.0,-0.0050000000000000044
118.79988670349121,-190.43558701103146,-196.8716560840023,-2.780853574837091,1.6882793955919322,0.21257425971945207,-0.06421353917543084,0.0,-0.0050000000000000044
118.8498866558075,-190.5129459371201,-196.91094894013077,-2.7841774123037295,1.6742050343461314,0.21614489305160225,-0.06406868634171159,0.0,-0.0050000000000000044
118.89988660812378,-190.58846560157798,-196.94875975534157,-2.787451835116382,1.6603017520824723,0.2186072190721185,-0.06436235482617104,0.0,-0.0050000000000000044
118.94988656044006,-190.66285602934116,-196.98613295506127,-2.7907770922586472,1.6484657285618916,0.22223680971060988,-0.06531815216115658,-0.0030000000000000027,-0.04899999999999999
118.99988651275635,-190.73768070990576,-197.0235286192481,-2.794119632617417,1.6379906306221983,0.22582928832257143,-0.0659346925392844,-0.009000000000000008,-0.07400000000000001
119.04988646507263,-190.81208379306597,-197.06007881160957,-2.797455234431819,1.6296319922624223,0.21615321047182198,-0.06627754527249836,-0.016000000000000014,-0.10299999999999998
119.09988641738892,-190.886004841199,-197.09591781020185,-2.800774105264643,1.621143867488945,0.21997514611620558,-0.06628289765288738,-0.017000000000000015,-0.10899999999999999
119.1498863697052,-190.96029476089743,-197.13187740376284,-2.804140680603282,1.6150118355243674,0.21457000129680603,-0.06646373461368553,-0.017000000000000015,-0.10919995293010118
119.19988632202148,-191.03445362508538,-197.1676111813699,-2.8074865365075947,1.6123385435279474,0.2201936345580555,-0.06632490418157798,-0.016000000000000014,-0.10599999999999998
119.24988627433777,-191.10761817570602,-197.2025209116494,-2.8107815106583955,1.6079788784562519,0.2161000981528007,-0.06615124441295163,-0.016000000000000014,-0.10399999999999998
119.29988622665405,-191.18163897367842,-197.23697155159368,-2.814113714752764,1.60064885694969,0.2129924639990181,-0.06575702271868572,-0.015000000000000013,-0.0991863125780058
119.34988617897034,-191.25440583963308,-197.27077573490112,-2.8173796823791535,1.59338760565964,0.2067895922144197,-0.06544597663179748,-0.016000000000000014,-0.10299999999999998
119.39988613128662,-191.3269062129247,-197.30448878806163,-2.8206859181270847,1.5840124180572555,0.2140640336171347,-0.06536957420422179,-0.016000000000000014,-0.10599999999999998
119.4498860836029,-191.4001643792608,-197.33797019220287,-2.824111395594382,1.572075812345827,0.21627926639597833,-0.06639785564761627,-0.017000000000000015,-0.10999999999999999
119.49988603591919,-191.47267547721998,-197.37069089389348,-2.8275843068261293,1.5607808651406374,0.22177645009667368,-0.06766949481971787,-0.019817571096235123,-0.11945271328870531
119.54988598823547,-191.54454301994153,-197.40325028924,-2.831105575126623,1.5502496158492423,0.22002285416146689,-0.06904259244404992,-0.02100000000000002,-0.125
119.59988594055176,-191.6152046562449,-197.43530184605171,-2.8346233575465973,1.5395912960523628,0.2208018276598358,-0.06999531307582149,-0.024767442883215713,-0.1393023286496471
119.64988589286804,-191.6867433799441,-197.4673382391865,-2.8382299505437274,1.5277700821826283,0.2206640095199442,-0.07060290556574468,-0.026000000000000023,-0.14600000000000002
119.69988584518433,-191.7568056794598,-197.49836775720033,-2.8417742792510454,1.5152514469804792,0.21801312432542805,-0.07078767653449665,-0.026000000000000023,-0.14700000000000002
119.74988579750061,-191.82599540731064,-197.52903859941642,-2.845282169818632,1.5023014704392634,0.22372310852275787,-0.07028703009356554,-0.025000000000000022,-0.14400000000000002
119.7998857498169,-191.896300805019,-197.5602831657011,-2.8488616510521765,1.4902103932636828,0.2220110295519827,-0.07001029084758091,-0.02400000000000002,-0.138
119.84988570213318,-191.9645439018662,-197.5901734344122,-2.8523456228992377,1.4775182061857997,0.22106942239883767,-0.06954914085873419,-0.02316077491037727,-0.13516077491037726
119.89988565444946,-192.03190629319795,-197.61921873616015,-2.855717934223609,1.4633327988715694,0.22085423716755095,-0.0683638941526715,-0.02300000000000002,-0.135
119.94988560676575,-192.09886895702942,-197.64815207240324,-2.859040438300802,1.4484756996925403,0.22010917323946255,-0.0668784376847011,-0.02300000000000002,-0.1322193097214624
119.99988555908203,-192.16602719957947,-197.6771380823152,-2.862340064311961,1.4346888694844149,0.21345604217964323,-0.0656679274245417,-0.02200000000000002,-0.131
120.04988551139832,-192.2316893603317,-197.70504466944294,-2.8654788835481493,1.425070674319704,0.2138645004111295,-0.0639130789304731,-0.02200000000000002,-0.1302038688051398
120.0998854637146,-192.29816047859723,-197.73307755239162,-2.8686503064194064,1.4146678527348457,0.21041466239632045,-0.06217036424697608,-0.02100000000000002,-0.12617063156623595
120.14988541603088,-192.36289138592352,-197.76033298658288,-2.8717223635775913,1.4031884686603804,0.21982188805168446,-0.06103061079565519,-0.020000000000000018,-0.119
120.19988536834717,-192.4276406092094,-197.7875770295206,-2.8748097830973185,1.3944199756384157,0.205853022647821,-0.061093627734590435,-0.018000000000000016,-0.11099999999999999
120.24988532066345,-192.49218413611806,-197.814799702999,-2.8779683434230994,1.3851122694723739,0.22236187814971908,-0.0612840469402874,-0.016000000000000014,-0.10518704082861614
120.29988527297974,-192.55561692892167,-197.84125177767817,-2.8811136876679795,1.3749279117563122,0.20088494457481829,-0.06185036549512488,-0.015000000000000013,-0.10199999999999998
120.34988522529602,-192.61802782126085,-197.86752268421768,-2.8843399947657957,1.3649831157631904,0.21374636242192913,-0.06277205223798941,-0.015000000000000013,-0.09916164172270019
120.3998851776123,-192.68123813458396,-197.89399882972737,-2.8876338285719725,1.3549523313471032,0.2235589955624002,-0.0637489968788296,-0.015000000000000013,-0.09999999999999998
120.44988512992859,-192.74306739131106,-197.919540919265,-2.890968151328216,1.347856934885966,0.22383236422803676,-0.06505721466841968,-0.015000000000000013,-0.09799999999999998
120.49988508224487,-192.8049585255017,-197.94480804511178,-2.894370175627903,1.3408698183666117,0.21100733065464802,-0.06670121195226242,-0.015000000000000013,-0.09816308589158947
120.54988503456116,-192.8672601073092,-197.97024362383522,-2.897838484395294,1.332943272723753,0.21098259347611975,-0.06786756675565175,-0.014000000000000012,-0.09699999999999998
120.59988498687744,-192.9271608962765,-197.9946212915931,-2.901177228031515,1.3278170809446583,0.21893735323277067,-0.06828978739398212,-0.014000000000000012,-0.09599999999999997
120.64988493919373,-192.98937867530074,-198.02003585029328,-2.9047265504378172,1.3194743110098772,0.2164223631270744,-0.06886365680591353,-0.014000000000000012,-0.09599999999999997
120.69988489151001,-193.05154317006313,-198.04521218473786,-2.908252938881704,1.312120556710031,0.21582042030761878,-0.06868739189073705,-0.014000000000000012,-0.09414738112707388
120.7498848438263,-193.1118894076938,-198.0696440360529,-2.9117271188072866,1.3049665528913783,0.22483404764665996,-0.06884067727429279,-0.014000000000000012,-0.09399999999999997
120.79988479614258,-193.17242205429338,-198.0939474276952,-2.9152185772956223,1.2968169834926953,0.21386472507066212,-0.06915902711267694,-0.013000000000000012,-0.09300000000000003
120.84988474845886,-193.23313045144562,-198.1187323962629,-2.9188224748904124,1.2895982688352787,0.22245964180350075,-0.06994602648970348,-0.013000000000000012,-0.09300000000000003
120.89988470077515,-193.29299456407296,-198.14315773816253,-2.9223731627735523,1.284369471852215,0.22438243886239864,-0.07033403844691255,-0.014000000000000012,-0.09399999999999997
120.94988465309143,-193.35246041029694,-198.16737608018715,-2.9259748922763644,1.276294092110985,0.22753977808382964,-0.07080587172439817,-0.014000000000000012,-0.09499999999999997
120.99988460540771,-193.41247014086755,-198.19163000571936,-2.929655054910539,1.2683201958781618,0.2249770950082049,-0.07155892309617624,-0.014000000000000012,-0.09499999999999997
121.049884557724,-193.47125868707948,-198.21551714118513,-2.93331440593013,1.260231286661968,0.2190823160507056,-0.07250500032029071,-0.014851373885304152,-0.09870274777060825
121.09988451004028,-193.52952579886102,-198.2392072061982,-2.936998096935769,1.253384119112103,0.2232760574640028,-0.07300406610388,-0.017000000000000015,-0.10699999999999998
121.14988446235657,-193.58861789451896,-198.26317647564,-2.940806295948205,1.2444818053212694,0.22667997645901297,-0.07365656404915637,-0.020000000000000018,-0.12155521817095039
121.19988441467285,-193.64641468606936,-198.28633112233155,-2.9445161448231647,1.237166281283801,0.2222287190548477,-0.07413636057240189,-0.02185105181420304,-0.12870210362840603
121.24988436698914,-193.704167402731,-198.30940418647617,-2.94827922763182,1.2276946403780178,0.22374577171427334,-0.07443517306420203,-0.02300000000000002,-0.132
121.29988431930542,-193.76137165686842,-198.332223087256,-2.95205833840813,1.2197864765305892,0.2285942340409169,-0.0743761841415903,-0.02300000000000002,-0.133
121.3498842716217,-193.81776485181376,-198.3544903651826,-2.955766593932387,1.2104767430999248,0.23235566124066745,-0.07403706901946709,-0.024853259955300303,-0.14070651991060057
121.39988422393799,-193.87314378746052,-198.37617731540533,-2.9593944195195667,1.201983672619552,0.23818833420994384,-0.07351171614824353,-0.026000000000000023,-0.14577314045125772
121.44988417625427,-193.93032664353478,-198.39835584523053,-2.963141317345594,1.1921963065232457,0.2414962985627252,-0.07301816220739224,-0.026000000000000023,-0.14600000000000002
121.49988412857056,-193.98552293419115,-198.4195913482639,-2.966778468755805,1.1813434212014409,0.24111226970472835,-0.07250829618188574,-0.025000000000000022,-0.142186170828223
121.54988408088684,-194.04066889437843,-198.4406315760666,-2.9704160526981123,1.1719954568016837,0.23639652780594037,-0.07231457594325173,-0.025000000000000022,-0.14
121.59988403320312,-194.09599979977878,-198.46144857501852,-2.974036932521282,1.1620228171784044,0.23865505495156422,-0.07187013238792328,-0.02400000000000002,-0.139
121.64988398551941,-194.15058256480737,-198.48186407921105,-2.977645375816555,1.1484825247876012,0.2416461071432452,-0.07150926835951403,-0.02400000000000002,-0.139
121.6998839378357,-194.20442242993596,-198.50182824454276,-2.981224024384384,1.1347016681156008,0.2294754202432457,-0.07126138036988441,-0.025000000000000022,-0.14
121.74988389015198,-194.25687353249728,-198.52102693446784,-2.984686626740314,1.1202802976774293,0.22067748817426952,-0.07048004818552948,-0.025000000000000022,-0.14
121.79988384246826,-194.3102240799171,-198.5404095480237,-2.9882173388875333,1.106712545354113,0.23185559279981194,-0.06990809029686261,-0.025000000000000022,-0.14
121.84988379478455,-194.36340059578532,-198.5595843112177,-2.9917844533910873,1.0943281347383784,0.23335261448072808,-0.0699005530249124,-0.024195744481197386,-0.13839148896239473
