time,x,y,psi,u,v,r,throttle_left,throttle_right
0.0,-180.84160800349042,-208.14948394154055,1.307718337115463,1.4388649175598738,0.0825474062194805,-0.05335612276685099,0.019000000000000017,0.10599999999999998
0.04999995231628418,-180.82658444277808,-208.0778378115274,1.3051002329476644,1.442167559675358,0.07293561284673193,-0.0522985186622423,0.019000000000000017,0.10799999999999998
0.09999990463256836,-180.8118154402006,-208.0073763755529,1.3025207098056166,1.445585774414086,0.08677588947322236,-0.0512933664099569,0.019970431893687725,0.1089704318936877
0.14999985694885254,-180.79640448017312,-207.93593179141604,1.2999497261173565,1.4498689955476802,0.07995853552472068,-0.05108795957115327,0.020000000000000018,0.11099999999999999
0.19999980926513672,-180.78046751584625,-207.86414705722999,1.29741734089513,1.4535493220417544,0.08008399408263428,-0.050187402589020866,0.020000000000000018,0.11099999999999999
0.2499997615814209,-180.76440935944208,-207.79322835988972,1.2949356560679837,1.4573562904692907,0.07299567069020486,-0.04973781279892184,0.020000000000000018,0.11099999999999999
0.2999997138977051,-180.7485118030646,-207.72263739290597,1.292495733663165,1.4604952576848005,0.07024625509538433,-0.04907823138472784,0.020000000000000018,0.11099999999999999
0.34999966621398926,-180.7319388711929,-207.6507640062808,1.2900245133924642,1.4645866707377524,0.06788615570862502,-0.04879978387825986,0.020000000000000018,0.11194203245990457
0.39999961853027344,-180.7150150897965,-207.57885211159743,1.2875482162610166,1.4678131910322667,0.06585345542757262,-0.04870818298525272,0.02099023755287994,0.11399023755287992
0.4499995708465576,-180.69774224411893,-207.50712545766427,1.2850904995449057,1.4728533718913857,0.06657623797614985,-0.04875170314273861,0.02100000000000002,0.11699999999999999
0.4999995231628418,-180.6795520283954,-207.4348971702178,1.2826183953345833,1.4764870750081625,0.06482142406769709,-0.04866703119722187,0.02200000000000002,0.11899378142050462
0.549999475479126,-180.66116646940276,-207.36318673416466,1.280192376561778,1.4795965263030055,0.06788141051780004,-0.04830952715561111,0.02200000000000002,0.119
0.5999994277954102,-180.64269916842431,-207.29177530545272,1.2777651798016496,1.484404977805426,0.06852457941766146,-0.04841342131755139,0.02200000000000002,0.119
0.6499993801116943,-180.62386731611997,-207.22012645735845,1.2753655068313923,1.4879838329384132,0.07287380073543821,-0.04819456296754636,0.02200000000000002,0.119
0.6999993324279785,-180.60418944711782,-207.14728945156313,1.2729432184408507,1.493488124240687,0.06675623142646511,-0.048107438362899664,0.02200000000000002,0.119
0.7499992847442627,-180.5840677514146,-207.07431428787183,1.2705913123134298,1.4976907082049968,0.06136417415972005,-0.047407899280214064,0.02200000000000002,0.11903446291100078
0.7999992370605469,-180.56410461985095,-207.00180209707148,1.2682191038865445,1.5046754541060132,0.06836604093323681,-0.04697378194112503,0.02200000000000002,0.11996710667142348
0.849999189376831,-180.54347915191954,-206.92774338693638,1.2658298472098468,1.5109931360143056,0.0552072824200308,-0.04723650699532247,0.02200000000000002,0.12
0.8999991416931152,-180.52251271164516,-206.85441362241906,1.2634812880349644,1.517840810298552,0.06158884300579844,-0.04672861576003613,0.02200000000000002,0.12
0.9499990940093994,-180.5011860770642,-206.7804886869717,1.2611566432568442,1.524613561502872,0.06188773815348823,-0.04643178442540457,0.02200000000000002,0.12
0.9999990463256836,-180.47959188834128,-206.70601496998154,1.2588238593103418,1.5315186773270617,0.06680626162621472,-0.045941208086457595,0.02200000000000002,0.11999788558206335
1.0499989986419678,-180.45804641972583,-206.6320687186081,1.256510564160699,1.538546700274174,0.06351237540649576,-0.045899296790151006,0.02200000000000002,0.119
1.099998950958252,-180.43591848275304,-206.55742838431968,1.2542223959944607,1.546391309532828,0.06050076485191504,-0.04574379896682469,0.02200000000000002,0.119
1.1499989032745361,-180.41337911779985,-206.48172376926615,1.2519010739213716,1.5538144456132719,0.06662243880972749,-0.04539027650604217,0.02200000000000002,0.119
1.1999988555908203,-180.39067554269982,-206.40635728641433,1.2496481509470847,1.56223015612214,0.0657792226457809,-0.04505439487723063,0.02200000000000002,0.119
1.2499988079071045,-180.3676605053974,-206.33069468514591,1.2474501166329823,1.5704955532151337,0.06112289240023459,-0.044197268632212384,0.02200000000000002,0.119
1.2999987602233887,-180.34446771591442,-206.253679180213,1.2452359847222418,1.5793999110981922,0.06077564504401373,-0.04368384450624657,0.02200000000000002,0.12
1.3499987125396729,-180.3211173690056,-206.1769392842553,1.243099578378963,1.5884051457664978,0.05715773571897237,-0.043039570739423244,0.02200000000000002,0.12
1.399998664855957,-180.29748844996212,-206.100134241998,1.2410229354162141,1.594744331392032,0.058544260815960696,-0.04187247066213124,0.02200000000000002,0.12
1.4499986171722412,-180.27330753406466,-206.02223768080466,1.2389802568622315,1.6017857677209744,0.05354639286809667,-0.04069694423225908,0.02200000000000002,0.12
1.4999985694885254,-180.24955759861638,-205.9452190534811,1.2369887010680667,1.609017236099476,0.05520113044499888,-0.03988069203955321,0.02200000000000002,0.12099219029877481
1.5499985218048096,-180.2253418861517,-205.86713411718492,1.23500395742704,1.6157022887529835,0.05994818792928522,-0.0392063244267086,0.02200000000000002,0.121
1.5999984741210938,-180.20130408602196,-205.79036223548974,1.2331122333168536,1.6218252523732042,0.06373227653966856,-0.038396754667702884,0.02200000000000002,0.121
1.649998426437378,-180.17578917208792,-205.71020446935202,1.231250740337782,1.6280562922842177,0.06370764782759052,-0.037261131205336646,0.02200000000000002,0.12
1.699998378753662,-180.15064123269565,-205.63133012977738,1.229428985022913,1.6351266883478286,0.06212084130518651,-0.036327389018963784,0.02200000000000002,0.12
1.7499983310699463,-180.12525658407063,-205.55224338619317,1.2276227945963933,1.6424645401548985,0.06197618423568214,-0.03586888507430643,0.02200000000000002,0.12001445066398107
1.7999982833862305,-180.09931809113456,-205.47254258592497,1.2258612257584178,1.6489116090179397,0.05367735448489725,-0.035224444266804954,0.02200000000000002,0.12000560193796772
1.8499982357025146,-180.07332103365664,-205.39323187389638,1.2241187531525966,1.655255670014173,0.04953296030116805,-0.03456529104008908,0.02200000000000002,0.12
1.8999981880187988,-180.0475838521144,-205.31335629708073,1.2224352347972265,1.6619271644702556,0.05577496422067271,-0.0337593983990181,0.02200000000000002,0.12
1.949998140335083,-180.0211470487195,-205.2324745458017,1.2207506860677486,1.6693962432946456,0.04847087154224026,-0.03319516305593318,0.02200000000000002,0.121
1.9999980926513672,-179.99518140955914,-205.1538170242276,1.2191156851967602,1.6761872803831965,0.05488238226174229,-0.032768684824377586,0.02200000000000002,0.121
2.0499980449676514,-179.96769885203028,-205.07194456093458,1.217474882488567,1.6829597968226253,0.04857743693644305,-0.03225907317554043,0.02300000000000002,0.123
2.0999979972839355,-179.9408814446159,-204.99021301044212,1.2158833604791173,1.690996514795141,0.04947252609487141,-0.0315878203033437,0.02300000000000002,0.123
2.1499979496002197,-179.91399492677886,-204.90925276491416,1.2143259083452662,1.6980672262833425,0.04520900780258528,-0.03097829605865684,0.02300000000000002,0.12398968276926044
2.199997901916504,-179.88674826512366,-204.8283499686833,1.2128092859089157,1.7051803779265449,0.04343272206914382,-0.030553791938145947,0.02300000000000002,0.12399738940238482
2.249997854232788,-179.85878123657287,-204.7462349472814,1.2112894481351268,1.7126162940241998,0.041519229107247126,-0.029980190037632547,0.02300000000000002,0.12300023786869647
2.2999978065490723,-179.83133878136925,-204.6647932485638,1.2097883666526776,1.7205437062661868,0.04375272125800246,-0.02971652592375,0.02300000000000002,0.123
2.3499977588653564,-179.8033716358462,-204.5827605507673,1.208301554688396,1.7276934082140778,0.044818771767284285,-0.029507673916732983,0.02300000000000002,0.123
2.3999977111816406,-179.77475444225857,-204.4997601612567,1.2068243070064064,1.7351042262668004,0.043964181471122236,-0.029253955201131353,0.02300000000000002,0.123
2.449997663497925,-179.745952661922,-204.4170149727716,1.20537472725888,1.7416361599136252,0.047103613628450225,-0.028797207941046635,0.02300000000000002,0.122
2.499997615814209,-179.71738497199559,-204.33357790503428,1.2039564424032314,1.7483681408526603,0.051830912563106256,-0.028155743442200787,0.02300000000000002,0.123
2.549997568130493,-179.68822060756344,-204.2494901665928,1.202552139070183,1.7544350540120217,0.04827543452263003,-0.027801972097236484,0.02300000000000002,0.122
2.5999975204467773,-179.6583787779464,-204.16490423224204,1.2011955628907103,1.761416196931022,0.04819426245597425,-0.027198530968321828,0.02300000000000002,0.122
2.6499974727630615,-179.6285633119962,-204.08115118416208,1.1998487074101447,1.766484998638156,0.04752047337549758,-0.026675405023537272,0.02300000000000002,0.12298523751522533
2.6999974250793457,-179.59843721526855,-203.99646044960122,1.1985286632385481,1.7730186511299522,0.05015406535490474,-0.026190123565184773,0.02300000000000002,0.123
2.74999737739563,-179.56743254559532,-203.91038762079197,1.197207557511613,1.777880201497285,0.041242334833466586,-0.025945969304486508,0.02300000000000002,0.123
2.799997329711914,-179.53663065177398,-203.82589358752878,1.1959345323005335,1.7831896740549862,0.040072924574339835,-0.02550778135433043,0.02300000000000002,0.123
2.8499972820281982,-179.50546728909947,-203.741274082173,1.1946697269616195,1.7888223846905236,0.03748870767629693,-0.025160917262803135,0.02300000000000002,0.123
2.8999972343444824,-179.47370496378764,-203.65482171027216,1.1933788429714947,1.7944096423687623,0.03341523374288693,-0.02498334592886139,0.02300000000000002,0.124
2.9499971866607666,-179.44203138261477,-203.56937515637406,1.192095996471208,1.7996488484779458,0.03572793126401532,-0.025130144021034174,0.02300000000000002,0.125
2.999997138977051,-179.4099471746749,-203.48410738279188,1.1908782067487282,1.8050693760708214,0.03708978491198194,-0.024625765893235778,0.02400000000000002,0.126
3.049997091293335,-179.37710163922125,-203.39672268829776,1.189583043565202,1.810183929138731,0.03445802950531648,-0.024665601054791826,0.02400000000000002,0.127
3.099997043609619,-179.34441173567103,-203.3100884921745,1.1883441330342523,1.8165419805187937,0.03566430016975493,-0.024805259816123557,0.02400000000000002,0.127
3.1499969959259033,-179.31116600219542,-203.2227117258906,1.187088011131589,1.8224028187228822,0.027835771768185198,-0.02471341661037654,0.02400000000000002,0.12898294091732343
3.1999969482421875,-179.27749023859195,-203.1350090014859,1.1858438454740412,1.8299054570348054,0.02994602842595543,-0.02453472934439285,0.02400000000000002,0.129
3.2499969005584717,-179.24364312412482,-203.04777276873685,1.184638475303486,1.836812886990485,0.030108443446977617,-0.024058485781322237,0.02400000000000002,0.128
3.299996852874756,-179.209340088163,-202.9592239114396,1.18339187716343,1.8446035109038381,0.03212973240823789,-0.023966701560200098,0.02400000000000002,0.12897837300648338
3.34999680519104,-179.17473438683984,-202.8707230355151,1.182177619114474,1.8508463882168147,0.0335612304371247,-0.023835866933239403,0.02400000000000002,0.12701743687470224
3.399996757507324,-179.14032034833724,-202.78333359830992,1.1809865713055723,1.8575509898076037,0.031990297055597645,-0.02362410857541285,0.02400000000000002,0.129
3.4499967098236084,-179.106260266516,-202.69719154578036,1.1797903233592149,1.8637924482895052,0.038807110450560955,-0.02370299201802011,0.02400000000000002,0.129
3.4999966621398926,-179.07035458917943,-202.6069269422602,1.1785383617603324,1.8714733500839384,0.03401663387161896,-0.023899148492142957,0.02400000000000002,0.129
3.5499966144561768,-179.03461625263364,-202.51798989152007,1.1773566930187043,1.879198862095524,0.025230366065839838,-0.023717350367624925,0.02400000000000002,0.129
3.599996566772461,-178.99879470504308,-202.42903354083222,1.176140474987827,1.887395356469335,0.034381836278512885,-0.023527737132167582,0.025000000000000022,0.13002105644148268
3.649996519088745,-178.96300229390283,-202.34047709517674,1.1749395309942676,1.894056724003102,0.028829672639682877,-0.02385562777822297,0.025000000000000022,0.13
3.6999964714050293,-178.92662189944622,-202.25051536251252,1.173739748010677,1.9028592560806976,0.03215741733634614,-0.023513282578822566,0.024004537028002752,0.12900453702800274
3.7499964237213135,-178.8899774204217,-202.16085770998606,1.1726366503211296,1.910465204003396,0.021745995637253664,-0.022742508276935143,0.025000000000000022,0.1300200347395722
3.7999963760375977,-178.85331790620253,-202.07147522665767,1.1715467091758027,1.9167275013760314,0.024993637758526477,-0.021769721230411414,0.02498975387259549,0.12998975387259548
3.849996328353882,-178.81614555402612,-201.98093579339772,1.1704290504848989,1.9237860939712368,0.03023288593374863,-0.02157524473654977,0.025000000000000022,0.13097437171659804
3.899996280670166,-178.77924558701199,-201.89112411063016,1.1693423400161442,1.9301427199459018,0.03783339384326809,-0.021457488206475004,0.02499840282247493,0.1299984028224749
3.94999623298645,-178.7421063018139,-201.8012921523197,1.1683044220632837,1.9369167616629281,0.03401164874854044,-0.02088978850258251,0.024969916167664693,0.12996991616766468
3.9999961853027344,-178.7050459440785,-201.71163638160849,1.1672399233136073,1.9435015234655157,0.03547849127202536,-0.02082316978473486,0.024109237520807684,0.12910923752080766
4.0499961376190186,-178.6666348949691,-201.61911868744724,1.1662094796000169,1.9495773911805883,0.035636926425811746,-0.020296179703980566,0.02400000000000002,0.129
4.099996089935303,-178.6286947062414,-201.52714058981778,1.1651559682562922,1.9574502519135142,0.03530043995977222,-0.020263287775542628,0.02400000000000002,0.129
4.149996042251587,-178.59005543669699,-201.4341406524747,1.164131081269992,1.9649545036741793,0.029728264889630464,-0.020253015987419173,0.02400000000000002,0.129
4.199995994567871,-178.55152873551512,-201.3422793654016,1.1631815603081037,1.971133183069778,0.027441549509324006,-0.019403931161844773,0.02400000000000002,0.129
4.249995946884155,-178.51297619764767,-201.25026355737026,1.1621534896582832,1.9777740717548467,0.028531973164945136,-0.01934106858400539,0.02400000000000002,0.129
4.2999958992004395,-178.4740434305012,-201.15672508720814,1.1611561866781082,1.9840009730214834,0.024778766235050383,-0.019293264645499894,0.025000000000000022,0.13
4.349995851516724,-178.43539170893754,-201.06428067503555,1.1601382971871517,1.9901860178646362,0.024936802187278475,-0.019598172647061856,0.02400000000000002,0.129
4.399995803833008,-178.39597663995625,-200.97091674186962,1.1591358852620286,1.9955389107864427,0.026442346412531938,-0.019619836971499344,0.025000000000000022,0.131
4.449995756149292,-178.35760706854444,-200.88034468063526,1.1581044616915313,2.000476624821648,0.03407127320439033,-0.02000379118922243,0.025000000000000022,0.131
4.499995708465576,-178.3170347108583,-200.78441522051838,1.1570279359773656,2.006070981823324,0.029615937238551607,-0.020549349800423458,0.025000000000000022,0.13197797949235165
4.54999566078186,-178.27723599158938,-200.69150684020974,1.1560400587599198,2.0112371602265795,0.015590833102917003,-0.02023003459200806,0.025000000000000022,0.13098355520751762
4.5999956130981445,-178.23720231894504,-200.5986196116624,1.1550584682606686,2.016407659702572,0.02331607873084421,-0.019541604111756487,0.025000000000000022,0.13001260047794916
4.649995565414429,-178.19639633497053,-200.50458007397648,1.154072714379432,2.0195452437974524,0.009751197828543801,-0.01945433436908664,0.025000000000000022,0.13097852368084198
4.699995517730713,-178.15578218785728,-200.41121577884263,1.1531160071958815,2.0249433164980397,0.0197956102750973,-0.018843547351827087,0.02498198369500632,0.1299819836950063
4.749995470046997,-178.11520570323444,-200.3182246583723,1.1521486044269078,2.0292029289498807,0.019005168447333486,-0.018824921646808043,0.02400000000000002,0.129
4.799995422363281,-178.07382763527775,-200.2242791260108,1.1512204047612677,2.0328961384079154,0.015595415183163746,-0.018652060772533962,0.02400000000000002,0.129
4.849995374679565,-178.03324448937877,-200.13211587567915,1.150258032165326,2.0367776991434754,0.020328464988599464,-0.018776994884794056,0.02400000000000002,0.129
4.89999532699585,-177.99130137487842,-200.036859853682,1.149304432710646,2.042438764362015,0.02049331078592534,-0.01861419742327448,0.02400000000000002,0.129
4.949995279312134,-177.94896734487313,-199.94175638414336,1.1484265120370853,2.0468147256070672,0.01030215950666397,-0.018009368949896225,0.025000000000000022,0.13
4.999995231628418,-177.90656282294444,-199.84686727498686,1.1475315833347204,2.0522338931631943,0.01325971267040788,-0.01743013252902561,0.02400000000000002,0.129
5.049995183944702,-177.86453476020054,-199.7533793425054,1.1466639281318567,2.057154952609098,0.006990508937873301,-0.017288140096260736,0.02400000000000002,0.129
5.099995136260986,-177.82176165908567,-199.6578266267644,1.1457790658617735,2.0628372040557137,0.005894601940249104,-0.01717447693601893,0.02400000000000002,0.129
5.1499950885772705,-177.77881472853363,-199.56270634863623,1.1449358068434536,2.0682619535109983,0.006304623298455467,-0.016719653601996176,0.02400000000000002,0.129
5.199995040893555,-177.73601964117424,-199.46818865843878,1.1440553768990136,2.072903456950315,0.007276322385935912,-0.01690539198000058,0.02400000000000002,0.129
5.249994993209839,-177.69213596572772,-199.3718734704958,1.1431687173189393,2.0779151024574998,-1.5480526109595133e-06,-0.017184851607312486,0.02400000000000002,0.129
5.299994945526123,-177.64860004867452,-199.2764453647474,1.1422841709128975,2.0827851864499616,0.008037613794431898,-0.017135645988908748,0.02400000000000002,0.129
5.349994897842407,-177.60456543963048,-199.18058228113546,1.141423247460048,2.0880163454371212,0.00847213760977566,-0.017097372981513224,0.02400000000000002,0.129
5.399994850158691,-177.56014932890886,-199.0843247261814,1.1405729681042638,2.0919029507284415,0.0047608986721180005,-0.01688968820765131,0.02400000000000002,0.129
5.449994802474976,-177.5164263923225,-198.98987333677096,1.1397346559643124,2.097810888612579,0.004509860469873404,-0.016731679814053813,0.02400000000000002,0.129
5.49999475479126,-177.47100160721897,-198.89163257143764,1.1388358583096434,2.10141925670304,0.005317357578273366,-0.016835432422432923,0.02400000000000002,0.129
5.549994707107544,-177.4266581231156,-198.79621073872488,1.1379976576270485,2.106391762568596,0.0021848341993470984,-0.016885992804728238,0.02400000000000002,0.129
5.599994659423828,-177.38236556742234,-198.70098513132618,1.1371481552373706,2.110750601252643,0.0027933192077738735,-0.016818792191709255,0.02400000000000002,0.129
5.649994611740112,-177.33657975478798,-198.60290626774093,1.1363226968088522,2.115092120360019,-0.001593243699033296,-0.016515486005439776,0.02400000000000002,0.126
5.6999945640563965,-177.29299890263906,-198.50798495430644,1.1354969764158847,2.1194574165264006,0.005048407170423005,-0.01629064729189791,0.02400000000000002,0.126
5.749994516372681,-177.24700197273825,-198.40821031257775,1.1346737562627878,2.1248554172707723,0.006386865521921235,-0.015907840751005542,0.023025452158693137,0.12502545215869312
5.799994468688965,-177.2022327610662,-198.31133236096233,1.1338797929832245,2.1286089774297374,0.010460260559461605,-0.015566318425060819,0.02400000000000002,0.126
5.849994421005249,-177.15717462173424,-198.21419656425343,1.1331005463965582,2.133815021131048,0.009610581095599051,-0.015387973357967457,0.02400000000000002,0.126
5.899994373321533,-177.11253766590985,-198.1173862940219,1.1323059311269905,2.138278318548934,0.013797714998590171,-0.015258323263272842,0.02400000000000002,0.126
5.949994325637817,-177.06648724770628,-198.01815452008813,1.1315444037184978,2.142432306376937,0.016249186467398053,-0.014972463530224652,0.02400000000000002,0.127
5.999994277954102,-177.02064262641295,-197.91963964756172,1.13077804220902,2.1473472169249925,0.017726352979330114,-0.014875828330571193,0.02400000000000002,0.127
6.049994230270386,-176.97464481399166,-197.82101048948638,1.1299936535960082,2.152445551358731,0.01758795358312177,-0.014981130991184314,0.02400000000000002,0.128
6.09999418258667,-176.92905786089355,-197.7228388240663,1.129228424269208,2.1578474289057104,0.013236227640462247,-0.015067279300380227,0.02400000000000002,0.127
6.149994134902954,-176.8829851034379,-197.6240836439701,1.1284582270561496,2.1624290429800648,0.006827040635674746,-0.01508118033577976,0.02400000000000002,0.127
6.199994087219238,-176.8363505571261,-197.52469286527298,1.1276979687385977,2.1657374753820977,0.012696302702513556,-0.014909611376276565,0.02400000000000002,0.127
6.2499940395355225,-176.79020514097803,-197.42615691428446,1.126860038275458,2.168798468506583,0.021727511140442825,-0.015583733561537808,0.02400000000000002,0.128
6.299993991851807,-176.74544669344664,-197.33057850936322,1.126093687763368,2.1717278819172536,0.015347969746788977,-0.015748006988506473,0.02400000000000002,0.128
6.349993944168091,-176.69763040918897,-197.2289257605257,1.1252910329960126,2.1748807844354507,0.014258028053831901,-0.0154772221060268,0.02400000000000002,0.12798751787803928
6.399993896484375,-176.65141079556986,-197.13087180554157,1.1244816640501414,2.17724636857753,0.021387455727249795,-0.015539317413425971,0.02400000000000002,0.127
6.449993848800659,-176.60506031041135,-197.0330715707006,1.1237030906882008,2.1797730007185416,0.01784748567591058,-0.015575228477545968,0.02400000000000002,0.127
6.499993801116943,-176.55748444616336,-196.9318774289992,1.122901662211943,2.183671579525036,0.017907250357919506,-0.01546870816019521,0.02400000000000002,0.12700483318074393
6.5499937534332275,-176.5103504866984,-196.83194036864364,1.1221093820830113,2.18722328371682,0.012691314363191824,-0.01529413971704233,0.02400000000000002,0.128
6.599993705749512,-176.46309334812995,-196.73225067908132,1.1213628747344935,2.190858246667888,0.0066394306662388445,-0.015136717818461274,0.02400000000000002,0.12702775965484583
6.649993658065796,-176.41618656508152,-196.63370213131589,1.1206582642475507,2.194542845795326,0.009576459465419872,-0.014373486719327746,0.02400000000000002,0.129
6.69999361038208,-176.36848844220478,-196.53262306725304,1.1199515711815715,2.1977214512057315,0.022886572635173446,-0.013662591543865132,0.02400000000000002,0.129
6.749993562698364,-176.3210442108363,-196.43265299993178,1.119296623911363,2.2016062421546283,0.017929032458840387,-0.013135608692238437,0.02400000000000002,0.129
6.799993515014648,-176.2746924747554,-196.33505273145727,1.11864251009517,2.2060981775146353,0.019167876554148554,-0.012997530286136668,0.02400000000000002,0.129
6.849993467330933,-176.22585181445214,-196.2325693312667,1.1179713475828128,2.2108786877692137,0.021250654800210662,-0.01287845109998113,0.02400000000000002,0.1280189245946474
6.899993419647217,-176.17806872261642,-196.13184418590717,1.117352076300081,2.2164560864801266,0.022673671730598446,-0.012428779305964388,0.024037225163351956,0.12903722516335195
6.949993371963501,-176.13032115200505,-196.03148985451165,1.1167602265572345,2.221446616965621,0.02152430747650034,-0.011922758755634495,0.02400000000000002,0.129
6.999993324279785,-176.08177377658916,-195.93004535041447,1.116210818130914,2.22674477567613,0.02616056709144079,-0.011108106356431354,0.02400000000000002,0.129
7.049993276596069,-176.03321072725396,-195.82900914162934,1.1156650217335908,2.231567925949395,0.013186618354162127,-0.010941262166502382,0.02400000000000002,0.129
7.0999932289123535,-175.98392709807908,-195.7274813547805,1.1151889221270472,2.237161377261344,0.012924531822363122,-0.009977775017348502,0.02404028508720178,0.12904028508720175
7.149993181228638,-175.93466836687594,-195.62605625040254,1.114690600459226,2.2418029879297046,0.0148475320609781,-0.009612111997674045,0.02400000000000002,0.129
7.199993133544922,-175.88500710945226,-195.52434219314188,1.1142457027860109,2.245445787408404,0.013560557393931515,-0.009162656464634563,0.02400000000000002,0.129
7.249993085861206,-175.835288932908,-195.4224873299164,1.113769441443792,2.2492448411281343,0.01933194193222112,-0.009013001832140273,0.02400000000000002,0.129
7.29999303817749,-175.78560624159118,-195.32126552028802,1.1133360167896744,2.252074381682465,0.013325287935585753,-0.00874556586677265,0.02400000000000002,0.129
7.349992990493774,-175.73499259405122,-195.2184133250895,1.1128859050647721,2.254865311929622,0.017825938381532958,-0.008478612697164142,0.02400000000000002,0.128
7.399992942810059,-175.68501351412309,-195.1169905494335,1.1124110122071753,2.2575618522130436,0.016505767407007117,-0.00881819155522284,0.02400000000000002,0.128
7.449992895126343,-175.63584862300826,-195.0176280813032,1.1119528765472484,2.2606973524146046,0.011659226487924126,-0.009203210880617955,0.02400000000000002,0.128
7.499992847442627,-175.58401588424175,-194.91342641955083,1.1114338022203398,2.2648637533053995,0.01469247455872115,-0.009473325065731671,0.02400000000000002,0.12898988504652878
7.549992799758911,-175.53350889904286,-194.8119520418787,1.1108905377930158,2.2678318158705015,0.010911547743820724,-0.010165232523920077,0.02400000000000002,0.129
7.599992752075195,-175.48282332280908,-194.71018364840182,1.110327011582562,2.270857474819836,0.004450108483034989,-0.010796092381878552,0.02400000000000002,0.129
7.6499927043914795,-175.43166940139616,-194.60764741719183,1.1097747134910378,2.275207841425657,0.012485582926014214,-0.010991495710417812,0.02400000000000002,0.129
7.699992656707764,-175.3803390482768,-194.5050617595134,1.1092364366498235,2.2782456738044776,0.011266169054344743,-0.010669773644736938,0.02400000000000002,0.129
7.749992609024048,-175.3294184637227,-194.40325543116103,1.10871544077172,2.281403512196472,0.015459135314395488,-0.010391599245963409,0.02400000000000002,0.129
7.799992561340332,-175.27790206753275,-194.30022173893514,1.1081965479108828,2.2847357702125444,0.01966108688648233,-0.010042500084178698,0.02400000000000002,0.129
7.849992513656616,-175.22675417126783,-194.19812657552808,1.1077287272172092,2.2872607183773694,0.01729452079816626,-0.00964907089290596,0.02400000000000002,0.129
7.8999924659729,-175.17562952769214,-194.09618186467142,1.1072086716832892,2.289795973300096,0.020263951052642868,-0.009628026611169543,0.02403447528657178,0.12903447528657175
7.949992418289185,-175.1237812225065,-193.99325004808156,1.1067556406322026,2.29218596400481,0.014469983056277209,-0.009408622953096602,0.025000000000000022,0.131
7.999992370605469,-175.0723084941515,-193.8909613915103,1.1062787844753117,2.2951420335039616,0.01481367730528417,-0.009123611618056028,0.025000000000000022,0.131
8.049992322921753,-175.02113049424358,-193.78945413051346,1.105813037872029,2.2975912048279006,0.011061067543987863,-0.009230624483926112,0.025000000000000022,0.13
8.099992275238037,-174.9698464539455,-193.6875541981309,1.1053152137482511,2.3003723925984416,0.012311380553278283,-0.009457498452745862,0.025000000000000022,0.13
8.149992227554321,-174.91760915893153,-193.58380017809367,1.1047642755299165,2.3030087536772847,0.00815183705344375,-0.010075101857089387,0.025000000000000022,0.13
8.199992179870605,-174.86619228786893,-193.48198252874394,1.1042411365960334,2.3059382879711054,0.007546021074453273,-0.010392546858574516,0.025000000000000022,0.13
8.24999213218689,-174.81433889957694,-193.37910387068194,1.1036628973137703,2.308063456251455,0.01031136163974217,-0.010796645204920303,0.025000000000000022,0.13
8.299992084503174,-174.7623183055394,-193.27521531213694,1.1030782006173374,2.3122542394287677,0.012739501477792011,-0.011271673561070849,0.02400000000000002,0.129
8.349992036819458,-174.71061853104786,-193.1724537930847,1.1025571493088535,2.314022203151583,0.0061244314685836975,-0.010922255084816122,0.02400000000000002,0.129
8.399991989135742,-174.6587742649857,-193.06946857251873,1.1020209835497055,2.317069383959605,0.016411170738916767,-0.010375685950068582,0.02402342702390032,0.1290234270239003
8.449991941452026,-174.6071775072419,-192.9670571675363,1.1014838333511674,2.3197671384402816,0.014898607793510477,-0.01035036592149445,0.02400000000000002,0.129
8.49999189376831,-174.55450724373208,-192.8618820459569,1.1009050817267625,2.321158321723955,0.015872979450558187,-0.010771454425444598,0.02401444908417958,0.12901444908417956
8.549991846084595,-174.50250285315482,-192.75828490921836,1.1003313283353693,2.32297303230953,0.0174460015908226,-0.011076162280083061,0.02400000000000002,0.129
8.599991798400879,-174.44970052664175,-192.6533234119111,1.099722428610419,2.3251202177152908,0.018583027672416465,-0.011400014614470093,0.02400000000000002,0.129
8.649991750717163,-174.39778229232857,-192.55027499671127,1.0990859257754302,2.3288104399364347,0.012290466716824116,-0.012187558471923942,0.02400000000000002,0.129
8.699991703033447,-174.34533683022903,-192.44554378774657,1.0983888525109888,2.3295945008291428,0.02331846165108325,-0.012728001897120221,0.02400000000000002,0.129
8.749991655349731,-174.29268208735562,-192.34083441285063,1.097678933611188,2.332302487946358,0.028686159054158063,-0.01341830666683753,0.02400000000000002,0.129
8.799991607666016,-174.24046775470404,-192.23737929099153,1.0969708391802255,2.3338140032827517,0.026897553435861844,-0.013810199494638268,0.02400000000000002,0.129
8.8499915599823,-174.18798436793304,-192.1328223930731,1.096179906914548,2.3360163363610753,0.0282420720319859,-0.01474772212131518,0.02400000000000002,0.129
8.899991512298584,-174.1353978486925,-192.02778359603056,1.0954015108391886,2.338762056521579,0.025746668128610695,-0.015235768116929518,0.02400000000000002,0.129
8.949991464614868,-174.08259179072988,-191.9225841350252,1.0946085308305717,2.3419325570063583,0.027274709279012287,-0.015477347792372684,0.024005701525158,0.12900570152515797
8.999991416931152,-174.02980619873327,-191.81801577728558,1.0938715653185762,2.344901911881563,0.017796723057659655,-0.015340470433885384,0.025000000000000022,0.13
9.049991369247437,-173.97633356960216,-191.71198858536457,1.0931437207148897,2.347053649401143,0.020380587060712635,-0.014439369902350185,0.025000000000000022,0.13
9.09999132156372,-173.92324106220462,-191.60655124308838,1.092450935953761,2.34890997890025,0.018440497380723245,-0.013922399588478155,0.025000000000000022,0.131
9.149991273880005,-173.86985916790874,-191.5011792247931,1.0918285845454818,2.3512152961976405,0.019310649901785513,-0.012938543446774005,0.025000000000000022,0.13
9.199991226196289,-173.81609444425843,-191.3954588921585,1.091227084850449,2.353306564806238,0.020419387017201286,-0.012100255599258727,0.025000000000000022,0.13
9.249991178512573,-173.7622683092004,-191.28989025295914,1.0906269236238428,2.356206769890409,0.027966664749507316,-0.011573086324834406,0.025000000000000022,0.13
9.299991130828857,-173.70933604447268,-191.18577296955996,1.090048087932649,2.3588810224187453,0.026021309717698768,-0.011506118192153894,0.025000000000000022,0.131
9.349991083145142,-173.65572817582034,-191.08073107060756,1.089452790329553,2.3607633030165465,0.023294110989487766,-0.01143327298323551,0.025000000000000022,0.131
9.399991035461426,-173.60107599286022,-190.9743289001656,1.0888790237273072,2.363115886294067,0.02077753699109072,-0.011382681632320172,0.025000000000000022,0.13
9.44999098777771,-173.54805196164364,-190.8713426461925,1.0882953978821002,2.3661790003903094,0.016269964595081343,-0.01147921974928767,0.025000000000000022,0.13
9.499990940093994,-173.49312533029558,-190.76539091024657,1.087698055985644,2.368956258125256,0.010258314699193912,-0.011669407529979949,0.025000000000000022,0.131
9.549990892410278,-173.4383718386762,-190.6599681165635,1.0870762489969739,2.37147822382607,0.014673287500919606,-0.011839372350735573,0.025000000000000022,0.13
9.599990844726562,-173.3839254381508,-190.55511301707,1.0864096740385467,2.3737403998550475,0.01680926852154138,-0.012557537186475384,0.025000000000000022,0.131
9.649990797042847,-173.33035652209813,-190.45233301530806,1.085795828704561,2.376644676777288,0.01499497746856425,-0.01274873857400415,0.025000000000000022,0.131
9.69999074935913,-173.27533268060455,-190.34730221842884,1.0851237481541711,2.379391329255232,0.025141007828828464,-0.012818134153007947,0.025000000000000022,0.131
9.749990701675415,-173.21931326026805,-190.24078997383648,1.0844900974542344,2.3814914156888234,0.0235814469870209,-0.01268291954662967,0.025000000000000022,0.131
9.7999906539917,-173.16443138499068,-190.1363997521403,1.0838416222679317,2.383302006545585,0.0261426599614551,-0.012631131108516408,0.025000000000000022,0.131
9.849990606307983,-173.10891646769582,-190.03109601470356,1.0831936085651404,2.385242833500773,0.024306525395255664,-0.012815646059963662,0.025000000000000022,0.131
9.899990558624268,-173.05320671411158,-189.92569206669728,1.0825133766716661,2.3871345677143117,0.02154914355188809,-0.012949976327774016,0.025000000000000022,0.131
9.949990510940552,-172.99790207201758,-189.82134535107596,1.0818381655312397,2.3892388680209087,0.020038561724213932,-0.01323912123224349,0.025000000000000022,0.131
9.999990463256836,-172.94187059512817,-189.71558655452975,1.081099326688803,2.390670018697091,0.01738129912473562,-0.013953969778339265,0.025000000000000022,0.131
10.04999041557312,-172.8858356389034,-189.61044959168476,1.080358505174972,2.3920120187233476,0.0105528701305286,-0.014608670276465022,0.025000000000000022,0.131
10.099990367889404,-172.8294738990034,-189.50517204299368,1.079564968607738,2.394192779750557,0.010427581256243207,-0.015183347355132933,0.025000000000000022,0.131
10.149990320205688,-172.77253736945244,-189.39899121263358,1.0787800091305915,2.3962398396260274,0.015468400068467645,-0.015351579700122851,0.025000000000000022,0.131
10.199990272521973,-172.7168074256844,-189.2952669371617,1.0780408732762479,2.3979240372297452,0.016893887614725246,-0.015267268694160327,0.025000000000000022,0.131
10.249990224838257,-172.65879835197467,-189.1876186045927,1.0772688030174553,2.400676738020275,0.011953661100027343,-0.015192241612484905,0.025000000000000022,0.131
10.299990177154541,-172.6011986126002,-189.08111120195457,1.0765030648136789,2.402600009936246,0.02169264538549638,-0.014925815762349562,0.025000000000000022,0.131
10.349990129470825,-172.54375728491195,-188.97483597587163,1.0757432309576793,2.4042992717213667,0.02988856542113053,-0.01487493369570468,0.025000000000000022,0.131
10.39999008178711,-172.48765469391708,-188.87127850253307,1.0750394436738109,2.4069427855591794,0.02584596730226734,-0.014753313130098157,0.025000000000000022,0.131
10.449990034103394,-172.42950881645794,-188.7641756564756,1.0743288435314926,2.409673760848458,0.018206622074164815,-0.014327833641623102,0.025000000000000022,0.131
10.499989986419678,-172.37086731545165,-188.65730628918274,1.0735606085476395,2.411398540931815,0.01714537775195935,-0.014384133877069142,0.025000000000000022,0.131
10.549989938735962,-172.31358045458546,-188.55280573429124,1.0727804676669719,2.4124960779941746,0.01409801126519563,-0.014892180017056509,0.025000000000000022,0.13198832023784243
10.599989891052246,-172.25536804294856,-188.4467994918382,1.071992202017295,2.412993557394546,0.011215473017844733,-0.015440651781209404,0.025000000000000022,0.131
10.64998984336853,-172.19863540055115,-188.34325761731924,1.0711617190454814,2.4143485969565024,0.017325645980548095,-0.015930413101869788,0.025000000000000022,0.131
10.699989795684814,-172.13990283447237,-188.2369876568841,1.0702792553250509,2.4138935971555653,0.021170892266143687,-0.016690179522384534,0.025000000000000022,0.131
10.749989748001099,-172.08230082539507,-188.13276504786424,1.0694128840611645,2.4146529908472396,0.024889871910184665,-0.017321610845109345,0.025000000000000022,0.1309297605974083
10.799989700317383,-172.02347801452774,-188.02604695085415,1.0684836564853588,2.4140856989269435,0.02143463977360677,-0.017733057525544525,0.024016020911505565,0.12901602091150555
10.849989652633667,-171.96679485894796,-187.92353163649167,1.0676120407501797,2.414815434387053,0.027566688498161587,-0.01788582348115011,0.02400000000000002,0.129
10.899989604949951,-171.90667601883945,-187.81525144082275,1.0667244587426623,2.4159070276161656,0.026291498711960286,-0.01754231126675772,0.02400000000000002,0.129
10.949989557266235,-171.84938212903077,-187.71157379488136,1.065849990356761,2.416719655583006,0.030117875940410876,-0.017314245150327832,0.02400000000000002,0.126
10.99998950958252,-171.78985101479157,-187.6039524615115,1.0650129056123798,2.4174364003964293,0.0211791352317031,-0.01700074748010813,0.02300000000000002,0.1229897619880994
11.049989461898804,-171.730838133285,-187.49748559939312,1.0642234533968067,2.418748385455986,0.025235896116842623,-0.01588458121302997,0.022953060449214132,0.12195306044921411
11.099989414215088,-171.67179130379682,-187.39093290774926,1.0634146525683137,2.419565221879978,0.03361733617285149,-0.015594657818561246,0.02200000000000002,0.121
11.149989366531372,-171.6132454270583,-187.2850433210226,1.062594110309713,2.4203379647348453,0.031018977325635803,-0.015899490151787175,0.02200000000000002,0.12
11.199989318847656,-171.5555523377612,-187.18062567890138,1.0617855908143878,2.421201594497329,0.030227250211794728,-0.016210939885376204,0.02200000000000002,0.12
11.24998927116394,-171.49614366688348,-187.07294318132537,1.0609708242329847,2.421118606891758,0.034172934124426034,-0.01599104497582626,0.02200000000000002,0.12002492825526533
11.299989223480225,-171.43768873040722,-186.96644372661166,1.0601242996444848,2.4201870381261448,0.04153596982332441,-0.01630161560293349,0.02200000000000002,0.1209576349322679
11.349989175796509,-171.3795006057868,-186.8605035304678,1.0592740237856415,2.4203367504027375,0.03336781201466147,-0.016784815298364158,0.02200000000000002,0.12
11.399989128112793,-171.32080881918995,-186.7538336638786,1.0584262529802124,2.420736069684852,0.03284945291674753,-0.016874903671465862,0.02200000000000002,0.11996920830700167
11.449989080429077,-171.26394314845504,-186.65041505767078,1.0575767679353656,2.4208245046678307,0.033697378940901135,-0.01703906801693017,0.02200000000000002,0.11991399136493823
11.499989032745361,-171.20619363996838,-186.54535280786087,1.0567214591204053,2.4191614707998625,0.033913442948635054,-0.01695229482880715,0.02200000000000002,0.119
11.549988985061646,-171.14784942715846,-186.439312335767,1.0558547522013488,2.418486019005011,0.029243713797182748,-0.01721769809523631,0.02200000000000002,0.119
11.59998893737793,-171.08884417189506,-186.3324979068021,1.0550362659557406,2.4183219933297866,0.026866699893682944,-0.016644811588116093,0.02200000000000002,0.12
11.649988889694214,-171.03145732853233,-186.22917305685064,1.054312840564041,2.418583264942544,0.030240365139591645,-0.015476791989484191,0.02200000000000002,0.12
11.699988842010498,-170.97223082346065,-186.1223829724298,1.0535471683769282,2.416689855633053,0.03775419038648997,-0.01466133388151336,0.02200000000000002,0.12
11.749988794326782,-170.91447839711333,-186.0185779971001,1.0528307499573413,2.4158691643759895,0.02786227601343709,-0.014543435947685908,0.02200000000000002,0.12
11.799988746643066,-170.85756915706708,-185.9165550102634,1.0521333247410212,2.415290298646895,0.027689757123856292,-0.014242955970834985,0.02200000000000002,0.12
11.84998869895935,-170.79841366071463,-185.81141662781408,1.0514878544992898,2.4152421298342257,0.028583408993645882,-0.013436110554081756,0.02200000000000002,0.12
11.899988651275635,-170.73830422337554,-185.70511717401484,1.0508324506716014,2.4151258610017696,0.02647991217759325,-0.012872499609983764,0.02200000000000002,0.119
11.949988603591919,-170.6804459716658,-185.60294934634317,1.050196522377663,2.415385867642234,0.0232786306300311,-0.012904927840580567,0.02200000000000002,0.119
11.999988555908203,-170.61916664679399,-185.49535789025012,1.0495921787736757,2.415561218211438,0.02300971835165466,-0.012146716847440382,0.02200000000000002,0.11905550506361984
12.049988508224487,-170.5606496248747,-185.39291397094726,1.049008336416128,2.4161870665837375,0.021142725188131824,-0.011930529418801725,0.02200000000000002,0.119
12.099988460540771,-170.50101710867685,-185.28885095202563,1.048393042804104,2.417259281768377,0.013951224965341815,-0.011987957912022396,0.02200000000000002,0.119
12.149988412857056,-170.44062863232782,-185.18348054181945,1.0477443050585098,2.4174981278603793,0.02648826422901293,-0.012246355227795472,0.02200000000000002,0.119
12.19998836517334,-170.38069646237565,-185.0790983246277,1.0470980579127849,2.4196014918038022,0.023716484269398132,-0.012919396825957328,0.02200000000000002,0.119
12.249988317489624,-170.31906361974703,-184.97254621874524,1.0464879189874479,2.4192008314946385,0.019926636324024284,-0.012555330111333963,0.02200000000000002,0.121
12.299988269805908,-170.2578773786315,-184.86729818551822,1.0458574473317157,2.420653075770959,0.0201650078633072,-0.012350822197780815,0.02200000000000002,0.12099704161319091
12.349988222122192,-170.19793679591368,-184.76412125824143,1.0452242370997384,2.421660832882733,0.017952389553220788,-0.012771280114084753,0.02200000000000002,0.12
12.399988174438477,-170.13762621131087,-184.66031447976536,1.0445706913926271,2.4222230618489373,0.018902964293513826,-0.012968054410743404,0.02200000000000002,0.12
12.44998812675476,-170.07586741887837,-184.55397075467312,1.0439045989423803,2.4230220448059083,0.01660391652441264,-0.013015085965233963,0.02200000000000002,0.119
12.499988079071045,-170.01520702010842,-184.45079960394415,1.0432453273548254,2.4227274091402244,0.01383232461928446,-0.013266888887597205,0.02200000000000002,0.119
12.549988031387329,-169.95267560021244,-184.34439745834942,1.0425712842618176,2.423326946291553,0.02348304295013814,-0.01303495237237187,0.02200000000000002,0.119
12.599987983703613,-169.89298958470468,-184.242821444783,1.0419493809564995,2.4253034519257497,0.02030596079599619,-0.01288839913504536,0.02200000000000002,0.119
12.649987936019897,-169.83142193642095,-184.13770111203712,1.041263277597716,2.426053833449727,0.02485546671975983,-0.013103825877174579,0.02200000000000002,0.119
12.699987888336182,-169.76976421217128,-184.0344792665007,1.0406217581071702,2.4265072100883915,0.02203344643046286,-0.013097160222820132,0.02200000000000002,0.119
12.749987840652466,-169.70864738925067,-183.93188099017107,1.0399779923324224,2.427738463729227,0.022196173668845392,-0.012983228368905054,0.02200000000000002,0.119
12.79998779296875,-169.6464459541443,-183.82725125447868,1.0393102907026281,2.4294091921078347,0.017960447169151968,-0.013135654084232203,0.02200000000000002,0.12
12.849987745285034,-169.5845018399894,-183.72364571170542,1.0386854447239773,2.4306901466272475,0.017097017606374137,-0.01267940512958818,0.02200000000000002,0.121
12.899987697601318,-169.52230990694972,-183.62027829741152,1.038071777416368,2.4325800774085606,0.018171440250060268,-0.012321036442126466,0.02200000000000002,0.121
12.949987649917603,-169.45951110487158,-183.5156024178556,1.0374364562620138,2.433947016445872,0.015842547299790195,-0.0123646554268955,0.02300000000000002,0.122
12.999987602233887,-169.3963044738534,-183.4102166693156,1.0368048743335838,2.436005085448396,0.020561836808560947,-0.012306238717728632,0.02300000000000002,0.1229597750578895
13.049987554550171,-169.3353184859292,-183.3086933319715,1.0361689469674964,2.4388234869610095,0.019278003627604068,-0.012593354208563504,0.02300000000000002,0.122
13.099987506866455,-169.27196706956434,-183.20399753318588,1.035550587538981,2.440198000932108,0.020566469680815484,-0.012429343614034846,0.02300000000000002,0.123
13.14998745918274,-169.20952837262428,-183.10031465935438,1.034890260544294,2.4426703552739144,0.025535561659316544,-0.012681695949500619,0.02300000000000002,0.122
13.199987411499023,-169.1463950122112,-182.99532789351048,1.0342360399832828,2.445245369292496,0.020616880286184157,-0.01298668630796655,0.02200000000000002,0.121
13.249987363815308,-169.08289719001198,-182.8900702375378,1.0335858847542752,2.4462613538197875,0.02377271526391444,-0.012874193480816436,0.02200000000000002,0.121
13.299987316131592,-169.02011034739238,-182.78639572467256,1.0329270546540263,2.4491174709190004,0.02597074759207057,-0.012888179303249285,0.02200000000000002,0.121
13.349987268447876,-168.9568086846348,-182.68182789809538,1.0323041066603829,2.4503424739755624,0.020170861610915566,-0.01270957325545312,0.02200000000000002,0.121
13.39998722076416,-168.8934098314046,-182.57661719137892,1.031631552333888,2.4517603535025296,0.02026313478996384,-0.012943945326554159,0.02200000000000002,0.121
13.449987173080444,-168.83042358337565,-182.47200737064733,1.0309692870979799,2.452823045937312,0.014653575978530156,-0.013120447577860688,0.02200000000000002,0.121
13.499987125396729,-168.76805404172498,-182.36856887937867,1.0303251154866928,2.4530769962288135,0.01843069153752135,-0.012925547282579372,0.02200000000000002,0.121
13.549987077713013,-168.70518210344093,-182.26414461090934,1.0296742102693657,2.453741630327069,0.023792461041622817,-0.012800484465544739,0.02200000000000002,0.121
13.599987030029297,-168.6426076006508,-182.1602527754774,1.0290444285101226,2.4540021898607014,0.025631223587702506,-0.012525641821058486,0.02200000000000002,0.121
13.649986982345581,-168.5800446888056,-182.05631145269285,1.028411119918925,2.4560021137446846,0.01953654287992042,-0.012668618823804946,0.02200000000000002,0.12
13.699986934661865,-168.51736561954198,-181.95268176353883,1.0278009782212432,2.4556288232759247,0.017655028340808558,-0.012454253484093403,0.02200000000000002,0.119
13.74998688697815,-168.4549168618554,-181.8497139890131,1.0272512263792353,2.456106166097228,0.023714422923428447,-0.011608404176727653,0.02200000000000002,0.119
13.799986839294434,-168.39237246505186,-181.7464293255814,1.0266802324794666,2.4567574297110903,0.02059476345779898,-0.011364277888538306,0.02100000000000002,0.11699999999999999
13.849986791610718,-168.32909130893088,-181.64171026718952,1.0260741640426758,2.457720618311638,0.021679539076190146,-0.011619159849315077,0.02100000000000002,0.11599999999999999
13.899986743927002,-168.2666445220385,-181.5381595621024,1.0255117923736488,2.4577319633565695,0.016325649412551338,-0.011591668384320979,0.02100000000000002,0.11699999999999999
13.949986696243286,-168.20500266530428,-181.43586719816545,1.0249348816706316,2.4581223600021755,0.016887108277825483,-0.011503027697487825,0.02100000000000002,0.11599999999999999
13.99998664855957,-168.14205899274842,-181.33137232585173,1.0243356057068715,2.4594149974673676,0.02356370571534086,-0.011437617340425487,0.02100000000000002,0.11599999999999999
14.049986600875854,-168.0794921235528,-181.22800101679186,1.023836370843095,2.460639525134472,0.01859122549634597,-0.010948387879132944,0.02100000000000002,0.11410049739459971
14.099986553192139,-168.01703016980946,-181.12461172303932,1.0233583286377776,2.4604682236865862,0.0168786454129534,-0.01010447975695246,0.020000000000000018,0.11299999999999999
14.149986505508423,-167.95397138721626,-181.02044873318508,1.0229036906597,2.4612908454150726,0.015310723760965015,-0.009259262268937318,0.020000000000000018,0.11199999999999999
14.199986457824707,-167.8910063985172,-180.916702153521,1.0224745038175238,2.4613883269450185,0.014329619197064818,-0.008808037248883164,0.020000000000000018,0.11099999999999999
14.249986410140991,-167.82767555371248,-180.8126491899281,1.0220432363145389,2.4621626825056286,0.0180183866190281,-0.008658754004620963,0.020000000000000018,0.11099999999999999
14.299986362457275,-167.7634194330619,-180.70735789580206,1.0215874351226308,2.46185300770221,0.009000403450378707,-0.00874402523112808,0.020000000000000018,0.10999999999999999
14.34998631477356,-167.69918595646953,-180.60236848586058,1.0211126000405533,2.461914863444735,0.004510185210585117,-0.009139220066004644,0.020000000000000018,0.10899999999999999
14.399986267089844,-167.63518435376955,-180.49807093191623,1.0206122313328851,2.4628243802148706,0.002266459152494028,-0.009778173684913533,0.020000000000000018,0.10899999999999999
14.449986219406128,-167.57050178335896,-180.3927122871831,1.0200364044268855,2.4626072694047876,0.01331063430026524,-0.010538890908044652,0.019000000000000017,0.10799999999999998
14.499986171722412,-167.50675187211456,-180.28967067305615,1.019446652609517,2.4628396321944015,0.015847369691818387,-0.011388753970830393,0.019000000000000017,0.10799999999999998
14.549986124038696,-167.44254551233706,-180.18588112171858,1.018815123641714,2.462713156474892,0.010639840514621957,-0.01220956020121094,0.019000000000000017,0.10799999999999998
14.59998607635498,-167.3773409699879,-180.08058338105096,1.018189272835088,2.464081808596953,0.014053616428472485,-0.012514761025169272,0.019000000000000017,0.10699999999999998
14.649986028671265,-167.3131505911828,-179.9767795732321,1.0175501324197322,2.46511160527979,0.015002912235725294,-0.012806946370823516,0.019000000000000017,0.10699999999999998
14.699985980987549,-167.2490537689735,-179.87453020036997,1.0169624862065416,2.4651248538025117,0.011943516582792062,-0.012422626140169512,0.019000000000000017,0.10699999999999998
14.749985933303833,-167.1839539413987,-179.77059497841805,1.0164087393814647,2.4659252710361224,0.014318963334670568,-0.011702609825851642,0.019000000000000017,0.10699999999999998
14.799985885620117,-167.11975078380803,-179.66802757693978,1.0158853449491778,2.4665385124031296,0.01654756357606625,-0.011023929509197644,0.019000000000000017,0.10614661031718367
14.849985837936401,-167.05404635975484,-179.56274209635026,1.0153383721210643,2.4663723933754156,0.006246496552665211,-0.010928673980285783,0.019000000000000017,0.10599999999999998
14.899985790252686,-166.98878256556267,-179.45862396930923,1.014810818076993,2.4664266640490413,0.018424165410751425,-0.010501982261968301,0.019000000000000017,0.10499999999999998
14.94998574256897,-166.9243044804449,-179.35563650622893,1.0143123883212701,2.4660752868376297,0.018023288741420274,-0.010268570458980964,0.018000000000000016,0.10399999999999998
14.999985694885254,-166.8594957331341,-179.25200118424743,1.013805640603599,2.4653529066745317,0.016990358047779913,-0.010091339335442621,0.018000000000000016,0.10199999999999998
15.049985647201538,-166.79414855086057,-179.14799199695776,1.0133416386007672,2.464783778017405,0.01633149015725533,-0.009616361789478951,0.018000000000000016,0.10199999999999998
15.099985599517822,-166.72804008379688,-179.04323271609474,1.012887546622368,2.4644040657408968,0.01572970675329894,-0.009364786059200969,0.018000000000000016,0.10207825212979801
15.149985551834106,-166.66273438164188,-178.93965984600263,1.0124282791809907,2.4641142304984083,0.021797640769165585,-0.009138989047990632,0.018000000000000016,0.10199999999999998
15.19998550415039,-166.59646720694093,-178.83445852147383,1.0119418318546431,2.46335867457038,0.018623868191362896,-0.00934148619843792,0.018000000000000016,0.10199999999999998
15.249985456466675,-166.52994311766886,-178.72927431604703,1.0114788463499196,2.4640061251153305,0.012566812209268127,-0.009450839723395579,0.018000000000000016,0.10199999999999998
15.299985408782959,-166.46377470616915,-178.62526004713877,1.0110544166671849,2.46430142579738,0.006342086192724963,-0.009088510398806865,0.018000000000000016,0.10299999999999998
15.349985361099243,-166.39695131161065,-178.52015677564486,1.0106242302498463,2.4647698068594326,0.006082446377498241,-0.008608281768669835,0.018000000000000016,0.10299999999999998
15.399985313415527,-166.33054017053993,-178.41582596813407,1.010212746664047,2.4646922656812587,0.007270616785157542,-0.008300513645124801,0.018000000000000016,0.10299999999999998
15.449985265731812,-166.2641058278113,-178.31150653730927,1.0098099541195797,2.4650942702585046,0.006319670505042189,-0.008182107720744559,0.018000000000000016,0.10299999999999998
15.499985218048096,-166.19795002126787,-178.20867643671411,1.0093794471743802,2.4650873893521976,0.00887963899465972,-0.00831921070386412,0.018000000000000016,0.10393942857142856
15.54998517036438,-166.13061435973162,-178.10396624163943,1.0089744717751055,2.4655385898758144,0.005764145414090224,-0.008305647603912314,0.019000000000000017,0.10499999999999998
15.599985122680664,-166.06467158175528,-178.0012214576741,1.0085706081521815,2.465625899543261,0.010605087718781728,-0.008141328490161633,0.018000000000000016,0.10399999999999998
15.649985074996948,-165.9984665650709,-177.89801441175592,1.0081901033194127,2.4662283445043154,0.008471588040496792,-0.007913324678286916,0.019000000000000017,0.10499999999999998
15.699985027313232,-165.9312751269457,-177.79405982088267,1.0078473569843507,2.465672608024742,0.01044056755510676,-0.007414290835553616,0.019000000000000017,0.10499999999999998
15.749984979629517,-165.86500272176207,-177.69129309850186,1.0075223519784422,2.465750328667945,0.0043938125504576365,-0.007002671713833743,0.019000000000000017,0.10499999999999998
15.7999849319458,-165.7985381297306,-177.58808978181466,1.0072122965738552,2.465083902378257,0.00611123499100895,-0.006629204748696645,0.018000000000000016,0.10399999999999998
15.849984884262085,-165.73172090889204,-177.48424581017824,1.0069232332576756,2.4647607027298526,0.0036102570494139395,-0.006115645161774563,0.01802959574731118,0.10402959574731115
15.89998483657837,-165.66543130466485,-177.38197056796596,1.0066618332964241,2.4655148009584744,0.0005759342945725696,-0.00572354122290288,0.019000000000000017,0.10499999999999998
15.949984788894653,-165.59975530420732,-177.28035467580338,1.0063892658937303,2.4651264809551394,0.002035658555550955,-0.005461312208106598,0.019000000000000017,0.10499999999999998
15.999984741210938,-165.5329837833934,-177.17713017448654,1.0061716137528618,2.4649849291993444,-0.002160425646760806,-0.005035016860906946,0.019000000000000017,0.10499999999999998
16.04998469352722,-165.46614437148577,-177.07396429589946,1.0059268911674861,2.464953206572436,0.006987001187204005,-0.004762324177153462,0.019000000000000017,0.10499999999999998
16.099984645843506,-165.39860568545308,-176.9702390862502,1.0057053127127344,2.4646546670959224,0.005630977771398529,-0.004690846019025279,0.019000000000000017,0.10599999999999998
16.14998459815979,-165.33052138726617,-176.8653942150556,1.0054720963999315,2.4645897426824175,0.005635474481593167,-0.004701929028231999,0.019000000000000017,0.10699999999999998
16.199984550476074,-165.26338829747442,-176.7621027056644,1.0052963656677296,2.465190504751316,0.003041653239615671,-0.004258294676441416,0.019000000000000017,0.10599999999999998
16.24998450279236,-165.1959734485915,-176.65837268923414,1.0050893413208275,2.4664198838629146,0.0026384771384202177,-0.004076393620609898,0.019000000000000017,0.10599999999999998
16.299984455108643,-165.12744770752698,-176.5534174369933,1.0049216227398106,2.466291670071579,0.0006830892923828968,-0.003823041712683378,0.019000000000000017,0.10502294432241427
16.349984407424927,-165.0598065618695,-176.44960780858196,1.0047347398262403,2.4679764479093502,0.0010782599789925925,-0.0038416702622806774,0.019000000000000017,0.10599999999999998
16.39998435974121,-164.99205172965125,-176.3456234885062,1.0045786618294485,2.4688332970069937,-0.0037397717673103414,-0.003515184984212463,0.019000000000000017,0.10499999999999998
16.449984312057495,-164.92499760563,-176.24245354235356,1.0043982644453673,2.4694438110194836,-0.0063591851382278144,-0.003786207000186684,0.019000000000000017,0.10599999999999998
16.49998426437378,-164.8567635862945,-176.13779894157443,1.0042135311267406,2.469510893034801,0.001930019100531647,-0.0036501746395399023,0.019000000000000017,0.10699999999999998
16.549984216690063,-164.7890244116093,-176.03393716257955,1.0040949169081494,2.470033241692548,-0.001501413838554455,-0.0032430224730933817,0.019000000000000017,0.10799999999999998
16.599984169006348,-164.72079242597906,-175.92895132146987,1.0039417767781003,2.4707089179013546,0.0011786048535368612,-0.0028785435105550196,0.020000000000000018,0.10899999999999999
16.649984121322632,-164.65375868886827,-175.82564651940152,1.0038049883036293,2.4703708403668934,0.0003342703492505638,-0.0028744568515636265,0.020000000000000018,0.11199999999999999
16.699984073638916,-164.58671077371088,-175.72243747742482,1.0036584385969345,2.4707707328883624,0.005432404545209277,-0.0029631637130692373,0.020000000000000018,0.11299999999999999
16.7499840259552,-164.51968077585946,-175.6193045371266,1.0035616147464157,2.4709500692459865,0.00024854893773152667,-0.002512829271085074,0.020000000000000018,0.11199999999999999
16.799983978271484,-164.4517603853139,-175.51436268738587,1.0034038943990244,2.4712443223584906,0.002754356991600626,-0.0026843262893434796,0.020000000000000018,0.11299999999999999
16.84998393058777,-164.38471946217746,-175.41076357809612,1.0032523568985414,2.4724930162168124,-0.0018669160240093532,-0.002983415913365681,0.020000000000000018,0.11297748135398737
16.899983882904053,-164.31823770758487,-175.30805552067875,1.003087469206926,2.472682735037531,-0.0019475297083424454,-0.0031625282513808293,0.020000000000000018,0.11299999999999999
16.949983835220337,-164.25037732464662,-175.20306735909497,1.0028607069322097,2.4736473981148315,0.005302340396279118,-0.0037438136698283624,0.020000000000000018,0.11299999999999999
16.99998378753662,-164.1834838321044,-175.09960967696827,1.0026262995139898,2.474909829576255,0.005077307650627232,-0.004559498080283039,0.02100000000000002,0.11399999999999999
17.049983739852905,-164.1161180878999,-174.99562392555003,1.0023905791944234,2.476653765337383,0.002586682716593163,-0.004868100644729821,0.02100000000000002,0.11399999999999999
17.09998369216919,-164.04795270522715,-174.89065412666315,1.0021716706313701,2.478605938452959,0.0020540964980600386,-0.004695370652691158,0.02100000000000002,0.11499999999999999
17.149983644485474,-163.98073948542356,-174.78684368903222,1.0019129074268898,2.4810509099830838,0.009721175998387703,-0.004774643959324245,0.02100000000000002,0.11399999999999999
17.199983596801758,-163.91327510944495,-174.68276077299558,1.0016969304872827,2.482722373769631,0.007718845475951368,-0.004762940286374564,0.02100000000000002,0.11499999999999999
17.249983549118042,-163.84493951914675,-174.57702912400626,1.001451178631003,2.484233636033027,0.0015768241753621078,-0.004914618631573075,0.02100000000000002,0.11499999999999999
17.299983501434326,-163.7776461909626,-174.47269901943278,1.0012479217654742,2.4862578263464115,0.0042552162852712554,-0.004609404891327502,0.02100000000000002,0.11599999999999999
17.34998345375061,-163.71045391110147,-174.36840856629226,1.001077112848061,2.4880741024585156,0.0022168313340556207,-0.0040945739562376566,0.02100000000000002,0.11599999999999999
17.399983406066895,-163.64224378703594,-174.26249075425017,1.0009288712925,2.488438699099773,0.008957445397249271,-0.0033739803417319144,0.02100000000000002,0.11599999999999999
17.44998335838318,-163.5745121113482,-174.1573339140284,1.0008301280757397,2.489872556342075,0.0035143623000714213,-0.0026805917094388128,0.02100000000000002,0.11599999999999999
17.499983310699463,-163.50748366722874,-174.05299605840608,1.0007479341653918,2.4902363584420137,0.01456651925072813,-0.001961405631281148,0.02100000000000002,0.11699999999999999
17.549983263015747,-163.43959612954353,-173.94763628405303,1.00073979979228,2.491645821608977,0.008101526667714304,-0.001190779552483953,0.02100000000000002,0.11699999999999999
17.59998321533203,-163.37244622464857,-173.84325808129483,1.000705250139926,2.4919394118235916,0.0033499895290782554,-0.0007913770137513885,0.02200000000000002,0.118
17.649983167648315,-163.30508381094842,-173.73856989558234,1.0006704783027407,2.4928879765977734,0.007032849051802085,-0.0007612536704169417,0.02200000000000002,0.119
17.6999831199646,-163.23708244690428,-173.633050047357,1.0006358878354102,2.4931288409152796,0.007488685276909423,-0.0008597156460450763,0.02200000000000002,0.121
17.749983072280884,-163.1696028817665,-173.52851349507398,1.000623143226852,2.4938629368396374,-0.0055219503142972005,-0.0008992890774703613,0.02200000000000002,0.121
17.799983024597168,-163.1029033975386,-173.42502152888704,1.0005679106624437,2.4947323702962474,0.0028628603176517574,-0.0009532014484674128,0.02200000000000002,0.12
17.849982976913452,-163.03450096793836,-173.31904271794156,1.0005237603092731,2.4960941114393917,0.0020418425160516657,-0.0011986323937806362,0.02200000000000002,0.12
17.899982929229736,-162.96591502407762,-173.21298033607718,1.0004779197922227,2.497575050009692,0.0007920908886279608,-0.0012967959183015334,0.02200000000000002,0.12096149304188761
17.94998288154602,-162.89759172701474,-173.10731546852145,1.0003987101014467,2.497933793705449,0.00676221889024557,-0.0014722700186496904,0.02200000000000002,0.121
17.999982833862305,-162.82946196807336,-173.0020570180748,1.0002956608349949,2.4986412490617154,0.008112344278671411,-0.0018485287914308387,0.02200000000000002,0.12
18.04998278617859,-162.76058086641106,-172.89575525090916,1.0001397832447771,2.4997988009556464,0.00750604916972561,-0.002655659585938509,0.02200000000000002,0.121
18.099982738494873,-162.69175372176187,-172.7897826634873,0.9999764418891343,2.5012553893340064,-0.00019434695360002856,-0.0035591428027425,0.02200000000000002,0.121
18.149982690811157,-162.62263093438065,-172.68330027441846,0.9997614762995556,2.5017933092823172,0.0066686481863602425,-0.0039779755361281565,0.02200000000000002,0.121
18.19998264312744,-162.5529465965677,-172.57593954552527,0.9995193435807372,2.5037525938679677,0.005015828752479283,-0.004676953535982601,0.02200000000000002,0.121
18.249982595443726,-162.48387334656772,-172.46960806122908,0.9992726135019582,2.5038796671547683,0.0009254468794298882,-0.005124525618431187,0.02200000000000002,0.121
18.29998254776001,-162.41448960263068,-172.36302879652828,0.9990635274649443,2.50537318567178,0.0018312362080608689,-0.004864099173352925,0.02200000000000002,0.121
18.349982500076294,-162.3446323661258,-172.255610119861,0.9988485602102217,2.505356625771113,0.0031196163964682297,-0.0045975905848450955,0.02200000000000002,0.121
18.399982452392578,-162.27605743558698,-172.15009216202532,0.998649926496944,2.5063655543530077,0.0014270973313254753,-0.004376370488138838,0.02200000000000002,0.121
18.449982404708862,-162.20684797764528,-172.04342072866788,0.9984311839505058,2.5069046229273373,0.009150848186529642,-0.004228819016814001,0.02200000000000002,0.121
18.499982357025146,-162.13793586974816,-171.937512677534,0.9982416568964572,2.5078537095337063,0.008618354245176332,-0.004287237702111475,0.02200000000000002,0.121
18.54998230934143,-162.0693512828421,-171.83183736177003,0.9980312495226454,2.508943063661924,0.014747548937942105,-0.004256835478140933,0.02300000000000002,0.122
18.599982261657715,-162.00082722551466,-171.726454019731,0.9978768919969428,2.509305200314565,0.013888868326585029,-0.003901697360272218,0.02300000000000002,0.122
18.649982213974,-161.9321586077454,-171.6204851207452,0.9976776908108299,2.5100007817372303,0.009624519768453407,-0.0039089868272404946,0.02400000000000002,0.126
18.699982166290283,-161.8641132974257,-171.5157718876223,0.997514533351906,2.5086749122274026,0.010807442226741156,-0.003781052313085085,0.02400000000000002,0.126
18.749982118606567,-161.79571533715963,-171.41025431102642,0.9973130440974327,2.509798979309179,0.016829346156289796,-0.00382435125464918,0.02400000000000002,0.12601111137776286
18.79998207092285,-161.72732420410236,-171.30467588068308,0.9971139662555227,2.509881739371824,0.014401506030266766,-0.004001139634559152,0.02400000000000002,0.12696698213400676
18.849982023239136,-161.65958536668333,-171.20006626759795,0.9969112449079158,2.509577323791567,0.012886122856878967,-0.004115337016399615,0.02400000000000002,0.126
18.89998197555542,-161.59189612604374,-171.09596994310553,0.9966754510331873,2.5099849307706315,0.01442243533599672,-0.004469525814324365,0.02400000000000002,0.126
18.949981927871704,-161.52270776103705,-170.98972454447212,0.9964810290712068,2.509511883536165,0.017557187043973698,-0.004276555988788719,0.02400000000000002,0.126
18.99998188018799,-161.45517222396393,-170.8857783584012,0.9962515881767968,2.5095317383760816,0.01731603100536541,-0.004397105864999577,0.02400000000000002,0.126
19.049981832504272,-161.3860471642813,-170.77929293179758,0.9959957584341874,2.5104704588184794,0.022324115393086076,-0.004725841478245006,0.02400000000000002,0.128
19.099981784820557,-161.31800660944046,-170.6744316875977,0.9957284823141386,2.5110888867863297,0.015347501752793681,-0.005365655901524035,0.02400000000000002,0.129
19.14998173713684,-161.24849069638802,-170.56729280833528,0.9954400582640076,2.5117113620086435,0.01643716168192598,-0.005727908787832517,0.025000000000000022,0.13
19.199981689453125,-161.18052262033956,-170.46256902609173,0.995155972441714,2.512670652016577,0.0176383754220122,-0.005722749276210539,0.025000000000000022,0.13
19.24998164176941,-161.11152648039888,-170.3564180764216,0.9948555002838871,2.513021413746307,0.01779482788377569,-0.0059022555296981164,0.025000000000000022,0.13
19.299981594085693,-161.0418223407665,-170.24939461938212,0.9945462024094648,2.5147085034960437,0.016254963326243273,-0.006114035247500041,0.025000000000000022,0.13197247468801507
19.349981546401978,-160.9728068884868,-170.14336813314176,0.9942206770817753,2.515444787830492,0.020445795744605064,-0.006273427619507639,0.025000000000000022,0.131
19.39998149871826,-160.9041815295346,-170.03805552078737,0.993900485137736,2.516390440270307,0.014954896888994202,-0.006672125573680871,0.025000000000000022,0.133
19.449981451034546,-160.83478110059002,-169.93140217486103,0.9935371316298997,2.517064748487043,0.022445326971668983,-0.0068643792873821045,0.025000000000000022,0.133
19.49998140335083,-160.7666570441975,-169.82697707362976,0.9931925439884709,2.5168223725027046,0.022888655443967433,-0.007140564703200161,0.025000000000000022,0.133
19.549981355667114,-160.69790558759848,-169.72158394702225,0.992836883626939,2.5176258289539466,0.020350420740500554,-0.007304348362723344,0.025000000000000022,0.133
19.5999813079834,-160.62900329872414,-169.6160854268957,0.9924874940363253,2.517836817560559,0.02026422358869485,-0.007269281500743495,0.025000000000000022,0.132
19.649981260299683,-160.56081380527593,-169.51167345887967,0.9921094139884157,2.5192540909889325,0.014505921316559141,-0.007445195907075825,0.025000000000000022,0.132
19.699981212615967,-160.49178749422185,-169.40702203408358,0.9917675965260425,2.5198577413693792,0.012820113569295112,-0.007321539221030936,0.025000000000000022,0.131
19.74998116493225,-160.42278862336445,-169.30226860894408,0.9913906066325389,2.5206213956777983,0.01081486917949833,-0.0075056351487521366,0.019000000000000017,0.10799999999999998
19.799981117248535,-160.35344379106516,-169.1971235955607,0.9910381075466803,2.5207039446514274,0.00850337120286487,-0.007352596682862858,0.019000000000000017,0.10799999999999998
19.84998106956482,-160.2845293873283,-169.09280249168873,0.9907192036175392,2.5211079027803756,0.013549085054025477,-0.0069447906950185195,0.018000000000000016,0.10199999999999998
19.899981021881104,-160.21466346779906,-168.9870560705512,0.9904047837295207,2.522243296817838,0.014831153384279235,-0.006607431905298958,0.018000000000000016,0.10199999999999998
19.949980974197388,-160.1446743634456,-168.8810397431953,0.9900740133931167,2.522723170937353,0.015571292837785234,-0.0066592616604094785,0.016000000000000014,0.09599999999999997
19.999980926513672,-160.0757078324764,-168.7766432284434,0.9897589286826197,2.524237860044386,0.011061245692234382,-0.006623936153226318,0.016000000000000014,0.09599999999999997
20.049980878829956,-160.00461243225203,-168.66906078141017,0.9894169512355315,2.525897643924591,0.01809108225136455,-0.006738553770867565,0.015000000000000013,0.08999999999999997
20.09998083114624,-159.93432125055912,-168.56283704828235,0.989082926400723,2.527610225043144,0.014146093897504854,-0.006954671641084418,0.015000000000000013,0.08999999999999997
20.149980783462524,-159.86436805226293,-168.45687139042022,0.9886862148198353,2.528662152427528,0.015734719054441793,-0.007510753423431704,0.014000000000000012,0.08399999999999996
20.19998073577881,-159.79353294054798,-168.34967102492496,0.9882683147362787,2.530282503005681,0.01308839692853104,-0.008112366446414556,0.014000000000000012,0.08399999999999996
20.249980688095093,-159.72358746092965,-168.24374159724442,0.9878033755057535,2.530657519378048,0.01718933971828549,-0.008939248440462243,0.01200000000000001,0.07799999999999996
20.299980640411377,-159.65371275716387,-168.13808803032515,0.987335725781688,2.528185091959863,0.014460536442994106,-0.009572811495756808,0.01200000000000001,0.07799999999999996
20.34998059272766,-159.58226876488035,-168.03001627713564,0.9868522580331626,2.5271083798636367,0.021679034219381266,-0.009799982558156242,0.01100000000000001,0.07199999999999995
20.399980545043945,-159.5127326260002,-167.92482315385652,0.9863618302796054,2.5264351252825454,0.015181548625872473,-0.010127522388779113,0.01100000000000001,0.07199999999999995
20.44998049736023,-159.4423813909156,-167.8184680309842,0.9858760499541186,2.5244486097752437,0.013816340872808254,-0.010174777427597904,0.009000000000000008,0.06599999999999995
20.499980449676514,-159.37176460398373,-167.71170854331478,0.9854006885174051,2.5208414879930023,0.018053075183258868,-0.00990267150426492,0.009000000000000008,0.06599999999999995
20.549980401992798,-159.30256386399918,-167.60719324294416,0.9849731647644925,2.5172422034568034,0.0190569122707956,-0.00944331296739599,0.008000000000000007,0.06000000000000005
20.599980354309082,-159.23348725751342,-167.50275460983465,0.9845471286614241,2.5140368829092528,0.016798131959544226,-0.009110782069263499,0.008000000000000007,0.06000000000000005
20.649980306625366,-159.1633123143399,-167.3966696999154,0.984130880955373,2.510559003792489,0.019254238510824438,-0.008629923935807096,0.006000000000000005,0.05400000000000005
20.69998025894165,-159.09419654491592,-167.29292903368247,0.9837738282001482,2.507590968131533,0.01805748498401619,-0.008058033509039704,0.006000000000000005,0.05400000000000005
20.749980211257935,-159.02512348928403,-167.18904234790782,0.9834007087123335,2.504860156958469,0.021449010593538438,-0.007791943258880467,0.0050000000000000044,0.04800000000000004
20.79998016357422,-158.95479179818045,-167.08323758577086,0.9830447507305629,2.5014335725470356,0.02037920564908408,-0.007524303550982412,0.0050000000000000044,0.04800000000000004
20.849980115890503,-158.88520111276196,-166.97885413485372,0.9826915274227114,2.4981618845817017,0.02777461511079536,-0.00726202938079361,0.0040000000000000036,0.04200000000000004
20.899980068206787,-158.8152595869889,-166.87450793972604,0.9823780295062648,2.4937956762561226,0.02472086552210164,-0.006997005796014238,0.0040000000000000036,0.04200000000000004
20.94998002052307,-158.74488404290062,-166.76934900394747,0.982063839321907,2.49072531032408,0.02504706113900486,-0.006778045659724678,0.0020000000000000018,0.03600000000000003
20.999979972839355,-158.6755750468026,-166.6656069491587,0.9817554893938342,2.486792911599185,0.02537781517877189,-0.006514551607202471,0.0020000000000000018,0.03600000000000003
21.04997992515564,-158.60574092053915,-166.56187792087871,0.9814946554535272,2.483462532752765,0.021138954592496755,-0.006119924333753362,0.0010000000000000009,0.030000000000000027
21.099979877471924,-158.5354916927776,-166.4583613814543,0.9812619891673672,2.480050975636923,0.015506746233647818,-0.00547072321366858,0.0010000000000000009,0.030000000000000027
21.149979829788208,-158.46511279538547,-166.35450637275207,0.9810627854472677,2.4765439410763266,0.011817172798420634,-0.004782952186133589,0.0,0.02400000000000002
21.199979782104492,-158.3952433915361,-166.2511584741554,0.9808786776327202,2.4735185282431136,0.01719701464274044,-0.004076426924021325,0.0,0.02400000000000002
21.249979734420776,-158.3257307530768,-166.14838007616999,0.980699449394067,2.4705857821264074,0.019623512686343735,-0.003860858568779025,0.0,0.018000000000000016
21.29997968673706,-158.2552363448823,-166.0445013966619,0.9805495105104274,2.4679664331121827,0.021247605962800373,-0.0035384185825190063,0.0,0.018000000000000016
21.349979639053345,-158.1857701438394,-165.94182962896977,0.9804187893913466,2.4656385877973634,0.026384346023198856,-0.0030925599010831976,0.0,0.01200000000000001
21.39997959136963,-158.11671400260093,-165.83945025128068,0.9803011926934,2.462296529970584,0.029342754651484906,-0.0027891970840919016,0.0,0.01200000000000001
21.449979543685913,-158.04683758862564,-165.73566012409415,0.9802337753180149,2.4584917752416073,0.028581265192899448,-0.002216395425326755,0.0,0.006000000000000005
21.499979496002197,-157.97914361365048,-165.63584694049294,0.980194681173451,2.454381197502646,0.02727673010922215,-0.0015169126653584214,0.0,0.006000000000000005
21.54997944831848,-157.90968653965956,-165.53293440348494,0.9801410595227215,2.4495613803411356,0.03289586439638287,-0.0011277059583862084,0.0,0.0
21.599979400634766,-157.84098901609585,-165.4310145427922,0.9801252654316746,2.446933081118779,0.02426395043504271,-0.0009124772146756243,0.0,0.0
21.64997935295105,-157.77364860379248,-165.3308204320028,0.9800909868362723,2.442617428709656,0.02455849120258356,-0.0007610128868861279,0.0,-0.007000000000000006
21.699979305267334,-157.70598085796803,-165.23085767269654,0.9800779717385866,2.439571986430392,0.020649488038878405,-0.0006963449547687714,0.0,-0.007000000000000006
21.749979257583618,-157.63720513697365,-165.1289493547997,0.9800498375543099,2.4365606470479975,0.021060169359591745,-0.0007173826564668775,0.0,-0.007000000000000006
21.799979209899902,-157.5695627032314,-165.0286847264027,0.9800563794735299,2.4336795697030866,0.0211290754906894,-0.0005499372767691325,0.0,-0.007000000000000006
21.849979162216187,-157.50164599914135,-164.92838563212328,0.9801094036696137,2.430807746393542,0.02491709417026776,0.00021498325477499128,0.0,-0.007000000000000006
21.89997911453247,-157.43288571080348,-164.82689773839812,0.9801388353293404,2.428344768834226,0.027939969175465866,0.0003963085550747148,0.0,-0.007000000000000006
21.949979066848755,-157.3646008007091,-164.7261562855381,0.980241138599664,2.426092423741063,0.025442644590782732,0.0010408524130478892,0.0,-0.007000000000000006
21.99997901916504,-157.29764986591866,-164.6270588866512,0.9803589546513165,2.424037890505987,0.024324235060547657,0.0016453200872862139,0.0,-0.007000000000000006
22.049978971481323,-157.22873412465714,-164.5250352133629,0.9805183424761117,2.4229451548644136,0.01929307314479347,0.0022187688751422116,0.0,-0.007000000000000006
22.099978923797607,-157.16105764497726,-164.42495262666256,0.9807024329012581,2.4216122545652876,0.016020933269327707,0.002824034548671826,0.0,-0.007000000000000006
22.14997887611389,-157.09365071441167,-164.32497707220622,0.9809123657042776,2.4203924447875336,0.015518597894278044,0.0035720295499193314,0.0,-0.007000000000000006
22.199978828430176,-157.02603652917475,-164.22448814924607,0.9811593412133948,2.418599877605583,0.011378292888697877,0.00420448106176681,0.0,-0.007000000000000006
22.24997878074646,-156.9579821937589,-164.12361634567213,0.9814553332987078,2.4169741525180286,0.015990362722084595,0.005067792659246082,0.0,-0.007000000000000006
22.299978733062744,-156.89005670454804,-164.02311623990866,0.9817593698537977,2.4152968486421247,0.016916779250343104,0.005658304337063735,0.0,-0.007000000000000006
22.34997868537903,-156.8221340702305,-163.92229038287314,0.9820448466700775,2.4141963165892286,0.017416700518348066,0.0056461521663919365,0.0,-0.007000000000000006
22.399978637695312,-156.75477575066736,-163.8221868566867,0.9823448070085737,2.4129699539626213,0.022742014224267693,0.005770671054434997,0.0,-0.007000000000000006
22.449978590011597,-156.68823208092385,-163.72309332906886,0.9826422447003419,2.411105938444113,0.012571412811173436,0.005572156869490353,0.0,-0.007000000000000006
22.49997854232788,-156.61992773799517,-163.62189302979417,0.9830102384775573,2.407899074412597,0.012251250445597066,0.006207351913062836,0.0,-0.007000000000000006
22.549978494644165,-156.55345955238855,-163.52315043166678,0.983372706166424,2.405791171989075,0.006348794801473517,0.006655274514959379,0.0,-0.007000000000000006
22.59997844696045,-156.48687475922648,-163.42426583616628,0.983785282594564,2.4031651194710526,0.00860980439405962,0.007503078050744785,0.0,-0.007000000000000006
22.649978399276733,-156.42034271544262,-163.32505694258015,0.9841655665328565,2.4006453446975082,0.0019427228873434466,0.007496161929076149,0.0,-0.007000000000000006
22.699978351593018,-156.35422627311337,-163.22678544716888,0.9845564699437771,2.3980208758657833,0.006802859009395874,0.007634575363549964,0.0,-0.007000000000000006
22.7499783039093,-156.2879401270581,-163.1281308599906,0.9849699183269585,2.395805000558462,0.003993314372879325,0.007709027111724775,0.0,-0.007000000000000006
22.799978256225586,-156.22224176962544,-163.0300635756699,0.9853611268411873,2.3938274587564776,0.007747107470470857,0.007863508191854706,0.0,-0.007000000000000006
22.84997820854187,-156.15555899000964,-162.9304134028382,0.985766004561728,2.392065120287045,0.009558760432041458,0.007791189643202279,0.0,-0.007000000000000006
22.899978160858154,-156.0894926989966,-162.83164205546396,0.9861919103949806,2.390757624025323,0.016578152643611805,0.008006060720078827,0.0,-0.007000000000000006
22.94997811317444,-156.02360541145197,-162.73304844914654,0.9866318846008171,2.3892493392411382,0.007513772347418934,0.00834573007323778,0.0,-0.007000000000000006
22.999978065490723,-155.95696914568805,-162.63316856651565,0.9870953637551668,2.3876045624741393,0.004577999481318236,0.00862072837674128,0.0,-0.007000000000000006
23.049978017807007,-155.89080492910358,-162.53375489445506,0.9875431526204946,2.385690000454915,0.00810806187527832,0.008907548051351596,0.0,-0.007000000000000006
23.09997797012329,-155.82690743865277,-162.43762739159868,0.9880044040825938,2.3841072422964373,0.005839872528449325,0.00891163958881836,0.0,-0.007000000000000006
23.149977922439575,-155.7605385656086,-162.3375186582059,0.9884829461931042,2.3808502464016956,0.007688802480703854,0.009039738563490768,0.0,-0.007000000000000006
23.19997787475586,-155.6957976291213,-162.23970232799695,0.9889722372930307,2.379247610614421,0.00781931131847467,0.009453916607969945,0.0,-0.007000000000000006
23.249977827072144,-155.63013160917382,-162.14043235421667,0.9895048939696663,2.3766870843561314,0.0062612477057599316,0.009885712254461509,0.0,-0.007000000000000006
23.299977779388428,-155.56526661406772,-162.0425042569739,0.9900665583281424,2.374685308926261,0.011390986631677735,0.010615556562928523,0.0,-0.007000000000000006
23.349977731704712,-155.50092500253112,-161.94511571065436,0.9906100216015252,2.3722298197061074,0.009129531476501834,0.010772470064727655,0.0,-0.007000000000000006
23.399977684020996,-155.43632586195378,-161.84726169227037,0.9911839881088123,2.370637986604146,0.005945375038525417,0.011091066104977539,0.0,-0.007000000000000006
23.44997763633728,-155.37129351740617,-161.74873069982718,0.9917785321388699,2.3675757850554673,0.005191159896897669,0.011398124105176074,0.0,-0.007000000000000006
23.499977588653564,-155.3072671671052,-161.65161900295757,0.9923899083064109,2.364459955439307,0.009791578500108434,0.011652490599736047,0.0,-0.007000000000000006
23.54997754096985,-155.24354823719207,-161.55492905454315,0.9930162873808546,2.3620583767463463,0.0043980153411222475,0.012033687281294694,0.0,-0.007000000000000006
23.599977493286133,-155.1796266581369,-161.45767384172373,0.9936252908579885,2.358904695266105,0.0021620870806079453,0.012229606690684725,0.0,-0.007000000000000006
23.649977445602417,-155.1153277657007,-161.35957617073333,0.9942274939281879,2.3562121234814275,0.0009070099676417123,0.011986306105553781,0.0,-0.007000000000000006
23.6999773979187,-155.05234828471347,-161.26416137240832,0.9948336127447022,2.35301777923266,0.005724626360107491,0.011970170634869081,0.0,-0.007000000000000006
23.749977350234985,-154.98817165386873,-161.1666497830742,0.9954389482046638,2.35052381165469,0.00583330350342661,0.011843715641958347,0.0,-0.007000000000000006
23.79997730255127,-154.9248731715274,-161.07026330460204,0.9960229915353084,2.3473802504687025,0.0029245707028632217,0.011805797526951179,0.0,-0.007000000000000006
23.849977254867554,-154.86132373115515,-160.97354715510423,0.9966381624200266,2.345088228377641,0.0021497861227244746,0.011834593642597837,0.0,-0.007000000000000006
23.899977207183838,-154.79808743705237,-160.87705482734287,0.9972382190501109,2.3426345809027125,0.0014614407643011066,0.01176796744874914,0.0,-0.007000000000000006
23.949977159500122,-154.73452591418197,-160.78000512616856,0.9978345050397855,2.340999133987263,0.001314480859300987,0.011618510319238808,0.0,-0.007000000000000006
23.999977111816406,-154.67199700845964,-160.68442431980293,0.998398235254051,2.338300416424017,-0.00501185176591172,0.011377410462761094,0.0,-0.007000000000000006
24.04997706413269,-154.60813520127036,-160.58693708268004,0.9989563464500991,2.3352267661464468,-0.005332118430420944,0.011056624745192712,0.0,-0.007000000000000006
24.099977016448975,-154.54449225839383,-160.49012886425174,0.9995221195915269,2.3330048791978792,-0.010108369001630563,0.010896680552376222,0.0,-0.007000000000000006
24.14997696876526,-154.4808572927728,-160.39316639166648,1.000079896604026,2.330910833422432,-0.010037336759124257,0.010908416691905913,0.0,-0.007000000000000006
24.199976921081543,-154.41753987982898,-160.29653810849254,1.0006250883167194,2.3289082151778144,-0.011527171064959048,0.010766577033566553,0.0,-0.007000000000000006
24.249976873397827,-154.35312755037958,-160.19814494861993,1.0011957578534698,2.326487831554086,-0.0057835515981491245,0.010831195288111968,0.0,-0.007000000000000006
24.29997682571411,-154.28993933792162,-160.10204866066698,1.0017639529644702,2.3232720265679463,-0.003755914305642998,0.011015202193146147,0.0,-0.007000000000000006
24.349976778030396,-154.22726819658467,-160.0064113991119,1.0023264969320511,2.321507983689887,-0.005561284751144882,0.010946572423694461,0.0,-0.007000000000000006
24.39997673034668,-154.1632466729594,-159.90858897550348,1.0029504983760427,2.318936239014202,-0.008901205906400245,0.011296596947775907,0.0,-0.007000000000000006
24.449976682662964,-154.1007183469575,-159.81282287808122,1.0035920442683373,2.3171377353103386,-0.009734597531080283,0.012055005190508632,0.0,-0.007000000000000006
24.499976634979248,-154.0373956141776,-159.71645651023883,1.0042971961309324,2.3137490301146046,-0.011759627864911002,0.012998397049644329,0.0,-0.007000000000000006
24.549976587295532,-153.9744464238227,-159.62015705841276,1.0050033533036538,2.311037056084371,-0.012077157332389007,0.013612824050021989,0.0,-0.007000000000000006
24.599976539611816,-153.9126520480479,-159.5250016625904,1.0056621846931546,2.3074146031764653,-0.005958954809161892,0.013625782367470826,0.0,-0.007000000000000006
24.6499764919281,-153.849792722101,-159.4280136127096,1.00637107148278,2.304535737607454,-0.003914928782904947,0.013527414018747552,0.0,-0.007000000000000006
24.699976444244385,-153.78754380085536,-159.33240703969906,1.0070875185191277,2.30118782678855,-0.0013151737978925515,0.013899521300070461,0.0,-0.007000000000000006
24.74997639656067,-153.72572343492737,-159.23721860015056,1.0077986762365472,2.298092259841446,-0.0023581321694499877,0.01389279270536543,0.0,-0.007000000000000006
24.799976348876953,-153.66397160726396,-159.14182569679085,1.008497082987564,2.2942457436320023,-0.005549624866327155,0.013816500490254286,0.0,-0.007000000000000006
24.849976301193237,-153.60211441436888,-159.04595006038957,1.009183929752784,2.2913940193622766,0.0001954965455068544,0.013733723858222085,0.0,-0.007000000000000006
24.89997625350952,-153.54049900527744,-158.9512749570461,1.0098792992890542,2.2885718434669147,-0.0031653811932635563,0.013609949258793698,0.0,-0.007000000000000006
24.949976205825806,-153.47859235279094,-158.85598576398436,1.0105808086404018,2.285733903467416,-0.008740271219262949,0.013638605517931463,0.0,-0.007000000000000006
24.99997615814209,-153.41623366650154,-158.75961276248844,1.011258587799891,2.2823961099090364,-0.009638907927055955,0.013506471726470225,0.0,-0.007000000000000006
25.049976110458374,-153.35466052187016,-158.66455755846576,1.0119132085036875,2.279359489723371,-0.009866051574627945,0.01327473672475571,0.0,-0.007000000000000006
25.099976062774658,-153.29275505771523,-158.5693244665688,1.0125855553377217,2.2779691269838866,-0.010245529000536458,0.013206767097168318,0.0,-0.007000000000000006
25.149976015090942,-153.23000802761905,-158.47236569980865,1.0132519589258508,2.275806125149417,-0.007096723015289379,0.013106520245563193,0.0,-0.007000000000000006
25.199975967407227,-153.16868867801955,-158.37748954651346,1.0139222783813708,2.2738658839793153,-0.007437147336162713,0.013331717926642976,0.0,-0.007000000000000006
25.24997591972351,-153.10677629310004,-158.2815424857179,1.0145874471908485,2.271829036598693,-0.003777898739242966,0.01333411240243629,0.0,-0.007000000000000006
25.299975872039795,-153.04445441163202,-158.18512822834265,1.015286093676438,2.269891066989752,-0.012797667957390332,0.013391941492590063,0.0,-0.007000000000000006
25.34997582435608,-152.9832022419758,-158.08987932656368,1.0159478639862691,2.2675304348110017,-0.00941097121482323,0.013420780567653926,0.0,-0.007000000000000006
25.399975776672363,-152.92145105143098,-157.99346080975334,1.01660882095812,2.266682426649561,-0.007942842876470436,0.013170031619580861,0.0,-0.007000000000000006
25.449975728988647,-152.86119491615744,-157.89931073116412,1.0173086358311805,2.2649530058574814,-0.01470398090517654,0.013430534551017502,0.0,-0.007000000000000006
25.49997568130493,-152.79908201705612,-157.80265987769425,1.0180331915984373,2.2620423115991093,-0.01562654188903123,0.013972740893593806,0.0,-0.007000000000000006
25.549975633621216,-152.73866722360927,-157.70837015294651,1.0187806037690899,2.259701148747074,-0.016887855136697827,0.014399242643041188,0.0,-0.007000000000000006
25.5999755859375,-152.67752311582439,-157.61258891938178,1.0195601180927976,2.2566853281563786,-0.01573677893594192,0.015005294501919971,0.0,-0.007000000000000006
25.649975538253784,-152.61685362177784,-157.51730702344585,1.0203754011990211,2.2544424092088517,-0.01484969135571492,0.015683199597474128,0.0,-0.007000000000000006
25.69997549057007,-152.55740468421328,-157.42407645560291,1.0211953201214596,2.251548139373853,-0.012303482431341826,0.016204762789598523,0.0,-0.007000000000000006
25.749975442886353,-152.49714509998304,-157.32924768190196,1.022037944831514,2.247732947013864,-0.013549553556141548,0.01646469201026086,0.0,-0.007000000000000006
25.799975395202637,-152.43701055970737,-157.23439969764257,1.0229041178101532,2.245381940229696,-0.017652940768089403,0.01680301828684908,0.0,-0.007000000000000006
25.84997534751892,-152.37717451739303,-157.1397052526901,1.023751983236015,2.2423987999060606,-0.019703348985751185,0.016835403844968757,0.0,-0.007000000000000006
25.899975299835205,-152.31840942580757,-157.0463908148396,1.0245781147098774,2.2405603523757245,-0.020010780707861074,0.016738573193395723,0.0,-0.007000000000000006
25.94997525215149,-152.2573395477537,-156.94913640971384,1.0254197003516927,2.2371969534176115,-0.015383581679646484,0.01650374479369347,0.0,-0.007000000000000006
25.999975204467773,-152.19816979549327,-156.85478446282218,1.0262498987851516,2.235251855652532,-0.01920496876833673,0.01639556621669574,0.0,-0.007000000000000006
26.049975156784058,-152.13887913188447,-156.75980152189194,1.0270611028821683,2.232497278933247,-0.020392540789041753,0.01625722471717175,0.0,-0.007000000000000006
26.099975109100342,-152.07894578301958,-156.66342115789828,1.0278722070461552,2.2309193886113348,-0.014557659980478276,0.01609428429887173,0.0,-0.007000000000000006
26.149975061416626,-152.02013088887026,-156.56876735999936,1.028680085661256,2.227587547764027,-0.012633495938078712,0.015985663668255847,0.0,-0.007000000000000006
26.19997501373291,-151.96172813270664,-156.4746155115573,1.0294765818812353,2.2254788411736985,-0.024675417172173496,0.015824617289973014,0.0,-0.007000000000000006
26.249974966049194,-151.90197979674048,-156.37799734554903,1.0302593869532406,2.2237308366084965,-0.01731226035292301,0.015642862025045574,0.0,-0.007000000000000006
26.29997491836548,-151.84480256490693,-156.28546410289772,1.0310288326829948,2.2217116852927132,-0.02529311154825717,0.015390924844189474,0.0,-0.007000000000000006
26.349974870681763,-151.78488184367157,-156.188422589046,1.0318367355495892,2.220383750272363,-0.026046832917559458,0.015506443901525158,0.0,-0.007000000000000006
26.399974822998047,-151.72613427314303,-156.0932048225274,1.0326345951686298,2.21819986917928,-0.02551062109822572,0.01571008617826799,0.0,-0.007000000000000006
26.44997477531433,-151.66906180923706,-156.00063893029582,1.0334214921633513,2.2167823937150004,-0.02693140749400706,0.01581738915646456,0.0,-0.007000000000000006
26.499974727630615,-151.6101768895014,-155.904164958466,1.0342580100838044,2.214344110887381,-0.025278668804134437,0.01600892547247707,0.0,-0.007000000000000006
26.5499746799469,-151.5524061066159,-155.80934838201625,1.035085297966098,2.2130033565225373,-0.0191851493284114,0.016134992385414784,0.0,-0.007000000000000006
26.599974632263184,-151.4954135808189,-155.7158175978975,1.0359361321105975,2.211427319511093,-0.018422996404637418,0.016592966257646204,0.0,-0.007000000000000006
26.649974584579468,-151.43802653020597,-155.62164960934345,1.0368328573279413,2.209549065949224,-0.0211773985651521,0.01721981175344538,0.0,-0.007000000000000006
26.699974536895752,-151.3805986211247,-155.52685261424597,1.0377399951373905,2.207221930373017,-0.02151527922198121,0.017642140703151222,0.0,-0.007000000000000006
26.749974489212036,-151.32402423212343,-155.43328266592732,1.0386433345122246,2.2057080158698903,-0.020757515724363764,0.017800592971430315,0.0,-0.007000000000000006
26.79997444152832,-151.26696093055824,-155.3387759720307,1.039550004894662,2.2040385279838888,-0.020218994366094666,0.01785787904683037,0.0,-0.007000000000000006
26.849974393844604,-151.20998204184258,-155.24433801612437,1.0404531864353663,2.2017458291363465,-0.021270284543305495,0.017781350556176183,0.0,-0.007000000000000006
26.89997434616089,-151.15468921823842,-155.1528218387948,1.041335946495014,2.2000744879815546,-0.020890274940749288,0.017803332148979733,0.0,-0.007000000000000006
26.949974298477173,-151.0967674405785,-155.0567839485072,1.0422321325207462,2.1978799385493373,-0.016600648982259325,0.0175575469303882,0.0,-0.007000000000000006
26.999974250793457,-151.04050169792828,-154.96349938200873,1.04311314723132,2.1960317643309657,-0.021541386101276382,0.017284199724616818,0.0,-0.007000000000000006
27.04997420310974,-150.9836392629725,-154.86876406184453,1.0439363814028402,2.194300486175973,-0.014827865012371136,0.016817546774079165,0.0,-0.007000000000000006
27.099974155426025,-150.9269975792938,-154.77472190566473,1.0448365561535287,2.1927515336863665,-0.019633970567256565,0.016904090551557824,0.0,-0.007000000000000006
27.14997410774231,-150.87042032663896,-154.6806657543592,1.0457235279438135,2.191637328501345,-0.019724934411041582,0.017537192707789157,0.0,-0.007000000000000006
27.199974060058594,-150.81272460377266,-154.58465353531565,1.04663436724157,2.190488589132802,-0.024869051065866975,0.01759586287394843,0.0,-0.007000000000000006
27.249974012374878,-150.75631088261366,-154.4911795488472,1.0475379274656582,2.188968229091232,-0.03222311331890995,0.017767746215592843,0.0,-0.007000000000000006
27.299973964691162,-150.69968719567626,-154.39775439112833,1.0484533939283698,2.1883411780568025,-0.02958935893848201,0.01811367693279923,0.0,-0.007000000000000006
27.349973917007446,-150.64114441760645,-154.30083395165747,1.0493938872186972,2.1867616507393066,-0.029718194943659425,0.01827791997114588,0.0,-0.007000000000000006
27.39997386932373,-150.58416467825018,-154.20640148968857,1.0503500902859382,2.1860999425820546,-0.030333336192458826,0.01850557940884339,0.0,-0.007000000000000006
27.449973821640015,-150.52906274918746,-154.11478428015104,1.0512743643611424,2.184800405639236,-0.030339313137478292,0.01882288227993658,0.0,-0.007000000000000006
27.4999737739563,-150.4707113695626,-154.01864370174462,1.0522813979957617,2.1831068983203417,-0.031305176103824134,0.019077254972619216,0.0,-0.007000000000000006
27.549973726272583,-150.4143953261308,-153.92552672655924,1.0532686442752832,2.1817231527575704,-0.025216379611902165,0.01950642856257079,0.0,-0.007000000000000006
27.599973678588867,-150.35829583564623,-153.83249085152954,1.054285587185146,2.1803547772919964,-0.02761866588646284,0.019917000618303708,0.0,-0.007000000000000006
27.64997363090515,-150.30138716265486,-153.737667820386,1.0553250048789193,2.1786958516157764,-0.033425632330173344,0.020101640347395155,0.0,-0.007000000000000006
27.699973583221436,-150.24578513380703,-153.6457777177035,1.056357731365433,2.177052227962361,-0.03212553881138745,0.020562301210553354,0.0,-0.007000000000000006
27.74997353553772,-150.1894852452518,-153.55253865428276,1.0574672555751727,2.175625489886871,-0.03732038147828581,0.02116151045926001,0.0,-0.007000000000000006
27.799973487854004,-150.13337295223877,-153.45903927511554,1.0585590735227735,2.1740212949052107,-0.0416172992884294,0.02165480870910029,0.0,-0.007000000000000006
27.849973440170288,-150.07720094089194,-153.36534205164787,1.059634276660033,2.171647200502252,-0.0325083271878434,0.02155329499110465,0.0,-0.007000000000000006
27.899973392486572,-150.02098966818562,-153.2717722905815,1.0607190833443108,2.170716023440105,-0.03678008011571479,0.02144910621535031,0.0,-0.007000000000000006
27.949973344802856,-149.9649967690652,-153.17802965411067,1.061773563848091,2.1689804571411977,-0.028435993105906623,0.021375984110816013,0.0,-0.007000000000000006
27.99997329711914,-149.90943358052505,-153.0845322226351,1.0628063439989837,2.167832146872976,-0.03407773869566693,0.02084423260505232,0.0,-0.007000000000000006
28.049973249435425,-149.85386822325037,-152.991488258933,1.0638715141212078,2.1664160620811566,-0.034854503041704184,0.02087832609110056,0.0,-0.007000000000000006
28.09997320175171,-149.79787638536794,-152.8977569895341,1.06487328668986,2.1652662006619994,-0.035620906063178526,0.02035629272193174,0.0,-0.007000000000000006
28.149973154067993,-149.7416278807573,-152.80330119885147,1.0658982322201975,2.16512125324927,-0.03537152799521698,0.02011970938248402,0.0,-0.007000000000000006
28.199973106384277,-149.68673729591674,-152.71068314909883,1.0668906664239706,2.1639513735761207,-0.03328217357235091,0.01993375182303198,0.0,-0.007000000000000006
28.24997305870056,-149.63078282117,-152.615922535534,1.0679133558956824,2.163815645790111,-0.03805944249746226,0.019861539038584817,0.0,-0.007000000000000006
28.299973011016846,-149.575912999988,-152.52318237708477,1.0689210732829268,2.163060703979311,-0.044360961455869215,0.01981930341367525,0.0,-0.007000000000000006
28.34997296333313,-149.52113912144702,-152.43023525231982,1.0699279518773075,2.162279612037762,-0.038140511276197615,0.020095583695490398,0.0,-0.007000000000000006
28.399972915649414,-149.46706180545007,-152.3381284709043,1.0709245110988734,2.161178288126496,-0.033951933105192,0.019957243633356072,0.0,-0.007000000000000006
28.4499728679657,-149.41326202074106,-152.24599475040952,1.071883391982008,2.1596053061409353,-0.03446588108285143,0.01959882089144796,0.0,-0.007000000000000006
28.499972820281982,-149.35812443523523,-152.1516996843147,1.0728898509225524,2.1577162494659947,-0.034488403629262504,0.01937659486246083,0.0,-0.007000000000000006
28.549972772598267,-149.30414649954548,-152.0591333442264,1.0738905929593965,2.155509350448834,-0.04079164757120093,0.019477263679517718,0.0,-0.007000000000000006
28.59997272491455,-149.2499175531908,-151.96565902991952,1.074870315883478,2.1540728954192385,-0.04053437178125436,0.019476128319943862,0.0,-0.007000000000000006
28.649972677230835,-149.19629367736377,-151.87296424206636,1.0758593754262993,2.1528442455009484,-0.04017783811194052,0.019561611531569087,0.0,-0.007000000000000006
28.69997262954712,-149.143795376401,-151.78131448545335,1.076819355191152,2.1512494054307663,-0.05279515357801434,0.019223159006300134,0.0,-0.007000000000000006
28.749972581863403,-149.08963344003243,-151.68668345035493,1.0778245503773418,2.1500595034589893,-0.043215632470559505,0.01943105304759531,0.0,-0.007000000000000006
28.799972534179688,-149.03722044310805,-151.5946660543737,1.0787620285815742,2.1481837054029964,-0.05184929675903,0.019114341153212287,0.0,-0.007000000000000006
28.84997248649597,-148.98366271909825,-151.5009364752564,1.0797554569224492,2.1469805596579374,-0.047833801401673745,0.019287241991178667,0.0,-0.007000000000000006
28.899972438812256,-148.9312794991352,-151.4096111652027,1.0807606831061112,2.1463197731074204,-0.049933635480372794,0.019773927877951136,0.0,-0.007000000000000006
28.94997239112854,-148.87733728393445,-151.3153918725689,1.0818013400479285,2.145554275797108,-0.049479081995930596,0.020232470627769315,0.0,-0.007000000000000006
28.999972343444824,-148.82318421663953,-151.22058336866345,1.0828398260050187,2.1439346827279655,-0.05207062008694794,0.020344978375853202,0.0,-0.007000000000000006
29.04997229576111,-148.7694962789152,-151.1267585393008,1.0838981586421323,2.1438292798856,-0.0525023764442473,0.02071879081041423,0.0,-0.007000000000000006
29.099972248077393,-148.7160343460479,-151.03330248063966,1.0849427409495491,2.1434307378227806,-0.05576166454119856,0.020733313756857073,0.0,-0.007000000000000006
29.149972200393677,-148.6627154330606,-150.9399368262663,1.0859831652186684,2.1425849838503126,-0.05977173439288266,0.02072548883057107,0.0,-0.007000000000000006
29.19997215270996,-148.6086971146122,-150.84534113272028,1.087064347896191,2.1412308736723973,-0.06427059886445158,0.02099628556526677,0.0,-0.007000000000000006
29.249972105026245,-148.55571851990732,-150.75216554369064,1.088115971417262,2.140147352613655,-0.060469906311871914,0.02114205964670091,0.0,-0.007000000000000006
29.29997205734253,-148.50331289061967,-150.65990567077225,1.089199737266567,2.138830948159475,-0.06517320365123211,0.021384282407461232,0.0,-0.007000000000000006
29.349972009658813,-148.44933053459155,-150.56451825558273,1.0903184204669927,2.137635648693789,-0.06619993751425726,0.021649111141156772,0.0,-0.007000000000000006
29.399971961975098,-148.3964746968166,-150.47079475901572,1.0914215661442244,2.135332371391645,-0.05443384286068346,0.022023577295572038,0.0,-0.007000000000000006
29.449971914291382,-148.3449041218615,-150.37911022982405,1.0925204964789406,2.1338103092939056,-0.05844826932956286,0.02195081575289948,0.0,-0.007000000000000006
29.499971866607666,-148.2926086202812,-150.285798201822,1.093695584150563,2.1317979080175453,-0.06024878067641201,0.022544858996697364,0.0,-0.007000000000000006
29.54997181892395,-148.23999447030153,-150.19163644660935,1.0948799138510574,2.129854113559182,-0.05654073490537728,0.023052383700957097,0.0,-0.007000000000000006
29.599971771240234,-148.1886695930597,-150.09937209503545,1.0960153166531823,2.1277012563134714,-0.06279604573340687,0.022893882357646105,0.0,-0.007000000000000006
29.64997172355652,-148.13838994508288,-150.0086236860464,1.097120189424769,2.1257431256433033,-0.06032919037955327,0.022621565429441486,0.0,-0.007000000000000006
29.699971675872803,-148.0872743572957,-149.91637899011482,1.0982957483335392,2.122823564386142,-0.05507948609879009,0.022898075300067707,0.0,-0.007000000000000006
29.749971628189087,-148.03567288459206,-149.8232341912952,1.0995245041034643,2.1215930561337135,-0.06229424508102711,0.023421800562700715,0.0,-0.007000000000000006
29.79997158050537,-147.98436702105755,-149.73037430704386,1.1007430589190426,2.1189683811583655,-0.054275015954409166,0.02402460269863962,0.0,-0.007000000000000006
29.849971532821655,-147.93370483398436,-149.6384678141276,1.101935378455293,2.116765899236973,-0.05222447866308853,0.023992357010997476,0.0,-0.007000000000000006
29.89997148513794,-147.88282225145565,-149.5465613489703,1.103199232415989,2.1148386707860127,-0.061712625902978095,0.024331263000210917,0.0,-0.007000000000000006
29.949971437454224,-147.83145401165328,-149.4534966862261,1.104483374149496,2.112260993801073,-0.06063686914017242,0.024896068260944683,0.0,-0.007000000000000006
29.999971389770508,-147.78073794684644,-149.36149103722266,1.1057675688206354,2.1104190448141966,-0.06422270410652038,0.025352619138207265,0.0,-0.007000000000000006
30.049971342086792,-147.73021522237957,-149.26975935012322,1.1070586917900067,2.1082389506506876,-0.06457111908011053,0.025641298901643347,0.0,-0.007000000000000006
30.099971294403076,-147.67970793493376,-149.17808906749823,1.1083780959661387,2.105669213414818,-0.06972429977824908,0.025842525160199532,0.0,-0.007000000000000006
30.14997124671936,-147.62857000807315,-149.08498005122556,1.109715865623269,2.1038723256122642,-0.0662208528090715,0.02620880768200451,0.0,-0.007000000000000006
30.199971199035645,-147.57807490258296,-148.99276075262765,1.1110379431215438,2.101307315717125,-0.0642702343421753,0.02636782103984406,0.0,-0.007000000000000006
30.24997115135193,-147.52759504230423,-148.90060168149796,1.1123867146010775,2.098759418505555,-0.06540840322023876,0.026472413667721788,0.0,-0.007000000000000006
30.299971103668213,-147.4779879379875,-148.81001269974792,1.1137200678493033,2.09746299841325,-0.06345172883486797,0.02670159381077188,0.0,-0.007000000000000006
30.349971055984497,-147.42642708138885,-148.71577829562693,1.1151592347539305,2.0954040139988988,-0.06946530155485846,0.027140359433124216,0.0,-0.007000000000000006
30.39997100830078,-147.37676863898514,-148.6245428393784,1.1165349559942714,2.093964557057219,-0.07068664462166661,0.02751784972160567,0.0,-0.007000000000000006
30.449970960617065,-147.32707889775682,-148.53271310287818,1.1178958525101157,2.092056668015235,-0.07787106836549247,0.027357735694328002,0.0,-0.007000000000000006
30.49997091293335,-147.27760265663892,-148.44164118305707,1.1192980644791903,2.0911582011985823,-0.07456121978609136,0.02739293297803421,0.0,-0.007000000000000006
30.549970865249634,-147.22742224263354,-148.34903925474657,1.1207515470242246,2.089934030826688,-0.07301076856836385,0.02792490824815321,0.0,-0.007000000000000006
30.599970817565918,-147.17735220442844,-148.2561493171181,1.1222081706797742,2.088226119273807,-0.07647412733983186,0.02832552923202969,0.0,-0.007000000000000006
30.649970769882202,-147.1289884439028,-148.16624989268647,1.1236560621357752,2.0863210673846804,-0.07911891275045288,0.02887431054176035,0.0,-0.007000000000000006
30.699970722198486,-147.0788603445463,-148.07401442257958,1.1251959458514755,2.0845136798970785,-0.0743241405911262,0.029532017872725184,0.0,-0.007000000000000006
30.74997067451477,-147.02911815057055,-147.98197811813768,1.126720301759948,2.082883179680881,-0.07997286551389453,0.029746245089029004,0.0,-0.007000000000000006
30.799970626831055,-146.98026966744072,-147.89137492036113,1.1282663753806204,2.0813936677267866,-0.08193942174169401,0.030255914961050207,0.0,-0.007000000000000006
30.84997057914734,-146.93186932790223,-147.80092173605507,1.1297738715869363,2.079603618820539,-0.07579270357328244,0.030436216300780965,0.0,-0.007000000000000006
30.899970531463623,-146.88335418799576,-147.71070272563028,1.1313593568381488,2.0780878410946375,-0.08586101149744906,0.030836726353485385,0.0,-0.007000000000000006
30.949970483779907,-146.8335506301672,-147.61727644845485,1.132959063031554,2.076596003702192,-0.0810569218904516,0.03100392813824075,0.0,-0.007000000000000006
30.99997043609619,-146.78525674742806,-147.52637534034673,1.1345555003180419,2.074624625679407,-0.09087435997263224,0.03136089687269111,0.0,-0.007000000000000006
31.049970388412476,-146.73725550093093,-147.43538780772576,1.1361267748770791,2.072450584903416,-0.08429411043177512,0.03161735135087901,0.0,-0.007000000000000006
31.09997034072876,-146.68886885484426,-147.3438747641609,1.1377605088789016,2.0700651279914646,-0.08600034567621462,0.03189164496077374,0.0,-0.007000000000000006
31.149970293045044,-146.64054183216166,-147.25184257000714,1.1393770837573447,2.067875292223607,-0.08698376885712478,0.031960636605004415,0.0,-0.007000000000000006
31.199970245361328,-146.59252397071583,-147.15976996775083,1.1409733146127636,2.0660533635195955,-0.0835867289337015,0.031706705867808674,0.0,-0.007000000000000006
31.249970197677612,-146.5451203109225,-147.06835657935298,1.1425510483324823,2.0648914583352274,-0.08144030225205623,0.03163341946979066,0.0,-0.007000000000000006
31.299970149993896,-146.4980494747478,-146.97695632038025,1.1441264238651403,2.0634282951851155,-0.07772189307104924,0.03152417317884346,0.0,-0.007000000000000006
31.34997010231018,-146.4495336440368,-146.88231614996624,1.1457535213606151,2.063037390582388,-0.08135660919211463,0.0314553914506196,0.0,-0.007000000000000006
31.399970054626465,-146.4037203766746,-146.79257127184155,1.14728324907165,2.0617710437855155,-0.08716683703282048,0.03139586631371848,0.0,-0.007000000000000006
31.44997000694275,-146.35669822936703,-146.69992232748348,1.1488353071935684,2.0610980760324544,-0.085935562217562,0.031143778594527275,0.0,-0.007000000000000006
31.499969959259033,-146.30918371023287,-146.60563216453826,1.1504283960809856,2.0601299020383226,-0.08050828951454439,0.031010649805331116,0.0,-0.007000000000000006
31.549969911575317,-146.26296526628585,-146.513634506032,1.151993079781358,2.059680400995868,-0.08239752866683756,0.030932049238875752,0.0,-0.007000000000000006
31.5999698638916,-146.21715955328182,-146.4221589866433,1.1535508068144626,2.0597906142161064,-0.08288632106609825,0.031138542302159577,0.0,-0.007000000000000006
31.649969816207886,-146.17229544391103,-146.33220490633397,1.155083462524783,2.059048783454598,-0.08248088562392487,0.0312504045063693,0.0,-0.007000000000000006
31.69996976852417,-146.12588870939112,-146.2390879611345,1.156734344408428,2.0582867455970577,-0.0868439463570468,0.03179377451194247,0.0,-0.007000000000000006
31.749969720840454,-146.07936850450406,-146.14559606485392,1.1584196616223954,2.0580056278020944,-0.08516708774523726,0.032643288310722815,0.0,-0.007000000000000006
31.79996967315674,-146.03458584457644,-146.05549127447134,1.1600818507445094,2.0568111979328587,-0.09163319281029529,0.03333064507386878,0.0,-0.007000000000000006
31.849969625473022,-145.988838957886,-145.96298426897036,1.1617833386815735,2.0565704807949303,-0.09432846904440235,0.03371646335942597,0.0,-0.007000000000000006
31.899969577789307,-145.94370562942188,-145.87144915926757,1.1634937329186081,2.0558297201833677,-0.09092439067533031,0.03398518294578461,0.0,-0.007000000000000006
31.94996953010559,-145.89758563496866,-145.77729040808816,1.1652345096590484,2.0545197587914563,-0.08663931185708203,0.03405086291955058,0.0,-0.007000000000000006
31.999969482421875,-145.8524249236485,-145.684965394992,1.166976933685658,2.053534704922387,-0.09394650878730182,0.03423045434584427,0.0,-0.007000000000000006
32.04996943473816,-145.80783226909298,-145.59355940450303,1.1687036534262132,2.0525386685922578,-0.08912758789739894,0.03451454394430746,0.0,-0.007000000000000006
32.09996938705444,-145.76189957591922,-145.49926272358238,1.1705017173092969,2.052534998127645,-0.08902744827176741,0.03497352540258236,0.0,-0.007000000000000006
32.14996933937073,-145.71676921996718,-145.40635307634133,1.1722959773542325,2.0522045114838816,-0.08615456125606838,0.035462448014094004,0.0,-0.007000000000000006
32.19996929168701,-145.67238720037474,-145.31463254961108,1.1740754293251123,2.051714234230584,-0.09649950793213935,0.035657583507678364,0.0,-0.007000000000000006
32.249969244003296,-145.62766317055826,-145.22190696164373,1.1758934207101102,2.051008082107682,-0.1014357091501745,0.03598773397545215,0.0,-0.007000000000000006
32.29996919631958,-145.5831902759565,-145.12865490028491,1.1777348377484536,2.050562902701778,-0.10231515286625327,0.03630097081309725,0.0,-0.007000000000000006
32.349969148635864,-145.53813275693776,-145.03386986740588,1.179617598617944,2.0498207921970466,-0.0976477629248362,0.03650610489744234,0.0,0.0
32.39996910095215,-145.49502750064116,-144.94308536563696,1.1814599792844551,2.050179409007063,-0.09809920730317817,0.03700575786503044,0.0,0.0
32.44996905326843,-145.4506388491437,-144.84959209992797,1.1834256387087858,2.0485350767872696,-0.10242692966872524,0.0379715363876851,0.0,0.006000000000000005
32.49996900558472,-145.40732588367635,-144.75772641256165,1.185374759600192,2.048687594821044,-0.10519160691749407,0.038709093661473765,0.0,0.006000000000000005
32.549968957901,-145.3632450353121,-144.6636387014588,1.1873457156187943,2.0479319827562215,-0.10270556416444651,0.03877729372418018,0.0,0.01200000000000001
32.599968910217285,-145.31984975276433,-144.57097252059324,1.1893426079981522,2.0477370858320034,-0.10813360529905879,0.039106063386033695,0.0,0.01200000000000001
32.64996886253357,-145.2772688447894,-144.47970812909534,1.1913215137480353,2.0474479426346175,-0.10887940701145814,0.039645421200741784,0.0,0.018000000000000016
32.69996881484985,-145.2343983523648,-144.38671754968934,1.1933413357078475,2.0464512384290163,-0.11121948943310457,0.039978785422564105,0.0,0.018000000000000016
32.74996876716614,-145.19157837472784,-144.2934379411272,1.1953451990515178,2.0457539975762957,-0.10546434540843448,0.03999403057044624,0.0,0.02400000000000002
32.79996871948242,-145.14916463461074,-144.2008104761119,1.1973296256715578,2.045061908884986,-0.10565842579230252,0.03970650171491058,0.0,0.02400000000000002
32.849968671798706,-145.10669314661126,-144.1079340900016,1.1993365212066456,2.04500174191102,-0.10928867585341072,0.03969747303027272,0.0010000000000000009,0.030000000000000027
32.89996862411499,-145.06469045036948,-144.01507899069017,1.2013164683921844,2.044996236982101,-0.10607470693350017,0.03965588560953419,0.0010000000000000009,0.030000000000000027
32.949968576431274,-145.02207798935328,-143.92112502438528,1.2033691673799287,2.041199342928767,-0.10659053260749898,0.039912445867109,0.0020000000000000018,0.03600000000000003
32.99996852874756,-144.9805490829751,-143.8290712012063,1.2053235750500548,2.038258632543327,-0.11378001880828795,0.03957870421059522,0.0020000000000000018,0.03600000000000003
33.04996848106384,-144.93892312105953,-143.73636573285626,1.2072611353656906,2.0348483022569046,-0.1145748144352824,0.039002661932046545,0.0040000000000000036,0.04200000000000004
33.09996843338013,-144.8965577083201,-143.64163574907377,1.209244456023677,2.0321556412062156,-0.11096435063002993,0.03867178227179444,0.0040000000000000036,0.04200000000000004
33.14996838569641,-144.85544220142626,-143.54904122593925,1.2111003155652251,2.0250914564417575,-0.10906613203694203,0.03797886805491206,0.0050000000000000044,0.04800000000000004
33.199968338012695,-144.8135955532327,-143.45469684841783,1.2129877171518482,2.019509875001529,-0.10995468208360432,0.03719946068264618,0.0050000000000000044,0.04800000000000004
33.24996829032898,-144.77259447138778,-143.36165913105145,1.2147916461957509,2.0152294608418884,-0.12081224583148832,0.036108537869518745,0.006000000000000005,0.05400000000000005
33.299968242645264,-144.73167432729272,-143.2685288938837,1.2166086982844195,2.0103206737456323,-0.1126468674386782,0.03595251165282163,0.006000000000000005,0.05400000000000005
33.34996819496155,-144.69081777923637,-143.17535775752813,1.218433414438016,2.007100443974467,-0.11509986273169923,0.03595583186126834,0.008000000000000007,0.06000000000000005
33.39996814727783,-144.6504708796241,-143.08273280331076,1.2202057973726093,2.002100379851198,-0.10960796324369468,0.03573731885495321,0.008000000000000007,0.06000000000000005
33.449968099594116,-144.61047271754103,-142.990654848413,1.2219661207955295,1.9985148752466544,-0.10786340449618283,0.03541874302221534,0.009000000000000008,0.06599999999999995
33.4999680519104,-144.57087192134878,-142.89762391635625,1.2237500220390487,1.9949613758345164,-0.10986176433032674,0.03509732868245296,0.009000000000000008,0.06599999999999995
33.549968004226685,-144.53152772115695,-142.8051328683264,1.2255371348663873,1.9894936669325107,-0.11448868497576935,0.03514999909001406,0.01100000000000001,0.07199999999999995
33.59996795654297,-144.49289819393087,-142.71428789688582,1.2273091520920698,1.9850043399620254,-0.12109148831284759,0.035320714970193914,0.01100000000000001,0.07199999999999995
33.64996790885925,-144.45386929611425,-142.6222560865561,1.2290832131141818,1.9809442537896627,-0.11250234825365503,0.03540700101244807,0.01200000000000001,0.07799999999999996
33.69996786117554,-144.4150687035102,-142.53030769023357,1.2309006405908707,1.976496411067808,-0.1148711471765121,0.03538669729910809,0.01200000000000001,0.07799999999999996
33.74996781349182,-144.3768778011215,-142.4398641784399,1.23271020042094,1.9706290407888563,-0.11565210017481967,0.03571224258227313,0.014000000000000012,0.08399999999999996
33.799967765808105,-144.33881122179267,-142.349573403617,1.2345069795534065,1.9648514549230547,-0.11591713330336827,0.03587178251124028,0.014000000000000012,0.08399999999999996
33.84996771812439,-144.30056528849556,-142.2587032080686,1.2363041373770651,1.959490339217499,-0.11309907207640756,0.035690628298951935,0.015000000000000013,0.08999999999999997
33.899967670440674,-144.2627149401779,-142.16857751380007,1.2380980367883385,1.95499458444574,-0.12155008006897237,0.03533088455227773,0.015000000000000013,0.08999999999999997
33.94996762275696,-144.22479322171642,-142.07827949768895,1.2399101570872226,1.950310914436594,-0.1272324793948734,0.035463179688713174,0.016000000000000014,0.09599999999999997
33.99996757507324,-144.18714123568603,-141.988130325808,1.2416582247539745,1.945851879892917,-0.12091458913598728,0.03518377765086687,0.016000000000000014,0.09599999999999997
34.049967527389526,-144.1495387646195,-141.89800493697888,1.2433959329605306,1.9424358204946224,-0.12059876933468806,0.03463038785894553,0.018000000000000016,0.10199999999999998
34.09996747970581,-144.11236211142213,-141.80871138273412,1.2450870979088284,1.938811746747425,-0.124512228999548,0.0340682813218009,0.018000000000000016,0.10199999999999998
34.149967432022095,-144.07471658186856,-141.71802074623736,1.2467556047724109,1.9347752033341608,-0.12091168050192098,0.03339525751697334,0.019000000000000017,0.10799999999999998
34.19996738433838,-144.03740114463676,-141.62804501827088,1.2483919140720303,1.9309317271583561,-0.12212091578203363,0.03277066070764516,0.019000000000000017,0.10799999999999998
34.24996733665466,-144.00050249058432,-141.53862252900265,1.2499568298268977,1.928840335550347,-0.12379104405036141,0.03184787788976877,0.02100000000000002,0.11399999999999999
34.29996728897095,-143.96312870297487,-141.44764640477123,1.2515030513085974,1.9275529533318072,-0.11858739844960195,0.030960520925715267,0.02100000000000002,0.11399999999999999
34.34996724128723,-143.92593141769814,-141.3565993951941,1.2529736690778692,1.925804154134711,-0.12496656541445189,0.02956994781574668,0.02200000000000002,0.121
34.399967193603516,-143.8893888313984,-141.2670827868471,1.2544207623330472,1.924229958902556,-0.1303167636682915,0.028856972297339176,0.02200000000000002,0.121
34.4499671459198,-143.8528641928797,-141.1770881155263,1.2558248720575638,1.9229124471551176,-0.12400349936785125,0.0284169516260432,0.02200000000000002,0.121
34.499967098236084,-143.81676893948048,-141.0873299209438,1.2571854803287805,1.9206732474807398,-0.12259489278726289,0.02746087519233026,0.02200000000000002,0.121
34.54996705055237,-143.78127924736157,-140.99870433790815,1.2585043601236643,1.9188027321137477,-0.12165534412837432,0.026689856711229226,0.02200000000000002,0.121
34.59996700286865,-143.74516504283514,-140.90823550103775,1.2598293738814776,1.9165015231793285,-0.12356643372478221,0.026055422737456643,0.02200000000000002,0.121
34.64996695518494,-143.7098725861428,-140.81947711591954,1.2611047938764401,1.9167878536993328,-0.11979434986826942,0.025864417904836585,0.02200000000000002,0.121
34.69996690750122,-143.67513722247352,-140.73059050750805,1.26239685081345,1.9162203196384404,-0.11698385022623159,0.025657978845066563,0.02200000000000002,0.121
34.749966859817505,-143.63978178945973,-140.6397658280887,1.2636575557008092,1.9156541328715784,-0.1176412404869194,0.025273797969406073,0.02200000000000002,0.121
34.79996681213379,-143.6051184810259,-140.55065282871013,1.2648725660265936,1.9150186027325455,-0.11892075948583358,0.024467939697984616,0.02200000000000002,0.121
34.84996676445007,-143.57116467700175,-140.46213018509002,1.266000586754012,1.914483865633784,-0.11417393550505031,0.0238553997936226,0.02200000000000002,0.121
34.89996671676636,-143.53678613439067,-140.37116273330346,1.2671170820705926,1.914528741423991,-0.11811063224971832,0.02252667139178206,0.02200000000000002,0.121
34.94996666908264,-143.5028539515497,-140.28140227624448,1.2681623375075344,1.913968689810246,-0.11995401660883656,0.021458007869171368,0.02200000000000002,0.121
34.999966621398926,-143.46906917624287,-140.19198759906942,1.2691641998578116,1.9138402991662922,-0.11621895739360096,0.020577087099964097,0.02200000000000002,0.121
35.04996657371521,-143.43549539742466,-140.10223098342152,1.27010261401095,1.9140401680910983,-0.11312097818511559,0.019528252380515858,0.02200000000000002,0.121
35.099966526031494,-143.40212269693765,-140.01230470335884,1.271037819256364,1.9131158631429153,-0.11307988509551195,0.01884549891767247,0.02200000000000002,0.121
35.14996647834778,-143.3687930712215,-139.9224006474625,1.2719243468265689,1.9129262489294412,-0.11124582801671053,0.018046563884245526,0.02200000000000002,0.121
35.19996643066406,-143.3353001686036,-139.832288635513,1.272807420913628,1.9133611851889238,-0.11462946139778869,0.017643583014996,0.02200000000000002,0.121
35.24996638298035,-143.3019070075749,-139.74253688304518,1.2736675396138661,1.9130334924550496,-0.11284706504546015,0.01732859980903326,0.02200000000000002,0.121
35.29996633529663,-143.26972467063405,-139.65380903611225,1.2745302544380455,1.9117471788293896,-0.11243337031551164,0.017291827592392627,0.02200000000000002,0.121
35.349966287612915,-143.23747963209723,-139.56505299257856,1.275362850657331,1.910800070744639,-0.11437842801824445,0.016959923958043393,0.02200000000000002,0.121
35.3999662399292,-143.2048045210731,-139.47543477424637,1.276185647247907,1.9107524897830483,-0.11273944065522261,0.016679398371653293,0.02200000000000002,0.121
35.44996619224548,-143.1722111260049,-139.3864123613986,1.2770092543769145,1.9098095461888465,-0.11271039747869563,0.01639684917554073,0.02200000000000002,0.121
35.49996614456177,-143.1408357056983,-139.29794601210907,1.2777795646373165,1.9082060793323123,-0.10932452374190352,0.01581299987459965,0.02200000000000002,0.121
35.54996609687805,-143.10884713327266,-139.20844323781188,1.2785782989988894,1.907737538656963,-0.10835666816494172,0.015515116752255243,0.02200000000000002,0.121
35.599966049194336,-143.07695300051375,-139.11940141566012,1.2793421947230181,1.9068030135149179,-0.10961892418398039,0.015326041472607676,0.02200000000000002,0.121
35.64996600151062,-143.04503062194098,-139.03074920803996,1.2801132960630275,1.905620957663945,-0.10782111470631338,0.015304561246241317,0.02200000000000002,0.121
35.699965953826904,-143.01328841549523,-138.94132184498474,1.280889472442507,1.904809026648519,-0.10722190568759205,0.015225151320219414,0.02200000000000002,0.121
35.74996590614319,-142.98202234562612,-138.85327702903564,1.2816006971682392,1.903804101847003,-0.11074602726669093,0.01469226253570762,0.02200000000000002,0.121
35.79996585845947,-142.95089159982706,-138.76592751449968,1.2822816924605558,1.9021233738345746,-0.1118351865695325,0.013993315458038596,0.02200000000000002,0.121
35.84996581077576,-142.9182467477426,-138.67436489482773,1.2829906847992496,1.9001886280374958,-0.1121105024621199,0.013642925476834895,0.02200000000000002,0.121
35.89996576309204,-142.88684233475638,-138.58609264543213,1.2836734157424994,1.8997917194231078,-0.11103866898079523,0.013440704404874708,0.02200000000000002,0.121
35.949965715408325,-142.85526425492986,-138.49750849882534,1.2843278622361787,1.8984007712092392,-0.10741722090790262,0.01321514497565455,0.02200000000000002,0.121
35.99996566772461,-142.8227338938579,-138.4065716375348,1.284983538154305,1.8967441274239534,-0.10749019480856435,0.012898382151841572,0.02200000000000002,0.121
36.049965620040894,-142.79078272371092,-138.31724287130754,1.2855997069129457,1.8958193844520608,-0.10938216683574649,0.012292416133164065,0.02200000000000002,0.121
36.09996557235718,-142.75886307811058,-138.22804337467926,1.286208310589316,1.8951540602940968,-0.10953372890844361,0.011861156453704795,0.02200000000000002,0.121
36.14996552467346,-142.7271064950548,-138.13939165293732,1.286809792478787,1.8936880359694983,-0.1059238358627611,0.011789706929650064,0.02200000000000002,0.121
36.199965476989746,-142.69489193850026,-138.0494553823274,1.2873950452374683,1.8926866348703346,-0.1099311434262319,0.01169356583312218,0.02200000000000002,0.121
36.24996542930603,-142.66298120544653,-137.96055101108624,1.287972804097071,1.8918401968334118,-0.10808687761210273,0.011556144815013578,0.02200000000000002,0.121
36.299965381622314,-142.63148256269753,-137.87172333814775,1.288515175103667,1.890151019671438,-0.10915660511727977,0.010986213813071374,0.02200000000000002,0.121
36.3499653339386,-142.60001511713907,-137.78313483877764,1.2890476974892182,1.8886266395037035,-0.10647558767222348,0.01052742881137739,0.02200000000000002,0.121
36.39996528625488,-142.56836696531605,-137.69395737194176,1.2895456294532726,1.8867413407423665,-0.10689934320537989,0.01005012006290865,0.02200000000000002,0.121
36.44996523857117,-142.5367143115021,-137.60504766207285,1.2900501941259765,1.8853913651008138,-0.10128028096880973,0.009948012028263776,0.02200000000000002,0.121
36.49996519088745,-142.50551618745146,-137.51691612788647,1.2905294382708417,1.8833125880479022,-0.10603472496440688,0.00948176647390308,0.02200000000000002,0.121
36.549965143203735,-142.47454122197422,-137.4291370103383,1.2909410257646279,1.8816024046099,-0.10411960099023501,0.00872002871810121,0.02200000000000002,0.121
36.59996509552002,-142.44362363542604,-137.341259843439,1.2912920843585798,1.8801057574478486,-0.10179218757466045,0.007671553270836124,0.02200000000000002,0.121
36.649965047836304,-142.4123113717344,-137.25225233990878,1.2916024693361745,1.8781002010911911,-0.10609565999784748,0.006611135028150037,0.02200000000000002,0.121
36.69996500015259,-142.38184498912963,-137.1651407498915,1.2918562078703628,1.876067159213402,-0.10174624005821059,0.0056872830794365194,0.02200000000000002,0.121
36.74996495246887,-142.35111080332004,-137.07719672994412,1.2920673440374961,1.8749804926125773,-0.1042928132168514,0.004558395606743053,0.02200000000000002,0.121
36.799964904785156,-142.32045444891614,-136.98916237559482,1.2922046616105647,1.8727593109381275,-0.10003199040983118,0.0035031908324170075,0.02200000000000002,0.121
36.84996485710144,-142.28963944496653,-136.9009782123139,1.2923465819322346,1.8721456176524236,-0.09784251689588737,0.0027235441953882282,0.02200000000000002,0.121
36.899964809417725,-142.2592772969173,-136.8145207236731,1.2924928963017535,1.8707059399559627,-0.0935792052979207,0.0025634257974001674,0.02200000000000002,0.121
36.94996476173401,-142.22839017016776,-136.7263785729879,1.2926176893096122,1.869217677708265,-0.09028610875535942,0.002385920414066888,0.02200000000000002,0.121
36.99996471405029,-142.1977328977723,-136.63880533906976,1.2927477286644007,1.8684546816886054,-0.09197655044578347,0.0023965878962668133,0.02200000000000002,0.121
37.04996466636658,-142.1671923406866,-136.55137594041037,1.2928668018112117,1.867084651407288,-0.09540678356151137,0.0021712663183578117,0.02200000000000002,0.121
37.09996461868286,-142.13629422479252,-136.46309950671582,1.2930094205015004,1.8667295524894263,-0.09057925841727947,0.0023831279824291585,0.02200000000000002,0.121
37.149964570999146,-142.10552260657997,-136.37487700445348,1.2931413110173944,1.8663799575682807,-0.0938858953370309,0.002419031607275389,0.02200000000000002,0.121
37.19996452331543,-142.07456979681328,-136.28577660238525,1.2932489114158296,1.8655572671055345,-0.09171109612871052,0.0022787190628552737,0.02200000000000002,0.121
37.249964475631714,-142.0438486143088,-136.19712222877965,1.2933629028908624,1.8651723100587545,-0.09314176849698062,0.0020135187510136043,0.02200000000000002,0.121
37.299964427948,-142.01306161193645,-136.10787364762834,1.2934623940621537,1.8638153268970234,-0.08565387005497906,0.0018166986105258786,0.02200000000000002,0.121
37.34996438026428,-141.9826749971594,-136.01960072339776,1.2935151734785164,1.864143147910951,-0.08895536539092659,0.0012237939410218908,0.02200000000000002,0.121
37.399964332580566,-141.9524166252017,-135.93173250540028,1.293551800129062,1.863561661632055,-0.0829858880062873,0.0008490906603028051,0.02200000000000002,0.121
37.44996428489685,-141.9213624386218,-135.84162574598653,1.2935664001379863,1.863233247336952,-0.08592336346974688,0.0002156416918656572,0.02200000000000002,0.121
37.499964237213135,-141.89153235371066,-135.75400358552037,1.2935217232246374,1.8634651394509245,-0.08393996106570456,-0.0005099432327579805,0.02200000000000002,0.121
37.54996418952942,-141.86141090473038,-135.6655580452653,1.293442117356717,1.863234745840764,-0.08958751726596995,-0.001486772168217817,0.02200000000000002,0.121
37.5999641418457,-141.83084697933083,-135.5760052718289,1.2933455366538247,1.862532276735464,-0.08543335173627678,-0.0019580902281817517,0.02200000000000002,0.121
37.64996409416199,-141.80075591030027,-135.48783681933716,1.2932188492120087,1.862453421448469,-0.08099734312059091,-0.0024213848232301593,0.02200000000000002,0.121
37.69996404647827,-141.770588226014,-135.40018050328572,1.2930983895368577,1.861943834572291,-0.08594935350646757,-0.0027770769548529357,0.02200000000000002,0.121
37.749963998794556,-141.73968885278939,-135.31040916629334,1.2929585373692563,1.8616982827114115,-0.0792709424476282,-0.0028349978904825546,0.02200000000000002,0.121
37.79996395111084,-141.70953621455135,-135.2230233380984,1.2928217666842956,1.8608641606639322,-0.08145051952783976,-0.0031407461260818336,0.02200000000000002,0.121
37.849963903427124,-141.678882354643,-135.13461682874555,1.2926608020746118,1.8603151424215625,-0.08620979947844006,-0.0033116908802072447,0.02200000000000002,0.121
37.89996385574341,-141.64760781114498,-135.04511762728595,1.2925007394588615,1.860609548326729,-0.08254803576315249,-0.0033765986070722464,0.02200000000000002,0.121
37.94996380805969,-141.616612886777,-134.95645256699248,1.2923535526444958,1.8596133842177192,-0.0866462286214663,-0.0035004570229455775,0.02200000000000002,0.121
37.99996376037598,-141.5858172283406,-134.86797583933244,1.2921844530628608,1.860350277189937,-0.08943911289046226,-0.003595022074398252,0.02200000000000002,0.121
38.04996371269226,-141.5546090431398,-134.7785521153556,1.2920380042714568,1.86116365964398,-0.08317247086207917,-0.0033561734694837553,0.02200000000000002,0.121
38.099963665008545,-141.52347174362046,-134.6895444214251,1.2918921134041585,1.8617353212219379,-0.07707650475650574,-0.003058641246513959,0.02200000000000002,0.121
38.14996361732483,-141.4924189940328,-134.60055177937727,1.2917472962385328,1.861937033445947,-0.0821533286359314,-0.003192719065036148,0.02200000000000002,0.121
38.19996356964111,-141.4611037975823,-134.51049351028396,1.291586425779316,1.8632097931243066,-0.0787056450316575,-0.0034708390002950464,0.02200000000000002,0.121
38.2499635219574,-141.43004645738506,-134.42138918363412,1.2914268169399263,1.8636456411985862,-0.08037273309669031,-0.003524003709783205,0.02200000000000002,0.121
38.29996347427368,-141.3989293934176,-134.33205171500322,1.2912261243710192,1.8643637796344654,-0.07882349819580224,-0.0038047831936654205,0.02200000000000002,0.121
38.349963426589966,-141.36744275221315,-134.2417768921853,1.2910424238530687,1.8648695214792002,-0.08261714554642581,-0.00406967017560879,0.02200000000000002,0.121
38.39996337890625,-141.3365496539458,-134.15317848980465,1.2908674642633455,1.8658947740183072,-0.08704805158323689,-0.004117979263536687,0.02200000000000002,0.121
38.449963331222534,-141.30533662316935,-134.06346845203566,1.2906728038364788,1.866775092509507,-0.08445432917773957,-0.003955485132843984,0.02200000000000002,0.121
38.49996328353882,-141.27447419474407,-133.9751264768655,1.2904917676900014,1.8669713971761293,-0.08265688182628018,-0.0039367990995540815,0.02200000000000002,0.121
38.5499632358551,-141.24317779600136,-133.88527893160997,1.2902952033337378,1.8672743354541015,-0.07988454538488574,-0.003997003574267821,0.02200000000000002,0.121
38.59996318817139,-141.21245365994739,-133.79710610273753,1.2901113043237533,1.86826061786792,-0.07844839676872395,-0.004105611370462478,0.02200000000000002,0.121
38.64996314048767,-141.18192642644235,-133.70932640185535,1.2899291768450685,1.868122201986708,-0.07932973050025333,-0.003841356641840695,0.02200000000000002,0.121
38.699963092803955,-141.15086931857866,-133.6192430151086,1.289725904832664,1.8675510514204265,-0.07968255685155005,-0.0040423980857515725,0.02200000000000002,0.121
38.74996304512024,-141.12055610626717,-133.53144974275867,1.2895518436616946,1.8672661357958604,-0.08069287360129067,-0.00411082525402067,0.02200000000000002,0.121
38.79996299743652,-141.08998342660757,-133.44262862991502,1.289370404627394,1.8680042507473265,-0.080640622547677,-0.003819924520819888,0.02200000000000002,0.121
38.84996294975281,-141.05934974393946,-133.35306826795807,1.2891669109513244,1.867170526828501,-0.08379098242511493,-0.0039516440602475325,0.02200000000000002,0.121
38.89996290206909,-141.02922443529616,-133.26476397862552,1.288981557554026,1.8672299469510907,-0.08454879352858684,-0.0041088929945425805,0.02200000000000002,0.121
38.949962854385376,-140.99872026561147,-133.17524008171355,1.2887830398239437,1.8674145203557124,-0.07916399284501908,-0.004089408464700626,0.02200000000000002,0.121
38.99996280670166,-140.96835932050305,-133.08595019418584,1.2885599442944065,1.868310316608912,-0.07614580218200535,-0.00423567407588467,0.02200000000000002,0.121
39.049962759017944,-140.9381034517418,-132.9969289004103,1.2883800178696838,1.8678909578467189,-0.07806438368723302,-0.004100894348835362,0.02200000000000002,0.121
39.09996271133423,-140.90776214583352,-132.90704334810957,1.2881963293363163,1.8688738506742344,-0.06543074384854816,-0.0038166661694979866,0.02200000000000002,0.121
39.14996266365051,-140.87719565275523,-132.81665760678484,1.2880160333149189,1.8695758326109393,-0.06746812845531222,-0.0037569184671576088,0.02200000000000002,0.121
39.1999626159668,-140.84736223968767,-132.72825887839477,1.287812547709936,1.8692683000760013,-0.06914253159591423,-0.00402754723229174,0.02200000000000002,0.121
39.24996256828308,-140.8171218475974,-132.63864516720963,1.2875753161827632,1.8693074503002043,-0.07173792075685774,-0.004504686405478827,0.02200000000000002,0.121
39.299962520599365,-140.78725593853332,-132.5498147748944,1.2873207575956993,1.869181215750814,-0.07443442282287478,-0.0051737418074012,0.02200000000000002,0.121
39.34996247291565,-140.75735107012244,-132.46102437268968,1.2870451006502397,1.8692525836165252,-0.0737747686165045,-0.005510313149647875,0.02200000000000002,0.121
39.399962425231934,-140.72766616641178,-132.37314976518212,1.2867450368774558,1.8688542426445587,-0.0745577271852488,-0.005862194784008758,0.02200000000000002,0.121
39.44996237754822,-140.69731801174365,-132.2836235292707,1.2864366395778928,1.8679626208344915,-0.0753562595690439,-0.006108526559880929,0.02200000000000002,0.121
39.4999623298645,-140.6679850618016,-132.1960480809126,1.286116178153652,1.86647999029356,-0.06714112550639931,-0.0064424399626155275,0.02200000000000002,0.121
39.549962282180786,-140.63843075833393,-132.10823130459553,1.2857973934387632,1.8656828763052593,-0.07332778268140679,-0.006675688509258694,0.02200000000000002,0.121
39.59996223449707,-140.6086428083988,-132.0199320936572,1.2854601013392855,1.8647403394922473,-0.06713660130445416,-0.006747061524000929,0.02200000000000002,0.121
39.649962186813354,-140.57854507059196,-131.93112521980512,1.2851257859274685,1.8638227145540938,-0.06718068354543119,-0.00682547873145742,0.02200000000000002,0.121
39.69996213912964,-140.54920277106413,-131.84421778637844,1.2847604315445913,1.8636289032684155,-0.06872467078602373,-0.007155208946794862,0.02200000000000002,0.121
39.74996209144592,-140.51954893392022,-131.75655267716127,1.2843669331428538,1.8621874864513916,-0.0701715033545541,-0.007729973415393962,0.02200000000000002,0.121
39.79996204376221,-140.48969830635684,-131.66852377208204,1.2839346145009913,1.86253708034084,-0.06847654252686258,-0.008376785011785303,0.02200000000000002,0.121
39.84996199607849,-140.45964547771297,-131.58043624998945,1.2834726817870417,1.8621477863807503,-0.06985555761959189,-0.009046137026190844,0.02200000000000002,0.121
39.899961948394775,-140.4291924233735,-131.49203040533118,1.282993941412665,1.861157243051517,-0.07068034808015816,-0.009609341569554317,0.02200000000000002,0.121
39.94996190071106,-140.39851270053396,-131.4031670061353,1.2825095262821176,1.86159971393522,-0.06220013846114138,-0.009759036884660592,0.02200000000000002,0.121
39.999961853027344,-140.36835630761217,-131.3155103439919,1.2819837667810725,1.861561056314186,-0.06336834902939611,-0.010250944294622566,0.02200000000000002,0.121
40.04996180534363,-140.3373255474577,-131.22621693330652,1.281473081935907,1.861498817264404,-0.06340507211531562,-0.010432726996530346,0.02200000000000002,0.121
40.09996175765991,-140.30660040383475,-131.13829454435992,1.2809522821953845,1.8609739681222603,-0.06103034637455681,-0.010558327719013199,0.02200000000000002,0.121
40.149961709976196,-140.27581334836944,-131.04989523406616,1.2804026305501988,1.8619176192402023,-0.06823866293292354,-0.011066199953164673,0.02200000000000002,0.121
40.19996166229248,-140.24503263201711,-130.9615458489538,1.279858931930123,1.8622361940856635,-0.06367614198625003,-0.011218941884625449,0.02200000000000002,0.121
40.249961614608765,-140.21392113603372,-130.8726794004299,1.2792970461624185,1.8620815844185752,-0.06504308096079515,-0.011282393781620933,0.02200000000000002,0.121
40.29996156692505,-140.18259054672677,-130.78402801243047,1.2787459818571703,1.8618940414196525,-0.0655611346349227,-0.011248153457438622,0.02200000000000002,0.121
40.34996151924133,-140.1513577958977,-130.69529302908606,1.2781651145466733,1.8619873763667674,-0.06031592614414199,-0.011469513314323448,0.02200000000000002,0.121
40.39996147155762,-140.12015241819518,-130.6064204204426,1.2775725261965036,1.8627173592171997,-0.06487439197101971,-0.011828464693022935,0.02200000000000002,0.121
40.4499614238739,-140.08932207783215,-130.5184972163341,1.2769962257811405,1.8623335733213175,-0.051887451170181655,-0.011743665724597358,0.02200000000000002,0.121
40.499961376190186,-140.05754529935237,-130.4302231704923,1.2764367224997275,1.8623037413790045,-0.059783303985957374,-0.011634781290140462,0.02200000000000002,0.121
40.54996132850647,-140.02569749129313,-130.3415751695101,1.2758997924562498,1.8613210211614661,-0.06011648464524991,-0.011226002151600013,0.02200000000000002,0.121
40.599961280822754,-139.9943552024687,-130.25394282899393,1.2753592419575008,1.8602880068625616,-0.059948398272857514,-0.010968348268039324,0.02200000000000002,0.121
40.64996123313904,-139.96314295487596,-130.16641892931054,1.274832115232605,1.8600764082865429,-0.06212646592432994,-0.010858138398047995,0.02200000000000002,0.121
40.69996118545532,-139.93146443758238,-130.0786683077602,1.2742989827374294,1.8591772746594937,-0.05798016544032107,-0.01074441827218163,0.02200000000000002,0.121
40.749961137771606,-139.9001608833087,-129.99151907745397,1.2737653406088827,1.8585484855332044,-0.06124883764672766,-0.010842693710649907,0.02200000000000002,0.121
40.79996109008789,-139.8692881635949,-129.90492153942407,1.2731890125531704,1.8574254940526278,-0.05535972812397562,-0.011206376474221683,0.02200000000000002,0.121
40.849961042404175,-139.83719680085682,-129.81548541954317,1.272599846613657,1.8575712727808802,-0.05635257823655498,-0.011602025381679705,0.02200000000000002,0.121
40.89996099472046,-139.80544377604502,-129.7278380207957,1.2720143538541222,1.8581018070064144,-0.050057209523275775,-0.011891187709870703,0.02200000000000002,0.121
40.94996094703674,-139.77366843152402,-129.63972247381787,1.2714184942370303,1.8580649907314937,-0.04794865318154378,-0.011959609326773745,0.02200000000000002,0.121
40.99996089935303,-139.7420261602958,-129.55165890338245,1.2708301276028917,1.857815005656342,-0.055240247990782594,-0.012090393322446125,0.02200000000000002,0.121
41.04996085166931,-139.71035576138615,-129.46398515609144,1.270229607486547,1.8583554685380594,-0.0508898591429703,-0.01194327384361526,0.02200000000000002,0.121
41.099960803985596,-139.67807570972482,-129.37531733503087,1.26959806260798,1.859383303952988,-0.05424767570748338,-0.01238994553261599,0.02200000000000002,0.121
41.14996075630188,-139.64597905673386,-129.2865746409931,1.2689447560983076,1.859739622549105,-0.048237197989677835,-0.012688407311242184,0.02200000000000002,0.121
41.199960708618164,-139.6143808386676,-129.1988048545096,1.2682728608578127,1.859571778652047,-0.04819258032857072,-0.01318919229619619,0.02200000000000002,0.121
41.24996066093445,-139.582639077865,-129.11025543472837,1.267550989695779,1.8594879637772874,-0.05107146802812631,-0.014008081990053226,0.02200000000000002,0.121
41.29996061325073,-139.55106872026562,-129.02241964937585,1.2668493035881288,1.8595452961546979,-0.04593011164386202,-0.014095265244600282,0.02200000000000002,0.121
41.34996056556702,-139.51955991522513,-128.93435029888886,1.2661183267293634,1.8598917686921685,-0.04394644688567988,-0.01445453132417205,0.02200000000000002,0.121
41.3999605178833,-139.48804577878744,-128.84601484885425,1.2653798207233278,1.8587427529342178,-0.037263620287130414,-0.014541824262668384,0.02200000000000002,0.121
41.449960470199585,-139.45610626319936,-128.75640145321378,1.264631569322641,1.858575394844068,-0.03787270351339277,-0.014757284673285848,0.02200000000000002,0.121
41.49996042251587,-139.42507786812467,-128.66982264204805,1.2639059816442906,1.8580858466594854,-0.04878660304032755,-0.014862727404496082,0.02200000000000002,0.121
41.54996037483215,-139.39381309232942,-128.58221582187193,1.2631327581047571,1.8569319059118472,-0.04374376276453074,-0.015070430185806345,0.02200000000000002,0.121
41.59996032714844,-139.36270851094022,-128.49485546138843,1.2623354821744501,1.856090985326251,-0.04613398987333405,-0.015700315825648306,0.02200000000000002,0.121
41.64996027946472,-139.33127272620436,-128.4067846693473,1.261549705609436,1.8554518126417612,-0.05098471228388812,-0.015762665380004905,0.02200000000000002,0.121
41.699960231781006,-139.30048570678576,-128.31928409387825,1.260723340468064,1.8544484861289734,-0.044330171042803374,-0.016005870080897818,0.02200000000000002,0.121
41.74996018409729,-139.2697652720123,-128.23236288329068,1.2599333741989844,1.8540488310905145,-0.03834628310023003,-0.01606773862407197,0.02200000000000002,0.121
41.799960136413574,-139.2387947860315,-128.14446850712213,1.2590967928316341,1.8531998407540593,-0.03951202634947839,-0.016347611429758456,0.02200000000000002,0.121
41.84996008872986,-139.20789189784097,-128.05662408191142,1.2582913857454572,1.853129877355393,-0.03553870130130749,-0.01627364052178994,0.02200000000000002,0.121
41.89996004104614,-139.17730201831046,-127.96958942319411,1.2575304430438723,1.8542101047132034,-0.036067503625560396,-0.015887236653696443,0.02200000000000002,0.121
41.94995999336243,-139.1459053105099,-127.88048085549663,1.2567773324215867,1.854317411076629,-0.03597221673215408,-0.01529767412789233,0.02200000000000002,0.121
41.99995994567871,-139.11529124394227,-127.79396013875973,1.256080861882957,1.8544277880823303,-0.04010353211207926,-0.014654593201986253,0.02200000000000002,0.121
42.049959897994995,-139.08406430615312,-127.70536453444952,1.2553688795977307,1.8540054205781682,-0.03867018683563756,-0.014222562514136743,0.02200000000000002,0.121
42.09995985031128,-139.05284016524848,-127.61638348288918,1.254664943812959,1.8537836097814075,-0.041798279595076857,-0.014167257560743824,0.02200000000000002,0.121
42.14995980262756,-139.0222761321671,-127.52945208757393,1.2539497450195451,1.8533369081348867,-0.036356114501240766,-0.014118540258643703,0.02200000000000002,0.121
42.19995975494385,-138.99109294801792,-127.44088198527685,1.253192115569934,1.8524161542609805,-0.03986232925959558,-0.014595157878449522,0.02200000000000002,0.121
42.24995970726013,-138.95955629869852,-127.35189319267656,1.252452767107027,1.8526518814196145,-0.03756539555965466,-0.014866312492197612,0.02200000000000002,0.121
42.299959659576416,-138.92847011356196,-127.26413660501886,1.2516874257660384,1.8519137470855578,-0.03356311809235859,-0.015187908055942518,0.02200000000000002,0.121
42.3499596118927,-138.89737872617016,-127.17670402981729,1.2509025930174507,1.8515650159939814,-0.036624402878381875,-0.015488898204667317,0.02200000000000002,0.121
42.399959564208984,-138.86547217295396,-127.08778752712225,1.2501272170062867,1.851172918608629,-0.03910201718400162,-0.015722761241098244,0.02200000000000002,0.121
42.44995951652527,-138.83401134446055,-127.00015182944246,1.2493043870314606,1.851371899648019,-0.0328434968346306,-0.016074849591787482,0.02200000000000002,0.121
42.49995946884155,-138.80263695649685,-126.91339466830355,1.248492389048055,1.8509218530433127,-0.03882283003486792,-0.016376720247421282,0.02200000000000002,0.121
42.54995942115784,-138.77076171383314,-126.8253799546721,1.2476253439781215,1.8513983520776394,-0.03751532349876477,-0.016778434934675714,0.02200000000000002,0.121
42.59995937347412,-138.7393134713121,-126.738718118639,1.2467313136907843,1.8505104649431217,-0.04310003731666913,-0.01757337131616251,0.02200000000000002,0.121
42.649959325790405,-138.70765882774052,-126.6519445332504,1.2458488023588334,1.8505422490107557,-0.04076254290879511,-0.017861049052031258,0.02200000000000002,0.121
42.69995927810669,-138.67572267056872,-126.56534276441106,1.2449457917069155,1.8502900371230713,-0.03168078096610399,-0.017937914631316196,0.02200000000000002,0.121
42.749959230422974,-138.6434914085693,-126.4782757911494,1.244062089572659,1.8494776111582976,-0.04121317859998602,-0.018005794769565514,0.02200000000000002,0.121
42.79995918273926,-138.6114385781437,-126.39183624564437,1.243196975311501,1.8495961826518343,-0.03156042168667767,-0.01756200625654237,0.02200000000000002,0.121
42.84995913505554,-138.57884609576354,-126.30454109287534,1.2423526102143272,1.8494697897628651,-0.03417348064053965,-0.017110689336332224,0.02200000000000002,0.121
42.899959087371826,-138.54628639864205,-126.21760950192383,1.2414968622467586,1.8496623419418459,-0.03116861826763996,-0.01724450904306724,0.02200000000000002,0.121
42.94995903968811,-138.51399271696516,-126.13159639644836,1.2406893455662922,1.8495898114240277,-0.040001385783349275,-0.01701060957132746,0.02200000000000002,0.121
42.999958992004395,-138.48111571558277,-126.04381574376258,1.2398471321315006,1.849248722983479,-0.03716634414068758,-0.01680449639786616,0.02200000000000002,0.121
43.04995894432068,-138.44806497317964,-125.95651179518178,1.239055067980753,1.8498069546434845,-0.03731833700131944,-0.01633572873437273,0.02200000000000002,0.121
43.09995889663696,-138.41510643774225,-125.87028749113199,1.2382816312250835,1.8495630348842116,-0.03579065500543303,-0.015924548469525106,0.02200000000000002,0.121
43.14995884895325,-138.38156778681463,-125.78214552409908,1.2374661222467154,1.8502030856981708,-0.02700079629051947,-0.015982164892565865,0.02200000000000002,0.121
43.19995880126953,-138.3487316603251,-125.69557980569937,1.2366313363345753,1.850084264779508,-0.0297390250010381,-0.01640950473922165,0.02200000000000002,0.121
43.249958753585815,-138.31497879986017,-125.60780646712907,1.2358103021289644,1.848678646831554,-0.031410890206112936,-0.016736078907993078,0.02200000000000002,0.121
43.2999587059021,-138.28112558655437,-125.52093177510991,1.2349718697837622,1.8495501356808803,-0.02918164892987533,-0.01677905346739982,0.02200000000000002,0.121
43.349958658218384,-138.24723783314997,-125.4337575711648,1.2340972220922826,1.8493420118105015,-0.021976784766067868,-0.017114207655675753,0.02200000000000002,0.121
43.39995861053467,-138.2135534705482,-125.34695236237316,1.2332054987058183,1.8488736828789059,-0.025983320522241088,-0.01769788612478243,0.02200000000000002,0.121
43.44995856285095,-138.1797036931717,-125.25945144394215,1.2322563542733038,1.848884036400354,-0.027040221682202024,-0.01838817939142503,0.02200000000000002,0.121
43.499958515167236,-138.14585607784852,-125.17339767201577,1.2313013456380117,1.8486543820245156,-0.037581349775238825,-0.01909346765329437,0.02200000000000002,0.121
43.54995846748352,-138.11207945813106,-125.08705670715733,1.230288915933276,1.8481188001806756,-0.029758721601519395,-0.01972105028145717,0.02200000000000002,0.121
43.599958419799805,-138.0781637631818,-125.00031713105315,1.229257511940865,1.8476001918539602,-0.03498584351701575,-0.020382683794247965,0.02200000000000002,0.121
43.64995837211609,-138.04461919976765,-124.91402585273173,1.2281732094869091,1.8470959285508153,-0.023675264961032543,-0.020959644692268718,0.02200000000000002,0.121
43.69995832443237,-138.0111786864331,-124.82854916621697,1.2270783757518235,1.8467766600615139,-0.018582136731805848,-0.02166882231665448,0.02200000000000002,0.121
43.74995827674866,-137.97715581660324,-124.7414015066365,1.225960291567519,1.8456346678037314,-0.022805355150608858,-0.02205666460646758,0.02200000000000002,0.121
43.79995822906494,-137.94377819150725,-124.65572257859034,1.224853274948438,1.845387504694141,-0.025180505240221602,-0.022282819658973677,0.02200000000000002,0.121
43.849958181381226,-137.91066876308358,-124.57038252550097,1.223721386731999,1.8453143115685817,-0.017472483420590188,-0.02248109474310754,0.02200000000000002,0.121
43.89995813369751,-137.8772668581167,-124.48518412773555,1.2225507095420842,1.8451673148947678,-0.012293060284503696,-0.022966331257289137,0.02200000000000002,0.121
43.949958086013794,-137.8436465389417,-124.39937438568816,1.2213984338093664,1.844944857334484,-0.018522670788675068,-0.023219666824288724,0.02200000000000002,0.121
43.99995803833008,-137.8103772051838,-124.31417851429885,1.2202412253638806,1.8439958899472066,-0.017163184753403643,-0.023286733578782352,0.02200000000000002,0.121
44.04995799064636,-137.77678707995184,-124.2285084289821,1.2190971636903212,1.843957204821552,-0.011702115049945394,-0.023080245033246852,0.02200000000000002,0.121
44.09995794296265,-137.74268902876713,-124.1418965856857,1.2179518420544135,1.8439303950976489,-0.016467779388043113,-0.022914396013921635,0.02200000000000002,0.121
44.14995789527893,-137.70916440976404,-124.05645004603124,1.2168128985687483,1.843594132082972,-0.015151536245040146,-0.022945940824672918,0.02200000000000002,0.121
44.199957847595215,-137.6755109091798,-123.9707624134288,1.2157018194386344,1.8429912317103798,-0.006817630186479207,-0.02249057524598027,0.02200000000000002,0.121
44.2499577999115,-137.6412244454327,-123.88404637353709,1.214609877976008,1.8428573303208642,-0.009970397000953594,-0.022114620572196667,0.02200000000000002,0.121
44.29995775222778,-137.60701604774397,-123.7980247626076,1.2135128336285106,1.8426278592552476,-0.007779907489480434,-0.022021602238611788,0.02200000000000002,0.121
44.34995770454407,-137.5727462051189,-123.71196229037794,1.2124440436089456,1.8431471799674854,-0.013316379480768558,-0.021917352706918077,0.02200000000000002,0.121
44.39995765686035,-137.53842844920692,-123.62580059947723,1.2113784794733855,1.8425079224452714,-0.011066801836663026,-0.021516924301240966,0.02200000000000002,0.121
44.449957609176636,-137.5046311217439,-123.54083381981684,1.2103038815346963,1.8430182465624567,-0.012125503567875643,-0.02152308744860733,0.02200000000000002,0.121
44.49995756149292,-137.4697065846474,-123.4546875408792,1.2092059347517652,1.8423354422029148,-0.01137084566546682,-0.02176625543105131,0.02200000000000002,0.121
44.549957513809204,-137.4346193002933,-123.36837523413003,1.2081528291084245,1.8423475254596762,-0.020441459053372073,-0.02156509364772885,0.02200000000000002,0.121
44.59995746612549,-137.40053506938594,-123.28388481448603,1.2070500376482072,1.840847225108817,-0.012926972428388844,-0.021703128846025852,0.02200000000000002,0.121
44.64995741844177,-137.36594870549942,-123.19823897338753,1.2059615816084743,1.8403331016594042,-0.007457095511201698,-0.021897803293529635,0.02200000000000002,0.121
44.69995737075806,-137.33102233059515,-123.1123583188464,1.2048583385747538,1.8393216156651868,-0.007708229819943216,-0.021822051194289246,0.02200000000000002,0.121
44.74995732307434,-137.29679112753607,-123.02797487269277,1.2037674928302262,1.8385705883140038,-0.0037155032276189716,-0.021970104078449435,0.02200000000000002,0.121
44.799957275390625,-137.2623343665056,-122.94291176158035,1.2026642493951558,1.8380307374427356,-0.004561119609413427,-0.022089761073223323,0.02200000000000002,0.121
44.84995722770691,-137.2275041625997,-122.8568598326482,1.201561785247337,1.8375326634831204,-0.012296848922349179,-0.02218179171256677,0.02200000000000002,0.121
44.89995718002319,-137.19307573961993,-122.77180476504618,1.200486103499547,1.8371440047430174,8.800620435595215e-05,-0.021772743761313,0.02200000000000002,0.121
44.94995713233948,-137.15856448821773,-122.68630952127694,1.1993760491683694,1.83662228545878,-0.003043115794114302,-0.022062506607321765,0.02200000000000002,0.121
44.99995708465576,-137.1239457782174,-122.60054232041229,1.1982572739002104,1.8367166265363684,-0.0069895346587494685,-0.022291011158550325,0.02200000000000002,0.121
45.049957036972046,-137.08910471547696,-122.51434392257619,1.1971253840227811,1.8372811330729097,-0.008982877702954358,-0.022559809072213815,0.02200000000000002,0.121
45.09995698928833,-137.05447736693438,-122.42876565243421,1.1959892144796862,1.836584895046998,-0.003155874345593363,-0.02274880573072961,0.02200000000000002,0.121
45.149956941604614,-137.0190566388626,-122.34153953439255,1.194835612072824,1.8364735101048955,-0.0037210149065576414,-0.022889706411534264,0.02200000000000002,0.121
45.1999568939209,-136.98442983972947,-122.256442325773,1.1937109916607804,1.8362045896235046,-0.006589051579795946,-0.022995045952155745,0.02200000000000002,0.121
45.24995684623718,-136.94956791293887,-122.17114735419538,1.1926119165543372,1.8363213726460033,-0.0014718837988709852,-0.022559982472168182,0.02200000000000002,0.121
45.29995679855347,-136.91419103911102,-122.08506984284017,1.1914833525894009,1.834751433709836,0.0012619738301664725,-0.02232618575741921,0.02200000000000002,0.121
45.34995675086975,-136.87910380401908,-122.00008501373311,1.1904026210120855,1.834808484460298,-0.005482082096004558,-0.022145288672364476,0.02200000000000002,0.121
45.399956703186035,-136.8443029199579,-121.9156783747753,1.189303224847847,1.8343707123062194,-0.008425452898902343,-0.022092538546670454,0.02200000000000002,0.121
45.44995665550232,-136.8091410983684,-121.83073512225157,1.188210073429102,1.8336958225918485,-0.004903718183118372,-0.021904613600901183,0.02200000000000002,0.121
45.4999566078186,-136.77439497188692,-121.74669054174666,1.1870950386739687,1.8332898841894252,-0.003541521303148829,-0.022240645661660206,0.02200000000000002,0.121
45.54995656013489,-136.73916403360724,-121.66189346093083,1.1859884291510847,1.8324394196835807,-0.010455780881275554,-0.0224116690529135,0.02200000000000002,0.121
45.59995651245117,-136.7038821878451,-121.57720411185959,1.1848761082240116,1.832027542866115,0.005378675729640736,-0.022150469658797016,0.02200000000000002,0.121
45.649956464767456,-136.66922631620562,-121.49404904962904,1.1837431144878614,1.8325935066419627,-0.0018877890353519553,-0.022602633991442224,0.02200000000000002,0.121
45.69995641708374,-136.63349858322644,-121.40923104361609,1.1825912083042276,1.8316061836766342,-0.001844057115188179,-0.0228719568105488,0.02200000000000002,0.121
45.749956369400024,-136.59796763463999,-121.32479061033844,1.1813575414683857,1.8314494390500227,0.0008898943676629396,-0.02372085960219147,0.02200000000000002,0.121
45.79995632171631,-136.5623239724274,-121.24060539265815,1.1801261950303243,1.8302639097512006,-0.0003527302822936172,-0.024440053872149082,0.02200000000000002,0.121
45.84995627403259,-136.52674018980412,-121.156882131574,1.1788520917365037,1.82989705557961,-0.006309031526900734,-0.025231895317650965,0.02200000000000002,0.121
45.89995622634888,-136.49033992800452,-121.07275569373073,1.1775777194893593,1.829276469767251,-0.008377800499781854,-0.025568263712510007,0.02200000000000002,0.121
45.94995617866516,-136.4547027704222,-120.9905239542789,1.1762884180285955,1.828462301640884,-0.010013820363503139,-0.02599921138616974,0.02200000000000002,0.121
45.999956130981445,-136.41831641866128,-120.90655734811008,1.174908229767907,1.826969057358875,-0.00901157160774621,-0.026807979119668528,0.02200000000000002,0.121
46.04995608329773,-136.38171490006778,-120.82279290820185,1.1735287697458963,1.8262828102724438,-0.007108464916354645,-0.02739165460792229,0.02200000000000002,0.121
46.099956035614014,-136.3443497224599,-120.7379901249062,1.1721303621575736,1.825118852500186,-0.007592643659386267,-0.027881060469781904,0.02200000000000002,0.121
46.1499559879303,-136.30736770575243,-120.65435487690056,1.1707722967104512,1.825298488663433,-0.00682180959900243,-0.027678812945829367,0.02200000000000002,0.121
46.19995594024658,-136.27071726985335,-120.57126418022732,1.169373292004743,1.8250571713011003,-0.004189509331421643,-0.0278356501813299,0.02200000000000002,0.121
46.249955892562866,-136.2324640715792,-120.48557099966133,1.1679757425532362,1.8244165365270273,-0.009027851701220262,-0.027835580286000194,0.02200000000000002,0.121
46.29995584487915,-136.19485455521385,-120.401764022229,1.1665654868959603,1.8238128669877507,-0.003847337230132738,-0.028029099468823645,0.02200000000000002,0.121
46.349955797195435,-136.1574689327723,-120.31845607037883,1.1651495004027326,1.8246983857218158,-0.005647285815903852,-0.02845614995565526,0.02200000000000002,0.121
46.39995574951172,-136.11926689774265,-120.23360609111955,1.1637174688517584,1.8240940467106788,-0.010156355697933162,-0.028580525788320234,0.02200000000000002,0.121
46.449955701828,-136.0816169376821,-120.15015388962789,1.1622923138904284,1.8243009058785458,-0.009631018304256767,-0.028531099347251832,0.02200000000000002,0.121
46.49995565414429,-136.04372831321228,-120.06660168279122,1.1608334457812077,1.823360297392747,-0.010483398930026484,-0.02891818463121198,0.02200000000000002,0.121
46.54995560646057,-136.00550513957305,-119.98253856624675,1.1593575313627678,1.8236423048162294,-0.00741041398127572,-0.029087729798158258,0.02200000000000002,0.121
46.599955558776855,-135.9676807131402,-119.89928646885642,1.157869237671569,1.822679880518439,-0.0014795750126315647,-0.029439386317131704,0.02200000000000002,0.121
46.64995551109314,-135.9301786131778,-119.81679348185911,1.1563763863958578,1.8229355034112686,-0.0006768826692580363,-0.02994172268341911,0.02200000000000002,0.121
46.699955463409424,-135.89175527609083,-119.73336088253885,1.1548521283169466,1.8213266462704463,-0.0016164921854932403,-0.030340363240354544,0.02200000000000002,0.121
46.74995541572571,-135.85357637882143,-119.6502458671725,1.1533049316174893,1.821211056488052,0.004901205878167437,-0.030562381592282317,0.02200000000000002,0.121
46.79995536804199,-135.8158418407372,-119.56826248371985,1.1518073019908124,1.8206832556881045,0.0072633904066848574,-0.030644998197476517,0.02200000000000002,0.121
46.849955320358276,-135.77715207993,-119.48447763547976,1.150306452712272,1.8202535799529502,0.002999437821899734,-0.03020825865072148,0.02200000000000002,0.121
46.89995527267456,-135.7393450391969,-119.40276473639597,1.1488411794995048,1.8204623614223199,0.0031390855419794186,-0.029935060003394225,0.02200000000000002,0.121
46.949955224990845,-135.70011188167402,-119.31792994988886,1.1473298414106867,1.820689482497654,-0.0005122474887784283,-0.029934683364828418,0.02200000000000002,0.121
46.99995517730713,-135.66110948776316,-119.233749575567,1.145856329054422,1.8208491510827467,-0.0026082095755539624,-0.029599504936856362,0.02200000000000002,0.121
47.04995512962341,-135.62267901642343,-119.15076027480076,1.1443977085583799,1.8205536404417093,0.0026247477030427843,-0.029170343718358548,0.02200000000000002,0.121
47.0999550819397,-135.58425848655304,-119.06776909071537,1.1429197810861769,1.8203719598895376,0.011346362091772567,-0.02933747286922652,0.02200000000000002,0.121
47.14995503425598,-135.54527722789982,-118.98368710268835,1.1414142255869104,1.8205118412593684,0.012666638142908165,-0.029664670524133997,0.02200000000000002,0.121
47.199954986572266,-135.50638762044056,-118.89994801442465,1.1399013988769036,1.820788094789626,0.01475936493579531,-0.029944620630099436,0.02200000000000002,0.121
47.24995493888855,-135.4678771437813,-118.8175768473543,1.1384318206893662,1.8212867255547793,0.009084094703603392,-0.03002528034877252,0.02200000000000002,0.121
47.299954891204834,-135.42823391506218,-118.7330331753767,1.136890504327023,1.8214063841641568,0.01260700627767493,-0.030155257716217018,0.02200000000000002,0.121
47.34995484352112,-135.38892117711356,-118.64967070255459,1.13540457480868,1.8219226971715303,0.00870673524237066,-0.030208081744156647,0.02200000000000002,0.121
47.3999547958374,-135.34941322381377,-118.56620319771558,1.1339273130247693,1.821574949477098,0.009276248671333535,-0.029610540080850317,0.02200000000000002,0.121
47.44995474815369,-135.31101047375364,-118.48509105719809,1.1324628190623978,1.8215164786373008,0.0009186317957575602,-0.029675520927673317,0.02200000000000002,0.121
47.49995470046997,-135.27105585422774,-118.40060270489211,1.130958620870023,1.8209444935048607,0.0037247383958587555,-0.02965322523258143,0.02200000000000002,0.121
47.549954652786255,-135.2319848489782,-118.3183483122149,1.1295050241053897,1.8206696570630885,0.002069593411250558,-0.029359140301538,0.02200000000000002,0.121
47.59995460510254,-135.19293259596247,-118.23629686379594,1.1280467429988812,1.8211456199762168,0.004377976955050298,-0.02919482304631767,0.02200000000000002,0.121
47.64995455741882,-135.15301663948995,-118.15293377891206,1.1266026699443201,1.82040050565392,0.005670881852628188,-0.02876822529906,0.02200000000000002,0.121
47.69995450973511,-135.11453174248797,-118.072581252136,1.1252216282673828,1.8198992433064678,0.006958614654092302,-0.028448820441382226,0.02200000000000002,0.121
47.74995446205139,-135.0747946163663,-117.98986532896171,1.1238047918984635,1.8193998525709703,0.005768810075607565,-0.028206086923586594,0.02200000000000002,0.121
47.799954414367676,-135.03443856093168,-117.90629367310005,1.122384737645754,1.8191855119768265,0.006979090479466411,-0.02797853105204267,0.02200000000000002,0.121
47.84995436668396,-134.9949513366669,-117.8247517700425,1.1209916858952351,1.818962951556186,0.006356619229376153,-0.027936673185848783,0.02200000000000002,0.121
47.899954319000244,-134.95493113395972,-117.74242432198614,1.1195805336415863,1.818483094376565,0.003451967528623467,-0.028091295108417295,0.02200000000000002,0.121
47.94995427131653,-134.91473375513334,-117.65994684170656,1.1181254380947172,1.817755429039329,0.0028721632588789175,-0.028494264002778207,0.02200000000000002,0.121
47.99995422363281,-134.87435362330064,-117.57778797945029,1.1167113775615898,1.8172993026804223,0.0047689608226933935,-0.028502583114251315,0.02200000000000002,0.121
48.0499541759491,-134.83424976349502,-117.49633008882888,1.1152708091751464,1.8177006301446283,0.005516522394716378,-0.028646562767581228,0.02200000000000002,0.121
48.09995412826538,-134.79314820244244,-117.41327368562321,1.1138012410415865,1.8178731772756511,0.006913973508620629,-0.028816220376292764,0.02200000000000002,0.121
48.149954080581665,-134.752270590467,-117.3309216857858,1.1123175951584672,1.818120366708252,0.009086135166741772,-0.029362810192891105,0.02200000000000002,0.121
48.19995403289795,-134.71142777877446,-117.24927646495907,1.1108757993861742,1.8187143661074814,0.003291524249990738,-0.02927720361335509,0.02200000000000002,0.121
48.24995398521423,-134.66956369847495,-117.16609057254925,1.1094040700371393,1.8196193478766083,0.004166886495311505,-0.029120914656020874,0.02200000000000002,0.121
48.29995393753052,-134.62902585536983,-117.0860286211247,1.107988558269368,1.8203533324987056,-8.129124659536028e-05,-0.028985425214950726,0.02200000000000002,0.121
48.3499538898468,-134.58676306233903,-117.0026317195016,1.1064646638395734,1.8199542303266953,-0.0021640914367525386,-0.02932983650554126,0.02200000000000002,0.121
48.399953842163086,-134.54446688169452,-116.91945601092874,1.1049286307065307,1.8207062192988537,-0.0026510997992344643,-0.029981474326246812,0.02200000000000002,0.121
48.44995379447937,-134.50368275574832,-116.83950709642382,1.1034403002778386,1.8215612246005473,0.0052333638470643965,-0.030184059501107002,0.02200000000000002,0.121
48.499953746795654,-134.4619931556162,-116.75843421563503,1.1018943825115752,1.8211988618073656,0.002073677848172819,-0.030601721802387467,0.02200000000000002,0.121
48.54995369911194,-134.41900323481073,-116.67521699223086,1.1003164802269407,1.8205960035452373,0.001766459290452425,-0.030809270317200772,0.02200000000000002,0.121
48.59995365142822,-134.37766343044657,-116.59515422107047,1.0987554006787639,1.8202345303888485,0.007859471478856718,-0.031116696402177457,0.02200000000000002,0.121
48.64995360374451,-134.33553614820545,-116.5139423448376,1.0971822651459138,1.818742285532691,0.009153690822922047,-0.03119229184385654,0.02200000000000002,0.121
48.69995355606079,-134.29430309428457,-116.43532765560455,1.0956370976403442,1.8175476953733536,0.0075998942047156015,-0.03138574656967353,0.02200000000000002,0.121
48.749953508377075,-134.25129454653162,-116.35333322403395,1.093988667146518,1.8161824223970549,0.006625510567966177,-0.03204799276634939,0.02200000000000002,0.121
48.79995346069336,-134.21049709961937,-116.27580402893197,1.092427371351613,1.816028042537544,0.0076169240243651164,-0.032195030347102166,0.02200000000000002,0.121
48.849953413009644,-134.16667702772432,-116.19267592448941,1.0907094149635297,1.8147382502654414,0.009957735702263984,-0.0326585409771612,0.02200000000000002,0.121
48.89995336532593,-134.12461347196168,-116.11349430443668,1.0890921018173039,1.8153749509903392,0.003008137257401352,-0.03300939720253089,0.02200000000000002,0.121
48.94995331764221,-134.08170347968795,-116.03276829052467,1.0874044228621085,1.815665127029923,0.007666069866890942,-0.03320060344226682,0.02200000000000002,0.121
48.999953269958496,-134.0379725057365,-115.95074564273271,1.0856921450589587,1.8155020430719224,0.010012780836849176,-0.03333069453807958,0.02200000000000002,0.121
49.04995322227478,-133.9946993729864,-115.86966375660045,1.0840149271649038,1.815572384976938,0.00666602326343325,-0.0334445389665994,0.02200000000000002,0.121
49.099953174591064,-133.95146730438313,-115.78878984885944,1.0823676419320007,1.8162620813924881,0.009476417520320217,-0.03300127605021239,0.02200000000000002,0.121
49.14995312690735,-133.9083781674609,-115.70842915132064,1.080711576549242,1.8161179959315235,0.010114823848045264,-0.032920918700526804,0.02200000000000002,0.121
49.19995307922363,-133.86554796016082,-115.62878606680692,1.0790440034435194,1.8156165524204166,0.007487781826165093,-0.03317694886953758,0.02200000000000002,0.121
49.24995303153992,-133.82152874968773,-115.54743696913609,1.0773634398840164,1.8162237396855392,0.006479032192901762,-0.0334189342236103,0.02200000000000002,0.121
49.2999529838562,-133.77874406462445,-115.46849795447721,1.0756999734588732,1.8159774032570541,0.008843907480964435,-0.03359308584389696,0.02200000000000002,0.121
49.349952936172485,-133.73348403341507,-115.38549475543412,1.0739882702484036,1.8160958617186551,-0.0009585410889167142,-0.033508773148027665,0.02200000000000002,0.121
49.39995288848877,-133.68980710551813,-115.30532856398719,1.072287623640107,1.8151944231854753,0.012318941266307927,-0.03348842970431176,0.02200000000000002,0.121
49.449952840805054,-133.646949362816,-115.22700217261074,1.0706493388385836,1.814947813003949,0.010694321073266372,-0.033708312850494616,0.02200000000000002,0.121
49.49995279312134,-133.60293642778342,-115.14682169573565,1.0689661575403133,1.814693733031675,0.01451286944374838,-0.03334375113733941,0.02200000000000002,0.121
49.54995274543762,-133.558855966873,-115.06708774974138,1.0673454344905327,1.8141769804095034,0.006254482179194619,-0.03279992511145625,0.02200000000000002,0.121
49.599952697753906,-133.514359076609,-114.98664654174233,1.0656525937219619,1.813272058326563,0.00786057556623636,-0.03276856609840509,0.02200000000000002,0.121
49.64995265007019,-133.47010446469406,-114.90692148085944,1.0639654486463759,1.8121919375912323,0.012849715946300157,-0.03309914414709227,0.02200000000000002,0.121
49.699952602386475,-133.42717585114724,-114.82914896485028,1.0622940112763304,1.8118548341293315,0.012497262863015803,-0.033540972433895394,0.02200000000000002,0.121
49.74995255470276,-133.38259422094066,-114.74887940862837,1.0605759893942437,1.8114686961249027,0.01115937072590595,-0.033804676760311,0.02200000000000002,0.121
49.79995250701904,-133.3389607142872,-114.67075835509706,1.0589022688988199,1.8109849408921073,0.00970909002313,-0.033840052012311134,0.02200000000000002,0.121
49.84995245933533,-133.29412191302993,-114.59044974764004,1.0571467413537294,1.8104930235197199,0.015085753602574657,-0.033970581589635215,0.02200000000000002,0.121
49.89995241165161,-133.25042156034831,-114.5124906937896,1.0554612760186828,1.8109069156421804,0.009472821948614313,-0.03420577440279737,0.02200000000000002,0.121
49.949952363967896,-133.20426596847236,-114.43048477837722,1.0536664988142006,1.8105682244433956,0.01167953326874256,-0.03431616973188708,0.02200000000000002,0.121
49.99995231628418,-133.1597015523638,-114.35162482504639,1.0519201300878085,1.81047123442477,0.020691484252172,-0.03447625091231548,0.02200000000000002,0.121
50.049952268600464,-133.1147453809132,-114.27229464579675,1.0501398543648175,1.8106306570423936,0.01725349457492558,-0.035053017071701324,0.02200000000000002,0.121
50.09995222091675,-133.07048755225858,-114.1946369795638,1.0484317000677041,1.8117955190972623,0.016152072355094603,-0.034900410807272235,0.02200000000000002,0.121
50.14995217323303,-133.0244876391065,-114.1142594860708,1.0466677551168069,1.8120529756834098,0.014416420993513123,-0.034604529522329286,0.02200000000000002,0.121
50.199952125549316,-132.97909546194208,-114.03506178984371,1.0449115315209443,1.8117036346415223,0.016467712073989362,-0.03455938397538271,0.02200000000000002,0.121
50.2499520778656,-132.93382036159946,-113.95607390080143,1.043149085435526,1.8114707907271321,0.0205540932756031,-0.03470649897442639,0.02200000000000002,0.121
50.299952030181885,-132.8892537480866,-113.87837037309792,1.0414313393746946,1.8105604068328573,0.017428280875473153,-0.034878079523473264,0.02200000000000002,0.121
50.34995198249817,-132.84290739293138,-113.7978797615256,1.039646284183547,1.8107510050371156,0.02142888565583051,-0.03479980714488753,0.02200000000000002,0.121
50.39995193481445,-132.7984768853403,-113.72103662463391,1.0379317356999578,1.8093749671930526,0.026163162207914967,-0.03467436894009402,0.02200000000000002,0.121
50.44995188713074,-132.75249416377284,-113.64174757361484,1.0361225005941228,1.8075696979048834,0.01915591599811109,-0.035199593909381204,0.02200000000000002,0.121
50.49995183944702,-132.70728835499835,-113.56312975403726,1.0343187585800115,1.807438040678128,0.023950414199300215,-0.03548712002260879,0.02200000000000002,0.121
50.549951791763306,-132.66233276166562,-113.48526934818983,1.0324907933527456,1.8052243123816614,0.02349561269010245,-0.03604553899296318,0.02200000000000002,0.121
50.59995174407959,-132.61594429737585,-113.40545722869129,1.030611701072344,1.804040124076125,0.024459721391948436,-0.03642410211091168,0.02200000000000002,0.121
50.649951696395874,-132.571176875525,-113.32899116418042,1.0288121244980943,1.802999820894161,0.024880703489076866,-0.0364019065669255,0.02200000000000002,0.121
50.69995164871216,-132.52615936573844,-113.2518920258119,1.0269825069288339,1.8014420117578516,0.023581094631811947,-0.03646520353412858,0.02200000000000002,0.121
50.74995160102844,-132.48039649706288,-113.17403083080696,1.025113709624932,1.7998958603280546,0.025678850051168548,-0.03661720397938299,0.02200000000000002,0.121
50.79995155334473,-132.4347939591643,-113.09716947888154,1.0233080535487777,1.7978041648544127,0.014128025047982258,-0.036660636226672164,0.02200000000000002,0.121
50.84995150566101,-132.38796066959296,-113.01848730559642,1.0214331999939417,1.797116768981132,0.026334760276120014,-0.036324671735950324,0.02200000000000002,0.121
50.899951457977295,-132.34234547543346,-112.94210099264342,1.0195981153930158,1.7967353130503525,0.023716063504644253,-0.0365061398727904,0.02200000000000002,0.121
50.94995141029358,-132.29505548699606,-112.8632446092358,1.0176808989947768,1.7960794473165231,0.03253579930784516,-0.036931714854594344,0.02200000000000002,0.121
50.99995136260986,-132.24841925363492,-112.7860594658676,1.0158231104946016,1.795566489241607,0.02583761247953897,-0.03711052561639639,0.02200000000000002,0.121
51.04995131492615,-132.20120873759976,-112.70839861014686,1.0139454520045263,1.7950736646603622,0.0261173655727611,-0.03711544414452278,0.02200000000000002,0.121
51.09995126724243,-132.15522322975343,-112.63305095702871,1.012093075870747,1.7943268133760206,0.029052561505986816,-0.037195426429731976,0.02200000000000002,0.121
51.149951219558716,-132.10714699618947,-112.55498258548462,1.0102233472137099,1.7934307910028335,0.025582039783517647,-0.0370372759946951,0.02200000000000002,0.121
51.199951171875,-132.05962191491997,-112.47790328167447,1.0083218986137352,1.792915478656901,0.023323417884404292,-0.03724900614940434,0.02200000000000002,0.121
51.249951124191284,-132.01199014289327,-112.40113677483717,1.0064113924984197,1.7920615126542219,0.021938593518097668,-0.03775468997193881,0.02200000000000002,0.121
51.29995107650757,-131.96556303192693,-112.32688527415324,1.0045448206478376,1.7918133832437324,0.022941058886165027,-0.037922352565217504,0.02200000000000002,0.121
51.34995102882385,-131.9161858833029,-112.24830602747733,1.0025566454253965,1.7911909937216839,0.025859976802810682,-0.038120915713180985,0.02200000000000002,0.121
51.39995098114014,-131.8681014697764,-112.17224335930625,1.0006209891922604,1.791498500610395,0.02846238993247574,-0.03848933593875839,0.02200000000000002,0.121
51.44995093345642,-131.82117815005225,-112.0983157182541,0.9987036304386565,1.7904985760307663,0.026412631830252404,-0.03872025082230509,0.02200000000000002,0.121
51.499950885772705,-131.77164994381548,-112.02084984176317,0.9966832610637189,1.7898759585734332,0.029636681053921803,-0.039013432205116085,0.02200000000000002,0.121
51.54995083808899,-131.72345968322148,-111.94558528168999,0.9946649555266568,1.78919227181474,0.02902554340327781,-0.03974578166560074,0.02200000000000002,0.121
51.59995079040527,-131.6754622522495,-111.87106235370561,0.9926699803872789,1.78841207005428,0.022556772253805354,-0.04026679507759913,0.02200000000000002,0.121
51.64995074272156,-131.6276777682097,-111.79730233399765,0.990710379945898,1.7878415727518648,0.027446786184005655,-0.040014374810068504,0.02200000000000002,0.121
51.69995069503784,-131.57852752653503,-111.72203518043334,0.9887110398416611,1.7880629856675778,0.01436975467347527,-0.039806767143139604,0.02200000000000002,0.121
51.749950647354126,-131.52862719270337,-111.64592669457758,0.9866778891070597,1.7873835748835136,0.0188629866988242,-0.03972048095479316,0.02200000000000002,0.121
51.79995059967041,-131.48088629508374,-111.5733075608714,0.9847254313868066,1.7869901214374337,0.014370501950062597,-0.03973130199887687,0.02200000000000002,0.121
51.849950551986694,-131.42964911833593,-111.49585364914518,0.9826445194037071,1.7866837053068807,0.015634885685434242,-0.039921046445541654,0.02200000000000002,0.121
51.89995050430298,-131.381138656978,-111.42296190409134,0.9806862692472639,1.7867299646030108,0.019264761515498816,-0.039988588376429796,0.02200000000000002,0.121
51.94995045661926,-131.33007816558012,-111.34649723461254,0.9786388931539914,1.7863195100871563,0.026488262311667586,-0.04003238800232475,0.02200000000000002,0.121
51.99995040893555,-131.27941392541175,-111.27081755756603,0.9766102813876912,1.7864736427833645,0.031222263095387587,-0.03984864799334881,0.02200000000000002,0.121
52.04995036125183,-131.2295381249348,-111.19632801836376,0.9746126061470873,1.786527673778487,0.028169914000008994,-0.039935354501998345,0.02200000000000002,0.121
52.099950313568115,-131.17937145171186,-111.12133006739725,0.9725953458181011,1.7862723569566714,0.03328210370048241,-0.040101991434320756,0.02200000000000002,0.121
52.1499502658844,-131.1286970411149,-111.0457240710385,0.9705323812797267,1.7863629279014166,0.027776939264942953,-0.040399660681871265,0.02200000000000002,0.121
52.199950218200684,-131.07897258694283,-110.97173526609961,0.9684976298118676,1.7861845051932455,0.030904627634410105,-0.04057766296907207,0.02200000000000002,0.121
52.24995017051697,-131.02886621113643,-110.89744505112392,0.9664712032153567,1.785964109022948,0.028212698264046873,-0.04083974768073795,0.02200000000000002,0.121
52.29995012283325,-130.9781366540203,-110.82200488267458,0.9643578853024978,1.7869820533408691,0.02857597947531542,-0.04126448883637023,0.02200000000000002,0.121
52.349950075149536,-130.92656063670188,-110.74561702670509,0.9622234862843703,1.7871977504639212,0.03172108177279919,-0.04140804615660195,0.02200000000000002,0.121
52.39995002746582,-130.87662207975552,-110.67203183380802,0.9601848642167379,1.787644654985668,0.0354680300627624,-0.041308451617073604,0.02200000000000002,0.121
52.449949979782104,-130.8256551590799,-110.59722877379451,0.9581122030224548,1.78757686453074,0.034299323976207836,-0.04116720049794583,0.02200000000000002,0.121
52.49994993209839,-130.77505384328475,-110.52259021197509,0.9559806720898736,1.788544814888389,0.041384007735342614,-0.04132355549088992,0.02200000000000002,0.121
52.54994988441467,-130.72400264205612,-110.44773697986683,0.9538473204422576,1.7879685803190708,0.0399507442717915,-0.04167068536207819,0.02200000000000002,0.121
52.59994983673096,-130.67388494807875,-110.37487328791154,0.9517939384631339,1.7887044936979066,0.03603031652448501,-0.041569299356653724,0.02200000000000002,0.121
52.64994978904724,-130.62249647294078,-110.3004716073133,0.9496725042044301,1.7887550011682285,0.03539478528739544,-0.04165010944416249,0.02200000000000002,0.121
52.699949741363525,-130.5719125614704,-110.22704094302597,0.9476143537123092,1.7881995239094353,0.025802912699679728,-0.04135011211870324,0.02200000000000002,0.121
52.74994969367981,-130.52077688255343,-110.15310838224521,0.94549342479124,1.7890730292922743,0.03506824967200373,-0.041308176434095525,0.02200000000000002,0.121
52.799949645996094,-130.46995460379554,-110.0800600012116,0.9433837447478574,1.7891187726333757,0.035663989285388685,-0.04163796183625683,0.02200000000000002,0.121
52.84994959831238,-130.41888743173436,-110.00684502697634,0.941258052858771,1.7881800661412497,0.03603381864496493,-0.04194093316242452,0.02200000000000002,0.121
52.89994955062866,-130.36678388423334,-109.93224398666045,0.9390929567733153,1.7877073585499004,0.03440955142702208,-0.04214985196168927,0.02200000000000002,0.121
52.949949502944946,-130.3155613190185,-109.85949330041753,0.9369748044561688,1.7872296692880825,0.03940619191876163,-0.0423528373554737,0.02200000000000002,0.121
52.99994945526123,-130.2633695259972,-109.78583184557718,0.9348027574188434,1.7865987159246162,0.039427508123872135,-0.04267230137820103,0.02200000000000002,0.121
53.049949407577515,-130.209915482873,-109.7104531515658,0.932519314745206,1.7869096114347522,0.03764736837322668,-0.04334132013991381,0.02200000000000002,0.121
53.0999493598938,-130.158161508031,-109.63769641971469,0.930313112299036,1.7858604809185028,0.03725716365715336,-0.044003608931427074,0.02200000000000002,0.121
53.14994931221008,-130.10660355317853,-109.565656764122,0.9280991375030978,1.7862388957437176,0.03720101952637653,-0.04436124422942659,0.02200000000000002,0.121
53.19994926452637,-130.05447126298907,-109.49328724173006,0.9258775377570116,1.7853241997508316,0.03682025769014972,-0.044432424779988336,0.02200000000000002,0.121
53.24994921684265,-130.00103823722685,-109.41983252145675,0.9236642012395968,1.7859619612639304,0.03407710025331389,-0.0440094229811302,0.02200000000000002,0.121
53.299949169158936,-129.94878980876896,-109.34813035063337,0.9215089069926581,1.7844722392886914,0.03043780171539883,-0.043263326776314566,0.02200000000000002,0.121
53.34994912147522,-129.89628844036923,-109.27646180651676,0.9193532812773796,1.784757256881746,0.03680952654940091,-0.04246887019226114,0.02200000000000002,0.121
53.399949073791504,-129.8431653509163,-109.20451506378303,0.9172214344728387,1.7851040307703256,0.038112110136861437,-0.04230615217439615,0.02200000000000002,0.121
53.44994902610779,-129.78972794138417,-109.13244707269962,0.9150784488758966,1.7843219551893288,0.034662650353653165,-0.04228187708163273,0.02200000000000002,0.121
53.49994897842407,-129.73679375195832,-109.06110662816813,0.9129802260139724,1.78406159021052,0.037780607069347195,-0.0418235548830967,0.02200000000000002,0.121
53.549948930740356,-129.6821522128073,-108.98796465263499,0.9108429273118003,1.7833088861920758,0.032491106437107835,-0.04145294637269569,0.02200000000000002,0.121
53.59994888305664,-129.62909570724509,-108.91722892322153,0.9087645196792978,1.783638653301733,0.035072370390429985,-0.0413106311852542,0.02200000000000002,0.121
53.649948835372925,-129.57675140024472,-108.84784855336524,0.9067217731398326,1.783299756059089,0.035703873678837296,-0.04137357535812702,0.02200000000000002,0.121
53.69994878768921,-129.52269414793238,-108.77679223943973,0.9045799816894012,1.7828297396600157,0.036634664273014705,-0.041585094810445186,0.02200000000000002,0.121
53.74994874000549,-129.46902589136403,-108.70670279672952,0.902483770894947,1.781881642647425,0.027766422277567357,-0.04182693377264938,0.02200000000000002,0.121
53.79994869232178,-129.41526015438006,-108.63708403033705,0.9004483312155986,1.7815139641925273,0.025987947887389458,-0.04132435812486637,0.02200000000000002,0.121
53.84994864463806,-129.36058172988282,-108.5666639768767,0.8983399362445261,1.7807547701220792,0.0329753014456176,-0.041089364657011004,0.02200000000000002,0.121
53.899948596954346,-129.30539314372942,-108.49638413869576,0.8962567386137594,1.7810794007402468,0.030116609456815366,-0.0411413593043637,0.02200000000000002,0.121
53.94994854927063,-129.2502938793998,-108.42675350212646,0.8942341325095197,1.7798227692283664,0.022546109741693472,-0.04078674534334551,0.02200000000000002,0.121
53.999948501586914,-129.19416813382952,-108.35648191843119,0.8922872606596847,1.7784441556825088,0.04940124027464305,-0.03886006360942277,0.02200000000000002,0.121
54.0499484539032,-129.1391219885236,-108.28667128374613,0.8900994870443136,1.7773962340212583,0.04584153149984974,-0.04062591850510234,0.02200000000000002,0.121
54.09994840621948,-129.08386256435307,-108.21720312713231,0.8879985284125664,1.7773930886864568,0.0419792953989598,-0.042091258552065546,0.02200000000000002,0.121
54.14994835853577,-129.02719359828296,-108.14587709332271,0.88577118327115,1.776610313025779,0.04240166938380825,-0.042798725915279986,0.02200000000000002,0.121
54.19994831085205,-128.971821551976,-108.07631163654618,0.8835576996880321,1.7765770016677744,0.03983340128528515,-0.04360789418168664,0.02200000000000002,0.121
54.249948263168335,-128.91628648027933,-108.00714821332573,0.881389107290512,1.77662488296875,0.03407691470115993,-0.04386586189019748,0.02200000000000002,0.121
54.29994821548462,-128.85907862569044,-107.93623249657422,0.8791284163416843,1.7766441822803751,0.0394508951443462,-0.043630550000103865,0.02200000000000002,0.121
54.3499481678009,-128.8030344098378,-107.86688563600966,0.87688971189443,1.7758825595913257,0.040610558268944344,-0.04390812990171123,0.02200000000000002,0.121
54.39994812011719,-128.7467056866234,-107.79740006873095,0.8746402676240544,1.776644631213381,0.04693227386580701,-0.04427099366854025,0.02200000000000002,0.121
54.44994807243347,-128.68974616987379,-107.72775425906923,0.8724605010477636,1.7756303228903974,0.041479767839231296,-0.0437000740672878,0.02200000000000002,0.121
54.499948024749756,-128.63416095118336,-107.65981719403104,0.8702390512273888,1.7755235085435748,0.03944143603391854,-0.04364012006143416,0.02200000000000002,0.121
54.54994797706604,-128.57776382620912,-107.59134932783459,0.8680323851341033,1.775213129325881,0.03955942225752282,-0.043685118151845205,0.02200000000000002,0.121
54.599947929382324,-128.52089003086485,-107.5227252834576,0.8658371595626593,1.7747216925909088,0.04042249031442223,-0.04334309458629982,0.02200000000000002,0.121
54.64994788169861,-128.4634939889843,-107.45483485119907,0.8638790661556008,1.7761909259197735,0.003052591893421908,-0.04192973055669351,0.02200000000000002,0.121
54.69994783401489,-128.40700093872402,-107.3879113911422,0.8618577513623705,1.7695600780995684,0.052095570679565495,-0.03854707507174274,0.02200000000000002,0.121
54.74994778633118,-128.3500395091012,-107.31960204468972,0.8595569946531382,1.7743908220338258,0.032327741709513164,-0.04228984676349428,0.02200000000000002,0.121
54.79994773864746,-128.2925486243559,-107.25230681964274,0.8575598380951084,1.772539702337207,0.047739055705998706,-0.04154446313717292,0.02200000000000002,0.121
54.849947690963745,-128.23626428074084,-107.18452777820383,0.8550737216850774,1.7691047669618973,0.04160980059413163,-0.0449664020877419,0.02200000000000002,0.121
54.89994764328003,-128.1791203581045,-107.11778123547063,0.8528709216398886,1.773540785165912,0.03480621003830804,-0.045283838630087565,0.02200000000000002,0.121
54.94994759559631,-128.12262362503367,-107.05120945221667,0.8504962204393318,1.779284971250684,0.060176807101006514,-0.04432597892298094,0.02200000000000002,0.121
54.9999475479126,-128.06497310335604,-106.9851497684796,0.8484857033021657,1.776829039976249,0.021849620707573177,-0.04369968502278337,0.02200000000000002,0.121
55.04994750022888,-128.0070619344521,-106.91770891846198,0.8461483906982761,1.773029897649562,0.0359902907333424,-0.04278827603752129,0.02200000000000002,0.121
55.099947452545166,-127.9499196195098,-106.85296930376016,0.8441301317590377,1.766841878313799,0.018989792848031317,-0.042231486701750205,0.02200000000000002,0.121
55.14994740486145,-127.8904116041762,-106.78923666333277,0.8428662123421463,1.7768195749289235,-0.00990764568166028,-0.0340690396894455,0.02200000000000002,0.121
55.199947357177734,-127.83294958022388,-106.72211500098385,0.8402445699031431,1.7825199205861475,0.16366883455481906,-0.03426307589580763,0.02200000000000002,0.121
55.24994730949402,-127.77680358377373,-106.6546071773085,0.8371520308738466,1.7691778188628458,-0.016021768622283526,-0.056360765822017087,0.02200000000000002,0.121
55.2999472618103,-127.71885879906921,-106.58841082226301,0.8352951082444344,1.7623293830812925,0.04393874633765286,-0.0473308768957091,0.02200000000000002,0.121
55.34994721412659,-127.66216195080854,-106.52153112806045,0.8328040360101373,1.7592135312466257,0.04930460223236203,-0.044808497340182295,0.02200000000000002,0.121
55.39994716644287,-127.60575460426446,-106.45573523132357,0.8304231856241043,1.7587286147531196,0.043737199083621614,-0.046231018682328644,0.02200000000000002,0.121
55.449947118759155,-127.54899489545075,-106.39011079567831,0.8280336387147401,1.7581634562982285,0.047717308296473825,-0.04709685968238019,0.02200000000000002,0.121
55.49994707107544,-127.49161395966095,-106.32298059796338,0.8255789069875218,1.7570994729400682,0.04426276780499594,-0.04745369948627266,0.02200000000000002,0.121
55.549947023391724,-127.4343180535306,-106.2564318823508,0.8231076513544644,1.7560103440345964,0.05345920171309983,-0.047857315794766195,0.02100000000000002,0.11399999999999999
55.59994697570801,-127.3776015150475,-106.19116616584476,0.8206833181196986,1.7554880056242537,0.05034056454771792,-0.04810047078173721,0.02100000000000002,0.11399999999999999
55.64994692802429,-127.31919388621529,-106.12462189155157,0.8182245273081662,1.7547782574992403,0.049891887811511444,-0.0481618952157072,0.019000000000000017,0.10799999999999998
55.699946880340576,-127.26238349610026,-106.05873751074644,0.815781058877378,1.7543179637969664,0.04992916432315847,-0.048243691715907276,0.019000000000000017,0.10799999999999998
55.74994683265686,-127.20445152442356,-105.99243333762975,0.8133595828566133,1.7547328977333232,0.04710964455920797,-0.047858047720454086,0.018000000000000016,0.10199999999999998
55.799946784973145,-127.14636207181812,-105.92647137518861,0.8109242112434186,1.7538469276276327,0.041582654076977144,-0.047765835623967204,0.018000000000000016,0.10199999999999998
55.84994673728943,-127.08778983097325,-105.86069073873286,0.8085231374694791,1.7528889897785465,0.046878527499133855,-0.04747837032236635,0.016000000000000014,0.09599999999999997
55.89994668960571,-127.02988450747915,-105.79467949115937,0.8061280027455326,1.7525297228046786,0.044848905690958625,-0.04721166666475634,0.016000000000000014,0.09599999999999997
55.949946641922,-126.97193441993967,-105.72926799264751,0.8037448055325078,1.752650542698199,0.049261036751581104,-0.04700290811754317,0.015000000000000013,0.08999999999999997
55.99994659423828,-126.91271169768974,-105.66305874439315,0.8013127564743207,1.7511869786222067,0.05599761977966506,-0.04699969717792631,0.015000000000000013,0.08999999999999997
56.049946546554565,-126.8546376345273,-105.59812961507184,0.7987902382177289,1.751870127348087,0.06470746567391447,-0.04848917940776003,0.014000000000000012,0.08399999999999996
56.09994649887085,-126.79577232306602,-105.53215354542141,0.7963051952598923,1.7510313384343725,0.05394626193168085,-0.04959942381762331,0.014000000000000012,0.08399999999999996
56.149946451187134,-126.73641299786975,-105.46689230597923,0.7939498067503622,1.7498057308644206,0.04722618744744481,-0.048080229268327015,0.01200000000000001,0.07799999999999996
56.19994640350342,-126.67633099750284,-105.4014863929599,0.7915940364746946,1.7476422190031,0.05390979008075413,-0.04645531808381425,0.01200000000000001,0.07799999999999996
56.2499463558197,-126.61699181371014,-105.33717482722382,0.7892066235050504,1.7426434999546383,0.04949701552816878,-0.04668894646352688,0.01100000000000001,0.07199999999999995
56.299946308135986,-126.55737223161833,-105.27217842102604,0.7868037135852922,1.7396417066136367,0.050348770051343805,-0.04678512526006288,0.01100000000000001,0.07199999999999995
56.34994626045227,-126.4983311816644,-105.20836802841835,0.7844462307212164,1.736855799968352,0.04895577777905477,-0.046915956945647375,0.009000000000000008,0.06599999999999995
56.399946212768555,-126.43838905541872,-105.14412742728645,0.7820884575634715,1.733319973426385,0.05036788962965787,-0.046525228621486316,0.009000000000000008,0.06599999999999995
56.44994616508484,-126.37879856908533,-105.08084181392832,0.7797949844646722,1.7294511516869056,0.060083398468971476,-0.04573738265705038,0.008000000000000007,0.06000000000000005
56.49994611740112,-126.31904161989182,-105.01669243800832,0.7774456124202777,1.7259830825966354,0.05786886855198147,-0.04560952583211584,0.008000000000000007,0.06000000000000005
56.54994606971741,-126.25933947215434,-104.95320343393969,0.7751439362629202,1.724113544746795,0.060278421188728795,-0.0455547277789261,0.006000000000000005,0.05400000000000005
56.59994602203369,-126.19958429628237,-104.8902049783517,0.7728791759516591,1.720627498404339,0.059960420220946886,-0.04513424656885622,0.006000000000000005,0.05400000000000005
56.649945974349976,-126.13975501093084,-104.82757916842021,0.7706465409891075,1.7175001592428023,0.05827613923651788,-0.044544601723912405,0.0050000000000000044,0.04800000000000004
56.69994592666626,-126.08065993620153,-104.76551499560028,0.7684732475550111,1.7148105339139719,0.060214003923444066,-0.04376322197093069,0.0050000000000000044,0.04800000000000004
56.749945878982544,-126.02014141444572,-104.70220482726279,0.7662338605797213,1.711418611315079,0.06616144960571281,-0.04333437753109285,0.0040000000000000036,0.04200000000000004
56.79994583129883,-125.9610559182463,-104.64083887412643,0.7640990226928546,1.7076959941203977,0.06114016419715313,-0.04308912035972214,0.0040000000000000036,0.04200000000000004
56.84994578361511,-125.9017017184251,-104.57956656796868,0.7619840030886343,1.7044567016999352,0.06681866755327405,-0.04237685349751293,0.0020000000000000018,0.03600000000000003
56.8999457359314,-125.84145073225716,-104.5172577712154,0.7598308571746824,1.702916985337401,0.06480137872103867,-0.042152478118490426,0.0020000000000000018,0.03600000000000003
56.94994568824768,-125.78117141710601,-104.45532217980106,0.7577194903486382,1.701971024227826,0.059574606207831796,-0.04171248540498235,0.0010000000000000009,0.030000000000000027
56.999945640563965,-125.7220930311415,-104.3950153276032,0.755678302290473,1.699537169710551,0.06940225750714799,-0.04109267298302619,0.0010000000000000009,0.030000000000000027
57.04994559288025,-125.66175810424623,-104.33378734877519,0.7536032303744622,1.696911909331818,0.0706222737726712,-0.04089047757377293,0.0,0.02400000000000002
57.09994554519653,-125.60141464053845,-104.27255271015663,0.7515733233526883,1.6960206531061262,0.06958468186442412,-0.04040882157728515,0.0,0.02400000000000002
57.14994549751282,-125.54171901322044,-104.2124318393708,0.7495963096019362,1.6951532737026545,0.06707903593896301,-0.039806467970593604,0.0,0.018000000000000016
57.1999454498291,-125.48080493496866,-104.15166480193078,0.7476367439451216,1.6926786338857807,0.06352967574371474,-0.03906292411528676,0.0,0.018000000000000016
57.249945402145386,-125.4202956436462,-104.09173784998804,0.7457285550216909,1.6907460551322093,0.059483168486671234,-0.038301563185825484,0.0,0.01200000000000001
57.29994535446167,-125.36002697459695,-104.032300927744,0.7438833436595191,1.6893709151563792,0.058289955951363326,-0.03737610842273611,0.0,0.01200000000000001
57.349945306777954,-125.2983971908301,-103.97174980006716,0.7419918719491361,1.6875715938817493,0.064210964867758,-0.036810284948028606,0.0,0.006000000000000005
57.39994525909424,-125.23813293395729,-103.91297574192585,0.7402155612274942,1.6853056937695348,0.05770143318145258,-0.036149307419793004,0.0,0.006000000000000005
57.44994521141052,-125.17745662787725,-103.85411253417718,0.7384738560405433,1.6829962428166296,0.05555377792461726,-0.03512599454353351,0.0,0.0
57.49994516372681,-125.11631396341419,-103.79450185831803,0.7367215603207915,1.683543866729914,0.059106515313791325,-0.03437536648764736,0.0,0.0
57.54994511604309,-125.05560268222088,-103.73579822524731,0.735100459622269,1.6845949637915352,0.05932795129188546,-0.032953423836346446,0.0,-0.007000000000000006
57.599945068359375,-124.99504243645902,-103.67743658797683,0.7335245038588678,1.6840170115595168,0.06301867360894038,-0.03172619558607189,0.0,-0.007000000000000006
57.64994502067566,-124.93344031091777,-103.61842362762276,0.7319938585301222,1.684302480968881,0.06026119192635692,-0.030601908918654455,0.0,-0.007000000000000006
57.69994497299194,-124.87287281044952,-103.56080951181646,0.7304886203541715,1.6869758994748885,0.06045597766584476,-0.02994891143158653,0.0,-0.007000000000000006
57.74994492530823,-124.8108395869189,-103.50201891036953,0.7290037720480095,1.6901467996657535,0.06372992315523315,-0.029269057771464792,0.0,-0.007000000000000006
57.79994487762451,-124.74884312692244,-103.4434070474584,0.7275544749850502,1.692819642192706,0.06478958372286055,-0.028669156267715885,0.0,-0.007000000000000006
57.849944829940796,-124.6874734442853,-103.38554634884966,0.7261455910788913,1.694911169388417,0.0648155099885921,-0.02808421732463082,0.0,-0.007000000000000006
57.89994478225708,-124.62523087875459,-103.32740794988686,0.7247403374902942,1.6979212206477172,0.06816096247808617,-0.027699345237954302,0.0,-0.007000000000000006
57.949944734573364,-124.56287370605905,-103.26919198414348,0.7233276236780444,1.6996946103933155,0.06371896124894376,-0.027470418541938612,0.0,-0.007000000000000006
57.99994468688965,-124.49990116376992,-103.21051311919844,0.7219071622047486,1.7016025730741247,0.06569951300884708,-0.027533749943322874,0.0,-0.007000000000000006
58.04994463920593,-124.43758518538338,-103.15250762272107,0.7204963115767449,1.7038713959635798,0.06883309325252428,-0.02754872977675857,0.0,-0.007000000000000006
58.09994459152222,-124.37543063935262,-103.0950059734407,0.7190885666486754,1.7059059224307296,0.07067058294322982,-0.02750379977719918,0.0,-0.007000000000000006
58.1499445438385,-124.31185666249831,-103.0364114354718,0.7176845203941488,1.7073005070485126,0.06715718185952979,-0.027363422131208605,0.0,-0.007000000000000006
58.199944496154785,-124.2494839120031,-102.97897726833364,0.7162956147372792,1.7091922862870346,0.06511008512447236,-0.027312235758041727,0.0,-0.007000000000000006
58.24994444847107,-124.1863316164526,-102.92096502478194,0.7149065616194409,1.7097388614057778,0.06152984381030584,-0.027284559070040598,0.0,-0.007000000000000006
58.29994440078735,-124.12354400264782,-102.8631531262723,0.7135287390090342,1.7111438996345438,0.062481786936780935,-0.026952533211439256,0.0,-0.007000000000000006
58.34994435310364,-124.06046895302869,-102.80523128068151,0.7121682156594658,1.7123537274320921,0.06135329616076181,-0.02661616361413084,0.0,-0.007000000000000006
58.39994430541992,-123.99791589559096,-102.74796733982748,0.7108516084026897,1.713619033532327,0.0676941033845996,-0.0261151865341959,0.0,-0.007000000000000006
58.449944257736206,-123.93429623840944,-102.68987863994626,0.7095368639417002,1.7151792016059797,0.06592224184145458,-0.025749639230870838,0.0,-0.007000000000000006
58.49994421005249,-123.87177903900754,-102.63234602592645,0.7082538696885974,1.7161891635371185,0.06441285113270041,-0.025275893584594204,0.0,-0.007000000000000006
58.549944162368774,-123.80937693562436,-102.57512873670966,0.7070113032193475,1.7176614663583734,0.07224149700470273,-0.02471992620138859,0.0,-0.007000000000000006
58.59994411468506,-123.74550350459074,-102.51676270228916,0.7057796208152446,1.7189912772960454,0.06486318930890896,-0.024314893403095544,0.0,-0.007000000000000006
58.64994406700134,-123.68241067510512,-102.45928133029088,0.7045937349998704,1.72034650197697,0.06792178145589332,-0.023735641565585476,0.0,-0.007000000000000006
58.69994401931763,-123.61906366273283,-102.40157909705206,0.7034476014720618,1.721550868495393,0.0656338169450222,-0.022869564613413548,0.0,-0.007000000000000006
58.74994397163391,-123.55540871417173,-102.34365405964198,0.7022972173424487,1.7233189090630323,0.06683182063934787,-0.022369621583686168,0.0,-0.007000000000000006
58.799943923950195,-123.49294052328608,-102.28719111238696,0.7012589979378164,1.7244732979394122,0.05932662771610957,-0.021555618128037933,0.0,-0.007000000000000006
58.84994387626648,-123.42819617758214,-102.22868609817476,0.7001769951623813,1.7263372394912728,0.06405473330957924,-0.020799703368443494,0.0,-0.007000000000000006
58.899943828582764,-123.36382645473685,-102.17048866080555,0.6991457653233235,1.7272707867745354,0.06921439465650488,-0.02022552356791539,0.0,-0.007000000000000006
58.94994378089905,-123.2996812353778,-102.11275002203851,0.6981786498781938,1.729053057595667,0.0658018499665415,-0.019459671743936403,0.0,-0.007000000000000006
58.99994373321533,-123.23610739210487,-102.05558684368604,0.697225992193802,1.7302781133694387,0.07154964068803384,-0.018803349797782015,0.0,-0.007000000000000006
59.049943685531616,-123.17118080897187,-101.99740952050456,0.6963236820630794,1.7315943797788564,0.06635956233709159,-0.018235981785936457,0.0,-0.007000000000000006
59.0999436378479,-123.10616003893153,-101.93917057739075,0.6954519743160755,1.7330077561381794,0.06389242373509375,-0.01738346968651866,0.0,-0.007000000000000006
59.149943590164185,-123.0417510878765,-101.8816842794159,0.6946379684807571,1.7354161028300303,0.07085294572361897,-0.016393892452041117,0.0,-0.007000000000000006
59.19994354248047,-122.97563860101839,-101.82278591517736,0.6938017940237055,1.7362347849793867,0.06771413871393571,-0.015989656918798778,0.0,-0.007000000000000006
59.24994349479675,-122.91097718932596,-101.76493717614467,0.6929786688386937,1.737890890649692,0.06094866195744201,-0.016141766330771322,0.0,-0.007000000000000006
59.29994344711304,-122.84607236504682,-101.70662135082566,0.6921621919667428,1.7396484189534793,0.06697089655684287,-0.015747109909950537,0.0,-0.007000000000000006
59.34994339942932,-122.77983663941522,-101.64737819302496,0.6913437362083033,1.7409315890906805,0.07002624981382,-0.015575634111810194,0.0,-0.007000000000000006
59.399943351745605,-122.71405078997698,-101.58886606534307,0.6905669780332283,1.742419332323149,0.06393602987652106,-0.015351633734299283,0.0,-0.007000000000000006
59.44994330406189,-122.6482956341209,-101.5303660901085,0.6897575005690292,1.7439847009627685,0.06586485734229594,-0.015332882818437284,0.0,-0.007000000000000006
59.499943256378174,-122.5837406491821,-101.47264392579413,0.6890262160161091,1.7451020633645895,0.06970053820458076,-0.014801300160219601,0.0,-0.007000000000000006
59.54994320869446,-122.51727045173124,-101.4133224061294,0.6882771936767709,1.7462819091098076,0.07206494497813866,-0.01422462144314794,0.0,-0.007000000000000006
59.59994316101074,-122.45221072565117,-101.3554420306298,0.6875758362458718,1.7471491519843383,0.07123890528199187,-0.014004917404942568,0.0,-0.007000000000000006
59.649943113327026,-122.38657152498402,-101.29739558657586,0.6869603998311646,1.7481185536689166,0.06743189319388822,-0.013008057497225809,0.0,-0.007000000000000006
59.69994306564331,-122.32066251749428,-101.23913232008083,0.6863961645304995,1.7494282535408483,0.06759505832020954,-0.011720755353044739,0.0,-0.007000000000000006
59.749943017959595,-122.2551927209836,-101.1813304656855,0.6858596737482835,1.7506927685649172,0.07020052081381654,-0.010620354794093824,0.0,-0.007000000000000006
59.79994297027588,-122.18970652354743,-101.12375415879158,0.6853860312637957,1.7514523983505503,0.063354814412066,-0.009925194736622567,0.0,-0.007000000000000006
59.84994292259216,-122.12316406756607,-101.06524593537284,0.6848932940137379,1.7534575664451013,0.06735523181738598,-0.009347028280604434,0.0,-0.007000000000000006
59.89994287490845,-122.05766121729452,-101.00791605685869,0.6844719700062742,1.7552265176281567,0.07027379054781258,-0.008706711250895362,0.0,-0.007000000000000006
59.94994282722473,-121.99161177288259,-100.95014278168986,0.6840156926485813,1.7560943229189392,0.07116215650789819,-0.008447563282986707,0.0,-0.007000000000000006
59.999942779541016,-121.92563992195534,-100.89283677041033,0.683620479059437,1.7587430533346413,0.06735472557124828,-0.008142645158417984,0.0,-0.007000000000000006
60.0499427318573,-121.85905336695986,-100.835137851458,0.6832186441672048,1.760626996903682,0.06311388634408772,-0.00787720640988558,0.0,-0.007000000000000006
60.099942684173584,-121.79224361852567,-100.77772283921918,0.6828490197888678,1.7627467057513158,0.06053599371231682,-0.007434909103906283,0.0,-0.007000000000000006
60.14994263648987,-121.72522014567944,-100.72019236663716,0.6824526051095617,1.7639515600114213,0.060674765610263,-0.007317882611202663,0.0,-0.007000000000000006
60.19994258880615,-121.65820012345715,-100.66288791011144,0.6820768979421656,1.7668008565320175,0.056626372432488935,-0.007304828393602491,0.0,-0.007000000000000006
60.24994254112244,-121.59122195270884,-100.6057092239286,0.6816803142881942,1.7681933770608185,0.05393040393580591,-0.007525879856547115,0.0,-0.007000000000000006
60.29994249343872,-121.52376971923532,-100.54828504704476,0.6813101315066057,1.7704987775922607,0.05442257841544077,-0.00729910215201575,0.0,-0.007000000000000006
60.349942445755005,-121.45685043522664,-100.49147720972216,0.6809599461152275,1.7724214839877,0.05159877927999191,-0.006999760760545356,0.0,-0.007000000000000006
60.39994239807129,-121.3891730836238,-100.43422966926322,0.6806429022657766,1.7744977611338384,0.05536732923512877,-0.006390706140181865,0.0,-0.007000000000000006
60.44994235038757,-121.32081694525525,-100.37645342991057,0.6803270872656216,1.7764332480886136,0.05354775598018984,-0.006042290324815271,0.0,-0.007000000000000006
60.49994230270386,-121.2536037783056,-100.31975562418518,0.6800307408971428,1.7782123414077269,0.05166050445071688,-0.005755765104848201,0.0,-0.007000000000000006
60.54994225502014,-121.18610326498832,-100.26292105920625,0.6797645166515986,1.780083023543503,0.0518328049728944,-0.005447404697912708,0.0,-0.007000000000000006
60.599942207336426,-121.11769362362773,-100.20535588861176,0.6795076099798357,1.7821350515397711,0.05055420579279938,-0.005054883734015065,0.0,-0.007000000000000006
60.64994215965271,-121.04936258690742,-100.14786244366199,0.6792631590533068,1.7836812563904654,0.04410615245894428,-0.0049320938892258165,0.0,-0.007000000000000006
60.699942111968994,-120.98102032902396,-100.09065126701395,0.6789960493184822,1.784881588198045,0.051653306751681,-0.0047826293309577465,0.0,-0.007000000000000006
60.74994206428528,-120.91274704437218,-100.03365871783775,0.6787793722806241,1.786538233063508,0.04581219050667393,-0.0044587881576939265,0.0,-0.007000000000000006
60.79994201660156,-120.843576261291,-99.97582464940524,0.6785485360755904,1.788374344241372,0.04640514902516278,-0.004190505789468763,0.0,-0.007000000000000006
60.84994196891785,-120.77534706634714,-99.91871872420745,0.6783114247100986,1.7907307991560444,0.048046056998253574,-0.0042723004846493065,0.0,-0.007000000000000006
60.89994192123413,-120.70682143817153,-99.86162986634949,0.6780849867381592,1.7921754604815463,0.0486428005743828,-0.004330049543724807,0.0,-0.007000000000000006
60.949941873550415,-120.6372654523118,-99.80356979445342,0.6778272138703122,1.7943795396937319,0.049154887597031106,-0.004525258473877846,0.0,-0.007000000000000006
60.9999418258667,-120.56875377270124,-99.74652454752713,0.6776032412595803,1.79639328136983,0.05305703415449124,-0.004535160619106354,0.0,-0.007000000000000006
61.04994177818298,-120.49948010354672,-99.68868548915071,0.6773317414818042,1.7982146030243258,0.05373992827673772,-0.004826812960980636,0.0,-0.007000000000000006
61.09994173049927,-120.42970537475173,-99.6303252657389,0.6770449947083755,1.8006594386615047,0.050294254686736976,-0.00500491196189034,0.0,-0.007000000000000006
61.14994168281555,-120.36068823616453,-99.57259301679707,0.6767561974049362,1.802740399242501,0.05379106124260469,-0.005107918995579248,0.0,-0.007000000000000006
61.199941635131836,-120.29190764082885,-99.51511350011047,0.6764851971820238,1.804559207363839,0.048601897927371344,-0.0051032991587009755,0.0,-0.007000000000000006
61.24994158744812,-120.22254167501775,-99.45717222265485,0.6762204555698278,1.8072275256026118,0.04688975050500712,-0.00480604170109795,0.0,-0.007000000000000006
61.299941539764404,-120.15273999777531,-99.39833135565254,0.6759544790792761,1.8098021704890723,0.047312977060813256,-0.004744183655705101,0.0,-0.007000000000000006
61.34994149208069,-120.08334187771305,-99.34022271094413,0.6757763517392672,1.8119871027889347,0.03900474530926574,-0.003979956116596673,0.0,-0.007000000000000006
61.39994144439697,-120.01367905632637,-99.28258282753055,0.6757599194579468,1.8157914411729967,0.03834366847675126,-0.001763777761378882,0.0,-0.007000000000000006
61.44994139671326,-119.9436981149877,-99.2238327150631,0.6755276041644345,1.8201741903058626,0.05469616035033197,-0.0016067588659302917,0.0,-0.007000000000000006
61.49994134902954,-119.87453644539984,-99.16438341536012,0.6751339203352841,1.821438505773712,0.046764721707980635,-0.0049501708389970795,0.0,-0.007000000000000006
61.549941301345825,-119.80395205152197,-99.10575718464355,0.6752491092892554,1.8193022285417448,0.04358349744612093,-0.002230884991421787,0.0,-0.007000000000000006
61.59994125366211,-119.73427722809947,-99.04706086692013,0.6751413320978571,1.8200150618860589,0.05262044359865689,-0.000370487300477409,0.0,-0.007000000000000006
61.649941205978394,-119.66482242643876,-98.98818024342687,0.6749390989569466,1.8221689873055564,0.05390003284119036,-0.0018937497734347482,0.0,-0.007000000000000006
61.69994115829468,-119.5955225369056,-98.928351809657,0.6747517316800964,1.8233544488550566,0.05186623891969032,-0.0030174527884261533,0.0,-0.007000000000000006
61.74994111061096,-119.52610548616768,-98.86873620344063,0.6746348930742021,1.8253704352344275,0.057534265489683614,-0.002390202085231235,0.0,-0.007000000000000006
61.799941062927246,-119.45696179528564,-98.80932578872732,0.6744902451042412,1.8271700724978477,0.05544826537487609,-0.0021889244017720033,0.0,-0.007000000000000006
61.84994101524353,-119.38661140846914,-98.74902037621231,0.6744080093558984,1.8295688822210978,0.06353467670225856,-0.001507169172696191,0.0,-0.007000000000000006
61.899940967559814,-119.31704129031317,-98.68954307199678,0.6744116156039767,1.8329424006885469,0.05551672534914959,-0.0002982335825793565,0.0,-0.007000000000000006
61.9499409198761,-119.24663614834984,-98.62950111489451,0.6744215065649009,1.8350548993432179,0.0556571809456326,0.0007421804152811783,0.0,-0.007000000000000006
61.99994087219238,-119.17584279686227,-98.56933066315011,0.6744437458006223,1.8380107754766946,0.056513463671448945,0.001104709476774204,0.0,-0.007000000000000006
62.04994082450867,-119.10581776122929,-98.50982331452519,0.6744923916996175,1.840647717772351,0.053289585477538017,0.0013046926542099645,0.0,-0.007000000000000006
62.09994077682495,-119.03528019281603,-98.44978490644188,0.6745592111814797,1.8431156959053057,0.05167821317727623,0.0018333473449600613,0.0,-0.007000000000000006
62.149940729141235,-118.96344729374856,-98.38898097611593,0.674668653618393,1.8453942732982171,0.04380903542435924,0.0023212736693391557,0.0,-0.007000000000000006
62.19994068145752,-118.8927101457577,-98.32930613674266,0.6747857107889025,1.8470559117215863,0.04680562430826438,0.0027900133894380903,0.0,-0.007000000000000006
62.249940633773804,-118.82176277535956,-98.26953014982459,0.6748869153758359,1.8486756548832823,0.04890868377042393,0.002826970268068397,0.0,-0.007000000000000006
62.29994058609009,-118.75021459493352,-98.20906317357388,0.675021525581899,1.8492264759701509,0.041179169014363304,0.002874553500522378,0.0,-0.007000000000000006
62.34994053840637,-118.67960538425939,-98.14939794835192,0.6751114396330339,1.8503157247784687,0.054862584241827925,0.002939508466552647,0.0,-0.007000000000000006
62.399940490722656,-118.60875691354721,-98.08986839131795,0.6752534174072041,1.8518761373137231,0.04694675229123575,0.0027934116706002945,0.0,-0.007000000000000006
62.44994044303894,-118.53746485474446,-98.03003072919954,0.6753749190886235,1.8533235237818841,0.045744773627719316,0.00299048240716169,0.0,-0.007000000000000006
62.499940395355225,-118.46687445068359,-97.97057271321614,0.6755182489892061,1.8544143059919391,0.04755552035673585,0.0031683942781140406,0.0,-0.007000000000000006
62.54994034767151,-118.39590332153928,-97.91091717257069,0.6756717948700699,1.8553213939841133,0.040492885821727775,0.003309121765765029,0.0,-0.007000000000000006
62.59994029998779,-118.3251457828834,-97.8517355530568,0.6758787521655122,1.8564450035715674,0.03975263560484736,0.0038570102996530785,0.0,-0.007000000000000006
62.64994025230408,-118.25354709269638,-97.79199945751576,0.6761170053431131,1.8579578652274986,0.03325852587999298,0.00456814619461612,0.0,-0.007000000000000006
62.69994020462036,-118.18286437441525,-97.73316277963819,0.6763677960497219,1.860651069109462,0.03312258267527449,0.005188972824234493,0.0,-0.007000000000000006
62.749940156936646,-118.11099397338496,-97.6737455126829,0.67674072274626,1.8619392729356596,0.036338056387815135,0.006638526294372126,0.0,-0.007000000000000006
62.79994010925293,-118.0392113080789,-97.61433526202876,0.6771135265609416,1.8636199106634423,0.038878185704526294,0.007503596242565141,0.0,-0.007000000000000006
62.849940061569214,-117.96826534858234,-97.55567649678072,0.6775029896704213,1.865100277003865,0.040312375875393186,0.008086243945533398,0.0,-0.007000000000000006
62.8999400138855,-117.89603563846858,-97.49607035791205,0.6779300354820984,1.8665708395714575,0.03739193987408721,0.008626998839107258,0.0,-0.007000000000000006
62.94993996620178,-117.82358255895956,-97.43623742786032,0.6783520777748996,1.8684720120836802,0.03751468019105975,0.008832351085804787,0.0,-0.007000000000000006
62.999939918518066,-117.75132988229639,-97.37652674927034,0.6787652088546117,1.8688207914525774,0.03761449628052038,0.008784855882419366,0.0,-0.007000000000000006
63.04993987083435,-117.67871275420721,-97.31663071658728,0.6791584830474711,1.8705821031156475,0.035060616650036965,0.008432594073503588,0.0,-0.007000000000000006
63.099939823150635,-117.60577225654686,-97.25683781417133,0.6795725410907844,1.8714827716999978,0.02698527588083988,0.008395940418939353,0.0,-0.007000000000000006
63.14993977546692,-117.53278848499495,-97.1969371373933,0.6799763972144943,1.872578870483043,0.029985010165723393,0.008605918220538132,0.0,-0.007000000000000006
63.1999397277832,-117.460992272673,-97.13790395006266,0.6803569568195005,1.872933176567651,0.035368243724911166,0.008375247666458651,0.0,-0.007000000000000006
63.24993968009949,-117.38783396249012,-97.0775732222659,0.6807130104550978,1.8736577840858324,0.035561434108854525,0.00785953507828284,0.0,-0.007000000000000006
63.29993963241577,-117.31550410597463,-97.01811649959527,0.6811039085456576,1.8750096731628851,0.03584975938000305,0.007897708945621522,0.0,-0.007000000000000006
63.349939584732056,-117.24373890943146,-96.95902065529539,0.6814949138856696,1.8747170685708237,0.037263102807636964,0.00808914214744124,0.0,-0.007000000000000006
63.39993953704834,-117.17082477145117,-96.8989338759384,0.6819071907994965,1.8757034890006778,0.03199830386701904,0.008279037474216707,0.0,-0.007000000000000006
63.449939489364624,-117.09876502275664,-96.83949193040357,0.6823190949917657,1.876698076103918,0.036311360291664145,0.00866755206237401,0.0,-0.007000000000000006
63.49993944168091,-117.02732143803365,-96.78069979528112,0.6826868697296724,1.877350868868216,0.03366412262103736,0.00835009237460517,0.0,-0.007000000000000006
63.54993939399719,-116.95449067054436,-96.72065032219628,0.6830612124705858,1.877692162545945,0.03184256526423219,0.008030168634645622,0.0,-0.007000000000000006
63.59993934631348,-116.88309983444995,-96.66173321790383,0.6834324989264486,1.878413112078527,0.027875652322494962,0.007656131993900969,0.0,-0.007000000000000006
63.64993929862976,-116.8113301386702,-96.60238545327383,0.6837943496440948,1.8800421617466332,0.03444524265712466,0.007761476044697556,0.0,-0.007000000000000006
63.699939250946045,-116.73840962032989,-96.54251250822004,0.6841655718326234,1.8809963329161399,0.03375882779107105,0.0077937251183553035,0.0,-0.007000000000000006
63.74993920326233,-116.6674286260492,-96.48401817008386,0.6844906450056794,1.8811652360251525,0.03959868089267864,0.0075193818352436124,0.0,-0.007000000000000006
63.79993915557861,-116.59564086414312,-96.4247300944192,0.6848008943523687,1.8811022654432943,0.0332000215404177,0.006750128430419231,0.0,-0.007000000000000006
63.8499391078949,-116.52317022199185,-96.3647856682296,0.6851306033832462,1.8812797029050654,0.032624533111764276,0.006695180087400534,0.0,-0.007000000000000006
63.89993906021118,-116.45076705986995,-96.30468204998328,0.6854549460711349,1.882133268240613,0.030181616551514464,0.006808909042234097,0.0,-0.007000000000000006
63.949939012527466,-116.3790977979807,-96.24512490121515,0.6857605918838412,1.8828033219517681,0.02648141159124538,0.0067046966438032915,0.0,-0.007000000000000006
63.99993896484375,-116.30598251888995,-96.18452992992628,0.6861176095282048,1.8824379059816434,0.024998786162427435,0.006979764900094436,0.0,-0.007000000000000006
64.04993891716003,-116.2337915537602,-96.12471718809915,0.6864942274159767,1.8837460766094885,0.02089945919883259,0.00740864693900466,0.0,-0.007000000000000006
64.09993886947632,-116.16109943077585,-96.0644255260798,0.6868831544523164,1.8849857597111352,0.022173910060320996,0.008028700348875926,0.0,-0.007000000000000006
64.1499388217926,-116.08762588244095,-96.00343641715686,0.6872722459788435,1.8860301288062087,0.025041764656482966,0.008190834526846439,0.0,-0.007000000000000006
64.19993877410889,-116.01521845799348,-95.94343157692899,0.6876891885043882,1.8868329175769012,0.02172107420294735,0.008502602141580811,0.0,-0.007000000000000006
64.24993872642517,-115.94197152778375,-95.88277493495065,0.6881268105500096,1.8875482264823542,0.019876660904475735,0.008719799592200927,0.0,-0.007000000000000006
64.29993867874146,-115.8695895646011,-95.82283203665449,0.6885743651625587,1.8882564437360723,0.02444389118570841,0.009131646449716167,0.0,-0.007000000000000006
64.34993863105774,-115.79791509767787,-95.76344727793507,0.6890269795289768,1.889697771629436,0.0174595036437839,0.009330802192026685,0.0,-0.007000000000000006
64.39993858337402,-115.72474011120727,-95.70279386107154,0.6895006077272837,1.8913946973579405,0.01527444525006159,0.009486512256510201,0.0,-0.007000000000000006
64.44993853569031,-115.65175940076404,-95.64245318599424,0.6900292085423434,1.8918653007489605,0.010772227636314111,0.010044899207337612,0.0,-0.007000000000000006
64.49993848800659,-115.58003909489317,-95.58238436492229,0.6904986806541051,1.8925256416695322,0.015514844976196356,0.010297870390787516,0.0,-0.007000000000000006
64.54993844032288,-115.50819567998447,-95.52216917744066,0.6909705944721916,1.8941750928254375,0.01581824687433518,0.00996639319426809,0.0,-0.007000000000000006
64.59993839263916,-115.43597410242492,-95.4616472889004,0.6914595643864321,1.8946312124379798,0.019499844723349768,0.00996388186832343,0.0,-0.007000000000000006
64.64993834495544,-115.363718332436,-95.40095320230306,0.6919198383715116,1.895937401719258,0.022234104210152934,0.009597476925369379,0.0,-0.007000000000000006
64.69993829727173,-115.29194535795489,-95.34040723680104,0.6923143712372192,1.8965867846856106,0.029350828026469516,0.009080111608734925,0.0,-0.007000000000000006
64.74993824958801,-115.2187308754334,-95.27870983603677,0.6927591862170072,1.898164206520804,0.023093092945891493,0.008754955436350603,0.0,-0.007000000000000006
64.7999382019043,-115.14745275146473,-95.21872708731455,0.6932416475226049,1.8991267652651365,0.022509675494276193,0.009276209973408472,0.0,-0.007000000000000006
64.84993815422058,-115.07427525994012,-95.15700545137423,0.693728858746484,1.8998297657258187,0.026084768786030027,0.009962087229878696,0.0,-0.007000000000000006
64.89993810653687,-115.00101500959377,-95.095123605353,0.6942253117740045,1.9017555656688327,0.021816987902509702,0.010058774160728336,0.0,-0.007000000000000006
64.94993805885315,-114.92818106660233,-95.03340620575874,0.6947124486746159,1.9033392477872506,0.02893581917046058,0.010203019383001779,0.0,-0.007000000000000006
64.99993801116943,-114.8557599589754,-94.97205598875244,0.6952373339884271,1.9041095724078063,0.02565127821824022,0.010416142350131398,0.0,-0.007000000000000006
65.04993796348572,-114.78295111477598,-94.91033315569274,0.6957737127610112,1.905697875020694,0.027903424242463656,0.010748337331765997,0.0,-0.007000000000000006
65.099937915802,-114.70935284301748,-94.84792722221937,0.6963218410885452,1.9060741049062035,0.027465151089330356,0.011167709219912836,0.0,-0.007000000000000006
65.14993786811829,-114.63645956091457,-94.78519746740174,0.6966408851641254,1.90999031121338,0.06060969027010753,0.009910666423936785,0.0,-0.007000000000000006
65.19993782043457,-114.56525838126441,-94.72156394299165,0.6963488104373734,1.91215419281306,0.0553138531439988,0.001627221332760588,0.0,-0.007000000000000006
65.24993777275085,-114.49115277144888,-94.65892649501758,0.696918277299458,1.9105225512953046,0.023112263956046545,0.003086615746126246,0.0,-0.007000000000000006
65.29993772506714,-114.41810726135233,-94.59726650717364,0.6974441427298493,1.9118293812785543,0.02164606271759208,0.008614785811778585,0.0,-0.007000000000000006
65.34993767738342,-114.34445176251182,-94.5351537882296,0.6979988353600416,1.912880445394175,0.016554972009604423,0.011280512610951997,0.0,-0.007000000000000006
65.3999376296997,-114.2702200111172,-94.47256794799037,0.6985564373572067,1.913947206429405,0.018116144271184575,0.011923837057452905,0.0,-0.007000000000000006
65.44993758201599,-114.19724968287272,-94.41112731899318,0.6991304751555186,1.9156091183059556,0.017832955224227374,0.011902718440491244,0.0,-0.007000000000000006
65.49993753433228,-114.12453638294049,-94.34991624209113,0.6997152218456043,1.9166586532221794,0.019136295837045732,0.011987990664196277,0.0,-0.007000000000000006
65.54993748664856,-114.05084569120922,-94.2879983734771,0.7003514034774526,1.9171772981424344,0.009324661738484827,0.012334675429617374,0.0,-0.007000000000000006
65.59993743896484,-113.97798357667894,-94.22686964805985,0.7010218073051441,1.9180563234908055,0.013207994762416134,0.01325528508457216,0.0,-0.007000000000000006
65.64993739128113,-113.90503164577864,-94.16575372242649,0.7017351476533251,1.9193083908053934,0.01171906252316844,0.013949886532089851,0.0,-0.007000000000000006
65.69993734359741,-113.8308917151868,-94.10399972819494,0.702462804241093,1.919362420743252,0.006675379193888411,0.014557000215128294,0.0,-0.007000000000000006
65.7499372959137,-113.75783711753508,-94.04291222471753,0.7031535710685141,1.920150202299039,0.006164431192521752,0.014471228473945148,0.0,-0.007000000000000006
65.79993724822998,-113.68499511009794,-93.98197122073766,0.7038704589611402,1.9213414252901095,0.005332554130391729,0.014458479802152294,0.0,-0.007000000000000006
65.84993720054626,-113.61132505080968,-93.92012913381654,0.7045616787093683,1.9225583118321852,0.008347437838684975,0.014427523483946438,0.0,-0.007000000000000006
65.89993715286255,-113.5381188135661,-93.85869041031707,0.7052577695544494,1.9224370771616563,0.006703198456469795,0.01439123186784724,0.0,-0.007000000000000006
65.94993710517883,-113.46477468801368,-93.7969120000255,0.7059230705302619,1.923764630565781,0.009465883206331889,0.01409600339393989,0.0,-0.007000000000000006
65.99993705749512,-113.39037139568092,-93.73422086602963,0.7066224478757388,1.924674511931959,0.004964317995942537,0.013922055185588311,0.0,-0.007000000000000006
66.0499370098114,-113.31721278129338,-93.6726295106007,0.7073110627212359,1.9256997364201003,0.011001093309168309,0.014114683804412683,0.0,-0.007000000000000006
66.09993696212769,-113.24368741876286,-93.61076519013533,0.7079758635876127,1.9259649143684705,0.006626562903879657,0.013964958295782256,0.0,-0.007000000000000006
66.14993691444397,-113.16936161896722,-93.54805690629534,0.7086444399835498,1.9274406468649166,0.0035919734771585844,0.013662919231006541,0.0,-0.007000000000000006
66.19993686676025,-113.09674489625878,-93.48665130308268,0.7092861705150402,1.92883997957875,0.003941897594637442,0.013393274750398905,0.0,-0.007000000000000006
66.24993681907654,-113.02217508179729,-93.42390387989565,0.7099677657998817,1.9294696213857794,-0.0008006496832876656,0.013496610055028717,0.0,-0.007000000000000006
66.29993677139282,-112.9482200540705,-93.36184536860948,0.7106008652469062,1.9297615839881375,-4.5557307542244165e-05,0.01337076207656365,0.0,-0.007000000000000006
66.3499367237091,-112.87433266461204,-93.29975169900737,0.7112406796656784,1.9304912122653017,0.007306086895869229,0.013291526958373802,0.0,-0.007000000000000006
66.39993667602539,-112.80086994608587,-93.2377353265403,0.7118462530156535,1.931087110338082,0.003974090281896758,0.012819830440374996,0.0,-0.007000000000000006
66.44993662834167,-112.72792995099361,-93.17603093280032,0.7124570852739778,1.931676251567694,0.003745934433095869,0.012546250386628195,0.0,-0.007000000000000006
66.49993658065796,-112.65384611660801,-93.1134694240033,0.7130957032578309,1.932184686030728,0.009307119381189466,0.012677357317350249,0.0,-0.007000000000000006
66.54993653297424,-112.58061018642817,-93.05142176559217,0.7137396121693846,1.9329054568218216,0.004423924260973242,0.012917015268626719,0.0,-0.007000000000000006
66.59993648529053,-112.50673802991176,-92.98853435782405,0.714384885994102,1.9346994910192923,0.002762083581140568,0.012975266119410897,0.0,-0.007000000000000006
66.64993643760681,-112.43456217627966,-92.92687269342696,0.7150278178686781,1.9352828861235156,0.004094010548751856,0.012989895417601276,0.0,-0.007000000000000006
66.6999363899231,-112.36080739986568,-92.86450815920239,0.7156950240608533,1.9354964320016645,-0.0022944237328821754,0.013229207148412074,0.0,-0.007000000000000006
66.74993634223938,-112.28778890140963,-92.80248362872638,0.7163791444541625,1.9360588455597108,0.007013689340610013,0.01366322255707233,0.0,-0.007000000000000006
66.79993629455566,-112.2146482681038,-92.74023616215904,0.7171245207034409,1.9373719376906542,0.008917749400129822,0.01443771510933547,0.0,-0.007000000000000006
66.84993624687195,-112.14161656232551,-92.67776812360437,0.7178173985783783,1.9368212859463814,0.009286733807470728,0.014542325846276518,0.0,-0.007000000000000006
66.89993619918823,-112.06773628331511,-92.61461987737498,0.7185295708587418,1.9376400228284443,0.011347354174247856,0.01443653405275072,0.0,-0.007000000000000006
66.94993615150452,-111.99403430467387,-92.55142686634386,0.7192566365273203,1.9374697240455787,0.010256368999664207,0.014509824874373495,0.0,-0.007000000000000006
66.9999361038208,-111.92113198299329,-92.48868916875213,0.719978168664048,1.9392734696460805,0.0071486391829500735,0.014657618236951542,0.0,-0.007000000000000006
67.04993605613708,-111.84666102297696,-92.42445061983229,0.7207201793729657,1.939990373319168,0.009163341659138331,0.014806263197954316,0.0,-0.007000000000000006
67.09993600845337,-111.77296448442355,-92.36071234963765,0.7214365331812929,1.9405431086212217,0.008356658040474188,0.014681115904251718,0.0,-0.007000000000000006
67.14993596076965,-111.69998906161594,-92.29756616899603,0.7221894485075747,1.9417679747194367,0.005159173220993232,0.014972441708744675,0.0,-0.007000000000000006
67.19993591308594,-111.62596122532186,-92.23339409474545,0.722972270751404,1.9424060523783406,-0.0005440909573738613,0.015426463964410013,0.0,-0.007000000000000006
67.24993586540222,-111.55273711795581,-92.16984127241038,0.7237419657081269,1.9432783126691076,0.0005660197358046859,0.015700789548057054,0.0,-0.007000000000000006
67.2999358177185,-111.47902168192857,-92.105971124282,0.7245574486670827,1.944348318148447,-0.001859245120706651,0.01619680879714568,0.0,-0.007000000000000006
67.34993577003479,-111.40459326326119,-92.04134112556075,0.7253938089691033,1.9453205999169094,0.001493194030419209,0.016643989074317786,0.0,-0.007000000000000006
67.39993572235107,-111.33124880157361,-91.97754075924279,0.7262231647977775,1.946602996875446,-0.0024799384655890336,0.016833241133754208,0.0,-0.007000000000000006
67.44993567466736,-111.2591577159644,-91.9146323168224,0.7270267222473574,1.948107042131161,0.001446532275473748,0.016866297504852662,0.0,-0.007000000000000006
67.49993562698364,-111.18409781626019,-91.84935250657064,0.727888253608838,1.9489477233968133,-0.00195147631945697,0.016889849263858652,0.0,-0.007000000000000006
67.54993557929993,-111.11142492132434,-91.78602013149488,0.7287384254661141,1.949573296304875,-0.004018183680724385,0.017008801935303634,0.0,-0.007000000000000006
67.59993553161621,-111.03911276638804,-91.72296311735148,0.7296261172891366,1.9509964652949827,-0.00851307853690975,0.017556055788560624,0.0,-0.007000000000000006
67.6499354839325,-110.96569323896674,-91.65853305912434,0.7304843931188464,1.9514128649956546,-0.0041405413731110605,0.017676936921255285,0.0,-0.007000000000000006
67.69993543624878,-110.89328223809747,-91.59455733268777,0.7313469478082159,1.9520435917468268,-0.005920893000064377,0.01750018937794992,0.0,-0.007000000000000006
67.74993538856506,-110.82274716767574,-91.53204564217924,0.7321939060307024,1.9516839010353741,0.00013929824572904545,0.017463153712390836,0.0,-0.007000000000000006
67.79993534088135,-110.74904587720289,-91.4665930297465,0.7331084157416335,1.952619376545489,-0.003999809313066499,0.01783471255700822,0.0,-0.007000000000000006
67.84993529319763,-110.67606665925973,-91.40166062409882,0.7340390379334868,1.9531945034994045,0.004293427998321826,0.018461406974384593,0.0,-0.007000000000000006
67.89993524551392,-110.60421748605421,-91.33769743313464,0.7349887240243151,1.953712205495103,0.0021453624919887957,0.01902798376025984,0.0,-0.007000000000000006
67.9499351978302,-110.53134836625848,-91.2726558568634,0.7359499620480107,1.9536868522288484,-0.0006119584593893551,0.0192511236830152,0.0,-0.007000000000000006
67.99993515014648,-110.45842398598883,-91.20751915012008,0.7369382121769418,1.954287670164637,-0.0011827311879542958,0.019589183098937757,0.0,-0.007000000000000006
68.04993510246277,-110.38592537467002,-91.14278268314652,0.7378974643521975,1.9547878198605975,-0.0022592231432513816,0.019664054820043284,0.0,-0.007000000000000006
68.09993505477905,-110.3151955102454,-91.0798089399021,0.7388356386741775,1.9548183142866702,-0.004378915613407209,0.019404506724030886,0.0,-0.007000000000000006
68.14993500709534,-110.24171682550127,-91.01431018645229,0.7398153507787333,1.9561150552549453,-0.011485401045149462,0.01932769917577145,0.0,-0.007000000000000006
68.19993495941162,-110.16759151302665,-90.94813651857514,0.7407990890625183,1.95657914475057,-0.007321369043380276,0.01937533555439211,0.0,-0.007000000000000006
68.2499349117279,-110.09496473236345,-90.88332027199363,0.7417668322965227,1.9570900136333667,-0.011760392136494423,0.0194650131842453,0.0,-0.007000000000000006
68.29993486404419,-110.02178065536062,-90.81791595139741,0.742715409844792,1.9575456184948485,-0.005068987961244753,0.01945395032450966,0.0,-0.007000000000000006
68.34993481636047,-109.94845879726974,-90.75233180157747,0.743683499459866,1.9575948798831018,-0.008215978566343306,0.019357842069102217,0.0,-0.007000000000000006
68.39993476867676,-109.87699626368968,-90.68771479870298,0.744481090063493,1.9589636626921871,0.015698753681837197,0.018437309469095508,0.0,-0.007000000000000006
68.44993472099304,-109.80390881772477,-90.62037867577509,0.7450224855789233,1.9587510736775475,-0.0022416609941344773,0.013795788360580064,0.0,-0.007000000000000006
68.49993467330933,-109.7315391369997,-90.55539935333434,0.7459605139253228,1.9574406785805718,-0.006788251143869453,0.014841405942148776,0.0,-0.007000000000000006
68.54993462562561,-109.65955421895532,-90.49068163754409,0.746911231070465,1.9578628012038706,-0.011668122747626292,0.017781805739524648,0.0,-0.007000000000000006
68.5999345779419,-109.58770988464356,-90.42597953962243,0.7478786118487751,1.9578365289056068,-0.008773820197172953,0.019386885997474842,0.0,-0.007000000000000006
68.64993453025818,-109.51436244826654,-90.35971200483624,0.7488525539415429,1.9576479351390992,-0.006332276661381451,0.01963131683608955,0.0,-0.007000000000000006
68.69993448257446,-109.44355159487404,-90.29574316222546,0.7497886778831654,1.9575473843198627,-0.006773732939021364,0.019358477071451195,0.0,-0.007000000000000006
68.74993443489075,-109.37046876029683,-90.22952519054591,0.7507611603249625,1.9578606655406035,-0.004393567367234897,0.019121253569135997,0.0,-0.007000000000000006
68.79993438720703,-109.30069945714276,-90.16608081298972,0.7516865568417297,1.9576622448873944,-0.00489996976701349,0.01910195837837763,0.0,-0.007000000000000006
68.84993433952332,-109.22747172547506,-90.09963653082373,0.7526745924879981,1.9581270374063109,-0.010437055361508324,0.019161248796115766,0.0,-0.007000000000000006
68.8999342918396,-109.15444321157388,-90.03362539971539,0.7536764494333754,1.958101842084983,-0.0101310112380545,0.019508590569984063,0.0,-0.007000000000000006
68.94993424415588,-109.0844923191233,-89.97015590004503,0.7546385621143985,1.9581266443361907,-0.012100904376550491,0.019819886671279572,0.0,-0.007000000000000006
68.99993419647217,-109.01050086114077,-89.90284786795867,0.7556703520886094,1.9586846562691942,-0.012996856756855208,0.02005167872291818,0.0,-0.007000000000000006
69.04993414878845,-108.93802467111038,-89.83685118676684,0.7566778186234933,1.9595189324298452,-0.01439232425754949,0.020089123956398412,0.0,-0.007000000000000006
69.09993410110474,-108.86561493577301,-89.77095560675923,0.7576822399287277,1.959649622551257,-0.0055684559203889854,0.020242973339883574,0.0,-0.007000000000000006
69.14993405342102,-108.79489590218182,-89.70654839056003,0.7587014082518656,1.9600311326561113,-0.010843100265059347,0.02043837022771425,0.0,-0.007000000000000006
69.1999340057373,-108.7202509322969,-89.63835191254569,0.7597742243535915,1.9601540630311831,-0.0078081721611029595,0.020746713873035838,0.0,-0.007000000000000006
69.24993395805359,-108.64843020626854,-89.5729387372649,0.7607762623016623,1.9619242952214282,-0.008274413890136592,0.02057914042191449,0.0,-0.007000000000000006
69.29993391036987,-108.57683409430304,-89.50826835598596,0.7617755401694268,1.9617138923217807,-0.019162841398042467,0.020283784597426996,0.0,-0.007000000000000006
69.34993386268616,-108.5022597029994,-89.44048834939109,0.7627917836743137,1.9626166512885472,-0.015502609551290372,0.019948375894693192,0.0,-0.007000000000000006
69.39993381500244,-108.42988168834232,-89.37449470687301,0.7637815540705509,1.9635956612385501,-0.0217614825295529,0.0196185283151633,0.0,-0.007000000000000006
69.44993376731873,-108.35898878768545,-89.30949395001096,0.7647221014613365,1.9638879780343608,-0.01358667782018025,0.019572345359741804,0.0,-0.007000000000000006
69.49993371963501,-108.28654964062574,-89.24361220930918,0.765714288562033,1.9647136595836623,-0.01660817533208243,0.019491691746113055,0.0,-0.007000000000000006
69.5499336719513,-108.21339708678218,-89.17671645677606,0.7667000255109183,1.9645462798870186,-0.014021527173988108,0.019502245362360705,0.0,-0.007000000000000006
69.59993362426758,-108.1414611218163,-89.11078278394247,0.767709338211376,1.9644757177010241,-0.014281291015705634,0.019694946652619234,0.0,-0.007000000000000006
69.64993357658386,-108.06907509837278,-89.04410986882017,0.7687225960544957,1.9649591798046242,-0.01580216769026444,0.019894229923376056,0.0,-0.007000000000000006
69.69993352890015,-107.99937398915812,-88.9803165729974,0.7697174385371779,1.9643118071492698,-0.019008546877602322,0.020297878960923842,0.0,-0.007000000000000006
69.74993348121643,-107.92630321138094,-88.91310385540432,0.7707551387573663,1.9640762317081923,-0.023827674192715365,0.02024758124753823,0.0,-0.007000000000000006
69.79993343353271,-107.85431445138731,-88.84683581207048,0.7718341366888406,1.9638048552783756,-0.029818076482040493,0.020676663862434715,0.0,-0.007000000000000006
69.849933385849,-107.78326233821129,-88.78125895030463,0.7729065030116754,1.9629017868050544,-0.0281381588679471,0.021333082698619187,0.0,-0.007000000000000006
69.89993333816528,-107.71281891230991,-88.71679284931426,0.7739553718398655,1.9632647870682751,-0.030002960717458994,0.021450250536591733,0.0,-0.007000000000000006
69.94993329048157,-107.64110575238922,-88.65092153239782,0.7750381576952166,1.9625162118171269,-0.025369888203477457,0.021661267177237715,0.0,-0.007000000000000006
69.99993324279785,-107.56876971347657,-88.58406814249807,0.7761025033813513,1.962087130688323,-0.026110025028846295,0.0213217614375639,0.0,-0.007000000000000006
70.04993319511414,-107.4967610751243,-88.51746420392271,0.7771713915721432,1.96320046221178,-0.022415739575486874,0.02120389842294464,0.0,-0.007000000000000006
70.09993314743042,-107.42608386336703,-88.45196567963822,0.7782071122855181,1.9624072517558726,-0.028594439193347573,0.021109259998409232,0.0,-0.007000000000000006
70.1499330997467,-107.35427752721301,-88.38518008529368,0.7792815420259096,1.9632897250541794,-0.02516350680010314,0.021282352878097675,0.0,-0.007000000000000006
70.19993305206299,-107.28282054715527,-88.31848684281466,0.7803802821915665,1.964181201831875,-0.02680093739240436,0.02170401902943078,0.0,-0.007000000000000006
70.24993300437927,-107.20965103385556,-88.25020136735172,0.7815031697548205,1.9640772147197534,-0.027325957413727568,0.02203437857853093,0.0,-0.007000000000000006
70.29993295669556,-107.13896670469288,-88.18438035980738,0.7825797430163163,1.9640043224472186,-0.031094821777554953,0.02201214100383508,0.0,-0.007000000000000006
70.34993290901184,-107.0659872108067,-88.11602784015243,0.7836794489591206,1.9646271521559378,-0.029488895161207538,0.02178667116203053,0.0,-0.007000000000000006
70.39993286132812,-106.99426945727501,-88.04859827251451,0.7847581462396938,1.9658374439646185,-0.02903462488873345,0.02173831035911817,0.0,-0.007000000000000006
70.44993281364441,-106.92355802380439,-87.98180992578261,0.7857908933294266,1.9659232904089508,-0.0270524979930169,0.0212890838638947,0.0,-0.007000000000000006
70.4999327659607,-106.85286893690505,-87.91505054339011,0.786834666763016,1.9672393900377372,-0.025687908390618342,0.02101931591132275,0.0,-0.007000000000000006
70.54993271827698,-106.7814905602023,-87.84739664430644,0.7878811253260417,1.9684222495278394,-0.03420226298898324,0.020643982064308418,0.0,-0.007000000000000006
70.59993267059326,-106.70983797099039,-87.77929838996943,0.7889353592087721,1.9679590599653713,-0.04035123226979072,0.020525683825077648,0.0,-0.007000000000000006
70.64993262290955,-106.64035116538994,-87.71304078939116,0.7899607824247148,1.9679857338542825,-0.03012303280955666,0.020919332826056306,0.0,-0.007000000000000006
70.69993257522583,-106.56945893840589,-87.64526377486557,0.7909969639680736,1.969811085893073,-0.03970939345239861,0.020663179559739998,0.0,-0.007000000000000006
70.74993252754211,-106.49809455203153,-87.57675491977025,0.792022048337402,1.97024904890735,-0.03358391790258469,0.020481359832296462,0.0,-0.007000000000000006
70.7999324798584,-106.42891297969246,-87.51007547498803,0.7930019968187685,1.9705841655396916,-0.03307871121223265,0.020059296566999583,0.0,-0.007000000000000006
70.84993243217468,-106.35703223961666,-87.44068278625822,0.7940422823472201,1.9711772148729805,-0.03269536838139536,0.020036478095778222,0.0,-0.007000000000000006
70.89993238449097,-106.28807330767863,-87.37422746147732,0.7950728032366254,1.970817868497444,-0.028363440565143547,0.02048923685449648,0.0,-0.007000000000000006
70.94993233680725,-106.21777343944972,-87.30616590531277,0.7961065363267554,1.9718662402253597,-0.031272835850099136,0.0206137407107925,0.0,-0.007000000000000006
70.99993228912354,-106.14521853438247,-87.23572272571431,0.7971940992861476,1.9711273191961283,-0.029980949758252686,0.02067439008058892,0.0,-0.007000000000000006
71.04993224143982,-106.07499855035195,-87.1674626447734,0.79828788783809,1.9714048579127856,-0.03277095323377192,0.02130097404544024,0.0,-0.007000000000000006
71.0999321937561,-106.00620452761906,-87.10035713483721,0.7993695537875443,1.9732016200326152,-0.04090121146749224,0.02179703601367526,0.0,-0.007000000000000006
71.14993214607239,-105.93323101095437,-87.02899205968355,0.8005455388953518,1.9738301527946207,-0.03766164697609889,0.022312501762331394,0.0,-0.007000000000000006
71.19993209838867,-105.86298818522242,-86.9600963267285,0.8016894249946582,1.97481460812134,-0.03504878498168218,0.02273187597426733,0.0,-0.007000000000000006
71.24993205070496,-105.79423680487817,-86.8923066138719,0.8028037872230711,1.9751229148942453,-0.035012379680240874,0.02287294596086736,0.0,-0.007000000000000006
71.29993200302124,-105.72264777747199,-86.82151499370099,0.8039908664253947,1.9765129279058662,-0.034860796965702406,0.023069608614152342,0.0,-0.007000000000000006
71.34993195533752,-105.65213391996271,-86.75166857954733,0.8051836235314885,1.9777776207863538,-0.032400862628975964,0.023434740164560184,0.0,-0.007000000000000006
71.39993190765381,-105.58198967130615,-86.68205365834517,0.8063834100417474,1.9779244559554177,-0.03522084773211413,0.02372640588095567,0.0,-0.007000000000000006
71.44993185997009,-105.51085943253358,-86.61119912706738,0.8075872052247154,1.9787312343452308,-0.03085224884029271,0.023889265292222444,0.0,-0.007000000000000006
71.49993181228638,-105.44139238099304,-86.54179168936759,0.8088170160305799,1.9788060895080075,-0.03926800457181359,0.024115316832654905,0.0,-0.007000000000000006
71.54993176460266,-105.37133278800425,-86.47166556101651,0.8100579227498436,1.9796077690688352,-0.040062930532178485,0.024437842181343615,0.0,-0.007000000000000006
71.59993171691895,-105.3003129292625,-86.4003366354275,0.8112902586450905,1.9789026026389656,-0.03564377669638597,0.024440512507123056,0.0,-0.007000000000000006
71.64993166923523,-105.23170765409814,-86.33130424914143,0.8124914030255161,1.9788026480416125,-0.03816705086054706,0.02424112941414821,0.0,-0.007000000000000006
71.69993162155151,-105.16288320462998,-86.26210934595854,0.8137548625530426,1.978049051859471,-0.03850965629385266,0.024733360461617025,0.0,-0.007000000000000006
71.7499315738678,-105.09246645259552,-86.19110228400054,0.8150445845748197,1.9782761082522369,-0.03901558981220771,0.025098128427998214,0.0,-0.007000000000000006
71.79993152618408,-105.02406258196041,-86.12203846152963,0.8163114766033498,1.977286038639899,-0.03608729865975572,0.02550985349083011,0.0,-0.007000000000000006
71.84993147850037,-104.95459201093041,-86.05176678788426,0.8175896686386214,1.9772528105829945,-0.0388605980460387,0.025554429445611804,0.0,-0.007000000000000006
71.89993143081665,-104.88559286779774,-85.98181799878923,0.8188471130565612,1.9781400568921463,-0.036418218923947164,0.025369265571802142,0.0,-0.007000000000000006
71.94993138313293,-104.81461225325164,-85.90984528791839,0.820167117075351,1.9779681582091444,-0.039313450489375026,0.02550822657890449,0.0,-0.007000000000000006
71.99993133544922,-104.745952636325,-85.84006330978885,0.8214406476190421,1.9785108062409786,-0.04543250649128003,0.02550808659668659,0.0,-0.007000000000000006
72.0499312877655,-104.67765827821881,-85.77084487743592,0.8227631537922699,1.9783590997598464,-0.047406734556210084,0.026007531278798086,0.0,-0.007000000000000006
72.09993124008179,-104.60753781809059,-85.6997837907991,0.824112676965684,1.9793697764198563,-0.04938205322865697,0.02658159053974477,0.0,-0.007000000000000006
72.14993119239807,-104.53788379286388,-85.62905642275801,0.8254674157771038,1.980579695250733,-0.04682141720839628,0.026899772279223633,0.0,-0.007000000000000006
72.19993114471436,-104.46862331306137,-85.55852636078163,0.8268266970080631,1.98193295074411,-0.04402560095280062,0.027013141297185603,0.0,-0.007000000000000006
72.24993109703064,-104.39678859644087,-85.48541514203109,0.8282543700618906,1.9821995930955307,-0.040990737548388494,0.027404671960554156,0.0,-0.007000000000000006
72.29993104934692,-104.32928641440766,-85.41684773178903,0.8296171730184844,1.98272813814375,-0.047935228029243354,0.027673146354126876,0.0,-0.007000000000000006
72.34993100166321,-104.2601485169469,-85.34623442455867,0.8309779776725598,1.9829472871680245,-0.051030974601328286,0.02753163900245229,0.0,-0.007000000000000006
72.39993095397949,-104.19011107880968,-85.27456624827853,0.8323805298490384,1.9837383268013882,-0.05035418560180325,0.0275533994178828,0.0,-0.007000000000000006
72.44993090629578,-104.12096459365739,-85.20367935952729,0.8337881051995683,1.9840800379397674,-0.052710178878269384,0.02781273327908494,0.0,-0.007000000000000006
72.49993085861206,-104.05201173804156,-85.13371166844546,0.8352623321350231,1.983837856206057,-0.0597831011140883,0.02862914244500989,0.0,-0.007000000000000006
72.54993081092834,-103.981423443352,-85.06160401008486,0.8367271089698011,1.9834393013157159,-0.05216999724861088,0.028890840258672654,0.0,-0.007000000000000006
72.59993076324463,-103.91281133095154,-84.99132612913249,0.838160262885372,1.9826686948000645,-0.05092677729169527,0.02881448839786285,0.0,-0.007000000000000006
72.64993071556091,-103.84531811034189,-84.92186312023784,0.8395508102120156,1.9831187234096606,-0.051314521847074426,0.02850707503366406,0.0,-0.007000000000000006
72.6999306678772,-103.7762729438142,-84.85114902191577,0.8410039984750959,1.982272413617859,-0.050841382551239336,0.028522963860218933,0.0,-0.007000000000000006
72.74993062019348,-103.70822046249265,-84.78108098829573,0.8424174096427504,1.981682356713318,-0.054529434187152545,0.028287856833608082,0.0,-0.007000000000000006
72.79993057250977,-103.63979668818214,-84.71042334092532,0.8438642623521908,1.9809629647589866,-0.05938182480803537,0.028546058364976125,0.0,-0.007000000000000006
72.84993052482605,-103.56924458642443,-84.63732449177675,0.8453597654882683,1.980798012613712,-0.05948233729767017,0.028840647062247357,0.0,-0.007000000000000006
72.89993047714233,-103.5030589314615,-84.56929851572826,0.8467676674607871,1.9807605460099358,-0.06083926344910224,0.028882304588927904,0.0,-0.007000000000000006
72.94993042945862,-103.43477169975353,-84.49870872212418,0.8482069588531366,1.9793730654978956,-0.05825226485074478,0.028774041079437537,0.0,-0.007000000000000006
72.9999303817749,-103.36515741840775,-84.42623771524205,0.8496448777556027,1.9783089347882439,-0.05613668617768444,0.028307774429922234,0.0,-0.007000000000000006
73.04993033409119,-103.29863758313775,-84.35695874898612,0.8510342961230595,1.977876277551049,-0.06216304574934831,0.028216446739407063,0.0,-0.007000000000000006
73.09993028640747,-103.23004844160626,-84.28555378655692,0.8524656993312413,1.9783287822718045,-0.05528633093705101,0.028384313352158515,0.0,-0.007000000000000006
73.14993023872375,-103.16149856223556,-84.21378264984527,0.853888128655648,1.9779305627599977,-0.05301649857548675,0.028262245408567914,0.0,-0.007000000000000006
73.19993019104004,-103.0934698143245,-84.14219827032922,0.855292128045948,1.9780332726271372,-0.06597472685565403,0.028094472423890255,0.0,-0.007000000000000006
73.24993014335632,-103.02554646465292,-84.07063051077176,0.8567325822033901,1.977813447218582,-0.06343553322866702,0.02829325953375852,0.0,-0.007000000000000006
73.29993009567261,-102.95720882987219,-83.99836610721877,0.8581707728159894,1.9781631777857605,-0.06349723777747399,0.02862803412365429,0.0,-0.007000000000000006
73.34993004798889,-102.88944879699974,-83.92637701506204,0.8595750087737614,1.9789695591438161,-0.06250291030096039,0.028381339420386075,0.0,-0.007000000000000006
73.39993000030518,-102.8218352566399,-83.8544014471466,0.8609929949488875,1.9791243453589253,-0.0660849832060647,0.028323584802447704,0.0,-0.007000000000000006
73.44992995262146,-102.75299721171076,-83.78090534246348,0.8624417641103163,1.9792575773686496,-0.06447644319064272,0.028352462289794246,0.0,-0.007000000000000006
73.49992990493774,-102.68572311837458,-83.7091131879875,0.8638492219802067,1.977205747949444,-0.06280591396639007,0.02838981793230461,0.0,-0.007000000000000006
73.54992985725403,-102.61860573752777,-83.63728386455564,0.865243471718729,1.9790114116758961,-0.0678475593270464,0.02801092645630637,0.0,-0.007000000000000006
73.59992980957031,-102.54928317362504,-83.56297628874455,0.8667190386554643,1.9792727584343894,-0.06746040584447252,0.02807456011908983,0.0,-0.007000000000000006
73.6499297618866,-102.48366148157973,-83.4922558197026,0.868079443005174,1.9796797386726122,-0.07251195050847156,0.028004545416913298,0.0,-0.007000000000000006
73.69992971420288,-102.41695763503813,-83.42008523681487,0.8695124816006166,1.9793323097039441,-0.07024414222732102,0.028287025517792205,0.0,-0.007000000000000006
73.74992966651917,-102.34931124153645,-83.34658859516333,0.8709516630649129,1.9783435488899905,-0.07377165790095191,0.028253725716576163,0.0,-0.007000000000000006
73.79992961883545,-102.28276432137395,-83.27420475508121,0.872408168647535,1.9796048744335404,-0.07376776626434203,0.02883229501535704,0.0,-0.007000000000000006
73.84992957115173,-102.21616176125701,-83.20145984239802,0.8738565187559211,1.9792046975044006,-0.07615896094336545,0.028931396861689294,0.0,-0.007000000000000006
73.89992952346802,-102.15033261143206,-83.1290119031706,0.875326945634269,1.9789648917446463,-0.0696086191745009,0.029100057622076934,0.0,-0.007000000000000006
73.9499294757843,-102.08375911506363,-83.05555885901408,0.8768222890451419,1.979163709521329,-0.06917373777700551,0.02949666797071574,0.0,-0.007000000000000006
73.99992942810059,-102.01758240024071,-82.98238935437466,0.8783177806127561,1.9803062782201366,-0.07173011750486492,0.029742256631713544,0.0,-0.007000000000000006
74.04992938041687,-101.95156783179834,-82.90895617476818,0.8798175243705516,1.980627395387207,-0.07373656010222641,0.02981600472801798,0.0,-0.007000000000000006
74.09992933273315,-101.88567570509757,-82.83363899906438,0.8810013303491763,1.9830093428334374,-0.04256636296281465,0.027659021538511443,0.0,-0.007000000000000006
74.14992928504944,-101.82056449571652,-82.75983357066404,0.8823158946266715,1.9795306914451412,-0.07686385634408023,0.02464281930830532,0.0,-0.007000000000000006
74.19992923736572,-101.75459547966936,-82.68584460730025,0.8838409829819932,1.9799190151581691,-0.07844371146731453,0.02749944694410854,0.0,-0.007000000000000006
74.249929189682,-101.68788791871934,-82.6109780926619,0.8853882092020215,1.9796990236819068,-0.07450439644277083,0.030012828452162393,0.0,-0.007000000000000006
74.29992914199829,-101.6229941938396,-82.53784571268774,0.8869304818130948,1.9797025615065413,-0.07805544846565332,0.03080163919501014,0.0,-0.007000000000000006
74.34992909431458,-101.55641787993494,-82.4627754814545,0.8885398548782356,1.9800480333905366,-0.07454654013494802,0.031202184441019708,0.0,-0.007000000000000006
74.39992904663086,-101.49042850985865,-82.38834172187343,0.8901671289002264,1.9795970543192076,-0.07753992516127534,0.03171834053329048,0.0,-0.007000000000000006
74.44992899894714,-101.42643117004359,-82.31610563754792,0.8917763811878091,1.980035636839606,-0.08340042461787162,0.03234312362196806,0.0,-0.007000000000000006
74.49992895126343,-101.36208217944056,-82.24271959710946,0.8933836682158937,1.9791495959221475,-0.08173972237512953,0.032385884531344826,0.0,-0.007000000000000006
74.54992890357971,-101.29699205809618,-82.16840500286509,0.8950178665747776,1.979427351343399,-0.07849709978909959,0.032433895033544984,0.0,-0.007000000000000006
74.599928855896,-101.23070944492368,-82.09271901964912,0.8967062828230042,1.9790753194870956,-0.08805473628897126,0.0324704952217156,0.0,-0.007000000000000006
74.64992880821228,-101.16722785434966,-82.02016324775164,0.8983447977908358,1.9793339564913859,-0.08369433347494745,0.0331981540441997,0.0,-0.007000000000000006
74.69992876052856,-101.1025896965387,-81.94637031081295,0.9000102181794294,1.9788631738876692,-0.08201619243938986,0.03338673096381547,0.0,-0.007000000000000006
74.74992871284485,-101.03773403653096,-81.87212356387168,0.9016798096486858,1.9786149236217034,-0.07616088793179944,0.0334251333201801,0.0,-0.007000000000000006
74.79992866516113,-100.9739840319764,-81.79895734006143,0.9033146275631957,1.9775486629630916,-0.08252958816169445,0.033066352644684265,0.0,-0.007000000000000006
74.84992861747742,-100.90849829536062,-81.72369622404909,0.9049927863151149,1.9773346591217076,-0.08652489715353655,0.03302226633666496,0.0,-0.007000000000000006
74.8999285697937,-100.84425272426877,-81.64978362198032,0.906631940575411,1.9774979641342012,-0.0850500914108119,0.033015118293509706,0.0,-0.007000000000000006
74.94992852210999,-100.7793767484495,-81.57497121897504,0.908282044169233,1.9773246218193645,-0.08803957659276711,0.03291841214951503,0.0,-0.007000000000000006
74.99992847442627,-100.71281671973486,-81.4978971544884,0.9099413497454734,1.976824106824721,-0.09025452337866488,0.03248110256735664,0.0,-0.007000000000000006
75.04992842674255,-100.64952660359961,-81.42454167903347,0.9115327825180747,1.9770018229492705,-0.09135078190325506,0.03225948944565904,0.0,-0.007000000000000006
75.09992837905884,-100.58544775601642,-81.35000122602423,0.9131225044867219,1.976631363928698,-0.08662402284703469,0.0322381722374447,0.0,-0.007000000000000006
75.14992833137512,-100.52039335445977,-81.27427276531424,0.9147565812490948,1.9763232194901685,-0.08814203444845925,0.032122282464247406,0.0,-0.007000000000000006
75.1999282836914,-100.45574820031877,-81.19876083690089,0.9163655149343582,1.9764806616484225,-0.08248698755595532,0.032118130435363386,0.0,-0.007000000000000006
75.24992823600769,-100.3918307837202,-81.12402864303408,0.9179877687755823,1.9757534396442265,-0.09356461241830816,0.03218958973264488,0.0,-0.007000000000000006
75.29992818832397,-100.32669486741014,-81.04775160266031,0.9196678922687846,1.975817239153693,-0.09485468068889477,0.032601432777068506,0.0,-0.007000000000000006
75.34992814064026,-100.26214259395054,-80.9720142935877,0.9213758800952934,1.9750792707504679,-0.0947303029667037,0.03339124168559814,0.0,-0.007000000000000006
75.39992809295654,-100.19835437385011,-80.8969454398041,0.9230874437568624,1.9756654724583953,-0.09746349255374921,0.03400061609136577,0.0,-0.007000000000000006
75.44992804527283,-100.13368303281898,-80.820567726145,0.9248459170851276,1.9759068235737862,-0.09016900353261172,0.03464044648349894,0.0,-0.007000000000000006
75.49992799758911,-100.06996901820318,-80.74547656892278,0.9265970453868809,1.975799149084549,-0.09204040480374506,0.03477992279119274,0.0,-0.007000000000000006
75.5499279499054,-100.00658409690429,-80.67049899051518,0.9283540485982508,1.9753928432205907,-0.09309831682736125,0.034876177047446014,0.0,-0.007000000000000006
75.59992790222168,-99.94293151161888,-80.59498539548932,0.9301342991782475,1.974988089090787,-0.09787422097001906,0.03511428745407047,0.0,-0.007000000000000006
75.64992785453796,-99.8794256471535,-80.51952320170311,0.9319264170554282,1.9749182938268819,-0.09704587154608878,0.035543890374967683,0.0,-0.007000000000000006
75.69992780685425,-99.81676163027744,-80.44434613166418,0.9336812342455233,1.9744618956098514,-0.10194961950297765,0.03527211397432172,0.0,-0.007000000000000006
75.74992775917053,-99.7540566011605,-80.36901964659063,0.9354459070192235,1.9740353128555486,-0.10119172092870372,0.03510997467648813,0.0,-0.007000000000000006
75.79992771148682,-99.69118341531808,-80.29342637303623,0.9372216434407097,1.974001921920001,-0.10241336027231082,0.035205759353390556,0.0,-0.007000000000000006
75.8499276638031,-99.62826821735162,-80.21743791051885,0.9389433346447266,1.9734366654718651,-0.10141461894461408,0.034783929915394175,0.0,-0.007000000000000006
75.89992761611938,-99.56550568647158,-80.14137296849009,0.9406267548790322,1.9733258248808168,-0.10228715143792357,0.033925344855154416,0.0,-0.007000000000000006
75.94992756843567,-99.50229647532852,-80.0648127894733,0.9423670898465648,1.9736355535923058,-0.10238878204826665,0.03391351508344162,0.0,-0.007000000000000006
75.99992752075195,-99.4401183688902,-79.98908078783519,0.9440376735548263,1.9730021926085677,-0.1000624441341267,0.03382138785140979,0.0,-0.007000000000000006
76.04992747306824,-99.37664600353834,-79.91165447367759,0.945776866520179,1.9730801733263221,-0.10561831844171216,0.03386272974138986,0.0,-0.007000000000000006
76.09992742538452,-99.3139976488346,-79.83501329220873,0.9475110808676863,1.973795809728019,-0.10896646701324912,0.034212514284088384,0.0,-0.007000000000000006
76.1499273777008,-99.25125839083366,-79.75786166201273,0.9492291071922379,1.9735088764764037,-0.11033513135298463,0.03416507735026694,0.0,-0.007000000000000006
76.19992733001709,-99.18855092771007,-79.68054021991225,0.9509741005935446,1.97323625532599,-0.10371420267449619,0.0344095830411251,0.0,-0.007000000000000006
76.24992728233337,-99.12605304342749,-79.60318426426363,0.9527395123940615,1.9725720569096998,-0.10608089376444643,0.034758297834725976,0.0,-0.007000000000000006
76.29992723464966,-99.06389670464931,-79.52601658028233,0.954531235978631,1.973040673073828,-0.10414641900590668,0.0353346907730086,0.0,-0.007000000000000006
76.34992718696594,-99.00124897437149,-79.44791079083869,0.9563274236373992,1.973719687569067,-0.10288777977043183,0.03556547002494946,0.0,-0.007000000000000006
76.39992713928223,-98.93962576057396,-79.37091457337631,0.9581095361973907,1.9740783348776236,-0.11294761047190932,0.035642536776861355,0.0,-0.007000000000000006
76.44992709159851,-98.8776930682846,-79.2933860346684,0.9598986716418051,1.9743757661858645,-0.11089646271901527,0.03567757692418886,0.0,-0.007000000000000006
76.4999270439148,-98.81607116582978,-79.21572608625064,0.9617137845616534,1.9746432005678507,-0.11681386151824477,0.03566237470743497,0.0,-0.007000000000000006
76.54992699623108,-98.75494930494219,-79.13858183990095,0.9635083420064479,1.9741719369090407,-0.11836995282874567,0.03566984666719384,0.0,-0.007000000000000006
76.59992694854736,-98.693941144465,-79.06135942328515,0.9652750058975047,1.9742310620749537,-0.11304358082232185,0.035572230371890994,0.0,-0.007000000000000006
76.64992690086365,-98.63247600354646,-78.98341081677381,0.9670426491046948,1.9734267507454908,-0.11176903734604123,0.03512411185609914,0.0,-0.007000000000000006
76.69992685317993,-98.57215104932251,-78.90680570675207,0.9687666763283533,1.9730303212822273,-0.11357844627883099,0.03465413864494363,0.0,-0.007000000000000006
76.74992680549622,-98.51177339142536,-78.8300577711469,0.9705018587299306,1.97286109930018,-0.11416500940575003,0.03447691612752054,0.0,-0.007000000000000006
76.7999267578125,-98.45039694706433,-78.7518770228197,0.9722569087134517,1.972101607288997,-0.1190335240697111,0.03448817331137272,0.0,-0.007000000000000006
76.84992671012878,-98.38978753169432,-78.67430103582291,0.9739920628147206,1.9722827397703382,-0.11960444170661261,0.03446221392022462,0.0,-0.007000000000000006
76.89992666244507,-98.32955274619428,-78.59676960607877,0.9757278762695054,1.971216532560106,-0.12087881090644119,0.034471217805062924,0.0,-0.007000000000000006
76.94992661476135,-98.26896513395927,-78.51871837326571,0.9774982123779034,1.9713982510763302,-0.12639369691483426,0.03471525701991288,0.0,-0.007000000000000006
76.99992656707764,-98.20918484811371,-78.44146933317977,0.9792448155938762,1.9708373168285653,-0.12024985010829017,0.03503354866787841,0.0,-0.007000000000000006
77.04992651939392,-98.14873132798418,-78.36297460028665,0.9810382737720086,1.9701748642300778,-0.11556695727682612,0.03541792274274431,0.0,-0.007000000000000006
77.0999264717102,-98.08859391928297,-78.28432517817309,0.9828408642682869,1.9704520838359767,-0.11709409324855162,0.035414233531802244,0.0,-0.007000000000000006
77.14992642402649,-98.02863302238279,-78.20576669423492,0.984656156552838,1.970409031908725,-0.1172411795874691,0.035750493067000455,0.0,-0.007000000000000006
77.19992637634277,-97.96929016697909,-78.12783518239456,0.9864733815410358,1.9697806067302446,-0.12318309483436175,0.035976893828746456,0.0,-0.007000000000000006
77.24992632865906,-97.90891693864087,-78.04820109016114,0.9883440884749813,1.9704226916429626,-0.1253785693155803,0.03637103325179602,0.0,-0.007000000000000006
77.29992628097534,-97.85008700191186,-77.97006200092264,0.9901660616832275,1.9704567737917698,-0.11937095189072464,0.0364939811944824,0.0,-0.007000000000000006
77.34992623329163,-97.79096933676895,-77.89133496101265,0.9919781961755405,1.9702395495053555,-0.12049227696135689,0.03625271606212272,0.0,-0.007000000000000006
77.39992618560791,-97.73113199437549,-77.81166605317826,0.993836171587846,1.9708589595827286,-0.1240746178561247,0.036270762096805104,0.0,-0.007000000000000006
77.4499261379242,-97.67249972426471,-77.73337420438878,0.9956394316408772,1.9709720691911068,-0.12557553667965907,0.036200881717836156,0.0,-0.007000000000000006
77.49992609024048,-97.61422334354164,-77.65513273688532,0.9974631219479692,1.9703805637733023,-0.12531351964148543,0.03607848157598582,0.0,-0.007000000000000006
77.54992604255676,-97.5546438349118,-77.5751744076391,0.9993615132142966,1.9709495017082046,-0.12549017408507254,0.0363980314344855,0.0,-0.007000000000000006
77.59992599487305,-97.49687080176851,-77.497356890595,1.0011876885797013,1.97007680656239,-0.12194645005568756,0.03662000334635622,0.0,-0.007000000000000006
77.64992594718933,-97.43820866526958,-77.41814154341385,1.0030468749434678,1.9707287559966618,-0.12594704808262205,0.036726208406279146,0.0,-0.007000000000000006
77.69992589950562,-97.38063608942927,-77.33936143702428,1.004903885020951,1.9706292241244545,-0.13051021149237008,0.03667899939590186,0.0,-0.007000000000000006
77.7499258518219,-97.32404650886124,-77.26174023953646,1.0067227357390933,1.9704213514723015,-0.12773475311428092,0.036630310986184425,0.0,-0.007000000000000006
77.79992580413818,-97.26551216427372,-77.18151841849384,1.0086363639078435,1.9698304228171568,-0.1289037136924703,0.037034224905864895,0.0,-0.007000000000000006
77.84992575645447,-97.20781656993705,-77.10211837407167,1.0105294097423165,1.9701216616314445,-0.1283705659497655,0.03731775176616275,0.0,-0.007000000000000006
77.89992570877075,-97.14989327221382,-77.02202541072194,1.012450663219598,1.9692866602769181,-0.12576374479759495,0.03761685921288118,0.0,-0.007000000000000006
77.94992566108704,-97.0924119892202,-76.94246441981252,1.0143435798692477,1.9690950793772064,-0.1293782250844284,0.037627160420558935,0.0,-0.007000000000000006
77.99992561340332,-97.03505403493959,-76.86318447577636,1.016256283516962,1.9689242976964962,-0.13236293761712623,0.037819322996201485,0.0,-0.007000000000000006
78.0499255657196,-96.97705993594887,-76.78283083708483,1.0182141993024332,1.9682631460038649,-0.1340021848784855,0.0382222176151007,0.0,-0.007000000000000006
78.09992551803589,-96.91972350450423,-76.7028746650877,1.020129377009069,1.96811782524946,-0.13353817734058174,0.03827269845505893,0.0,-0.007000000000000006
78.14992547035217,-96.86109986438653,-76.62123393533024,1.0221033756439075,1.9678597987356146,-0.14361494174724995,0.038125106844745925,0.0,-0.007000000000000006
78.19992542266846,-96.80366187354507,-76.54118499917182,1.0240238174555991,1.9668756787046535,-0.1436133552336781,0.0382059293981007,0.0,-0.007000000000000006
78.24992537498474,-96.74606007417223,-76.46061314886828,1.0259253867838563,1.9672997129992618,-0.14809482681093644,0.03802285974604071,0.0,-0.007000000000000006
78.29992532730103,-96.68897464725427,-76.38044543550342,1.0278088467961755,1.9665159647175054,-0.144732201654331,0.037706349217830566,0.0,-0.007000000000000006
78.34992527961731,-96.6307724505508,-76.29861211561762,1.0297242192190519,1.9658423061511052,-0.14383234934593395,0.0375256793539817,0.0,-0.007000000000000006
78.3999252319336,-96.57429027739849,-76.21899626419658,1.0315801638724929,1.9654100756453134,-0.1398901702013589,0.03750741292555302,0.0,-0.007000000000000006
78.44992518424988,-96.51649074895552,-76.1374176727426,1.0335023869558744,1.965260678954732,-0.14698483323194395,0.037462332367916386,0.0,-0.007000000000000006
78.49992513656616,-96.45983655334723,-76.05704133121223,1.035469679409345,1.9637513911873503,-0.14920939086416318,0.03816633655693612,0.0,-0.007000000000000006
78.54992508888245,-96.40377941138944,-75.97721040361441,1.0373971494813272,1.962978232879441,-0.14873446145309935,0.03853093973614202,0.0,-0.007000000000000006
78.59992504119873,-96.34789350534298,-75.89750501944232,1.0393335769085335,1.9628018640854328,-0.14666789505357875,0.038663314587571225,0.0,-0.007000000000000006
78.64992499351501,-96.29161098089374,-75.81699733032568,1.0412880441381531,1.962323031953501,-0.15146025945697497,0.0386935392840858,0.0,-0.007000000000000006
78.6999249458313,-96.23628295104311,-75.73713412271064,1.0432254497805125,1.961723030416288,-0.14089604330051453,0.03876592594758823,0.0,-0.007000000000000006
78.74992489814758,-96.18059838077502,-75.65669552961928,1.0452130210317594,1.9613070255956815,-0.15190204175115024,0.038837621152067084,0.0,-0.007000000000000006
78.79992485046387,-96.12498619801782,-75.57600331855141,1.0471777037312908,1.9615272710497818,-0.14494447825376078,0.03904737538811348,0.0,-0.007000000000000006
78.84992480278015,-96.0706492381615,-75.49638105108839,1.049102409629176,1.961738557178714,-0.1442541232341083,0.038860238188145775,0.0,-0.007000000000000006
78.89992475509644,-96.01545963276394,-75.41450731189423,1.0510538288001627,1.9613499425125593,-0.14293678752292568,0.03851042864462469,0.0,-0.007000000000000006
78.94992470741272,-95.96019409607086,-75.33256568131603,1.0530205791583085,1.9615695144428855,-0.1458454145704508,0.038517531228479146,0.0,-0.007000000000000006
78.999924659729,-95.90569876169359,-75.25146000385628,1.0549140255267833,1.9610128241612963,-0.15177687054884564,0.03818919252949051,0.0,-0.007000000000000006
79.04992461204529,-95.85147796024123,-75.17046124604798,1.056806639414499,1.9609662217676185,-0.1453756529434024,0.037977102711712014,0.0,-0.007000000000000006
79.09992456436157,-95.79699592901225,-75.08854911456115,1.0587005169919055,1.9608842170232932,-0.1472470356318504,0.03755776413816183,0.0,-0.007000000000000006
79.14992451667786,-95.74250278256359,-75.00644498418143,1.060548358818675,1.9609081437050544,-0.1459186586936251,0.03703398181393471,0.0,-0.007000000000000006
79.19992446899414,-95.68845993435603,-74.92500384560809,1.0623794617754816,1.9607044453342386,-0.144370982512361,0.036597184993908995,0.0,-0.007000000000000006
79.24992442131042,-95.63376794922675,-74.8422827407801,1.0642337073379617,1.9603922238551361,-0.14750317634045365,0.036381379826208385,0.0,-0.007000000000000006
79.29992437362671,-95.57931744120347,-74.75945481354302,1.0660887711420268,1.959484791903561,-0.14933742175274506,0.03637859631308933,0.0,-0.007000000000000006
79.349924325943,-95.52551932194166,-74.67760871306072,1.0679303419596406,1.958195776568307,-0.14961069917275055,0.03650475702653764,0.0,-0.007000000000000006
79.39992427825928,-95.47164920429739,-74.5954230612474,1.0697593225350774,1.9577502741780082,-0.15167238351016477,0.036578805646193945,0.0,-0.007000000000000006
79.44992423057556,-95.417946078834,-74.51342374978655,1.0716165485764826,1.9568945967166618,-0.1496130107905259,0.036743006282964084,0.0,-0.007000000000000006
79.49992418289185,-95.36492150520856,-74.43083246735684,1.0735150091990249,1.9545976544493566,-0.15244242307724146,0.03705601132912404,0.0,-0.007000000000000006
79.54992413520813,-95.31215329771098,-74.34874777671641,1.075450811233572,1.9535158266650334,-0.15206506307193346,0.03784451913362268,0.0,-0.007000000000000006
79.59992408752441,-95.25973688232916,-74.26695463177641,1.0773489782037975,1.9528065518647724,-0.15026133772478883,0.03809907919884453,0.0,-0.007000000000000006
79.6499240398407,-95.20658284659923,-74.18412595586933,1.0793114251942768,1.9506988858362146,-0.15169471160373865,0.038474394936298686,0.0,-0.007000000000000006
79.69992399215698,-95.15504219310886,-74.10234527676066,1.0812432138969108,1.9490934777859275,-0.15306373457237116,0.03853338801406154,0.0,-0.007000000000000006
79.74992394447327,-95.10371800047945,-74.02075400760133,1.0831424500422482,1.9472592649046023,-0.151769443524071,0.03815963365598181,0.0,-0.007000000000000006
79.79992389678955,-95.0524971559503,-73.93934002181776,1.0850497278000535,1.9459548772622484,-0.14980408028764897,0.03818424630365436,0.0,-0.007000000000000006
79.84992384910583,-95.00039444429636,-73.85633457130182,1.0870325060203756,1.9447492155248711,-0.1518190990378357,0.038527555284648636,0.0,-0.007000000000000006
79.89992380142212,-94.94882565805827,-73.7735652802603,1.0890014370716565,1.943674227487937,-0.1526254764360868,0.0390599382358765,0.0,-0.007000000000000006
79.9499237537384,-94.89727182007428,-73.69096487869167,1.0909981918032423,1.9427086521813068,-0.15441052395011645,0.03940084098198008,0.0,-0.007000000000000006
79.99992370605469,-94.84539091940078,-73.60795281742591,1.093025375304535,1.941775987687082,-0.15647140310148983,0.039930025705376085,0.0,-0.007000000000000006
80.04992365837097,-94.79444499302356,-73.52580162115612,1.0950204580067682,1.9419156356778984,-0.15213349708643217,0.04028490211452279,0.0,-0.007000000000000006
80.09992361068726,-94.7435278954117,-73.44280450922145,1.0970125721968897,1.9409713494173875,-0.15461300522520552,0.039908266737699746,0.0,-0.007000000000000006
80.14992356300354,-94.69179901005826,-73.3586766486929,1.0990471891610838,1.9410113374652165,-0.14902089360783694,0.03979590438313939,0.0,-0.007000000000000006
80.19992351531982,-94.64114053194535,-73.27618456284048,1.101005655071548,1.9404913983312548,-0.15479195672280494,0.03948421115740066,0.0,-0.007000000000000006
80.24992346763611,-94.59019645429694,-73.1925402108043,1.102988761398293,1.9393599138791207,-0.15837921400650862,0.039353644244070535,0.0,-0.007000000000000006
80.29992341995239,-94.539636929763,-73.1086547954337,1.1049917744011262,1.9391368546434866,-0.1617267034265158,0.03922805115726925,0.0,-0.007000000000000006
80.34992337226868,-94.48947660268644,-73.02543259520554,1.1069722384569234,1.938195687715861,-0.16145269707958315,0.03941912360523066,0.0,-0.007000000000000006
80.39992332458496,-94.43955557476484,-72.9426459078568,1.1089495927853004,1.937905756859625,-0.16464122462348868,0.03952691032314067,0.0,-0.007000000000000006
80.44992327690125,-94.38860790325546,-72.8582206196215,1.1109970587145754,1.9378298587280074,-0.16123804038378434,0.03991112439507836,0.0,-0.007000000000000006
80.49992322921753,-94.33941070884336,-72.77511296438388,1.113057526638098,1.936361276113692,-0.15661639116509085,0.04043786510265131,0.0,-0.007000000000000006
80.54992318153381,-94.29070978786037,-72.69286457347135,1.1151123381984385,1.9360181256813953,-0.16031352573652913,0.04084777822160099,0.0,-0.007000000000000006
80.5999231338501,-94.24102469144889,-72.60897355817059,1.1172198743499628,1.9345829527844072,-0.1620758153395753,0.04134031879604959,0.0,-0.007000000000000006
80.64992308616638,-94.19197764783675,-72.52625992328946,1.1193371230672555,1.9351973870564432,-0.16474691987936246,0.04177320225416515,0.0,-0.007000000000000006
80.69992303848267,-94.14351011281347,-72.44382369184179,1.1214629339915776,1.9338087851656358,-0.16854659604987826,0.042001677575877604,0.0,-0.007000000000000006
80.74992299079895,-94.09421443508965,-72.35989818183135,1.123628067847888,1.9333597471556832,-0.15945500663699178,0.042351414376348845,0.0,-0.007000000000000006
80.79992294311523,-94.04703658974009,-72.2796231818802,1.1257206821003762,1.9315230329904827,-0.16590992391147594,0.042514366467255676,0.0,-0.007000000000000006
80.84992289543152,-93.99732222935921,-72.19469614567707,1.127890815466592,1.9316497247455562,-0.16529090505775762,0.042482528918828394,0.0,-0.007000000000000006
80.8999228477478,-93.94885716190079,-72.11182280835675,1.1300112010334764,1.9307942601374206,-0.16400677797396687,0.04220821149315639,0.0,-0.007000000000000006
80.94992280006409,-93.89977824155731,-72.02772640060974,1.1321291981831012,1.929786430532562,-0.16374369813492695,0.041831384476418494,0.0,-0.007000000000000006
80.99992275238037,-93.85123261288722,-71.94473343207328,1.1342584412602899,1.9286468547001099,-0.16625231965861784,0.04195246114707528,0.0,-0.007000000000000006
81.04992270469666,-93.80276389092157,-71.86118515988065,1.1363613213913855,1.9280028196335013,-0.17390256312907992,0.04186152464268029,0.0,-0.007000000000000006
81.09992265701294,-93.75434442716524,-71.77700383010098,1.1384792781860864,1.927558124749636,-0.17046071104728583,0.04189986796080208,0.0,-0.007000000000000006
81.14992260932922,-93.70616063945627,-71.69331128302657,1.1406120063577487,1.9271845155263945,-0.17286603244236864,0.042035166234632514,0.0,-0.007000000000000006
81.19992256164551,-93.65747729938194,-71.6084806248375,1.142746965784628,1.9264540394645453,-0.16813861798797988,0.0422195687460609,0.0,-0.007000000000000006
81.24992251396179,-93.60962572590417,-71.52464234406872,1.1448888228234295,1.9260684870769376,-0.1723372402218656,0.042348246387898886,0.0,-0.007000000000000006
81.29992246627808,-93.561982274773,-71.44017655603741,1.1470358587383604,1.9260370741141501,-0.1717802110428481,0.04264977744646698,0.0,-0.007000000000000006
81.34992241859436,-93.51396839110843,-71.35487442110329,1.1491879859236862,1.9260886249509834,-0.16778867846127185,0.04263552187207437,0.0,-0.007000000000000006
81.39992237091064,-93.46638623925226,-71.27002148706599,1.151307707030791,1.9257198401958666,-0.17213903978105569,0.042171393139322014,0.0,-0.007000000000000006
81.44992232322693,-93.4189400949624,-71.18512148568311,1.1534098929698922,1.9258176082323197,-0.1704962379016096,0.04192921988997984,0.0,-0.007000000000000006
81.49992227554321,-93.3724633467055,-71.10094954379979,1.1555115556111462,1.9253599362162057,-0.17054530838197998,0.041577006072023505,0.0,-0.007000000000000006
81.5499222278595,-93.32632815025764,-71.0170680540983,1.1575809112938495,1.9252645542293656,-0.17464582673757606,0.04130463411761639,0.0,-0.007000000000000006
81.59992218017578,-93.28030914327894,-70.93314809311399,1.159642938252531,1.9241493670315313,-0.17554488509272362,0.04124757195135015,0.0,-0.007000000000000006
81.64992213249207,-93.23409884458873,-70.84859180732613,1.1617184783999606,1.9250471475555322,-0.16895586586441674,0.04115984211169805,0.0,-0.007000000000000006
81.69992208480835,-93.18820782700352,-70.76323836278291,1.163798320883914,1.9246863566012276,-0.16131397080768206,0.041026593861572515,0.0,-0.007000000000000006
81.74992203712463,-93.14296880389806,-70.67909701089692,1.1658909399370285,1.9241159607453135,-0.1577829468930225,0.041324599212943285,0.0,-0.007000000000000006
81.79992198944092,-93.09865504056741,-70.59643197479996,1.1679355906380586,1.923283284736014,-0.16121023590687142,0.04157968801972115,0.0,-0.007000000000000006
81.8499219417572,-93.05241953887702,-70.50899258418092,1.1700537178211197,1.9234059821161429,-0.15735543062957186,0.041256810929056614,0.0,-0.007000000000000006
81.89992189407349,-93.00809763630126,-70.42422300078931,1.1721534458044018,1.9238796119859476,-0.16419399937531937,0.04164782128161273,0.0,-0.007000000000000006
81.94992184638977,-92.9630334430921,-70.3379151964175,1.1742864324980211,1.9241365983362329,-0.16840211235394434,0.04202097579426395,0.0,-0.007000000000000006
81.99992179870605,-92.91796587013121,-70.25155618507506,1.1764353165393768,1.9239762344823519,-0.16349893604120047,0.04236304323509484,0.0,-0.007000000000000006
82.04992175102234,-92.87337635350285,-70.16553993829734,1.1786262278174482,1.9232844059139251,-0.16341881374405848,0.043191586964419625,0.0,0.0
82.09992170333862,-92.8294094297832,-70.07935760079806,1.1807876137234894,1.9234685591083074,-0.16934997191698076,0.04352875636991357,0.0,0.0
82.14992165565491,-92.78478094929562,-69.9918751477407,1.1830086888456806,1.9236964425869834,-0.1611421568870071,0.043621890508714754,0.0,0.006000000000000005
82.19992160797119,-92.74098720891877,-69.90616732416245,1.185259135516744,1.9233527982369045,-0.16837592869291904,0.044338211740232385,0.0,0.006000000000000005
82.24992156028748,-92.69694365119636,-69.81902616414187,1.1875523785475723,1.922514307147629,-0.1615861622919989,0.045117781752895325,0.0,0.01200000000000001
82.29992151260376,-92.65339743135328,-69.73155886278028,1.1898419840461052,1.9236992998126072,-0.16118244161764717,0.045440412192676624,0.0,0.01200000000000001
82.34992146492004,-92.61026618510813,-69.64486596688933,1.1921292955842997,1.9228743966854815,-0.16599095870418878,0.04544619134364862,0.0,0.018000000000000016
82.39992141723633,-92.56759790585669,-69.55880058357592,1.1943739867219416,1.9224795216090067,-0.16323411079900665,0.045369967855425596,0.0,0.018000000000000016
82.44992136955261,-92.52400226965504,-69.47056021463042,1.196631512728392,1.921962604815884,-0.15940046062883612,0.04482265531702212,0.0,0.02400000000000002
82.4999213218689,-92.48252041776351,-69.38424982542672,1.198861682370745,1.9202000979372278,-0.15792228215667528,0.04450347016437879,0.0,0.02400000000000002
82.54992127418518,-92.44123270834852,-69.29837607653891,1.201060870834399,1.9195099160812281,-0.1603216077317142,0.04417319890333084,0.0010000000000000009,0.030000000000000027
82.59992122650146,-92.39921738260698,-69.2109296506872,1.2032641791130512,1.9179773054178595,-0.15657549459516876,0.043881799750572055,0.0010000000000000009,0.030000000000000027
82.64992117881775,-92.35770692771882,-69.12451361991143,1.2054262816311183,1.9134793925545275,-0.15931795737477564,0.043297568308115354,0.0020000000000000018,0.03600000000000003
82.69992113113403,-92.31753971908745,-69.03887846057214,1.2075626791963683,1.9093969059745526,-0.16552561180069436,0.042861234666905994,0.0020000000000000018,0.03600000000000003
82.74992108345032,-92.27680885964627,-68.9522746996014,1.2097178234420747,1.9066834798688694,-0.15953543200503958,0.04258271865854608,0.0040000000000000036,0.04200000000000004
82.7999210357666,-92.2364987500802,-68.86678292974882,1.2118547660598693,1.9022373779887938,-0.16693097509044022,0.04256983571482253,0.0040000000000000036,0.04200000000000004
82.84992098808289,-92.1963255274724,-68.7810019509328,1.2139895544219357,1.8975640263051514,-0.16781200676147973,0.04264002869659172,0.0050000000000000044,0.04800000000000004
82.89992094039917,-92.15651683337718,-68.69498498138513,1.2160930356286859,1.8923004275159567,-0.1621215884025102,0.04233912528508722,0.0050000000000000044,0.04800000000000004
82.94992089271545,-92.11636797448575,-68.60828345980491,1.218205068009986,1.8877086375307959,-0.16403781103253556,0.041778462743951354,0.006000000000000005,0.05400000000000005
82.99992084503174,-92.07703984753839,-68.52367407437029,1.2203082688305276,1.8833216367692052,-0.16342965089438888,0.0418448434564574,0.006000000000000005,0.05400000000000005
83.04992079734802,-92.03716450548995,-68.43716691082552,1.2224486322470942,1.879288297102427,-0.16007990398999528,0.04207277649242398,0.008000000000000007,0.06000000000000005
83.0999207496643,-91.99796692575451,-68.35150256979054,1.224628025930412,1.8749396403955383,-0.16498371442739967,0.04265195358975301,0.008000000000000007,0.06000000000000005
83.14992070198059,-91.95865470822739,-68.26548161514958,1.2268138231680696,1.8711030139136715,-0.16512989159461608,0.04308690745325823,0.009000000000000008,0.06599999999999995
83.19992065429688,-91.9192506604561,-68.17934122923609,1.229029831493137,1.8671614870339965,-0.17341199593091397,0.04326419051128101,0.009000000000000008,0.06599999999999995
83.24992060661316,-91.88063665635332,-68.09428365528305,1.2312362099293006,1.8629986278086936,-0.17101486866564963,0.04374241075932768,0.01100000000000001,0.07199999999999995
83.29992055892944,-91.84193300510567,-68.00810238407024,1.233484524256549,1.8577940301932079,-0.1649391802915611,0.04407700365160349,0.01100000000000001,0.07199999999999995
83.34992051124573,-91.80341494464126,-67.92250670883345,1.2357497330555698,1.8546363378674633,-0.1719183287817932,0.04437530971012709,0.01200000000000001,0.07799999999999996
83.39992046356201,-91.7649328186485,-67.83668572314367,1.2379791988143585,1.851320617370057,-0.15981510914325878,0.04448316386687879,0.01200000000000001,0.07799999999999996
83.4499204158783,-91.72675020510927,-67.75145624534197,1.2401815225623438,1.846256394799603,-0.16927830363280003,0.043655689987568344,0.014000000000000012,0.08399999999999996
83.49992036819458,-91.68873236903724,-67.66625740369805,1.2423935879060921,1.8406024612434115,-0.16111848669817935,0.04354767375035597,0.014000000000000012,0.08399999999999996
83.54992032051086,-91.65127220890137,-67.58190171712023,1.2445231186859527,1.8353651885468394,-0.16303517115126975,0.042739201698436556,0.015000000000000013,0.08999999999999997
83.59992027282715,-91.61399978670109,-67.4978469046995,1.246623438202093,1.8298131006868068,-0.16356394593543444,0.04192460207052907,0.015000000000000013,0.08999999999999997
83.64992022514343,-91.57703365953417,-67.41441942263548,1.2487041721059442,1.8244928921482648,-0.16342831748979383,0.041538758812011634,0.016000000000000014,0.09599999999999997
83.69992017745972,-91.53995892542575,-67.33043202017247,1.2507844330642128,1.8192633931400124,-0.16625965125754782,0.04103316639195684,0.016000000000000014,0.09599999999999997
83.749920129776,-91.50301234032912,-67.24659834457785,1.252843063336028,1.8152622123928466,-0.1682101610937368,0.04072633926878999,0.018000000000000016,0.10199999999999998
83.79992008209229,-91.46682540359473,-67.16404294615475,1.254827109139609,1.8110854075390626,-0.16024620967767786,0.04019300420493635,0.018000000000000016,0.10199999999999998
83.84992003440857,-91.4299957892834,-67.0793507155462,1.256835554611142,1.8062417217651312,-0.16027950019276818,0.03959811642200912,0.019000000000000017,0.10799999999999998
83.89991998672485,-91.3942799213151,-66.99676530898162,1.2588145584212624,1.8022051153532206,-0.1640930830317424,0.039417545297076216,0.019000000000000017,0.10799999999999998
83.94991993904114,-91.35811779169438,-66.91231428965395,1.2607279161897875,1.8006228939715663,-0.15926920577969234,0.03860053797691522,0.02100000000000002,0.11399999999999999
83.99991989135742,-91.32230645832338,-66.82859685917995,1.2626122072526462,1.7988406043361638,-0.16456030666250737,0.03763430317465689,0.02100000000000002,0.11399999999999999
84.0499198436737,-91.28698640553219,-66.74512826928083,1.2644413044299347,1.7977935766477289,-0.15970154033711315,0.03699917801765944,0.02200000000000002,0.121
84.09991979598999,-91.25199532233222,-66.66152279501017,1.2662551398936144,1.7960848470154636,-0.16041357442657334,0.03635071806262019,0.02200000000000002,0.121
84.14991974830627,-91.21678263433533,-66.57717668400689,1.268080133808991,1.7946173656414361,-0.15536369649270662,0.03610685113388735,0.02200000000000002,0.121
84.19991970062256,-91.18219369872136,-66.49378422668141,1.2698473293608117,1.7931662182957637,-0.15099426425682771,0.03583812997187426,0.02200000000000002,0.121
84.24991965293884,-91.14801207166765,-66.41016474744586,1.2716177698771423,1.7915623290705425,-0.14650115089827273,0.03554684876004731,0.02200000000000002,0.121
84.29991960525513,-91.1144021726122,-66.3262648607063,1.273359755233903,1.7906745891619973,-0.14663539285306365,0.03494564125889103,0.02200000000000002,0.121
84.34991955757141,-91.08075544289824,-66.24206499884716,1.275066142039003,1.7911596361175866,-0.15184267676815913,0.03419495911898084,0.02200000000000002,0.121
84.3999195098877,-91.04782470636628,-66.15935414535188,1.2766697068712778,1.7915645068532766,-0.14953950120621579,0.03317912481649117,0.02200000000000002,0.121
84.44991946220398,-91.01390785080225,-66.07402140389755,1.2782793869685778,1.7920735445189124,-0.1513728005796256,0.032052556529890974,0.02200000000000002,0.121
84.49991941452026,-90.98130441094732,-65.99149589795859,1.2798243259397761,1.7909225786573177,-0.14603096054359166,0.03133823166434948,0.02200000000000002,0.121
84.54991936683655,-90.94867009668542,-65.90871522890642,1.2813030095257643,1.790226465280439,-0.14937085735953445,0.0303204665565015,0.02200000000000002,0.121
84.59991931915283,-90.91599412477596,-65.82546336498964,1.2826962432856372,1.7897834635009942,-0.15023549418009285,0.02887746608713479,0.02200000000000002,0.121
84.64991927146912,-90.88368224428997,-65.74317963592004,1.2840430742405191,1.7892753824742609,-0.14408585488556597,0.02756254228958936,0.02200000000000002,0.121
84.6999192237854,-90.85128600210041,-65.66022629782556,1.2853793357220187,1.7889996204029195,-0.14685160112133383,0.026800066998297376,0.02200000000000002,0.121
84.74991917610168,-90.81908995265461,-65.57755062916276,1.2866534461337613,1.7873920505510343,-0.14194649964759798,0.02592119055691275,0.02200000000000002,0.121
84.79991912841797,-90.78737784304423,-65.4959383658944,1.2878787795113196,1.7871736707527532,-0.14702747197225852,0.024948465004850567,0.02200000000000002,0.121
84.84991908073425,-90.75531948569693,-65.41261904995079,1.2891175413043734,1.7866777768795463,-0.1432566434603751,0.024576638265524742,0.02200000000000002,0.121
84.89991903305054,-90.72354952370249,-65.32872764587403,1.290336486470913,1.786528322951161,-0.14589752844242898,0.024190469296512807,0.02200000000000002,0.121
84.94991898536682,-90.69181141841938,-65.24505952532178,1.2915802286285047,1.7862587563273258,-0.15115813567704905,0.024145871202145584,0.02200000000000002,0.121
84.9999189376831,-90.66074792261784,-65.1625963012047,1.292745629479426,1.7862649453738586,-0.14639347914542555,0.024046600247344913,0.02200000000000002,0.121
85.04991888999939,-90.6291420371,-65.07799718774321,1.2939068550273989,1.7850689220391014,-0.13556341097475674,0.02334204512258879,0.02200000000000002,0.121
85.09991884231567,-90.59839732487546,-64.99491120291465,1.2950165657455672,1.7848114469450016,-0.13643763264492734,0.02253127597627329,0.02200000000000002,0.121
85.14991879463196,-90.56732911848219,-64.91097382174812,1.2961244058349577,1.784525740823439,-0.13602030952814234,0.021911477457713796,0.02200000000000002,0.121
85.19991874694824,-90.53615221814773,-64.82647893622715,1.297196317095728,1.7833467976747999,-0.13437351509131215,0.021419186268233012,0.02200000000000002,0.121
85.24991869926453,-90.50535503368644,-64.74268798805329,1.2982103355944399,1.7824830397285094,-0.1319653805120889,0.02057779943640526,0.02200000000000002,0.121
85.29991865158081,-90.47471170566506,-64.65920915844639,1.2992062794572978,1.782468050693711,-0.13389137595290812,0.01979546733738498,0.02200000000000002,0.121
85.3499186038971,-90.44373947726264,-64.57458107376758,1.3001690216877742,1.7816012174790865,-0.13102999092868875,0.01930403033125952,0.02200000000000002,0.121
85.39991855621338,-90.41342227265253,-64.491493513591,1.301068807972828,1.780963605686182,-0.13657883426491332,0.01829080635602384,0.02200000000000002,0.121
85.44991850852966,-90.38263374408824,-64.40726079729927,1.3019893625486674,1.7807579864078718,-0.13524353015725096,0.01798771343674604,0.02200000000000002,0.121
85.49991846084595,-90.35266123285834,-64.32432545068129,1.30286806697682,1.7797448565510905,-0.13869240775249617,0.01749082661585285,0.02200000000000002,0.121
85.54991841316223,-90.32225148697766,-64.24048172085423,1.303784976271318,1.777978866630713,-0.13019602957903734,0.017710363675940085,0.02200000000000002,0.121
85.59991836547852,-90.29252304361856,-64.15816860990634,1.304637377490395,1.7771898017802763,-0.1320802051050593,0.017390578859065444,0.02200000000000002,0.121
85.6499183177948,-90.26233703621392,-64.07471138853401,1.3055111289532886,1.7769004777670638,-0.13254431570478747,0.016978899245008516,0.02200000000000002,0.121
85.69991827011108,-90.23216719258865,-63.99135856772451,1.3063858433367026,1.7760660755559476,-0.12970197694449137,0.01695917470081811,0.02200000000000002,0.121
85.74991822242737,-90.20224276327632,-63.90853349705804,1.30724886546773,1.7753821765715196,-0.13439873958593324,0.01692042298245587,0.02200000000000002,0.121
85.79991817474365,-90.17240738394212,-63.82573878133472,1.308101128988593,1.774567335198954,-0.13202174993549665,0.016902150459696712,0.02200000000000002,0.121
85.84991812705994,-90.14194936853063,-63.74130972127037,1.308993917934185,1.7738395820301427,-0.13993621840809686,0.01694237406397078,0.02200000000000002,0.121
85.89991807937622,-90.11219431881604,-63.65856422611074,1.309847653685753,1.7734490004721162,-0.13093907408201544,0.01707351560843591,0.02200000000000002,0.121
85.9499180316925,-90.08201566982923,-63.574527860950425,1.3107146987141647,1.7734836864689647,-0.13246185016249262,0.01706249936740654,0.02200000000000002,0.121
85.99991798400879,-90.05218163509676,-63.49056410736655,1.3114943132625156,1.7717247584247087,-0.1299828483186006,0.01614388112412441,0.02200000000000002,0.121
86.04991793632507,-90.022200871083,-63.40659368194449,1.3122957772450135,1.771378158565961,-0.12534190150259733,0.015658722319701487,0.02200000000000002,0.121
86.09991788864136,-89.99239095572644,-63.32324551983322,1.3130780025923323,1.7706574078901536,-0.13141868790794348,0.015369040662599542,0.02200000000000002,0.121
86.14991784095764,-89.96235149125035,-63.238828228056704,1.3138173369830959,1.769931761838358,-0.13043747261578376,0.014824748647937582,0.02200000000000002,0.121
86.19991779327393,-89.93270962187484,-63.15514005316056,1.3145039697192666,1.7701204912400037,-0.1272295115214734,0.01402984000209913,0.02200000000000002,0.121
86.24991774559021,-89.90302751732648,-63.07143278946658,1.315148193106561,1.7692514426664718,-0.13317420047529624,0.013216187159187045,0.02200000000000002,0.121
86.2999176979065,-89.87321161109021,-62.987754553360084,1.315779488923741,1.7702059981846667,-0.1308572150939344,0.012584397484871583,0.02200000000000002,0.121
86.34991765022278,-89.84328617248906,-62.90336539814278,1.3163717389153555,1.7702845742166728,-0.12802542171011716,0.011931518013243941,0.02200000000000002,0.121
86.39991760253906,-89.81390558636957,-62.82035774184095,1.3169518239045415,1.7699041774071358,-0.13120080620954902,0.011476801850409706,0.02200000000000002,0.121
86.44991755485535,-89.78390379424407,-62.735218511401726,1.3175312802192052,1.7701309864512136,-0.1309822148953908,0.011243862825512114,0.02200000000000002,0.121
86.49991750717163,-89.75447063432924,-62.65305437579173,1.3180684532716451,1.7694750136384054,-0.12234301816249056,0.010949334897172681,0.02200000000000002,0.121
86.54991745948792,-89.7247179166282,-62.569349834025715,1.3186059570258373,1.7696830955042382,-0.12538327222377044,0.010515885155080769,0.02200000000000002,0.121
86.5999174118042,-89.69511637616685,-62.48589895158509,1.3191771791192688,1.7697761734110466,-0.12810121822884535,0.010731049264775113,0.02200000000000002,0.121
86.64991736412048,-89.66600713123388,-62.403051944854994,1.3197086200408046,1.7693038987005798,-0.12510535700825634,0.010701489882999413,0.02200000000000002,0.121
86.69991731643677,-89.63690304976342,-62.320763587632236,1.3202363780822155,1.7694100963151629,-0.13220119425407686,0.010462932890849081,0.02200000000000002,0.121
86.74991726875305,-89.60789497628863,-62.23801336901627,1.3207374378268095,1.768400538501199,-0.1251198246513118,0.010040732184938405,0.02200000000000002,0.121
86.79991722106934,-89.57854670177136,-62.15359089089569,1.3212202872889154,1.7686094560092298,-0.12024261511124937,0.009531007080024812,0.02200000000000002,0.121
86.84991717338562,-89.5498646706029,-62.070859561317846,1.3216611895709638,1.7679962901465298,-0.11497076950271277,0.009044882787293509,0.02200000000000002,0.121
86.8999171257019,-89.52059880323324,-61.986462064341296,1.3220886900509536,1.7682276865254691,-0.10997690555364462,0.008463858574304827,0.02200000000000002,0.121
86.94991707801819,-89.49189396145978,-61.90312075996719,1.32248472336245,1.7682684157189252,-0.1129338574201602,0.007826277781283576,0.02200000000000002,0.121
86.99991703033447,-89.46354311146803,-61.82016272420117,1.3228358195347818,1.7673409019398856,-0.11402189751548467,0.007163645361709119,0.02200000000000002,0.121
87.04991698265076,-89.4348035735943,-61.735869276050956,1.323152701107288,1.7683758180744713,-0.1178063228702523,0.0064845646230194615,0.02200000000000002,0.121
87.09991693496704,-89.40592280937838,-61.650844848218505,1.3234006177737692,1.7685274980357413,-0.11795776664152381,0.005383242708158159,0.02200000000000002,0.121
87.14991688728333,-89.37746958306502,-61.566790998639405,1.3236488697870492,1.7698476351092483,-0.1173120894592785,0.00464199619176312,0.02200000000000002,0.121
87.19991683959961,-89.34895449283373,-61.4820919546265,1.3238874854127594,1.7700250879760548,-0.11369889138249512,0.004505294018943707,0.02200000000000002,0.121
87.2499167919159,-89.32031259116177,-61.396491447273924,1.3240757899380315,1.7711016741058037,-0.10832365977276188,0.00404874652210668,0.02200000000000002,0.121
87.29991674423218,-89.29180293996478,-61.311775126012044,1.324306644826125,1.7718753688696702,-0.1064481999755612,0.004044307082693367,0.02200000000000002,0.121
87.34991669654846,-89.26361758067499,-61.22697086503805,1.3244698617340633,1.7724591450119525,-0.10627564541356167,0.0035819566913860832,0.02200000000000002,0.121
87.39991664886475,-89.23528823167129,-61.141518235955424,1.324657154923376,1.7731417834756946,-0.09978349870101005,0.0034442285388513135,0.02200000000000002,0.121
87.44991660118103,-89.20778951257225,-61.05841465771683,1.3248538553594353,1.773206936013492,-0.10365908506611501,0.0034531130631098414,0.02200000000000002,0.121
87.49991655349731,-89.1791839102545,-60.9724078462313,1.3250788694184885,1.773593005906983,-0.1143123250348796,0.0037711938168909854,0.02200000000000002,0.121
87.5499165058136,-89.15086828169538,-60.886761274640484,1.3252874907302372,1.7736994742047978,-0.11033122263858786,0.004012700112745151,0.02200000000000002,0.121
87.59991645812988,-89.12312444513088,-60.80229078964023,1.3254634127221079,1.7738096861284036,-0.10926345595653447,0.0037986161549532784,0.02200000000000002,0.121
87.64991641044617,-89.09559618051557,-60.71796706381933,1.3256146212701276,1.7737307624409684,-0.10736321255913994,0.0033314638471503523,0.02200000000000002,0.121
87.69991636276245,-89.06738625509125,-60.63260490718748,1.3257599519781873,1.774420963529405,-0.10506057834603556,0.0028681294753026363,0.02200000000000002,0.121
87.74991631507874,-89.0396992649453,-60.54834424110214,1.3258979563613598,1.7742294439973114,-0.100185129872922,0.0026731892556113752,0.02200000000000002,0.121
87.79991626739502,-89.01244243761495,-60.46464162012269,1.3259957228510197,1.7739303946389506,-0.09581697693694774,0.0022933947680769096,0.02200000000000002,0.121
87.8499162197113,-88.9846076374833,-60.37889862945839,1.3261076747190699,1.7749963077649804,-0.0986210443459608,0.0021006195457876774,0.02200000000000002,0.121
87.89991617202759,-88.95720237053449,-60.29405944970837,1.3261939133745801,1.7749716541180909,-0.09521515700859932,0.0019861078490539205,0.02200000000000002,0.121
87.94991612434387,-88.93009192195352,-60.20970704901746,1.3262477571070044,1.7760962365139716,-0.09268414179549349,0.0014322169946032197,0.02200000000000002,0.121
87.99991607666016,-88.90310870907666,-60.12575196665098,1.3263118930551758,1.7767831568424688,-0.10201439601145995,0.0010754968136559352,0.02200000000000002,0.121
88.04991602897644,-88.87568160553703,-60.0402715293661,1.3263501570776846,1.777284317696699,-0.10265921403785015,0.0009407052283431741,0.02200000000000002,0.121
88.09991598129272,-88.84815977115395,-59.954831164748434,1.3264145909967417,1.7772160813088773,-0.09981487914731244,0.0009709027439128082,0.02200000000000002,0.121
88.14991593360901,-88.82093886866026,-59.86963071672804,1.326424686250754,1.778090476835011,-0.09688589919695197,0.0006904418236006883,0.02200000000000002,0.121
88.1999158859253,-88.79384362739745,-59.784698847569075,1.3264459488295015,1.778489232748673,-0.09331956504647249,0.0004322753885540095,0.02200000000000002,0.121
88.24991583824158,-88.7665766941958,-59.69984157078978,1.3265132541544975,1.7786068955869232,-0.09969680313253043,0.0006660672190250746,0.02200000000000002,0.121
88.29991579055786,-88.73921155881467,-59.61480761293584,1.3265610954332236,1.777968131794724,-0.09795973550015277,0.0009254675522704346,0.02200000000000002,0.121
88.34991574287415,-88.71182719536874,-59.529025495769744,1.3265720713870561,1.7792908813980766,-0.08754969389095894,0.0006291905119315838,0.02200000000000002,0.121
88.39991569519043,-88.68454363914691,-59.4435523635744,1.326603512585775,1.7802809768545347,-0.09419769189095141,0.0003407860408744603,0.02200000000000002,0.121
88.44991564750671,-88.65815635138729,-59.3604100564122,1.3265930671344368,1.7805025238544665,-0.0898897440257009,9.156503654018325e-05,0.02200000000000002,0.121
88.499915599823,-88.63071862848292,-59.27412378586517,1.3265687960309407,1.780406665723135,-0.09129643929687352,-0.0004565126840493882,0.02200000000000002,0.121
88.54991555213928,-88.60387890477075,-59.18962793058791,1.3265502533389018,1.7811544308557072,-0.09304035513009262,-0.0007195660189379035,0.02200000000000002,0.121
88.59991550445557,-88.57714649915566,-59.10510776718561,1.326512392930599,1.7813362734801779,-0.09538359089596908,-0.0008598017124635941,0.02200000000000002,0.121
88.64991545677185,-88.54996248125161,-59.018696168412475,1.3264403219137397,1.7807533093866197,-0.09298485140580667,-0.0012400314685559809,0.02200000000000002,0.121
88.69991540908813,-88.52351469420144,-58.93555420338865,1.3263642669978568,1.7808649122296454,-0.08546395172050489,-0.00163786826416897,0.02200000000000002,0.121
88.74991536140442,-88.49707758392829,-58.85219199957205,1.3262962136336018,1.7811656483485057,-0.08729445484054006,-0.0018245657971792835,0.02200000000000002,0.121
88.7999153137207,-88.46980752233621,-58.76579512212015,1.3262193915516876,1.7804317449755842,-0.08807652624042636,-0.0018704373988712168,0.02200000000000002,0.121
88.84991526603699,-88.44286861457942,-58.68043451859374,1.3261115104292747,1.7801928631150923,-0.08246338084373264,-0.002048229054429956,0.02200000000000002,0.121
88.89991521835327,-88.41615663979222,-58.59701361787921,1.3260880508222923,1.781629837977009,-0.08789489793565981,-0.0017383111835602729,0.02200000000000002,0.121
88.94991517066956,-88.38845849251717,-58.509641461345545,1.3260174544607064,1.778763926681957,-0.08521289764699491,-0.001486780270785508,0.02200000000000002,0.121
88.99991512298584,-88.36210407806544,-58.42623564196323,1.3259414498967412,1.7811086139241217,-0.0897713169808726,-0.0017553242879806102,0.02200000000000002,0.121
89.04991507530212,-88.33425111233186,-58.339074966220494,1.325933916557033,1.7822686580673506,-0.0979548337173899,-0.0013599357744345875,0.02200000000000002,0.121
89.09991502761841,-88.30637529548363,-58.252611676361134,1.325891257945547,1.7804854225367397,-0.08888914881431942,-0.0008307680531854874,0.02200000000000002,0.121
89.14991497993469,-88.27963074238845,-58.169020472520046,1.325805750511702,1.781248772991921,-0.08808847000249696,-0.0015008460836209352,0.02200000000000002,0.121
89.19991493225098,-88.25183147205802,-58.08214637793409,1.3257245593138365,1.7817795117196995,-0.08507296897680543,-0.001816764928107679,0.02200000000000002,0.121
89.24991488456726,-88.22369248738538,-57.99508208204777,1.3256531065950212,1.7830540409942162,-0.09097505769659915,-0.0020038461961587872,0.02200000000000002,0.121
89.29991483688354,-88.19575585660888,-57.90872030056193,1.3254789760475159,1.7845023110754485,-0.09055278699782116,-0.0027015644504076357,0.02200000000000002,0.121
89.34991478919983,-88.16748335863797,-57.82317871988283,1.3255303703234296,1.7855163350835195,-0.10595563805046314,-0.0018221240983046425,0.02200000000000002,0.121
89.39991474151611,-88.1397963030329,-57.738700436247,1.3255449190679793,1.787710679479584,-0.08671779923389542,5.9836433943567224e-05,0.02200000000000002,0.121
89.4499146938324,-88.11198204233632,-57.653198830034306,1.3255185763901016,1.7839441371491243,-0.090056497280935,-5.037041781165191e-05,0.02200000000000002,0.121
89.49991464614868,-88.08403432052317,-57.56702842389685,1.3253488582505815,1.7844503055520153,-0.08787385912750986,-0.0018106439010183903,0.02200000000000002,0.121
89.54991459846497,-88.05649366423076,-57.48164695050678,1.3251888740094848,1.7844445006556824,-0.0868679125177522,-0.0031377973453323256,0.02200000000000002,0.121
89.59991455078125,-88.02999044709715,-57.398487598377564,1.3249631892189224,1.7836476629409612,-0.08362719721456617,-0.004086192897315894,0.02200000000000002,0.121
89.64991450309753,-88.00282349311667,-57.31280019880346,1.3247440213974946,1.7847705993236678,-0.08500032455494314,-0.004622646811960329,0.02200000000000002,0.121
89.69991445541382,-87.97494290274773,-57.22636231804159,1.3245546487776017,1.7868451380455845,-0.08312556582549038,-0.0043424308503150315,0.02200000000000002,0.121
89.7499144077301,-87.94814799012013,-57.142595582928486,1.3243543363288424,1.7854721384274093,-0.07882517398019623,-0.004140445791581119,0.02200000000000002,0.121
89.79991436004639,-87.92079421358304,-57.056544547180856,1.324140672073284,1.7854667094848509,-0.08624330460206167,-0.0043513521586746136,0.02200000000000002,0.121
89.84991431236267,-87.89363884622881,-56.971585700182025,1.3239329431301883,1.7849382576918793,-0.08065385255246704,-0.00425682825433231,0.02200000000000002,0.121
89.89991426467896,-87.86669761616427,-56.88775212190028,1.323699334143228,1.7855655743610228,-0.08148202117110594,-0.004623818910523058,0.02200000000000002,0.121
89.94991421699524,-87.83904090360032,-56.800776960862635,1.3233976773845488,1.7844997789068644,-0.07457174631493962,-0.005209441077233947,0.02200000000000002,0.121
89.99991416931152,-87.81201767602641,-56.715469362587015,1.3231082703230603,1.7867348723030083,-0.07950863694401072,-0.005980277478148753,0.02200000000000002,0.121
90.04991412162781,-87.78533740421028,-56.6315315879405,1.322787026643586,1.7848819773149722,-0.07121785781949407,-0.006211163499300085,0.02200000000000002,0.121
90.09991407394409,-87.75738352911476,-56.544768751120394,1.322478901789526,1.78604014522372,-0.07910803832372405,-0.0065791790983055634,0.02200000000000002,0.121
90.14991402626038,-87.73050168271915,-56.46083801803981,1.3221597496919626,1.7860802101924744,-0.07665403582300499,-0.006453108098385824,0.02200000000000002,0.121
90.19991397857666,-87.70242907119233,-56.37321633189472,1.3218576852196215,1.7878877917142793,-0.08300020237600687,-0.006502576105625393,0.02200000000000002,0.121
90.24991393089294,-87.67556143151548,-56.288855583441084,1.3214724833553844,1.7867713867833426,-0.07580435111943845,-0.006837191749498724,0.02200000000000002,0.121
90.29991388320923,-87.64772650958005,-56.201950037487464,1.3210913934471022,1.7886330283199774,-0.0789915087198016,-0.0077418839006950825,0.02200000000000002,0.121
90.34991383552551,-87.62037769589166,-56.11597655361503,1.3206639517746495,1.7861714657337433,-0.08450723857178327,-0.00829749576887843,0.02200000000000002,0.121
90.3999137878418,-87.59307418962686,-56.029679488044344,1.320210911548209,1.7862012317695959,-0.07840956696048215,-0.008787448253205364,0.02200000000000002,0.121
90.44991374015808,-87.56681468490468,-55.94665220773388,1.3197975152258472,1.7867298916701784,-0.07971414980701862,-0.00899128080784163,0.02200000000000002,0.121
90.49991369247437,-87.53890181489301,-55.85884797284228,1.3193861068429593,1.7862137967890008,-0.07841257641695806,-0.008456092265340913,0.02200000000000002,0.121
90.54991364479065,-87.51201226563786,-55.77389672908865,1.3189852556629436,1.7860164334159523,-0.07160814120351007,-0.008269024371559817,0.02200000000000002,0.121
90.59991359710693,-87.48605063348955,-55.69117582141459,1.3185522083792796,1.7848882880796355,-0.0718983045605949,-0.008483222209810803,0.02200000000000002,0.121
90.64991354942322,-87.45916008134232,-55.60523331963501,1.3181077727672017,1.7881299390930026,-0.07043078436574521,-0.008938249976647496,0.02200000000000002,0.121
90.6999135017395,-87.43257545492725,-55.52058945029832,1.317709540100726,1.7857115490130315,-0.06879075170305543,-0.00860407155234326,0.02200000000000002,0.121
90.74991345405579,-87.40633884852754,-55.43593165859044,1.3172076198142184,1.7852888860204144,-0.06740076365184948,-0.009256250470410843,0.02200000000000002,0.121
90.79991340637207,-87.38027875967015,-55.35070353728118,1.3166115565133916,1.7859054441155588,-0.05775958345808009,-0.010787359501815572,0.02200000000000002,0.121
90.84991335868835,-87.35368606892038,-55.26513012926629,1.3160949933888662,1.7873116330967032,-0.06894459919258368,-0.011451420604568371,0.02200000000000002,0.121
90.89991331100464,-87.32683976152886,-55.18035907771967,1.3156653721469642,1.7870313356648075,-0.06730636200006555,-0.010163170311755771,0.02200000000000002,0.121
90.94991326332092,-87.29984817127539,-55.09519632535687,1.3152727245153968,1.7873518307214096,-0.06930332295877521,-0.008882450108074392,0.02200000000000002,0.121
90.9999132156372,-87.2724362202207,-55.00836137882864,1.3148678372906104,1.7871493586418186,-0.06706368376529762,-0.008154196869904248,0.02200000000000002,0.121
91.04991316795349,-87.24591221745074,-54.92445167732606,1.3144740544325892,1.7869144454809476,-0.06725332162709903,-0.008150487372564366,0.02200000000000002,0.121
91.09991312026978,-87.21801372085586,-54.836839159235666,1.3140930859942872,1.7882010640478065,-0.07215469140884762,-0.008144905342426595,0.02200000000000002,0.121
91.14991307258606,-87.19127947873075,-54.752920256950105,1.3137591907004091,1.7884555777616449,-0.0724306506509713,-0.0077537192252079305,0.02200000000000002,0.121
91.19991302490234,-87.16409674224545,-54.66747650008316,1.313424791981961,1.7896433110451144,-0.07278754224061251,-0.007184357840302991,0.02200000000000002,0.121
91.24991297721863,-87.1360347488116,-54.58115873103594,1.3132303710551985,1.789354057245538,-0.07647041510379674,-0.005708461381341697,0.02200000000000002,0.121
91.29991292953491,-87.10826528347579,-54.49539300739125,1.3128983060094133,1.7891828212337693,-0.07060851378928863,-0.0056869189242900985,0.02200000000000002,0.121
91.3499128818512,-87.0802060823234,-54.40828026048759,1.3125390032636872,1.789365051772532,-0.07382372937319126,-0.006865370206378384,0.02200000000000002,0.121
91.39991283416748,-87.05300986164156,-54.32364144916015,1.3121921273248065,1.7892281106597139,-0.06691262555958193,-0.0073113438798966994,0.02200000000000002,0.121
91.44991278648376,-87.02560872356138,-54.23811900928155,1.311830097830595,1.7888396941229432,-0.06933044089169783,-0.007531276138544435,0.02200000000000002,0.121
91.49991273880005,-86.99825520841271,-54.15348848367456,1.3114462518422247,1.7886338199613026,-0.06647829139973634,-0.007811632382287964,0.02200000000000002,0.121
91.54991269111633,-86.97036953260549,-54.06691953647474,1.311043701002889,1.7884046358808035,-0.06539675496161923,-0.008052661956067986,0.02200000000000002,0.121
91.59991264343262,-86.94308782363986,-53.982141622471,1.3106487396653534,1.788599805593692,-0.06768404663701354,-0.008234747943417293,0.02200000000000002,0.121
91.6499125957489,-86.91600687024572,-53.89754239183024,1.3102191587491638,1.7875764037047073,-0.0673918194480586,-0.008427396339271157,0.02200000000000002,0.121
91.69991254806519,-86.88825403571137,-53.812490596467185,1.3097614555955626,1.7878643982718398,-0.06547245458140974,-0.00902159373965723,0.02200000000000002,0.121
91.74991250038147,-86.8607401623785,-53.72772635361573,1.3092630539017274,1.7874614393284232,-0.06471931191448194,-0.009657377030915579,0.02200000000000002,0.121
91.79991245269775,-86.83333932779814,-53.643239277948254,1.3087783255141656,1.7870187267265925,-0.06007479376909881,-0.010008383926369123,0.02200000000000002,0.121
91.84991240501404,-86.80514679470262,-53.556600361968584,1.3082621548880011,1.7866701149574744,-0.06531294877256315,-0.01027043708662676,0.02200000000000002,0.121
91.89991235733032,-86.77729114683595,-53.47189533571926,1.3077648380582825,1.786327366322925,-0.06511957216413634,-0.010241181519925535,0.02200000000000002,0.121
91.9499123096466,-86.74970825098167,-53.38769797791324,1.3072383804980288,1.785716142345926,-0.061931815805479275,-0.010433562241097137,0.02200000000000002,0.121
91.99991226196289,-86.72154655401364,-53.30178848270717,1.3066960843086857,1.7851752063434043,-0.06223905411963604,-0.010690641905307352,0.02200000000000002,0.121
92.04991221427917,-86.69346672074107,-53.2163259419884,1.3061168878896126,1.784679876300051,-0.06819766501095798,-0.01132992003027574,0.02200000000000002,0.121
92.09991216659546,-86.66458819992036,-53.129110195713714,1.3055086160137772,1.7848223861763122,-0.07438093164237214,-0.011965613046261139,0.02200000000000002,0.121
92.14991211891174,-86.63698799044242,-53.0455857213833,1.3049064165450859,1.7836432235559785,-0.07117004480298479,-0.012316578671205716,0.02200000000000002,0.121
92.19991207122803,-86.60864097857613,-52.959761147585276,1.304276122582155,1.783775293095886,-0.07071931895219227,-0.012463442162735464,0.02200000000000002,0.121
92.24991202354431,-86.58006965410999,-52.87430247221995,1.3036769728096267,1.7836184439819056,-0.07581716470335888,-0.01242193733143678,0.02200000000000002,0.121
92.2999119758606,-86.55082257714359,-52.78771041240325,1.3030416525252633,1.7833763251603327,-0.07046141400439869,-0.012401409916599928,0.02200000000000002,0.121
92.34991192817688,-86.52275013641066,-52.70431925733506,1.3024138931198324,1.7836110829045446,-0.06976139193017379,-0.012690449626880408,0.02200000000000002,0.121
92.39991188049316,-86.49392617661063,-52.618476939121116,1.3017614615683846,1.7843133240966835,-0.06850578824981106,-0.013060279827517169,0.02200000000000002,0.121
92.44991183280945,-86.46555052203954,-52.533406441105846,1.301070735093699,1.783799506595827,-0.06856986295939986,-0.01354843881237173,0.02200000000000002,0.121
92.49991178512573,-86.4370543605075,-52.44948203079006,1.300350280130971,1.783498290245487,-0.06520116917629887,-0.014167192872822525,0.02200000000000002,0.121
92.54991173744202,-86.40838808948868,-52.36505760095487,1.2996495453367125,1.7841325420276093,-0.06674950372942814,-0.014539314204783304,0.02200000000000002,0.121
92.5999116897583,-86.38038755378649,-52.28156435026546,1.2988676950924813,1.784202644123987,-0.06536212431895362,-0.015108823225435072,0.02200000000000002,0.121
92.64991164207458,-86.35192189971667,-52.19637788247407,1.2980648939841997,1.7834961819593247,-0.06513909730761741,-0.015875550251424557,0.02200000000000002,0.121
92.69991159439087,-86.3237783082602,-52.11248245278091,1.297287081147477,1.7830851236951948,-0.0625310280759971,-0.016049045153230197,0.02200000000000002,0.121
92.74991154670715,-86.2960089736673,-52.029000316938586,1.2964440861512296,1.7827899279889703,-0.054839230273621024,-0.016479058850453716,0.02200000000000002,0.121
92.79991149902344,-86.26703507419742,-51.94217609237801,1.295598189095243,1.7826265290425876,-0.05897803926717891,-0.01693762752122234,0.02200000000000002,0.121
92.84991145133972,-86.23936881025693,-51.85922943166504,1.2947536606364698,1.7820291053145825,-0.054538614158204296,-0.017222556400642432,0.02200000000000002,0.121
92.899911403656,-86.21094508805325,-51.77456659875997,1.2938983074149462,1.7822469742875169,-0.054002196969460584,-0.017426342269152677,0.02200000000000002,0.121
92.94991135597229,-86.18233008221883,-51.68936048963593,1.2930402205415508,1.781713702361777,-0.056775814673931606,-0.01750373814700217,0.02200000000000002,0.121
92.99991130828857,-86.15409300796378,-51.604983392847174,1.292150891903525,1.781649524299036,-0.05813777990835714,-0.017991215713444964,0.02200000000000002,0.121
93.04991126060486,-86.1254970530382,-51.51944697904608,1.2912327897081226,1.7819213561274327,-0.06235535179047988,-0.01830077226094599,0.02200000000000002,0.121
93.09991121292114,-86.09677892956192,-51.43359795776442,1.2903264644294794,1.7824003669099748,-0.0559087838652277,-0.018494452483810667,0.02200000000000002,0.121
93.14991116523743,-86.0680452888049,-51.34796757489497,1.2894289288928773,1.7818445047225855,-0.0632987417384061,-0.01838338306894677,0.02200000000000002,0.121
93.19991111755371,-86.03946782221081,-51.262902421351555,1.2885374608651867,1.782057975343971,-0.060745252364236536,-0.018264814664375566,0.02200000000000002,0.121
93.24991106987,-86.01054112630393,-51.17678253596555,1.2876172193769944,1.7814062952111849,-0.057659576464683636,-0.018271160400323207,0.02200000000000002,0.121
93.29991102218628,-85.9815105361521,-51.09110996836627,1.2867719067888388,1.782542219900931,-0.06451775165697515,-0.018073623195802694,0.02200000000000002,0.121
93.34991097450256,-85.9527970153612,-51.00644987933103,1.285927382336795,1.7804223430931414,-0.05574319177997413,-0.01735350232361197,0.02200000000000002,0.121
93.39991092681885,-85.92367262099572,-50.92066139208682,1.2850692207742904,1.7815571690463168,-0.06020334067500545,-0.017306239808192188,0.02200000000000002,0.121
93.44991087913513,-85.89384695366626,-50.83522621707745,1.2844599566313888,1.7868797651766901,-0.08267576553860488,-0.015592719388094235,0.02200000000000002,0.121
93.49991083145142,-85.86427443532855,-50.75083926020543,1.2839208124831623,1.7874018404907408,-0.07699617998158587,-0.012182547326222084,0.02200000000000002,0.121
93.5499107837677,-85.83588936516406,-50.66433723335529,1.2827391671040766,1.7803208316084933,-0.07362842913044033,-0.016716775542035735,0.02200000000000002,0.121
93.59991073608398,-85.80726505181009,-50.579714530617416,1.281836170036474,1.780179153381932,-0.05450301487008351,-0.01929014946641499,0.02200000000000002,0.121
93.64991068840027,-85.77861183117069,-50.49488724388808,1.2808939021672443,1.7792887471902796,-0.05090159642249327,-0.019371575405536044,0.02200000000000002,0.121
93.69991064071655,-85.74992304344906,-50.41041105257633,1.2799795520150925,1.778698230541129,-0.05608750159608098,-0.018930173976605926,0.02200000000000002,0.121
93.74991059303284,-85.72133228077402,-50.32644902979762,1.2790655188165587,1.7795344176219132,-0.05202744057070666,-0.018462683451707276,0.02200000000000002,0.121
93.79991054534912,-85.6927304354581,-50.24239796618979,1.2781168383189923,1.7800539201952776,-0.05148065263133751,-0.018727639445762428,0.02200000000000002,0.121
93.8499104976654,-85.66297827802724,-50.15507922844466,1.2771240828590529,1.779788060034202,-0.052892701575211684,-0.019206869565190108,0.02200000000000002,0.121
93.89991044998169,-85.63491182914095,-50.07205377535709,1.2761080600895482,1.7801610934407581,-0.05178051724431812,-0.020141293899279017,0.02200000000000002,0.121
93.94991040229797,-85.6060335102779,-49.98679907852795,1.2750279645372913,1.7817062938289847,-0.05102134414788195,-0.021235571918047865,0.02200000000000002,0.121
93.99991035461426,-85.57682878107427,-49.9009454210007,1.2739339231974127,1.781498195871189,-0.04588201738328211,-0.02159431927171889,0.02200000000000002,0.121
94.04991030693054,-85.5475770849837,-49.81510269458477,1.2728223724109284,1.7824571729834542,-0.04606638837830319,-0.022000068680780544,0.02200000000000002,0.121
94.09991025924683,-85.51904566630762,-49.7320084599397,1.2717862838316212,1.7827989468771361,-0.04740891803981896,-0.02185116076430916,0.02200000000000002,0.121
94.14991021156311,-85.48955475592913,-49.646214550497824,1.2706992097724892,1.7837794891566856,-0.043893803127456874,-0.02164665773744502,0.02200000000000002,0.121
94.1999101638794,-85.46030039498906,-49.5612121359095,1.2696212185585438,1.7840834883539438,-0.03944264836437074,-0.021550080511762475,0.02200000000000002,0.121
94.24991011619568,-85.430915185747,-49.476128907606245,1.2685431290972695,1.7843771714059635,-0.03867397816014963,-0.021721305494384363,0.02200000000000002,0.121
94.29991006851196,-85.40136383379703,-49.391408119185925,1.267521493470313,1.784749649633247,-0.04495213155365404,-0.021314270207454827,0.02200000000000002,0.121
94.34991002082825,-85.37182776665328,-49.30634693830829,1.2664390054736592,1.7854066245184856,-0.04015050360508979,-0.021463904353325892,0.02200000000000002,0.121
94.39990997314453,-85.34221755004927,-49.221617219206856,1.2653951886695534,1.786310790612794,-0.04604778236947146,-0.02154830457562095,0.02200000000000002,0.121
94.44990992546082,-85.31207120606321,-49.135630477678234,1.264346208732509,1.7856353257939246,-0.041968765254169635,-0.021056408067000727,0.02200000000000002,0.121
94.4999098777771,-85.28244704657972,-49.05155773534147,1.2632668048567297,1.7860121817324386,-0.04014717552138289,-0.02136491708249737,0.02200000000000002,0.121
94.54990983009338,-85.2523965273321,-48.96692190095404,1.2622297031262455,1.7858759797659385,-0.04448898667674733,-0.02141857854223596,0.02200000000000002,0.121
94.59990978240967,-85.22257126724612,-48.883461625151796,1.2612435271289277,1.7862529418837778,-0.047492604840313174,-0.020874660343002463,0.02200000000000002,0.121
94.64990973472595,-85.19222557301059,-48.79852344223958,1.2602302259102227,1.7868764751895652,-0.034118986336926775,-0.02015412515054633,0.02200000000000002,0.121
94.69990968704224,-85.16137501901214,-48.7146192164191,1.2592506033885948,1.7866002105547578,-0.04575643006734958,-0.020220259924271122,0.02200000000000002,0.121
94.74990963935852,-85.1305576215119,-48.63084881343748,1.2582969205126335,1.7867312555855095,-0.037500438315131064,-0.019625592383138702,0.02200000000000002,0.121
94.7999095916748,-85.0993647208347,-48.546332396472735,1.2573856887601862,1.7877582330891417,-0.044905408913617925,-0.01904015645423548,0.02200000000000002,0.121
94.84990954399109,-85.06735704591131,-48.46072107657899,1.2564658217835862,1.7880787444050004,-0.042173884905914505,-0.018381827704560795,0.02200000000000002,0.121
94.89990949630737,-85.03598660921277,-48.37851344063005,1.2556168522057916,1.7884258565306248,-0.04829799559645086,-0.017907773301938806,0.02200000000000002,0.121
94.94990944862366,-85.00409380324417,-48.294436873780434,1.2547240008033165,1.788616499938589,-0.04884608237313598,-0.017847316955860806,0.02200000000000002,0.121
94.99990940093994,-84.97202444506937,-48.2098189755965,1.2538291869141298,1.788231884080636,-0.05045296807389254,-0.017930237496834967,0.02200000000000002,0.121
95.04990935325623,-84.94023754205011,-48.126408120817224,1.2529140715437779,1.789055101492802,-0.052174486580494873,-0.01824539740901343,0.02200000000000002,0.121
95.09990930557251,-84.90730336991199,-48.0413538278019,1.2519992829382984,1.7891040682663248,-0.0442740280300591,-0.018229689320357692,0.02200000000000002,0.121
95.1499092578888,-84.8749371301676,-47.95732858229752,1.251068880832566,1.7878888806681195,-0.04398867483208796,-0.018452486650475625,0.02200000000000002,0.121
95.19990921020508,-84.84280827205696,-47.87345935976521,1.2501122912550247,1.7885914414386035,-0.04094356927674111,-0.018829274664712663,0.02200000000000002,0.121
95.24990916252136,-84.81011680537274,-47.788376631286795,1.2491229833565307,1.7881863965432034,-0.04540403803880091,-0.019330735974449204,0.02200000000000002,0.121
95.29990911483765,-84.77796822552234,-47.705267468608035,1.2481342437429153,1.7877511816284941,-0.04058905409023541,-0.019791157812434405,0.02200000000000002,0.121
95.34990906715393,-84.74548025842562,-47.62083403583622,1.2470920145986302,1.7875547163031298,-0.041027562520730004,-0.02038368959636043,0.02200000000000002,0.121
95.39990901947021,-84.71314447540745,-47.53647745993014,1.2460331282950192,1.7871808399418763,-0.04729471272932286,-0.020944385650775114,0.02200000000000002,0.121
95.4499089717865,-84.68095248236769,-47.45209482555567,1.2449387096720461,1.7871392261357595,-0.040700516142211415,-0.021353141477314125,0.02200000000000002,0.121
95.49990892410278,-84.64870494217217,-47.36875298152111,1.2438277404420104,1.7869048696802232,-0.03354009837056937,-0.02185206672158132,0.02200000000000002,0.121
95.54990887641907,-84.61653300567565,-47.28530466919001,1.2427045331102131,1.7863136526833732,-0.03781075225416565,-0.022307353501610915,0.02200000000000002,0.121
95.59990882873535,-84.58438158183957,-47.20174314112733,1.2415790384434355,1.7861487796199318,-0.03934039190120406,-0.02257909659525415,0.02200000000000002,0.121
95.64990878105164,-84.55255903903517,-47.11839021457433,1.2404015276543514,1.787205622652553,-0.030890262324954534,-0.02292647324716258,0.02200000000000002,0.121
95.69990873336792,-84.52049775810974,-47.035893825950104,1.2392883978678388,1.7869867886836615,-0.033198180378228706,-0.022893834815434475,0.02200000000000002,0.121
95.7499086856842,-84.48892711152966,-46.95421736689264,1.2381592752631687,1.7870480348827384,-0.03137288476869522,-0.022935620030843536,0.02200000000000002,0.121
95.79990863800049,-84.45682667364501,-46.87096311144857,1.2370072037898951,1.7867029142123962,-0.03456288299834305,-0.02305865385041567,0.02200000000000002,0.121
95.84990859031677,-84.4242070129597,-46.786806981780636,1.2358594441544692,1.785225994088823,-0.037548248643965436,-0.022939581615702666,0.02200000000000002,0.121
95.89990854263306,-84.3918067653143,-46.703858583938164,1.2347337350452803,1.7852523155846771,-0.034700967141977915,-0.022732955576305038,0.02200000000000002,0.121
95.94990849494934,-84.35966028721106,-46.62138101742391,1.233594879781289,1.784976664741039,-0.0345161552418771,-0.02287651660904084,0.02200000000000002,0.121
95.99990844726562,-84.3269011011123,-46.53725998929644,1.2324250361141602,1.7833606991076907,-0.033292386534629695,-0.023119000652901137,0.02200000000000002,0.121
96.04990839958191,-84.29478534486168,-46.454861619044216,1.231313716640463,1.7825072164427145,-0.037232042700901434,-0.022890384529848207,0.02200000000000002,0.121
96.0999083518982,-84.26236653377214,-46.37117494139566,1.2301659299523486,1.7815835275058478,-0.0364749816525599,-0.02302974208073586,0.02200000000000002,0.121
96.14990830421448,-84.22977933100596,-46.28712592823646,1.2289953126517683,1.7810580566583338,-0.03334178222662173,-0.023180396222992075,0.02200000000000002,0.121
96.19990825653076,-84.19745185288384,-46.2039497355409,1.2278466142395377,1.7799260850922158,-0.03491957909697034,-0.023429635869076246,0.02200000000000002,0.121
96.24990820884705,-84.16493111166056,-46.120190663649545,1.226710738585435,1.7789946666527636,-0.04141915978686812,-0.023152350199302146,0.02200000000000002,0.121
96.29990816116333,-84.13214176964092,-46.035361362582954,1.2255728069310303,1.7790553969852465,-0.039319828214873405,-0.022890885696979182,0.02200000000000002,0.121
96.34990811347961,-84.09996171499891,-45.95223860157324,1.2244594181103736,1.776926852098525,-0.0355030805884409,-0.02264967380045236,0.02200000000000002,0.121
96.3999080657959,-84.06766363368371,-45.86877858507614,1.2233214302068895,1.7763547292250887,-0.030252701171194094,-0.022661438310391774,0.02200000000000002,0.121
96.44990801811218,-84.03545375313041,-45.78555225520234,1.2221794610118526,1.7766130607605883,-0.029770879564653248,-0.022814713096322655,0.02200000000000002,0.121
96.49990797042847,-84.00315710138588,-45.70213208027995,1.2210792927426162,1.7767556088728942,-0.030609202909783622,-0.022645637342189415,0.02200000000000002,0.121
96.54990792274475,-83.97072880569299,-45.618601994256466,1.2199651161673937,1.7753628460868824,-0.019269310388857142,-0.022241833975617367,0.02200000000000002,0.121
96.59990787506104,-83.93840324886901,-45.53526942752386,1.2187945269211,1.7745639222725609,-0.027580923772845378,-0.02297011614298982,0.02200000000000002,0.121
96.64990782737732,-83.90622925882319,-45.45247653332354,1.217608026323541,1.7757192650828482,-0.023166051239540686,-0.02356591675436934,0.02200000000000002,0.121
96.6999077796936,-83.87430596853706,-45.3702562811306,1.2164766974127559,1.774919934622443,-0.02942765099347108,-0.02357180331232818,0.02200000000000002,0.121
96.74990773200989,-83.84194374279245,-45.28715614531627,1.2152943425621796,1.7744103914091325,-0.029970123082477446,-0.023579791120990897,0.02200000000000002,0.121
96.79990768432617,-83.80982898165311,-45.20487533752393,1.2140793829400547,1.773742735298091,-0.026635262702657904,-0.023858546825751933,0.02200000000000002,0.121
96.84990763664246,-83.77735758820263,-45.121941069966525,1.2128531713648383,1.7751234179768407,-0.025743684428438888,-0.02434086070079495,0.02200000000000002,0.121
96.89990758895874,-83.74461297444705,-45.0381574122937,1.211594870717229,1.7758163579915924,-0.023203123395084783,-0.024848748079439088,0.02200000000000002,0.121
96.94990754127502,-83.71161554977908,-44.95472005492532,1.2104060130421053,1.776140208584675,-0.022679935061689423,-0.02462575868320688,0.02200000000000002,0.121
96.99990749359131,-83.67871786561896,-44.87147925206107,1.2091489944153673,1.7751634984163778,-0.023415029562747505,-0.024557006800703694,0.02200000000000002,0.121
97.04990744590759,-83.64568319717847,-44.78794247251796,1.2078421764619223,1.7769348937952232,-0.022948728386685185,-0.025542598843945188,0.02200000000000002,0.121
97.09990739822388,-83.612782296124,-44.705462665231146,1.2066274596614706,1.7788356673755803,-0.025067558326773633,-0.025465788670947016,0.02200000000000002,0.121
97.14990735054016,-83.57886939039649,-44.62125656609326,1.2054163940572553,1.7786985502480033,-0.023997599650736962,-0.024678319834892142,0.02200000000000002,0.121
97.19990730285645,-83.54546760887486,-44.538320899689346,1.2041516867107513,1.7797312223445303,-0.023188258248241462,-0.02489394640938688,0.02200000000000002,0.121
97.24990725517273,-83.51138433219153,-44.45487014490935,1.20297535023936,1.7801875878395854,-0.03348754749805129,-0.024658285228494222,0.02200000000000002,0.121
97.29990720748901,-83.47720984229647,-44.37133773735024,1.2017621537570662,1.77737444353818,-0.030616203348928894,-0.024173363023097513,0.02200000000000002,0.121
97.3499071598053,-83.44358996623819,-44.288913697547734,1.2004393454494657,1.7780285874509159,-0.027805203647742967,-0.025297690038787624,0.02200000000000002,0.121
97.39990711212158,-83.40906821878427,-44.20539121682075,1.1991583149263059,1.780116745855712,-0.03419837007999389,-0.025981699888863098,0.02200000000000002,0.121
97.44990706443787,-83.37457101150449,-44.12255803763282,1.1978657270397992,1.7783732700290555,-0.030758883625693186,-0.02593016531743275,0.02200000000000002,0.121
97.49990701675415,-83.34005266457655,-44.04092572911811,1.1964879248893014,1.7797228172704223,-0.024612073462260686,-0.02677209970839893,0.02200000000000002,0.121
97.54990696907043,-83.30442581446013,-43.957621677101045,1.195140653381457,1.7787829708113199,-0.0332632956308253,-0.02734556022294339,0.02200000000000002,0.121
97.59990692138672,-83.26961678180847,-43.87635467380365,1.1937975042992082,1.7761332623205681,-0.02409015366322926,-0.02703918160336834,0.02200000000000002,0.121
97.649906873703,-83.23452002267626,-43.79427747512735,1.1923525587534092,1.7772049108072754,-0.02443018457937982,-0.02792337997680906,0.02200000000000002,0.121
97.69990682601929,-83.1987091659649,-43.71268363147583,1.1909266414933455,1.7792543793751852,-0.030337394358062823,-0.028739770359146,0.02200000000000002,0.121
97.74990677833557,-83.16291944863212,-43.63140548049154,1.1895112631474396,1.7792194973995323,-0.030144934160068096,-0.028816684042926716,0.02200000000000002,0.121
97.79990673065186,-83.12712846740952,-43.55017562339724,1.188087871940259,1.7780530150295641,-0.03444960115280019,-0.028813152067478975,0.02200000000000002,0.121
97.84990668296814,-83.09087896274976,-43.46871571514048,1.1866615537176484,1.7791345060899804,-0.03265319753491846,-0.028734632873897055,0.02200000000000002,0.121
97.89990663528442,-83.05379193856028,-43.38658415208595,1.1852038743048137,1.7782658254256651,-0.03220063910898273,-0.02898389198193815,0.02200000000000002,0.121
97.94990658760071,-83.01696011976955,-43.30472373111913,1.1837211302526958,1.7793981161272399,-0.030041369699863915,-0.029497802925574183,0.02200000000000002,0.121
97.99990653991699,-82.97980714425366,-43.22211348729014,1.1822418020867411,1.7786774889930201,-0.026502792944693467,-0.02967468637334515,0.02200000000000002,0.121
98.04990649223328,-82.94289497453804,-43.14039832921323,1.1807742355642685,1.7806077374096732,-0.025471894812522277,-0.029639410479298838,0.02200000000000002,0.121
98.09990644454956,-82.90573471510372,-43.059132676624486,1.1793692921681675,1.7790379563885321,-0.029416332612165554,-0.029151003618555965,0.02200000000000002,0.121
98.14990639686584,-82.86810486021422,-42.97611543554636,1.177853371590084,1.7791119426644784,-0.022485834908968324,-0.029308228262169587,0.02200000000000002,0.121
98.19990634918213,-82.83133900256978,-42.89448007478167,1.1762943920793683,1.7791832777131618,-0.01656557432882008,-0.030321940819330748,0.02200000000000002,0.121
98.24990630149841,-82.79407267474544,-42.812271023372574,1.174774645874558,1.7807132400936099,-0.023526570644810896,-0.030813868397682444,0.02200000000000002,0.121
98.2999062538147,-82.75658323530385,-42.73027699010835,1.173310767042377,1.7808445210219854,-0.025711310283143583,-0.03022115542430529,0.02200000000000002,0.121
98.34990620613098,-82.71908416641729,-42.647983843399054,1.171812409169685,1.7805912730297122,-0.025168593328215954,-0.029786016393761407,0.02200000000000002,0.121
98.39990615844727,-82.68205480830694,-42.56668185480077,1.1703373469998213,1.7806352886614047,-0.01851533519611639,-0.029518636467389572,0.02200000000000002,0.121
98.44990611076355,-82.6448442595831,-42.484986910168324,1.1688479959356086,1.7807554804500731,-0.0180033971648353,-0.029491877179601875,0.02200000000000002,0.121
98.49990606307983,-82.60783744861088,-42.40364450891675,1.1673331980366934,1.7814516954604658,-0.018379342968634707,-0.029913435897935978,0.02200000000000002,0.121
98.54990601539612,-82.57119185791773,-42.32316540380546,1.165814917226153,1.7804495805339895,-0.01638554943491966,-0.03025676879125543,0.02200000000000002,0.121
98.5999059677124,-82.53396494463134,-42.24140194014675,1.164254252677642,1.781578478093177,-0.016137933456938133,-0.030684470125945343,0.02200000000000002,0.121
98.64990592002869,-82.49721409233697,-42.1610744612165,1.1627557492555034,1.7806652741842075,-0.015578368387012936,-0.03061711089599786,0.02200000000000002,0.121
98.69990587234497,-82.46016080793825,-42.08024469293029,1.1612203012386868,1.7813741201071405,-0.018819472099380334,-0.030709150878001322,0.02200000000000002,0.121
98.74990582466125,-82.42284516673266,-41.99886967065389,1.1596603409605306,1.7795143668721207,-0.019888380109392756,-0.030707509242749582,0.02200000000000002,0.121
98.79990577697754,-82.38587454655789,-41.91841221932319,1.1581356329874002,1.7808134211386935,-0.016631698481190955,-0.03083384036995827,0.02200000000000002,0.121
98.84990572929382,-82.34863059304983,-41.83739730140725,1.1565882405703145,1.7794024839625324,-0.01759165551704807,-0.03076180801991454,0.02200000000000002,0.121
98.89990568161011,-82.31116418469271,-41.75617468720286,1.1550640688881937,1.779402272554779,-0.011696646181100057,-0.030599376286815465,0.02200000000000002,0.121
98.94990563392639,-82.27357763262647,-41.67478205093791,1.1535243032338625,1.7789992673824198,-0.01572655849240024,-0.030584446519424574,0.02200000000000002,0.121
98.99990558624268,-82.23624746055563,-41.5940804537487,1.1519851341364926,1.7778709408570958,-0.0032114482044825407,-0.030570816223365514,0.02200000000000002,0.121
99.04990553855896,-82.19833048479656,-41.511957766794254,1.150444378242964,1.7779993620572692,-0.00918088542294596,-0.030704642982615535,0.02200000000000002,0.121
99.09990549087524,-82.16123114582302,-41.43090682048825,1.1489166777473436,1.776559255685493,-0.009657366671219584,-0.030599623662831785,0.02200000000000002,0.121
99.14990544319153,-82.124211104657,-41.35039249667579,1.1474010729579254,1.7768785295201726,-0.010560868094956846,-0.030626250910258657,0.02200000000000002,0.121
99.19990539550781,-82.0863475174751,-41.268429010222604,1.1458357838435191,1.775875354860009,-0.009301118473249773,-0.030680832332941627,0.02200000000000002,0.121
99.2499053478241,-82.04880837402756,-41.18720293419638,1.144276662215585,1.7764591716443814,-0.013041758213090313,-0.030890760474602534,0.02200000000000002,0.121
99.29990530014038,-82.01124612923108,-41.10600908589087,1.1427291078206818,1.7763117161764574,-0.01848391588205312,-0.031164147752852447,0.02200000000000002,0.121
99.34990525245667,-81.97320614101409,-41.024422925472926,1.1411844297569926,1.7745621700071774,-0.003833736051808968,-0.03061458126820393,0.02200000000000002,0.121
99.39990520477295,-81.93561079025683,-40.94364886100808,1.1395728859536078,1.7754916304377675,-0.00790233691458054,-0.031438406067013216,0.02200000000000002,0.121
99.44990515708923,-81.89798680888637,-40.8635563552394,1.1380128905050384,1.7751676306309445,-0.005061077485181439,-0.03160716947590356,0.02200000000000002,0.121
99.49990510940552,-81.8604332756756,-40.78325527988798,1.1364536924705646,1.7757501518240104,-0.004802086596834349,-0.031488692387356465,0.02200000000000002,0.121
99.5499050617218,-81.82218122280626,-40.70170894707344,1.1348230344847232,1.7740761575203083,-0.0034772359618286397,-0.031589159976758444,0.02200000000000002,0.121
99.59990501403809,-81.78478895984425,-40.622680236090105,1.1332608233023924,1.775939820028095,-0.010694084550907614,-0.03187175768202685,0.02200000000000002,0.121
99.64990496635437,-81.74639342303777,-40.542593302353225,1.1317544251360034,1.776260090734466,-0.012321911401292227,-0.030927986494192015,0.02200000000000002,0.121
99.69990491867065,-81.7082581968439,-40.46253371744811,1.1302020609169257,1.7752803336390681,-0.01527452628521048,-0.03077906400039011,0.02200000000000002,0.121
99.74990487098694,-81.67018131633381,-40.383284053848676,1.1286997130949565,1.7743301668822729,-0.010786518156639054,-0.030384042318670982,0.02200000000000002,0.121
99.79990482330322,-81.6314710624235,-40.30327591538155,1.1271961160021688,1.7741684582254738,-0.015366216244271525,-0.03006297214460601,0.02200000000000002,0.121
99.8499047756195,-81.59262361466116,-40.223204616464564,1.1256552195738416,1.7735242428073317,-0.011787612998183069,-0.030357664061486198,0.02200000000000002,0.121
99.89990472793579,-81.55343783899077,-40.14310513858768,1.1241612980845639,1.7734302137365603,-0.009208280256461518,-0.030140653410038423,0.02200000000000002,0.121
99.94990468025208,-81.51405285576175,-40.06298585176927,1.1226480014751987,1.7731130632495842,-0.011330806237522239,-0.030055976080840995,0.02200000000000002,0.121
99.99990463256836,-81.47434275337972,-39.9826664429102,1.1211200350676134,1.7734269749567437,-0.00875281407300146,-0.03022668104084027,0.02200000000000002,0.121
100.04990458488464,-81.4342517908429,-39.902225631922356,1.1195831030542471,1.7730067934906202,-0.006708118945340838,-0.03033765823438403,0.02200000000000002,0.121
100.09990453720093,-81.39395183290199,-39.82191696050808,1.1180375645768776,1.7731584645627059,-0.0122583868721193,-0.03076157914118116,0.02200000000000002,0.121
100.14990448951721,-81.35346885965721,-39.741545332491626,1.1164584793082573,1.772972013538937,-0.014762192814187385,-0.03110030270979766,0.02200000000000002,0.121
100.1999044418335,-81.3131525666141,-39.6620836238454,1.1148846841823623,1.7728572045863764,-0.014617279488753335,-0.03135857166366996,0.02200000000000002,0.121
100.24990439414978,-81.27218154686297,-39.582221904026376,1.1132681376264035,1.773673327373172,-0.015584215683467392,-0.03175700110969058,0.02200000000000002,0.121
100.29990434646606,-81.23015184948933,-39.50154137038479,1.1116207120540411,1.7745695591986048,-0.015802335751588563,-0.032275368236074166,0.02200000000000002,0.121
100.34990429878235,-81.18884037622388,-39.422585040957614,1.1099872958863841,1.7736503296950823,-0.02153331922955003,-0.03275001733987435,0.02200000000000002,0.121
100.39990425109863,-81.1470772993562,-39.34299589357851,1.1083075664378932,1.7739423066764537,-0.019350945056410742,-0.0331326329870522,0.02200000000000002,0.121
100.44990420341492,-81.10510250597375,-39.263321909854085,1.106606378262354,1.7744887053374747,-0.01621286608307584,-0.03348262262707901,0.02200000000000002,0.121
100.4999041557312,-81.0632287266527,-39.184168912303406,1.1048772346891407,1.773557234156539,-0.014294954252055759,-0.03385792168459901,0.02200000000000002,0.121
100.54990410804749,-81.02199398181212,-39.10653503845924,1.1031890517813707,1.773754399438518,-0.010959669574331499,-0.03404390354820902,0.02200000000000002,0.121
100.59990406036377,-80.97966839618275,-39.02703023146417,1.101454860536948,1.7742231074885557,-0.017600703535851404,-0.03418843045101618,0.02200000000000002,0.121
100.64990401268005,-80.93755858382227,-38.94811096529508,1.0997250829423872,1.7741786164786624,-0.014745525872667871,-0.03423468439885341,0.02200000000000002,0.121
100.69990396499634,-80.89523273902603,-38.87024906737895,1.098028609716771,1.773875528277006,-0.025049019217615667,-0.0342216685331792,0.02200000000000002,0.121
100.74990391731262,-80.8527883683551,-38.791987744329205,1.0962844581996396,1.7734956408511142,-0.018195721015584074,-0.034134679315625104,0.02200000000000002,0.121
100.7999038696289,-80.8100555822741,-38.71328851676779,1.0945204870431215,1.7732738283167253,-0.014576859859027506,-0.034505681263722825,0.02200000000000002,0.121
100.84990382194519,-80.76726587887948,-38.63498231699638,1.0927775828428226,1.774334840250741,-0.014353451535303348,-0.03466706412446194,0.02200000000000002,0.121
100.89990377426147,-80.72397406744761,-38.55614356840632,1.090987898037175,1.772941658563259,-0.00904712659787475,-0.03503870195379656,0.02200000000000002,0.121
100.94990372657776,-80.6812199809792,-38.47803247243219,1.08916175786769,1.7729025230717201,-0.007269584903997735,-0.03575440791648346,0.02200000000000002,0.121
100.99990367889404,-80.63824756677454,-38.39977611365533,1.0873517404417234,1.7742482070356203,-0.006468620628661473,-0.03603088950749071,0.02200000000000002,0.121
101.04990363121033,-80.59472434304303,-38.32053313459063,1.0854762757593188,1.7734960999600813,-0.0051759936600120696,-0.0364033704605105,0.02200000000000002,0.121
101.09990358352661,-80.55155102372959,-38.24203833859492,1.0835830105246487,1.775084720605149,-0.006806162665841873,-0.037160845797849416,0.02200000000000002,0.121
101.1499035358429,-80.50817680934374,-38.163664646015626,1.0817433612998428,1.7752719925430758,-0.010148860777864453,-0.0370508189498551,0.02200000000000002,0.121
101.19990348815918,-80.46463886754151,-38.085069256994,1.0798769273757969,1.7761306150546958,-0.007276513487730412,-0.03678251583778707,0.02200000000000002,0.121
101.24990344047546,-80.42156953006516,-38.00760998292177,1.0780351677701838,1.7758124096068924,-0.004961043059399316,-0.03687566022868791,0.02200000000000002,0.121
101.29990339279175,-80.37755386259313,-37.92831988626682,1.0760842611926318,1.7752872099936454,-0.0036648023917198115,-0.03761047061151771,0.02200000000000002,0.121
101.34990334510803,-80.33374657451883,-37.849599231023376,1.0741500726088915,1.775882732646032,0.002993668587338758,-0.038065822877878595,0.02200000000000002,0.121
101.39990329742432,-80.2898736448405,-37.7710594649571,1.0722271580543619,1.7764008348167355,0.004140106749667253,-0.0381888897961547,0.02200000000000002,0.121
101.4499032497406,-80.2465826207853,-37.693974057345635,1.0703699196134848,1.7767469003848837,-0.0016701715073838812,-0.0378923185499146,0.02200000000000002,0.121
101.49990320205688,-80.20273149876529,-37.6154569484264,1.0684356019887673,1.7755909360885622,-0.006856814039809681,-0.0379779991737401,0.02200000000000002,0.121
101.54990315437317,-80.15912825344893,-37.53767647147944,1.0665112442911702,1.7754538710403531,0.0016790178618302353,-0.03800802692975919,0.02200000000000002,0.121
101.59990310668945,-80.11618324536106,-37.46073148272358,1.0644861600883633,1.7759516253769638,0.020091035434425288,-0.038733989926596366,0.02200000000000002,0.121
101.64990305900574,-80.07254475571558,-37.38217302033277,1.0622957897193115,1.7746688276160842,-0.0042556650858813225,-0.04208015364743036,0.02200000000000002,0.121
101.69990301132202,-80.0291616721382,-37.305360886420694,1.0603838919551114,1.7745990904558042,-0.006955205372400679,-0.040751912850508956,0.02200000000000002,0.121
101.7499029636383,-79.98610029143656,-37.229365768155425,1.058455123120091,1.7749881876427642,-0.0028049405050679915,-0.03904097000644695,0.02200000000000002,0.121
101.79990291595459,-79.94153039693627,-37.151098142497034,1.0564620541921288,1.7737278219467656,8.29801515669958e-06,-0.038716009917202136,0.02200000000000002,0.121
101.84990286827087,-79.89768258684633,-37.07416757059291,1.054505208736122,1.7738223068915895,-0.005285446036343545,-0.03904445888717276,0.02200000000000002,0.121
101.89990282058716,-79.85370246601917,-36.99686049392914,1.0525344459814416,1.7735966690365044,0.0021265582262548215,-0.03906891462217653,0.02200000000000002,0.121
101.94990277290344,-79.8097366706404,-36.92006955323396,1.0505758037038828,1.773974846975858,0.002921511724490692,-0.03937056694406445,0.02200000000000002,0.121
101.99990272521973,-79.76470275821995,-36.842059882807945,1.048608015600664,1.7737091682985087,0.0010809224117342997,-0.03910174344834237,0.02200000000000002,0.121
102.04990267753601,-79.72007785608572,-36.7649869115203,1.0466683204985232,1.7734093406013307,0.0002555136356464573,-0.038906702526718816,0.02200000000000002,0.121
102.0999026298523,-79.67489558897303,-36.687120452193845,1.044709902473992,1.7727629185478806,-0.002330238690396216,-0.038830551929112375,0.02200000000000002,0.121
102.14990258216858,-79.62924221554417,-36.60898399786879,1.0427399800604373,1.7725359172663049,0.0006639671061296169,-0.038857330646516176,0.02200000000000002,0.121
102.19990253448486,-79.58402144557718,-36.53223320701371,1.0408217969401115,1.7731772269610748,-0.0033112294630654217,-0.03873727882926017,0.02200000000000002,0.121
102.24990248680115,-79.53851190070696,-36.455034832894974,1.0388674373697802,1.772382119486482,-0.006108328133346055,-0.03865308886971819,0.02200000000000002,0.121
102.29990243911743,-79.49274424219429,-36.37736563384069,1.0368873173351847,1.7734030849492342,0.0017183300096989618,-0.03881709774448267,0.02200000000000002,0.121
102.34990239143372,-79.44694129220687,-36.300291922406,1.03492723153508,1.7725282516666012,0.0008864812043438879,-0.03897437886024189,0.02200000000000002,0.121
102.39990234375,-79.40141531733099,-36.22414325576078,1.0329793671961962,1.7726385360340897,0.006331264348188457,-0.0390433306338999,0.02200000000000002,0.121
102.44990229606628,-79.35499921025118,-36.146985650517465,1.0310017416792063,1.7730049742132192,0.0015146510816163848,-0.03911048192970696,0.02200000000000002,0.121
102.49990224838257,-79.30871765463944,-36.07017455808354,1.0290260444601564,1.7717002956641619,-0.0012064030937191268,-0.03907732905554073,0.02200000000000002,0.121
102.54990220069885,-79.26333298437646,-35.99532214411135,1.0270939754366908,1.7715077740287597,-0.0024402638574577574,-0.03895989061399685,0.02200000000000002,0.121
102.59990215301514,-79.21655748405651,-35.918616430015554,1.0251129654847404,1.7704398631166187,-0.005784716560907519,-0.03890659598222343,0.02200000000000002,0.121
102.64990210533142,-79.17010242817535,-35.842757131062825,1.0231291675635938,1.76966299061828,-0.004780426202577012,-0.03911568491975035,0.02200000000000002,0.121
102.6999020576477,-79.12376402374704,-35.767800776218884,1.0211849996977762,1.7690731825877541,-0.0021342822456825662,-0.03896126611059783,0.02200000000000002,0.121
102.74990200996399,-79.07677660432479,-35.69217240585093,1.0192149708712397,1.7692078794083543,0.005729848798277447,-0.038844300301634195,0.02200000000000002,0.121
102.79990196228027,-79.03036537717304,-35.617946897502996,1.017280013615625,1.7684056283311156,-0.003428716513779618,-0.038966652516146186,0.02200000000000002,0.121
102.84990191459656,-78.983050914232,-35.54256662375417,1.0152860123847443,1.7678813560386357,0.009666591880006795,-0.03918710988382179,0.02200000000000002,0.121
102.89990186691284,-78.93595670379756,-35.46806158091276,1.013314698905988,1.7685743454678031,-0.0023927589127455983,-0.03970946045592427,0.02200000000000002,0.121
102.94990181922913,-78.88776659468469,-35.3921572450699,1.0112987590101024,1.76832412286466,0.004709759555247789,-0.03955925500816898,0.02200000000000002,0.121
102.99990177154541,-78.83978388356934,-35.31692016593873,1.0092854414879737,1.768060771043008,0.0007990305551139254,-0.039856414097619614,0.02200000000000002,0.121
103.0499017238617,-78.79167787576023,-35.24204760523285,1.0072382622519924,1.7681734129481959,0.0020899633501373755,-0.04023026084493316,0.02200000000000002,0.121
103.09990167617798,-78.7431254328739,-35.167311935945314,1.0051744552045907,1.768303450524922,0.0016225116481476077,-0.0407723694922684,0.02200000000000002,0.121
103.14990162849426,-78.69438891716206,-35.092578659263424,1.0030956641461841,1.768154046402224,-0.0024378176059547743,-0.0410405639341297,0.02200000000000002,0.121
103.19990158081055,-78.64551711770473,-35.01795582954353,1.0010011629865772,1.7666224901151242,0.004705730992400014,-0.04117768818295904,0.02200000000000002,0.121
103.24990153312683,-78.59678256091703,-34.94423197747833,0.9988979651932571,1.7662207923657685,-0.0003242819199855318,-0.04186654998583358,0.02200000000000002,0.121
103.29990148544312,-78.54730437044611,-34.87034227177055,0.9967823115574983,1.7651877650713923,0.003280538629596777,-0.04201172146957345,0.02200000000000002,0.121
103.3499014377594,-78.49728998330718,-34.79569830937339,0.9946183149216823,1.7647913243459692,0.007782983617448766,-0.04233908711039033,0.02200000000000002,0.121
103.39990139007568,-78.44794292049713,-34.72234528492002,0.9925089085995609,1.7644887203203883,0.004989395048248939,-0.04251858776657098,0.02200000000000002,0.121
103.44990134239197,-78.39849560405926,-34.648939005355885,0.9903879711286006,1.7640124544733253,0.005043888596235827,-0.04240294359181209,0.02200000000000002,0.121
103.49990129470825,-78.34773860358341,-34.57496378288212,0.9882428954597438,1.7638440217840268,-0.0030471541616296878,-0.04223798986858641,0.02200000000000002,0.121
103.54990124702454,-78.29780237822783,-34.502304800074306,0.9861395027289518,1.76295620821423,0.0007608175707760094,-0.041896796549288545,0.02200000000000002,0.121
103.59990119934082,-78.24797512894112,-34.4297088215077,0.9839911042599946,1.7630822883841537,0.0003526605088843464,-0.0424800317615308,0.02200000000000002,0.121
103.6499011516571,-78.19826729663843,-34.35734570816298,0.9818388617210201,1.7628631246654656,-0.0029270087703116157,-0.042942333613202835,0.02200000000000002,0.121
103.69990110397339,-78.14774352602839,-34.28454002048502,0.979692671983063,1.7623551902789383,-0.0018865290652353014,-0.042862653070591984,0.02200000000000002,0.121
103.74990105628967,-78.09801515912135,-34.21278848616886,0.9775173303090328,1.7617101182245563,0.0025622075623124214,-0.04309170271576858,0.02200000000000002,0.121
103.79990100860596,-78.04732153513135,-34.13970088367013,0.9752752284352102,1.7613520357812025,0.006673057075629832,-0.043766503722288665,0.02200000000000002,0.121
103.84990096092224,-77.99703337885833,-34.067453946223225,0.9730810027847692,1.7610055757527934,0.008620594114577596,-0.04397181074549499,0.02200000000000002,0.121
103.89990091323853,-77.94651645007761,-33.99481320946768,0.9708489156951398,1.7609323397117593,0.009176644710711062,-0.04415529371924676,0.02200000000000002,0.121
103.94990086555481,-77.8952896866406,-33.92136988998921,0.9685994309621314,1.7608402922750221,0.0012115264930921289,-0.044278542900983174,0.02200000000000002,0.121
103.9999008178711,-77.8447219685196,-33.84911168152574,0.9664005063797325,1.7608126421097874,0.0038321575719499484,-0.04406651009847524,0.02200000000000002,0.121
104.04990077018738,-77.79411483294285,-33.77674253230337,0.9642080201847453,1.7602852118043664,0.005537443134544675,-0.04374645046014405,0.02200000000000002,0.121
104.09990072250366,-77.74287921379607,-33.703122993444545,0.961959762982477,1.7602708465649495,0.00431567053485807,-0.04386851367180787,0.02200000000000002,0.121
104.14990067481995,-77.69280347078517,-33.63131161025414,0.9597300411234908,1.7602354050548152,0.004879769723293865,-0.044265359761834565,0.02200000000000002,0.121
104.19990062713623,-77.64108626740452,-33.55759620221208,0.9574525283002677,1.7602659908906628,0.009480139129183137,-0.04447294176965662,0.02200000000000002,0.121
104.24990057945251,-77.58994342758619,-33.4845681376692,0.9552009438649945,1.7602566000803326,0.011047107979360343,-0.044600211153461494,0.02200000000000002,0.121
104.2999005317688,-77.53839736437868,-33.41070330644689,0.9529368656663263,1.7612381733979134,0.013463471191295016,-0.04453485219166687,0.02200000000000002,0.121
104.34990048408508,-77.48712835038604,-33.33764833916016,0.950669756245457,1.761724191174252,0.014710796023430001,-0.04469407054457587,0.02200000000000002,0.121
104.39990043640137,-77.43575079008382,-33.26501604771586,0.9484231215627227,1.7621510309108108,0.01064529191253731,-0.04472556564298566,0.02200000000000002,0.121
104.44990038871765,-77.38380779635756,-33.19189652019304,0.9461248058249285,1.7621919278904004,0.011036476930455398,-0.04498278346890329,0.02200000000000002,0.121
104.49990034103394,-77.33308393921301,-33.11993817307188,0.9438923687445318,1.7628927191120365,0.008633106196407114,-0.04485289193824756,0.02200000000000002,0.121
104.54990029335022,-77.28128223240523,-33.04700548802432,0.9416214264383486,1.7621864969661638,0.007393813763845095,-0.04446486163727015,0.02200000000000002,0.121
104.5999002456665,-77.229999231711,-32.97528756361173,0.9393704922130011,1.7623806494958956,0.009240085373524833,-0.044510282110825194,0.02200000000000002,0.121
104.64990019798279,-77.178405790235,-32.90361077167138,0.9371012382464717,1.7620858760139455,0.013783524445838953,-0.04471019686767849,0.02200000000000002,0.121
104.69990015029907,-77.12713840982641,-32.831837827320236,0.9348353628531767,1.7627652955229745,0.0140328577644242,-0.0447093219614689,0.02200000000000002,0.121
104.74990010261536,-77.07596926992835,-32.760816270727126,0.9325851129875115,1.7617295661520953,0.019819643836043895,-0.04459789885193903,0.02200000000000002,0.121
104.79990005493164,-77.02419821376573,-32.68964966511196,0.9303542927625142,1.761551100448956,0.016210615822885664,-0.0444324474679068,0.02200000000000002,0.121
104.84990000724792,-76.97171530219764,-32.61793065667647,0.9281248494535149,1.7616941886223005,0.009277778541048555,-0.04410705765689181,0.02200000000000002,0.121
104.89989995956421,-76.91966299228176,-32.54712009122704,0.9259462862335861,1.7625126375181392,0.008519784257430479,-0.043703767276494575,0.02200000000000002,0.121
104.9498999118805,-76.8666842335068,-32.47543559075584,0.923703095775495,1.7626184795019153,0.011086314775077618,-0.04366192702557767,0.02200000000000002,0.121
104.99989986419678,-76.81435128866691,-32.40518671354199,0.9215024349582427,1.7631926018402082,0.01599029888716737,-0.0439148540348857,0.02200000000000002,0.121
105.04989981651306,-76.76068403533826,-32.33383482517582,0.9192990042299894,1.763470969153971,0.001996739754036624,-0.04385632780020218,0.02200000000000002,0.121
105.09989976882935,-76.70718039238308,-32.26313607449142,0.9171098259779561,1.7641535081440334,0.010918058460058642,-0.04333108151866565,0.02200000000000002,0.121
105.14989972114563,-76.65336921566822,-32.192509447942015,0.9149088134687186,1.764927218281951,0.007128808470078908,-0.0433395795646261,0.02200000000000002,0.121
105.19989967346191,-76.59835876229772,-32.12092675307518,0.9126939211295261,1.7653753658456486,0.015486566852809278,-0.04339295922419029,0.02200000000000002,0.121
105.2498996257782,-76.54409048709823,-32.05069923600621,0.9105565874461873,1.7662996617932798,0.007659415883842295,-0.043047499229661224,0.02200000000000002,0.121
105.29989957809448,-76.48970649877366,-31.9802659795066,0.9083768904338854,1.7663879178134356,0.005598322312244467,-0.0429501634103978,0.02200000000000002,0.121
105.34989953041077,-76.43474418847998,-31.909680540660908,0.906217881529272,1.7661997236507758,0.009315609581155137,-0.04266665358756532,0.02200000000000002,0.121
105.39989948272705,-76.3805738719354,-31.840146255084935,0.9040337817466265,1.766306578609579,0.01425296250727785,-0.04305193747833737,0.02200000000000002,0.121
105.44989943504333,-76.32530253448078,-31.769716425768582,0.9018424332403242,1.7660376827079152,0.0104726326561005,-0.043283457179043035,0.02200000000000002,0.121
105.49989938735962,-76.27079626472693,-31.700685435657267,0.8996585945968961,1.7648891369909947,0.009911644348587979,-0.04324476606699007,0.02200000000000002,0.121
105.5498993396759,-76.21568951929405,-31.631176058900166,0.8974375537660472,1.7656262845217334,0.014027063445307079,-0.04362507691140927,0.02200000000000002,0.121
105.59989929199219,-76.16069126499269,-31.562140395517513,0.8952243786718121,1.7649358263817678,0.012792552181828907,-0.043900842482860594,0.02200000000000002,0.121
105.64989924430847,-76.10573594119307,-31.4936025328561,0.8930416065686356,1.7641785890785702,0.013532103289049809,-0.0439193784239764,0.02200000000000002,0.121
105.69989919662476,-76.04966650254906,-31.42442630714094,0.8907995996495882,1.7631101901508712,0.01668657899539066,-0.04380045631501177,0.02200000000000002,0.121
105.74989914894104,-75.99371891442094,-31.35554143046894,0.8885277420369595,1.7627883168973246,0.019034891701785846,-0.044202397541961994,0.02200000000000002,0.121
105.79989910125732,-75.93784217104478,-31.28705664129475,0.8862675508988664,1.762908801607686,0.01603208555882434,-0.04473815204338073,0.02200000000000002,0.121
105.84989905357361,-75.88190585094341,-31.218891524231616,0.8840098146692456,1.7615975821738503,0.015607849026003998,-0.0447859110719862,0.02200000000000002,0.121
105.89989900588989,-75.82567381947831,-31.150805125980956,0.8817406910222171,1.761863043636999,0.013666677805377819,-0.04488796253874149,0.02200000000000002,0.121
105.94989895820618,-75.76893531724413,-31.08226871222968,0.8794297287812585,1.7616028893527171,0.018906982454828577,-0.045138358738048716,0.02200000000000002,0.121
105.99989891052246,-75.71355559728342,-31.015632602428525,0.8771630449252847,1.7612903568124167,0.018492766344139,-0.0454204806460494,0.02200000000000002,0.121
106.04989886283875,-75.65589952891078,-30.94649817126668,0.874807143537405,1.7610796289370418,0.01852782454888403,-0.04568895675803689,0.02200000000000002,0.121
106.09989881515503,-75.59883293190963,-30.878269990540602,0.8724898608394267,1.7604701055701337,0.020533109375294366,-0.045727134881242304,0.02200000000000002,0.121
106.14989876747131,-75.5417593624601,-30.81040161171475,0.8702000171158948,1.7601141752594638,0.02138219477998484,-0.045464432723532545,0.02200000000000002,0.121
106.1998987197876,-75.48521771951168,-30.743424882263838,0.8679414735200262,1.7599576746655425,0.01927649897492016,-0.04524540877604188,0.02200000000000002,0.121
106.24989867210388,-75.42723666558776,-30.674663974194203,0.8656296804331008,1.7610930606216655,0.019770841188770226,-0.045095958114115695,0.02200000000000002,0.121
106.29989862442017,-75.37048913320676,-30.60700614106362,0.8633250026682929,1.7610539259772642,0.021248592141902414,-0.045434317531699055,0.02200000000000002,0.121
106.34989857673645,-75.31351580279888,-30.53934181166499,0.8610118854023665,1.7612926797164525,0.020001475893236045,-0.04580885111752026,0.02200000000000002,0.121
106.39989852905273,-75.25585342255935,-30.47118370130001,0.858675370837978,1.7615399129413523,0.018984072379955426,-0.04595169313140549,0.02200000000000002,0.121
106.44989848136902,-75.19890530636633,-30.40413823324272,0.8563628562459278,1.761307255565595,0.017930715646689573,-0.0460711819054133,0.02200000000000002,0.121
106.4998984336853,-75.14220346924608,-30.33728984697046,0.8540546248092767,1.7618827664484573,0.024272670269612794,-0.04591985535387201,0.02200000000000002,0.121
106.54989838600159,-75.08412150192261,-30.26918015985489,0.8516877961315924,1.7611960410229406,0.02632287885692495,-0.045851462432555855,0.02200000000000002,0.121
106.59989833831787,-75.02753068268669,-30.203289738422335,0.849404838554482,1.7607130370273247,0.018521259268602566,-0.045991452266001,0.02200000000000002,0.121
106.64989829063416,-74.96963022161623,-30.13599012149146,0.84706959725829,1.7611761995031479,0.028116447214531902,-0.04585228157811603,0.02200000000000002,0.121
106.69989824295044,-74.91232894773388,-30.06937122831271,0.8447490403209875,1.761104035877922,0.02741167128099344,-0.04609639873053538,0.02200000000000002,0.121
106.74989819526672,-74.85332351377731,-30.001319563790652,0.8423858142245091,1.7607778501783582,0.023834446152789856,-0.04606589487346779,0.02200000000000002,0.121
106.79989814758301,-74.79545326124449,-29.934978804619803,0.8400746673063202,1.760406726661076,0.028426854401392847,-0.04599495337227823,0.02200000000000002,0.121
106.84989809989929,-74.73760950697636,-29.868396251966455,0.8377228150457244,1.7602917298699543,0.02814609441978097,-0.04628111123045049,0.02200000000000002,0.121
106.89989805221558,-74.6790243898752,-29.800676775625927,0.8353576412744455,1.759816139137519,0.026328448564456975,-0.04639043628825236,0.02200000000000002,0.121
106.94989800453186,-74.62106510550569,-29.734173205656333,0.8330268766068802,1.7597338050368116,0.02585653926058171,-0.04640773621999521,0.02200000000000002,0.121
106.99989795684814,-74.56254418580971,-29.667533114366684,0.8306859464532821,1.7591863856098655,0.02994856059358608,-0.04620602084287996,0.02200000000000002,0.121
107.04989790916443,-74.50353862416856,-29.60040596270785,0.8283291624763043,1.7591796718957917,0.029265043458882565,-0.04620185339544379,0.02200000000000002,0.121
107.09989786148071,-74.4451576998165,-29.533876981090952,0.8259806972146335,1.7588288840903832,0.030842983510977078,-0.04631660103597259,0.02200000000000002,0.121
107.149897813797,-74.38670946797379,-29.467958667826444,0.8236582185620713,1.7593220775774019,0.03423689840323189,-0.04628961781290093,0.02100000000000002,0.11399999999999999
107.19989776611328,-74.32713939732385,-29.401282903020512,0.8212853410957967,1.7589646608688474,0.030306843843030624,-0.04638529246759953,0.02100000000000002,0.11399999999999999
107.24989771842957,-74.26793411677406,-29.33535678487546,0.8189554974612303,1.7590677825450973,0.02842365471002632,-0.046327783753033265,0.019000000000000017,0.10799999999999998
107.29989767074585,-74.20815448565517,-29.268879376185417,0.8165907912309572,1.7589601342659775,0.022618865468845954,-0.04641731889027949,0.019000000000000017,0.10799999999999998
107.34989762306213,-74.14792181587144,-29.202564886283724,0.8142343751129707,1.757740693467125,0.020147109572688768,-0.04632786426572169,0.018000000000000016,0.10199999999999998
107.39989757537842,-74.08829278029474,-29.13738918325214,0.8118889660123625,1.7574384944243209,0.02394335362857108,-0.04642378522710025,0.018000000000000016,0.10199999999999998
107.4498975276947,-74.0287178095277,-29.07280704576417,0.8095603600989757,1.7571486158545426,0.02475625801258748,-0.04643520109589136,0.016000000000000014,0.09599999999999997
107.49989748001099,-73.96849537185842,-29.007575530425676,0.8071614225065661,1.7555912340785471,0.030117802207569058,-0.046428727151068216,0.016000000000000014,0.09599999999999997
107.54989743232727,-73.90855411209223,-28.943218897074537,0.8048145193188909,1.7550121191057442,0.027129010912444185,-0.04645599297439779,0.015000000000000013,0.08999999999999997
107.59989738464355,-73.84953294314343,-28.880186323283574,0.8025011269663359,1.7536656296325717,0.031032134384757673,-0.04631008717995409,0.015000000000000013,0.08999999999999997
107.64989733695984,-73.78816496674479,-28.81509806083899,0.8001322050950536,1.7529283319023279,0.03044334298936344,-0.046114138678101206,0.014000000000000012,0.08399999999999996
107.69989728927612,-73.72898505964129,-28.752112838157213,0.7978444139817625,1.7505198631474934,0.024810062365657172,-0.04577574390689671,0.014000000000000012,0.08399999999999996
107.74989724159241,-73.66898061020909,-28.68858818102634,0.7955295305828142,1.749083806413618,0.033297756072105805,-0.045346190448668014,0.01200000000000001,0.07799999999999996
107.79989719390869,-73.60861858211744,-28.625204447562407,0.7932421390982125,1.7461408034333328,0.031142988184278596,-0.04527234457795251,0.01200000000000001,0.07799999999999996
107.84989714622498,-73.54857647414242,-28.562639120115815,0.7909935226168302,1.7453073769798515,0.0240781289904518,-0.044902827556779414,0.01100000000000001,0.07199999999999995
107.89989709854126,-73.48772300457597,-28.499621120738702,0.7887034449970951,1.743385781472584,0.02841207971714151,-0.04485764130937533,0.01100000000000001,0.07199999999999995
107.94989705085754,-73.42629704686865,-28.436341496659445,0.7863831917990987,1.7414361330097814,0.03221739906530707,-0.045113026878110474,0.009000000000000008,0.06599999999999995
107.99989700317383,-73.36611017237317,-28.374641043125777,0.7840990483721313,1.7400833153172752,0.03182563769492282,-0.04549007213043824,0.009000000000000008,0.06599999999999995
108.04989695549011,-73.30467538941433,-28.311870433811293,0.7817612567619308,1.7379388456835043,0.037040701593756525,-0.04583690337308387,0.008000000000000007,0.06000000000000005
108.0998969078064,-73.24313071608461,-28.249057871270995,0.7793991031814347,1.7340612315822503,0.03273646358418366,-0.046243013354096585,0.008000000000000007,0.06000000000000005
108.14989686012268,-73.18183940048026,-28.186918261850828,0.7770762974642453,1.73043787843772,0.03486164444006206,-0.04616316300304039,0.006000000000000005,0.05400000000000005
108.19989681243896,-73.12079124916276,-28.12527692075843,0.7747560586138457,1.7271371417921415,0.03617299615833084,-0.04615116211724643,0.006000000000000005,0.05400000000000005
108.24989676475525,-73.05929895613987,-28.063596638582908,0.7724704993610829,1.7251931780923648,0.035754642972388714,-0.04555450934829384,0.0050000000000000044,0.04800000000000004
108.29989671707153,-72.99749621796074,-28.001781668675786,0.7701665509261784,1.7220229265995226,0.030416219409856747,-0.04542897924959931,0.0050000000000000044,0.04800000000000004
108.34989666938782,-72.93643640461336,-27.94093819204093,0.7678826338759964,1.7194667585839074,0.034605831083507614,-0.04526887503032932,0.0040000000000000036,0.04200000000000004
108.3998966217041,-72.87425715465632,-27.879579347374566,0.7656491964567966,1.7178979562061376,0.026801887118087342,-0.04471029496457277,0.0040000000000000036,0.04200000000000004
108.44989657402039,-72.81246166611568,-27.818829038776432,0.7634332978982965,1.715970078799216,0.03354546417328589,-0.04400044818127145,0.0020000000000000018,0.03600000000000003
108.49989652633667,-72.75105684148593,-27.75890644778265,0.7612239887355766,1.7129862251525592,0.03690983432309549,-0.04365103484146818,0.0020000000000000018,0.03600000000000003
108.54989647865295,-72.68948485773448,-27.699159018861067,0.7590482345903381,1.7112709761543452,0.033442720632389254,-0.0434218739738701,0.0010000000000000009,0.030000000000000027
108.59989643096924,-72.62739819101961,-27.639373155364748,0.7569240889124668,1.7091902492857385,0.032408564526454485,-0.042610198241706414,0.0010000000000000009,0.030000000000000027
108.64989638328552,-72.56566805685091,-27.58019586127866,0.7548404912479723,1.705997643664503,0.028523780774279712,-0.041935026950177076,0.0,0.02400000000000002
108.6998963356018,-72.50442341654765,-27.52196160030495,0.7527805313167981,1.702810150454443,0.031968940112051,-0.04114555027736404,0.0,0.02400000000000002
108.74989628791809,-72.44165008829468,-27.46262844014557,0.7507475039355745,1.699976271328103,0.02940234287979299,-0.040311749909498616,0.0,0.018000000000000016
108.79989624023438,-72.38112279685885,-27.405581409632795,0.748818824363508,1.6984425190591428,0.027559372441835185,-0.039482514531156386,0.0,0.018000000000000016
108.84989619255066,-72.3181176047028,-27.346343822398477,0.7468386123141793,1.6965078362735688,0.02449540898899988,-0.03880168731068021,0.0,0.01200000000000001
108.89989614486694,-72.25605627846137,-27.28813606326815,0.7449206232706682,1.6933658929995836,0.030739438984906886,-0.038103889796749287,0.0,0.01200000000000001
108.94989609718323,-72.1938736477931,-27.230161208279075,0.7430743467378937,1.6914025253365708,0.03149644605499151,-0.03721061540428811,0.0,0.006000000000000005
108.99989604949951,-72.13164358063946,-27.172364918265757,0.7412767965569781,1.6911739529494825,0.027408632952885613,-0.03623109146600633,0.0,0.006000000000000005
109.0498960018158,-72.06881401298155,-27.11422133894606,0.739504578584731,1.6904255376448334,0.029744968523451248,-0.03515486857163129,0.0,0.0
109.09989595413208,-72.00567183028923,-27.055945502264333,0.73774767282272,1.6906368060291261,0.027744205298675443,-0.034427835095174,0.0,0.0
109.14989590644836,-71.94293025390574,-26.99816132385616,0.7360109863948293,1.6905201540853756,0.027763889882826086,-0.03427844326243529,0.0,-0.007000000000000006
109.19989585876465,-71.87970846752295,-26.94023659102624,0.7343196338182734,1.6900917536544304,0.0259848444748457,-0.03366958263207407,0.0,-0.007000000000000006
109.24989581108093,-71.8175020913009,-26.883029546982453,0.7326226030468672,1.6902506097737193,0.02411764679384959,-0.03356160442483526,0.0,-0.007000000000000006
109.29989576339722,-71.75476992674817,-26.825284791529985,0.7309392708161317,1.6901567593955054,0.024441642660545722,-0.033242451909682585,0.0,-0.007000000000000006
109.3498957157135,-71.69135020302123,-26.76710392092042,0.7292411393881444,1.6909940497125848,0.0252969547624587,-0.033098520853545525,0.0,-0.007000000000000006
109.39989566802979,-71.62855359254404,-26.709800319986034,0.7276169977235675,1.6938012707124626,0.02125178907788572,-0.03256762720183666,0.0,-0.007000000000000006
109.44989562034607,-71.5652120489139,-26.652098809257037,0.7259872183366811,1.696889522805904,0.029332013634149463,-0.0320469896302889,0.0,-0.007000000000000006
109.49989557266235,-71.50242219805081,-26.594729583596056,0.7244126546493063,1.6994561931099865,0.02996606180057672,-0.031200492464997703,0.0,-0.007000000000000006
109.54989552497864,-71.440022765089,-26.537923376073984,0.7229000186918182,1.701742120783263,0.03264653807109747,-0.03041122132880358,0.0,-0.007000000000000006
109.59989547729492,-71.37700504436387,-26.480697316938,0.7214023843867446,1.7040795716233208,0.03485141706187761,-0.02964742154211546,0.0,-0.007000000000000006
109.6498954296112,-71.3136071411424,-26.423334338493884,0.7199451113448081,1.7065003366349751,0.032919064049041824,-0.028914896775624345,0.0,-0.007000000000000006
109.69989538192749,-71.25119224474373,-26.366368759362597,0.7185268324571954,1.7087517233274023,0.030022489106967323,-0.028184578318476712,0.0,-0.007000000000000006
109.74989533424377,-71.18801112129862,-26.308998240281355,0.7171413459581772,1.7116882703145349,0.032908033648042075,-0.027404109433246334,0.0,-0.007000000000000006
109.79989528656006,-71.12475981604543,-26.25180674666681,0.7157989082028346,1.7136179360899495,0.033048901483235735,-0.02663066170723324,0.0,-0.007000000000000006
109.84989523887634,-71.06191870926205,-26.194998975336812,0.7145171627651474,1.7153329162541546,0.03274300445836539,-0.025857640164682436,0.0,-0.007000000000000006
109.89989519119263,-70.99854301664574,-26.13748486749534,0.7132355608005353,1.7174483795613245,0.033948669238334256,-0.025189994618677714,0.0,-0.007000000000000006
109.94989514350891,-70.93460377722346,-26.079746364493456,0.7119721486462262,1.7187607227425323,0.03607151684056458,-0.024679604674226505,0.0,-0.007000000000000006
109.9998950958252,-70.87112310699969,-26.022739041966485,0.710761557980597,1.720854372851889,0.03218196741692654,-0.024266620193000125,0.0,-0.007000000000000006
110.04989504814148,-70.80741234487498,-25.965410086944814,0.7095615999476655,1.72233600350807,0.039548730090979804,-0.02370599978147779,0.0,-0.007000000000000006
110.09989500045776,-70.74283630626954,-25.907276398796384,0.7084008537409008,1.7240267150782445,0.04139940733322719,-0.022982138909548436,0.0,-0.007000000000000006
110.14989495277405,-70.67835293064161,-25.849660240085328,0.7073056757564735,1.7246717008427883,0.03074507710611237,-0.022004429070636454,0.0,-0.007000000000000006
110.19989490509033,-70.61420413210655,-25.79261346927678,0.7062300607458327,1.726486591682735,0.030811546773122263,-0.021375013199407225,0.0,-0.007000000000000006
110.24989485740662,-70.55031051095544,-25.73592598393419,0.7051721822980281,1.7280386529727965,0.034691732781207636,-0.020989093494027364,0.0,-0.007000000000000006
110.2998948097229,-70.4847042796054,-25.678009136506013,0.7041572512011628,1.7293837909758234,0.032929887755971804,-0.020261846321638122,0.0,-0.007000000000000006
110.34989476203918,-70.41964921213717,-25.620771363438227,0.7031642792530448,1.7306228625311468,0.023859899137519028,-0.019726119673933475,0.0,-0.007000000000000006
110.39989471435547,-70.3542836341284,-25.563804232899383,0.7022780499877287,1.7321537675898564,0.030583904869082346,-0.018313866219063148,0.0,-0.007000000000000006
110.44989466667175,-70.28969330808508,-25.5076041391625,0.7013854757503071,1.7343160623476388,0.031277388648482805,-0.01758219681437744,0.0,-0.007000000000000006
110.49989461898804,-70.22299517904334,-25.450107831287703,0.7004948709557369,1.7360337960776306,0.02585243534757153,-0.017229234097416432,0.0,-0.007000000000000006
110.54989457130432,-70.15731576545288,-25.393909623748982,0.6997082434399529,1.736581877313798,0.03071951330566684,-0.016204903081763533,0.0,-0.007000000000000006
110.5998945236206,-70.09240080141554,-25.33849594078812,0.6989468294543715,1.737900167054545,0.028809452429756653,-0.015437886887686509,0.0,-0.007000000000000006
110.64989447593689,-70.02650445128201,-25.282141502652536,0.6981303656766672,1.7390377231616625,0.031236538294262567,-0.015431491736198321,0.0,-0.007000000000000006
110.69989442825317,-69.96050523077261,-25.225903830970662,0.6972961652917644,1.7394510130303193,0.02971575658909243,-0.01580054738526412,0.0,-0.007000000000000006
110.74989438056946,-69.89395405024736,-25.169428531228693,0.6965057517458608,1.7400680009537934,0.029313692486369534,-0.01575016714986941,0.0,-0.007000000000000006
110.79989433288574,-69.82924255918142,-25.11461568513674,0.6957483129866572,1.7400073454662992,0.026099372871032485,-0.015320325597035835,0.0,-0.007000000000000006
110.84989428520203,-69.76211116163239,-25.057866563154295,0.694975516165216,1.7406841922203424,0.026750555656338437,-0.015055831608488413,0.0,-0.007000000000000006
110.89989423751831,-69.69465400902916,-25.00109158169416,0.6942584159893452,1.7413617833903776,0.018449399647410464,-0.01447288219725389,0.0,-0.007000000000000006
110.9498941898346,-69.62788451427515,-24.944897720080537,0.6935518698245831,1.7433688164013648,0.020545654293244165,-0.01397010077393161,0.0,-0.007000000000000006
110.99989414215088,-69.56254135689643,-24.890036702709267,0.6928965605849733,1.744444210807503,0.025462757364893153,-0.01336346352152729,0.0,-0.007000000000000006
111.04989409446716,-69.49507876505268,-24.83347357152662,0.6922505362784289,1.7449436046205622,0.01963559631697287,-0.013005234727532783,0.0,-0.007000000000000006
111.09989404678345,-69.42631987039398,-24.77578185099568,0.6915917078262221,1.746855867625109,0.03115335503276054,-0.012402602217433691,0.0,-0.007000000000000006
111.14989399909973,-69.3602986755193,-24.720563325218233,0.6910152100257848,1.7483144399567123,0.025082148433561775,-0.011940994683174748,0.0,-0.007000000000000006
111.19989395141602,-69.2913218352417,-24.662829865488842,0.6904048071244738,1.750015420154483,0.0212439457589413,-0.01172089247010169,0.0,-0.007000000000000006
111.2498939037323,-69.22527551733742,-24.607543178375675,0.6898561180421603,1.752973872243535,0.02902215799237868,-0.011265611541900837,0.0,-0.007000000000000006
111.29989385604858,-69.15625229763327,-24.54960501593707,0.6892810049695917,1.754597530216338,0.02826533051303523,-0.010963805331818916,0.0,-0.007000000000000006
111.34989380836487,-69.0878037611391,-24.4921935935032,0.6887217218420292,1.756654750215906,0.028471642190450844,-0.010775292325034658,0.0,-0.007000000000000006
111.39989376068115,-69.02038472387679,-24.435706937897276,0.6881917615422498,1.7587058895602272,0.024525564588164274,-0.010522208686699,0.0,-0.007000000000000006
111.44989371299744,-68.95412214872967,-24.38021573500885,0.6876781807734795,1.7617677912165006,0.025214510598138156,-0.010330332654678765,0.0,-0.007000000000000006
111.49989366531372,-68.88524050414291,-24.32196313027134,0.6871715751365092,1.7643103475133455,0.026955429335607912,-0.009905179139903847,0.0,-0.007000000000000006
111.54989361763,-68.81734226010074,-24.26465596361585,0.6866907537829932,1.765118395674592,0.025766132247691847,-0.009539558424021394,0.0,-0.007000000000000006
111.59989356994629,-68.752059230453,-24.209534645080566,0.686211639234235,1.7663884437531316,0.03511473526942935,-0.009369094223111643,0.0,-0.007000000000000006
111.64989352226257,-68.68240959414258,-24.150764764383926,0.6856939579442498,1.7678205046128106,0.03234895317019193,-0.00958646806572585,0.0,-0.007000000000000006
111.69989347457886,-68.61651793080233,-24.095063929409665,0.6852227383239304,1.7696031319884207,0.027295149906463426,-0.009597985036344193,0.0,-0.007000000000000006
111.74989342689514,-68.54711485258747,-24.036704857631246,0.684786840920752,1.770665739384403,0.03371862023847486,-0.008800783746729117,0.0,-0.007000000000000006
111.79989337921143,-68.47888351267979,-23.979434376231804,0.6843611993211053,1.7719475178569224,0.02784347258239067,-0.008339100709442918,0.0,-0.007000000000000006
111.84989333152771,-68.41077997038825,-23.922485830065074,0.6839731521429219,1.773590950517832,0.023389493989769215,-0.007821872261236134,0.0,-0.007000000000000006
111.899893283844,-68.34455851833623,-23.86686338599423,0.6836028156609765,1.7741636669075205,0.023784665960028217,-0.007371227924318797,0.0,-0.007000000000000006
111.94989323616028,-68.27690553661763,-23.81021015492383,0.6832439725215301,1.77595234584887,0.025436308019753624,-0.007061834450735327,0.0,-0.007000000000000006
111.99989318847656,-68.2086972371673,-23.75333812388968,0.6829314794482891,1.7773293340147764,0.02538117759157115,-0.006526424370156717,0.0,-0.007000000000000006
112.04989314079285,-68.13851836246172,-23.694755281942868,0.6826318063943091,1.7788243830217998,0.025955376143570755,-0.005806349520873965,0.0,-0.007000000000000006
112.09989309310913,-68.0715785059761,-23.638718976696566,0.6823629455384135,1.7805352034689026,0.023637180944075954,-0.005417101998393365,0.0,-0.007000000000000006
112.14989304542542,-68.00196125735351,-23.58059721641125,0.6820929992710275,1.78329490586606,0.027005980949179675,-0.005080195280649265,0.0,-0.007000000000000006
112.1998929977417,-67.9316046211964,-23.522123592724267,0.6818676077438495,1.7843170932679424,0.01973226987311934,-0.0046907131514815886,0.0,-0.007000000000000006
112.24989295005798,-67.86402003869465,-23.46577935475693,0.6816481150898142,1.7867021458924306,0.023203602395105986,-0.004263689217309747,0.0,-0.007000000000000006
112.29989290237427,-67.79233613666736,-23.40588370006137,0.6814557834659624,1.788460635668377,0.02554536814548395,-0.003721346889407207,0.0,-0.007000000000000006
112.34989285469055,-67.72450879546847,-23.34935452439356,0.6812792779453459,1.7906671903668472,0.0197336962794641,-0.0034363916495828806,0.0,-0.007000000000000006
112.39989280700684,-67.65551879241302,-23.292100522611236,0.6811362558802585,1.792578861773813,0.018092397782947908,-0.002944848239393877,0.0,-0.007000000000000006
112.44989275932312,-67.58536592218042,-23.23392126823558,0.680964219119776,1.7942423334184392,0.01981889274093406,-0.0028547602680072913,0.0,-0.007000000000000006
112.4998927116394,-67.51628497748828,-23.176273866519146,0.6807657527958394,1.7964250622400617,0.02548949145893767,-0.0031794747529749214,0.0,-0.007000000000000006
112.54989266395569,-67.44525167838023,-23.117241815662087,0.6805984170696681,1.7986113087353808,0.022066413602102625,-0.003183663527449933,0.0,-0.007000000000000006
112.59989261627197,-67.37719474083053,-23.060808889809312,0.6804371312566246,1.8007662062708125,0.02823559669462328,-0.0029752852277287346,0.0,-0.007000000000000006
112.64989256858826,-67.30764460482231,-23.003296907483023,0.6802998262332783,1.8030105758471393,0.022529756772348822,-0.0028327922194919877,0.0,-0.007000000000000006
112.69989252090454,-67.23649250137453,-22.94454287258405,0.6801796522598752,1.804490466203921,0.025117726496685564,-0.002327117429975931,0.0,-0.007000000000000006
112.74989247322083,-67.16782461919388,-22.887933439864923,0.6800920397784886,1.8068421916451245,0.022914789103777172,-0.0017817384433207514,0.0,-0.007000000000000006
112.79989242553711,-67.09806448591816,-22.83048157036076,0.6800246330375924,1.8087827140204287,0.02219416276978475,-0.0014253058162366757,0.0,-0.007000000000000006
112.8498923778534,-67.02788369848831,-22.77278887287272,0.6799719547649955,1.8106736006494741,0.023838773112293397,-0.001032480330745033,0.0,-0.007000000000000006
112.89989233016968,-66.9549552169628,-22.71316268006656,0.6799854045082865,1.813378498326829,0.02464151504574734,-0.00016151665794858857,0.0,-0.007000000000000006
112.94989228248596,-66.88574143571401,-22.656653123701336,0.6800432116904167,1.8152463701372954,0.022960597899484528,0.0008059057542075332,0.0,-0.007000000000000006
112.99989223480225,-66.81486735669891,-22.598752852165727,0.6801217834839619,1.8170867060612153,0.024105755330071876,0.0015617880146958838,0.0,-0.007000000000000006
113.04989218711853,-66.74384586115377,-22.54079270446469,0.6802299544566859,1.8192584879266216,0.02067095681714975,0.0019399716693731188,0.0,-0.007000000000000006
113.09989213943481,-66.67207261165672,-22.4826050337945,0.6804390257730922,1.8224671039572433,0.024276004931083166,0.003282676458566053,0.0,-0.007000000000000006
113.1498920917511,-66.60044594368695,-22.424430172700553,0.6806428430595965,1.8242241744402516,0.016537012252091234,0.004125592810278799,0.0,-0.007000000000000006
113.19989204406738,-66.52892322232766,-22.36632721166423,0.6808598538838309,1.8264153757861268,0.020840764349242702,0.004508882790263515,0.0,-0.007000000000000006
113.24989199638367,-66.45730927084314,-22.308204220449234,0.6810929848799074,1.8294154882094473,0.015728567903288793,0.0046545940918708804,0.0,-0.007000000000000006
113.29989194869995,-66.38326113444893,-22.24822113565177,0.6813556171072838,1.8317012273269688,0.014781735616027308,0.004991777071264914,0.0,-0.007000000000000006
113.34989190101624,-66.31354160817986,-22.19166996012795,0.6816009933552386,1.835103785465927,0.01414197049409034,0.0051613161842633355,0.0,-0.007000000000000006
113.39989185333252,-66.24019975570722,-22.13274682719871,0.6820178011310045,1.8392702386926396,-0.011220886666336936,0.006006484639120185,0.0,-0.007000000000000006
113.4498918056488,-66.16720379465876,-22.07537089865006,0.6827815030405693,1.8414716568197083,-0.019843397367008173,0.010974164800645616,0.0,-0.007000000000000006
113.49989175796509,-66.09519497420887,-22.017597249074647,0.683229749401398,1.8389249082394965,0.015307080878352907,0.012640090216972112,0.0,-0.007000000000000006
113.54989171028137,-66.02340610451844,-21.959066161035917,0.6834747907137017,1.8416994926761652,0.014230199547579645,0.008338063850365805,0.0,-0.007000000000000006
113.59989166259766,-65.95207299701238,-21.900835261537633,0.6837307032022473,1.8437767584974765,0.01469472554224583,0.005561418021449909,0.0,-0.007000000000000006
113.64989161491394,-65.88070782919704,-21.842605137243225,0.6840288569833931,1.8457961274286272,0.017729418286927735,0.00528467299762293,0.0,-0.007000000000000006
113.69989156723022,-65.80834457265782,-21.783645851342747,0.6843219033290323,1.8472315998010918,0.021822000920174816,0.005783440251605757,0.0,-0.007000000000000006
113.74989151954651,-65.736909879659,-21.72542537306556,0.6846515830290502,1.849074611474857,0.018897105532605485,0.0064149776728840745,0.0,-0.007000000000000006
113.7998914718628,-65.66546090500704,-21.66709093369244,0.6850054761100453,1.8504680513212923,0.01318526986790083,0.0069233713538589614,0.0,-0.007000000000000006
113.84989142417908,-65.59317529374898,-21.607758484886595,0.6853395679685398,1.852139051772425,0.019942491968949417,0.0071666565388265,0.0,-0.007000000000000006
113.89989137649536,-65.52157546560757,-21.549008772215846,0.6857352655800616,1.8535325677016323,0.012316518073117124,0.0075373877449313575,0.0,-0.007000000000000006
113.94989132881165,-65.44919772775881,-21.48943522392484,0.6861117188211753,1.85561542092372,0.018530380063822266,0.008006554972492473,0.0,-0.007000000000000006
113.99989128112793,-65.37700451044297,-21.429920708765728,0.6864906018472539,1.8558891969330762,0.021534680226650137,0.007909093053458542,0.0,-0.007000000000000006
114.04989123344421,-65.30481556868111,-21.370332670556376,0.6868852869133982,1.857392002447907,0.027121974598209003,0.008124674674844932,0.0,-0.007000000000000006
114.0998911857605,-65.23299311728424,-21.310977876352243,0.6872933393926229,1.8596117165237986,0.021155893452891626,0.008315853783887188,0.0,-0.007000000000000006
114.14989113807678,-65.15992301882633,-21.250577114411126,0.6877144981363787,1.8621550778213316,0.014228528196110094,0.008443516740076144,0.0,-0.007000000000000006
114.19989109039307,-65.0872632211941,-21.1906647440467,0.6881869533712675,1.8639929185553843,0.01013950624912063,0.009084442433053818,0.0,-0.007000000000000006
114.24989104270935,-65.01528237017186,-21.131307580582074,0.688672829012374,1.865372599373672,0.007813019426762047,0.009693712806704445,0.0,-0.007000000000000006
114.29989099502563,-64.94320104338499,-21.072032085424436,0.689213467778385,1.8681859937874266,0.005951994503972941,0.010566944727881807,0.0,-0.007000000000000006
114.34989094734192,-64.86991281415584,-21.011808034781023,0.6897824951908496,1.8700789716401087,0.004540482586169884,0.011313700492095978,0.0,-0.007000000000000006
114.3998908996582,-64.79680243485015,-20.95177799765894,0.690360629618666,1.871737617962285,0.008311155463815847,0.011819587639874427,0.0,-0.007000000000000006
114.44989085197449,-64.72464921048079,-20.892491363425556,0.6909211806773663,1.8730705728532102,0.009482092520449393,0.011722275050116426,0.0,-0.007000000000000006
114.49989080429077,-64.65159359608624,-20.83223186157204,0.6915232133759108,1.8746571573327597,0.010105472407532803,0.011948338506423073,0.0,-0.007000000000000006
114.54989075660706,-64.57949709633809,-20.772653390401473,0.6921035639916582,1.876056633521256,0.01079980705599013,0.012075678192992665,0.0,-0.007000000000000006
114.59989070892334,-64.50824681440515,-20.71379836273518,0.6927021198232778,1.8775087153352115,0.006258262280296736,0.012156166736381606,0.0,-0.007000000000000006
114.64989066123962,-64.43461781312301,-20.652899588660194,0.6933040423511879,1.879019123990347,0.005513793843430498,0.012184202222378735,0.0,-0.007000000000000006
114.69989061355591,-64.36235070311194,-20.59308160612545,0.6938775768331645,1.880581821333642,0.0076942510735980236,0.012051711107997652,0.0,-0.007000000000000006
114.74989056587219,-64.29047432047084,-20.53353949815114,0.6944524108769484,1.882432975589441,0.007241230133964371,0.011926607625425445,0.0,-0.007000000000000006
114.79989051818848,-64.21750062875498,-20.47289296650634,0.6950040929393183,1.8831048384222486,0.012434793778924046,0.011637858631433429,0.0,-0.007000000000000006
114.84989047050476,-64.14336761257506,-20.41137348938575,0.6955505939990747,1.884717481893106,0.012625553544962052,0.01116170577717083,0.0,-0.007000000000000006
114.89989042282104,-64.07230147402156,-20.352615969760915,0.6960849588910044,1.8853746470367008,0.01288596251604552,0.011034602348065001,0.0,-0.007000000000000006
114.94989037513733,-63.999534502935994,-20.292260671458244,0.6966016105163737,1.8867251984003057,0.010994004686924486,0.010896132195747532,0.0,-0.007000000000000006
114.99989032745361,-63.92698397245201,-20.231800121742506,0.6970647318832642,1.8881614177195543,0.015465295544807528,0.010057110067039054,0.0,-0.007000000000000006
115.0498902797699,-63.85423084000936,-20.17107676850681,0.6975481331610495,1.8901250174626552,0.016153631089954823,0.009793502895644799,0.0,-0.007000000000000006
115.09989023208618,-63.781807762124544,-20.11031787525278,0.6980003069533937,1.8915376739563363,0.010168744076301426,0.009414549656954123,0.0,-0.007000000000000006
115.14989018440247,-63.70827685408717,-20.048555926797974,0.6984520233608021,1.8925736223857461,0.006846960320753328,0.009285550036761509,0.0,-0.007000000000000006
115.19989013671875,-63.63573106575773,-19.987777572208234,0.6989623170523158,1.8936060968802129,0.008108729873051506,0.009712751981093552,0.0,-0.007000000000000006
115.24989008903503,-63.56316403606197,-19.926814906983893,0.699478021016939,1.8947504400493624,0.009921369008455395,0.010382999088626743,0.0,-0.007000000000000006
115.29989004135132,-63.48950180544386,-19.864918376023397,0.700054524711914,1.8958821148146765,0.010953457566369356,0.011160389288641756,0.0,-0.007000000000000006
115.3498899936676,-63.4170334555886,-19.803923762837215,0.7006220567763951,1.8963961599109052,0.009991981832686295,0.011628755050211907,0.0,-0.007000000000000006
115.39988994598389,-63.344309656848544,-19.74279717320759,0.7012417104767817,1.896385007627226,0.008981824715962244,0.012151537399282186,0.0,-0.007000000000000006
115.44988989830017,-63.271023175166135,-19.681024404806923,0.7018434781285467,1.8964193574206438,0.014406070887101526,0.012446666389331661,0.0,-0.007000000000000006
115.49988985061646,-63.199250929459495,-19.62019858792983,0.7024061234966588,1.8976619819361775,0.01080912106539822,0.012024756272226992,0.0,-0.007000000000000006
115.54988980293274,-63.127308824416865,-19.55931168659937,0.7030137736844971,1.8969144302195717,0.004218406095837874,0.012038121239249593,0.0,-0.007000000000000006
115.59988975524902,-63.05532246836847,-19.49825998192922,0.7036159016927099,1.8968675977428155,0.00931806413723935,0.012325757601462517,0.0,-0.007000000000000006
115.64988970756531,-62.98099816688524,-19.435304249329292,0.7042955431111376,1.8980917419847996,0.00554364485706717,0.012795631327976058,0.0,-0.007000000000000006
115.69988965988159,-62.91090313220561,-19.375936312428767,0.7049567730959422,1.897739840982601,0.006167480484178955,0.013585800947306373,0.0,-0.007000000000000006
115.74988961219788,-62.83848730504252,-19.314580102164314,0.7056569231939255,1.8976935286565575,0.00798162421266233,0.013982281201432377,0.0,-0.007000000000000006
115.79988956451416,-62.76720886512197,-19.254050350223288,0.706338256590469,1.8978087661183558,0.011554080478188736,0.014236463370703565,0.0,-0.007000000000000006
115.84988951683044,-62.69416741129741,-19.192091850540127,0.7070574282527987,1.8972944126054576,0.011479271529219867,0.014179708798707441,0.0,-0.007000000000000006
115.89988946914673,-62.62300544043413,-19.1316988741569,0.7077432699210912,1.8985214978542893,0.010670344822541781,0.014337964400873896,0.0,-0.007000000000000006
115.94988942146301,-62.55112888616948,-19.070724808982522,0.7084824012325496,1.8998647705138647,0.004395789517192715,0.014553185488585151,0.0,-0.007000000000000006
115.9998893737793,-62.478865820852924,-19.00930625204407,0.7092353033680941,1.9010174467227663,0.0023836492425057237,0.014936065675352144,0.0,-0.007000000000000006
116.04988932609558,-62.406445134696526,-18.94792697656185,0.7100239066482231,1.901747468076071,0.006238886405024502,0.015554939295457959,0.0,-0.007000000000000006
116.09988927841187,-62.333807591512226,-18.88643705241789,0.7107950434608332,1.903179426144035,0.003842223663789725,0.01578865819407683,0.0,-0.007000000000000006
116.14988923072815,-62.2610895145967,-18.824889170979006,0.7116115344523745,1.9050110941438179,0.00010955825449189419,0.016016229822142576,0.0,-0.007000000000000006
116.19988918304443,-62.188081046794835,-18.762928671498393,0.7124249924244002,1.906808485504724,0.005312354250387039,0.016376530737910476,0.0,-0.007000000000000006
116.24988913536072,-62.114790423867106,-18.70053292125887,0.7131964724118729,1.9087327479079672,0.008936094045436797,0.016003415556985017,0.0,-0.007000000000000006
116.299889087677,-62.04199198559515,-18.638830603351714,0.7140191657811241,1.908938295733265,0.0030474485904568435,0.016009614317096802,0.0,-0.007000000000000006
116.34988903999329,-61.96977006177746,-18.577384323817174,0.7148099806731005,1.909652198210531,0.00763458201090402,0.016246657283405956,0.0,-0.007000000000000006
116.39988899230957,-61.89587879199144,-18.514377683079122,0.7156214403079094,1.9102937010769316,0.0022209445001076813,0.016191780554168606,0.0,-0.007000000000000006
116.44988894462585,-61.82330393206868,-18.4522145375135,0.7163778037779939,1.9120146640794273,0.0018832024082744356,0.015781910671596747,0.0,-0.007000000000000006
116.49988889694214,-61.75108601417615,-18.390900259358908,0.7171530591503843,1.9123646383652373,-0.0005758576818454819,0.015548571336992903,0.0,-0.007000000000000006
116.54988884925842,-61.678333444250335,-18.328974776531133,0.7179279024014679,1.9127616119629347,0.002654906425906711,0.015674577638678282,0.0,-0.007000000000000006
116.5998888015747,-61.605990645497634,-18.267182400604437,0.7186699217391412,1.9136535113264181,6.724148758870726e-05,0.015342159288871662,0.0,-0.007000000000000006
116.64988875389099,-61.533624481522935,-18.205083162186337,0.7193683500279414,1.914432262802919,0.0031535547538288104,0.014725666728170153,0.0,-0.007000000000000006
116.69988870620728,-61.46101225339449,-18.14338059303088,0.7200520294191571,1.914362592774656,0.003174805797146453,0.01407291772417151,0.0,-0.007000000000000006
116.74988865852356,-61.38913297543782,-18.082252858383267,0.7207488692593524,1.9151585193325233,-0.0029490643129064208,0.013902036854170048,0.0,-0.007000000000000006
116.79988861083984,-61.31647339999222,-18.02025748707301,0.7214412385501173,1.9157153381943004,0.0022899661056361396,0.014076932287572981,0.0,-0.007000000000000006
116.84988856315613,-61.241961511027746,-17.956721610903262,0.7221644412211683,1.9167436417651986,-0.002918568705645016,0.014121813134219847,0.0,-0.007000000000000006
116.89988851547241,-61.17084522478426,-17.896104667157847,0.7228448688879133,1.9180062379670415,-0.0013771468321427754,0.014253103517457916,0.0,-0.007000000000000006
116.9498884677887,-61.098264202718575,-17.83396401668804,0.723537088897901,1.9194497807882727,-0.003423583573932941,0.014214638985521864,0.0,-0.007000000000000006
116.99988842010498,-61.02479054762056,-17.770936055695586,0.7242677264553155,1.9199589489641016,-0.002935229691035753,0.014330322206266533,0.0,-0.007000000000000006
117.04988837242126,-60.95252518644979,-17.708839806111477,0.7249841982060061,1.922020106507868,-0.0026556289512577056,0.014611228480872101,0.0,-0.007000000000000006
117.09988832473755,-60.88011315545667,-17.646654614327755,0.7257175935974381,1.9230340684943297,-0.004568016819637235,0.014761109722309942,0.0,-0.007000000000000006
117.14988827705383,-60.80713452640033,-17.583749094114335,0.7264739610942488,1.9241626669377803,-0.0008102966956464596,0.015208831437675525,0.0,-0.007000000000000006
117.19988822937012,-60.73384165681421,-17.5201739905845,0.7272094128329378,1.9256445464164058,-0.0007567692028422935,0.014970977209963526,0.0,-0.007000000000000006
117.2498881816864,-60.661077849158744,-17.457156807831456,0.7279954702298072,1.9266000704034203,0.005289587938040385,0.015324448765781911,0.0,-0.007000000000000006
117.29988813400269,-60.588558188352835,-17.394296300844147,0.7287711205813451,1.928751745405428,0.004022065501001267,0.015707570223219756,0.0,-0.007000000000000006
117.34988808631897,-60.515262624143645,-17.330464121358084,0.7295604148389412,1.929215098001247,-0.0019850999443557426,0.01569021793174778,0.0,-0.007000000000000006
117.39988803863525,-60.44317996530902,-17.26747699651905,0.7303546719252452,1.9303511981988948,-0.00467116009336987,0.015855332992328487,0.0,-0.007000000000000006
117.44988799095154,-60.3704194704156,-17.203675704132625,0.7311713869177179,1.931173288369794,0.003181789569757832,0.016312326980800835,0.0,-0.007000000000000006
117.49988794326782,-60.29773984673129,-17.140330352373844,0.7320136012107046,1.9323731367413066,-0.0022831327331393233,0.016516137236888634,0.0,-0.007000000000000006
117.5498878955841,-60.225733461123525,-17.07726717975401,0.7328503502691298,1.9326497359763712,-0.005414292277554092,0.016677664913961197,0.0,-0.007000000000000006
117.59988784790039,-60.15284763103356,-17.013334442590693,0.7337509802971237,1.9341712386477807,-0.0002737607858723861,0.017315611982144104,0.0,-0.007000000000000006
117.64988780021667,-60.08150198144493,-16.950519537280403,0.7346467661785119,1.9349809654788979,-0.002948040485120621,0.018005275108048818,0.0,-0.007000000000000006
117.69988775253296,-60.01029651618855,-16.888466658028726,0.7355371256404164,1.9348067988589963,0.0016777892578342113,0.01823010329485688,0.0,-0.007000000000000006
117.74988770484924,-59.93825714663988,-16.82539599659506,0.7364519350079805,1.9348589161550183,0.00024884226321322215,0.01830037306927128,0.0,-0.007000000000000006
117.79988765716553,-59.86588590359504,-16.761802160926255,0.7373992837629577,1.9355176590545453,0.0002091291159598582,0.018526040639448668,0.0,-0.007000000000000006
117.84988760948181,-59.793563420989564,-16.698241238569505,0.7383495154916146,1.935993664968797,-0.002885522567331074,0.018890934597656298,0.0,-0.007000000000000006
117.8998875617981,-59.72154029923948,-16.63515693439612,0.7393271427045598,1.937280639269654,-0.007646221877229299,0.019345103361677975,0.0,-0.007000000000000006
117.94988751411438,-59.64875088300526,-16.571188168067305,0.7403650409529778,1.9375134883481866,-0.010045560361877369,0.01999221211395607,0.0,-0.007000000000000006
117.99988746643066,-59.5762767820507,-16.507265700812233,0.7414320136594648,1.938782594137312,-0.005246139511959581,0.021110437099170164,0.0,-0.007000000000000006
118.04988741874695,-59.50381174359207,-16.443452463988837,0.7425136365990745,1.9397252668733513,-0.009017523359988604,0.02152920579613382,0.0,-0.007000000000000006
118.09988737106323,-59.43133205221185,-16.379770794447985,0.7435878984585069,1.9404458942043137,-0.006654855013130791,0.021743299806640456,0.0,-0.007000000000000006
118.14988732337952,-59.358364949537616,-16.31544228323973,0.7447076992963712,1.94151839249612,-0.007303959929991739,0.022083206088845106,0.0,-0.007000000000000006
118.1998872756958,-59.28588663410514,-16.251178398442317,0.7458040485398395,1.943083614855759,-0.0067468197833001516,0.022201686553168305,0.0,-0.007000000000000006
118.24988722801208,-59.21306265185693,-16.18676481837046,0.746898503342938,1.9443729903869142,-0.0056359898883338675,0.022032215510924418,0.0,-0.007000000000000006
118.29988718032837,-59.139945897153886,-16.12243767433739,0.7479868712702041,1.9453229312378042,-0.012223209922811177,0.021846975395145588,0.0,-0.007000000000000006
118.34988713264465,-59.06787708648493,-16.058848516560957,0.7490814887218092,1.9459929243139888,-0.01410052377908802,0.02187649155340053,0.0,-0.007000000000000006
118.39988708496094,-58.994915709497796,-15.994057169262396,0.7501569054487007,1.9469182961218552,-0.019281767250661,0.021730391919282062,0.0,-0.007000000000000006
118.44988703727722,-58.922165855918614,-15.929032929869305,0.7511869106919749,1.9472087024489866,-0.0161862040483795,0.021199293773960223,0.0,-0.007000000000000006
118.4998869895935,-58.85112884015432,-15.865762210693271,0.7522155974431098,1.9471009445433174,-0.020407555999391536,0.020770514751250847,0.0,-0.007000000000000006
118.54988694190979,-58.77919795097185,-15.801423660181165,0.753265543730916,1.9470137090444732,-0.014081051903947796,0.02092859690918684,0.0,-0.007000000000000006
118.59988689422607,-58.70795856822621,-15.737309725751905,0.7542822998574189,1.9472573923424128,-0.013928644747683919,0.020716823214902716,0.0,-0.007000000000000006
118.64988684654236,-58.63582856801236,-15.67215517931202,0.7553158921168863,1.946867508015034,-0.01205010143188678,0.020658910366047833,0.0,-0.007000000000000006
118.69988679885864,-58.56456031535273,-15.608088627042186,0.756344679670028,1.9465468736431455,-0.011878598175490614,0.020689428509042023,0.0,-0.007000000000000006
118.74988675117493,-58.492891739559994,-15.543272417575619,0.757377539359391,1.946330819358885,-0.016823088846031963,0.020592094247811315,0.0,-0.007000000000000006
118.79988670349121,-58.42187340694016,-15.478751155679376,0.758427650613286,1.9458632468736587,-0.015156709114805584,0.020854118054639173,0.0,-0.007000000000000006
118.8498866558075,-58.35071480106661,-15.413883572159628,0.7594696881629723,1.9460328501745507,-0.014335034807079042,0.021044095326670387,0.0,-0.007000000000000006
118.89988660812378,-58.279137659023945,-15.348693517603868,0.7605523409770633,1.9462083618154864,-0.016606374078728253,0.021357446686827382,0.0,-0.007000000000000006
118.94988656044006,-58.20679276503986,-15.282462292646864,0.7616646640332483,1.9460268861752175,-0.006207150550053194,0.021956098328610306,0.0,-0.007000000000000006
118.99988651275635,-58.13592945932698,-15.217315810165433,0.7627743461818476,1.945425409292835,-0.012677144718769025,0.022176588517808783,0.0,-0.007000000000000006
119.04988646507263,-58.06421703470164,-15.151235113472774,0.763900161005643,1.9450439280117806,-0.007947599759170055,0.02262466913410302,0.0,-0.007000000000000006
119.09988641738892,-57.99249151340949,-15.085049845133485,0.7650289469107453,1.9457426971205192,-0.014332215251160057,0.02249384973029525,0.0,-0.007000000000000006
119.1498863697052,-57.92136030012814,-15.01919479133156,0.7661655792106051,1.9459856533112736,-0.013455752078539768,0.02260857510623171,0.0,-0.007000000000000006
119.19988632202148,-57.850914571031865,-14.953808317100526,0.7673160863938758,1.946222179523365,-0.01257912403079075,0.023037064671746973,0.0,-0.007000000000000006
119.24988627433777,-57.77900240284733,-14.886948613060897,0.7684749763885461,1.946150848088773,-0.013081341275004835,0.023104390845508006,0.0,-0.007000000000000006
119.29988622665405,-57.70793792033618,-14.820907426113022,0.7696045303577407,1.9464856055545119,-0.018992694130138644,0.022818975860153596,0.0,-0.007000000000000006
119.34988617897034,-57.63746048501472,-14.755245887955367,0.7707358648664792,1.9467307199736246,-0.019962964032679803,0.02281520207277507,0.0,-0.007000000000000006
119.39988613128662,-57.56584092706338,-14.688526133318422,0.7719382974793291,1.9464691118944224,-0.027565866504942804,0.023284011831979697,0.0,-0.007000000000000006
119.4498860836029,-57.49477933016454,-14.622032543145574,0.7731055536314416,1.9472294674271677,-0.02162059088484214,0.02352884339429691,0.0,-0.007000000000000006
119.49988603591919,-57.42440659722337,-14.557043117269023,0.774336433257278,1.9475988861161484,-0.022378773876228133,0.024167328850309568,0.0,-0.007000000000000006
119.54988598823547,-57.352469822894726,-14.490228757186125,0.7755715451110857,1.9484384426848327,-0.020888465972978575,0.024360604933189263,0.0,-0.007000000000000006
119.59988594055176,-57.282047136652196,-14.424584438584853,0.7767812060433842,1.949736236737051,-0.022182138577054176,0.024286010960613887,0.0,-0.007000000000000006
119.64988589286804,-57.21173469623561,-14.359032958885104,0.7780436709788356,1.9506444700542236,-0.030871078676799963,0.02468097916925942,0.0,-0.007000000000000006
119.69988584518433,-57.14041481442953,-14.292760126892434,0.7792847586140047,1.9516382499753346,-0.03440574383782102,0.024728014316404246,0.0,-0.007000000000000006
119.74988579750061,-57.06943655938807,-14.226837014422385,0.7805967373932946,1.952952662269618,-0.03944169996277187,0.025413769607213175,0.0,-0.007000000000000006
119.7998857498169,-56.99921357533939,-14.16111358176145,0.7818434259635972,1.9532504857360082,-0.03320771989852257,0.025503536713394878,0.0,-0.007000000000000006
119.84988570213318,-56.92753145674995,-14.094119495658251,0.7831399486481203,1.9538455852447527,-0.036748544291548925,0.0254147354777522,0.0,-0.007000000000000006
119.89988565444946,-56.85628652241503,-14.027558645423877,0.7843966129455299,1.9545504081855793,-0.030024539027400477,0.025352902040254824,0.0,-0.007000000000000006
119.94988560676575,-56.785011147168454,-13.960526386614923,0.7856210942862113,1.9555399506065014,-0.028332951389892266,0.024869490467034423,0.0,-0.007000000000000006
119.99988555908203,-56.71427963155419,-13.893887512006435,0.7868786566542603,1.9561885684543059,-0.030955555998420994,0.024929719391670258,0.0,-0.007000000000000006
120.04988551139832,-56.642828953074414,-13.826392693460946,0.7881167838239221,1.9570727601707243,-0.03185535573502762,0.024832028550225378,0.0,-0.007000000000000006
120.0998854637146,-56.57139302101456,-13.759004055952825,0.7893565725439093,1.9570458742062324,-0.03450158035327407,0.024664494122902888,0.0,-0.007000000000000006
120.14988541603088,-56.500184825831575,-13.69168455218538,0.790648721110825,1.9576624994555998,-0.04002480498632008,0.025235107935352462,0.0,-0.007000000000000006
120.19988536834717,-56.42901085963887,-13.624124334886902,0.7919575664331802,1.9578272584098293,-0.04157490875768028,0.025827552991014333,0.0,-0.007000000000000006
120.24988532066345,-56.357400070627826,-13.556486225014268,0.7933079940553346,1.9582816438309016,-0.04167615478041827,0.026589353753874327,0.0,-0.007000000000000006
120.29988527297974,-56.28595093434455,-13.489393714275158,0.7946440906714206,1.9575533319620866,-0.03947409999591703,0.026917346293108477,0.0,-0.007000000000000006
120.34988522529602,-56.213264636205295,-13.420752768734273,0.7960361411099116,1.958012299382552,-0.03955290041854714,0.02719033123633241,0.0,-0.007000000000000006
120.3998851776123,-56.14207498951586,-13.353221439502189,0.7974277838974588,1.9586464668598307,-0.04039595436351772,0.02754847343997116,0.0,-0.007000000000000006
120.44988512992859,-56.071473654967896,-13.28583261356922,0.7988022698804925,1.9582873714436584,-0.04295468917430508,0.027790544705297255,0.0,-0.007000000000000006
120.49988508224487,-56.00033759972938,-13.218656562425467,0.8001914439647689,1.957819885703564,-0.04243048350991243,0.027611116678470708,0.0,-0.007000000000000006
120.54988503456116,-55.929814029423454,-13.151553329082466,0.8015490036528198,1.95802012308927,-0.044707234274371545,0.027414733073556557,0.0,-0.007000000000000006
120.59988498687744,-55.85945261566909,-13.084208606759896,0.8029019501113996,1.9585238352854673,-0.04586481282071585,0.02718513271165866,0.0,-0.007000000000000006
120.64988493919373,-55.78860341597882,-13.016165437625144,0.8042999886580436,1.9598281791654095,-0.049633222798730114,0.027450732896592514,0.0,-0.007000000000000006
120.69988489151001,-55.71848317674001,-12.949139728839132,0.8056317508631374,1.959547685306026,-0.044127697755654394,0.027339841661875044,0.0,-0.007000000000000006
120.7498848438263,-55.64904527315968,-12.88243546254633,0.8069606909782547,1.9594841191526793,-0.043212274967639824,0.027078918720558273,0.0,-0.007000000000000006
120.79988479614258,-55.578938866577836,-12.814684070749921,0.8082927961821819,1.9601599210250826,-0.046402367724841596,0.026705963655782053,0.0,-0.007000000000000006
120.84988474845886,-55.50847407384107,-12.746556281459759,0.8096290095383457,1.9601365127639723,-0.04225588631998106,0.026693911679622255,0.0,-0.007000000000000006
120.89988470077515,-55.438332773172945,-12.6789239648414,0.8109637060639446,1.9601603564143633,-0.0461403306088806,0.0267132090320616,0.0,-0.007000000000000006
120.94988465309143,-55.36847307205582,-12.611006892616926,0.8122588093165457,1.9612176192313815,-0.045841475855444035,0.026383471090788483,0.0,-0.007000000000000006
120.99988460540771,-55.29823227068208,-12.542388445029088,0.8135866041382254,1.9616859127927286,-0.05174988564095808,0.026279029696093557,0.0,-0.007000000000000006
121.049884557724,-55.22895054139898,-12.474354954345738,0.8148613418175051,1.9620640028837364,-0.04294741393611977,0.026177209834333793,0.0,-0.007000000000000006
121.09988451004028,-55.15938410873987,-12.406077830455828,0.8161749227517048,1.9618161245545556,-0.047552133719414545,0.026021877175422408,0.0,-0.007000000000000006
121.14988446235657,-55.08910877422697,-12.336725723132005,0.8175211136821902,1.9624678504057431,-0.04311358426045973,0.02649403014871373,0.0,-0.007000000000000006
121.19988441467285,-55.019756595829655,-12.267793121085202,0.8188403857785498,1.9624061569019973,-0.03906657714262607,0.026675519627289486,0.0,-0.007000000000000006
121.24988436698914,-54.95037664914264,-12.198767949748971,0.8201858586085311,1.9632206816446676,-0.045320072259415096,0.026729100170498454,0.0,-0.007000000000000006
121.29988431930542,-54.88025732868981,-12.128947309984666,0.8215527795684822,1.9638594609105007,-0.04453656375774752,0.026953639135754697,0.0,-0.007000000000000006
121.3498842716217,-54.810796040070194,-12.059607418827829,0.8229631293783153,1.9634162535623216,-0.048009007813935176,0.027583609826409783,0.0,-0.007000000000000006
121.39988422393799,-54.74169670664602,-11.990134751995532,0.8243323600999467,1.964570093697199,-0.04414705100786379,0.02780421921155814,0.0,-0.007000000000000006
121.44988417625427,-54.671363917496386,-11.919227721537297,0.8257471510656784,1.9649107640421795,-0.05022834055276962,0.027685784042769886,0.0,-0.007000000000000006
121.49988412857056,-54.60271903045624,-11.850327970721075,0.8271391284427306,1.965632130834422,-0.05077064293144697,0.027801856539248288,0.0,-0.007000000000000006
121.54988408088684,-54.53405426665544,-11.781171987332305,0.828541163601572,1.9645884904997513,-0.05178876518035792,0.02800942672836722,0.0,-0.007000000000000006
121.59988403320312,-54.464884215954704,-11.711224252674729,0.8299463675735546,1.9648945135822797,-0.05470141716962662,0.028009564876939102,0.0,-0.007000000000000006
121.64988398551941,-54.39653233309748,-11.64192313519608,0.8313432746894747,1.9641762005818155,-0.05184898489044272,0.027980776510539145,0.0,-0.007000000000000006
121.6998839378357,-54.32803270457555,-11.572333122404421,0.8327223337557533,1.9641257680141087,-0.055852886466577815,0.027664519682659965,0.0,-0.007000000000000006
121.74988389015198,-54.25987077210239,-11.503106121079194,0.8341419320462412,1.9635099878154536,-0.0553738660065583,0.02791895722744355,0.0,-0.007000000000000006
121.79988384246826,-54.19103885189725,-11.432796533506387,0.8355282226430583,1.9647165230374475,-0.057846069324809735,0.027926108170069384,0.0,-0.007000000000000006
121.84988379478455,-54.122585786732955,-11.363136641860917,0.83695589326988,1.9632581724481661,-0.06349766213106052,0.028188879411650106,0.0,-0.007000000000000006
121.89988374710083,-54.05440711480555,-11.293795091672791,0.8383569234177823,1.9625517009771867,-0.061310080061443936,0.028428197624728167,0.0,-0.007000000000000006
121.94988369941711,-53.98465498019981,-11.2225037363512,0.8397709884377866,1.9630456560023382,-0.06204830076743674,0.028230253738560352,0.0,-0.007000000000000006
121.9998836517334,-53.917555803930135,-11.153706806466603,0.8411308645728578,1.963801903937053,-0.06794948192720694,0.027827168806661588,0.0,-0.007000000000000006
122.04988360404968,-53.84758958165502,-11.082002549863661,0.8426132743872717,1.9632233376938828,-0.07152096290064615,0.028391608567975037,0.0,-0.007000000000000006
122.09988355636597,-53.77930746293994,-11.011698398469667,0.8440350605876867,1.962622532377974,-0.06168989478735673,0.02878455593067778,0.0,-0.007000000000000006
122.14988350868225,-53.71021059581712,-10.940266717671676,0.8454892924296168,1.963318431121609,-0.07008007106054924,0.028722156904915207,0.0,-0.007000000000000006
122.19988346099854,-53.64197813897669,-10.869452910231335,0.8469358606192807,1.963079649922174,-0.06598684932106771,0.028901198569487307,0.0,-0.007000000000000006
122.24988341331482,-53.57387332629771,-10.798677403945304,0.8483998878293475,1.9643201002724622,-0.06488876449287628,0.029161838137965555,0.0,-0.007000000000000006
122.2998833656311,-53.50491625494376,-10.726695704832236,0.849829575161366,1.9639413844694449,-0.06359422354084045,0.028916678356161615,0.0,-0.007000000000000006
122.34988331794739,-53.43673093903299,-10.65551690756166,0.8513239109925137,1.9654996723445353,-0.0655562145540325,0.02915938508652667,0.0,-0.007000000000000006
122.39988327026367,-53.368180993428595,-10.58352494271902,0.8528081961688284,1.9665778211610687,-0.0724740325078471,0.029474262312377014,0.0,-0.007000000000000006
122.44988322257996,-53.30042537789869,-10.512060707225345,0.8542735821793889,1.9674409048190646,-0.07278589049667278,0.029520313163720915,0.0,-0.007000000000000006
122.49988317489624,-53.233284797277875,-10.44116660372796,0.855736255092876,1.9682286767728856,-0.06787366733232797,0.029475880347735822,0.0,-0.007000000000000006
122.54988312721252,-53.16499388076465,-10.368873638612639,0.8572533465654507,1.9702150578411137,-0.06651118901442424,0.029721639067372168,0.0,-0.007000000000000006
122.59988307952881,-53.0979638471243,-10.297610739359339,0.858739128876224,1.9706055658459174,-0.06870501096910814,0.02978441067647958,0.0,-0.007000000000000006
122.64988303184509,-53.03113399185501,-10.22634704435344,0.8602382473493392,1.9716136344501018,-0.06492364428229094,0.030095235713798824,0.0,-0.007000000000000006
122.69988298416138,-52.96376514519202,-10.154344012258843,0.8617682181131374,1.9720065058945726,-0.06713370255620031,0.03031472784246641,0.0,-0.007000000000000006
122.74988293647766,-52.8969324888448,-10.082823297093825,0.8633200303300267,1.9727269939949412,-0.07149835835677137,0.030612403304888968,0.0,-0.007000000000000006
122.79988288879395,-52.8303029799275,-10.011284452249916,0.8648551483663702,1.9722480008955026,-0.07118777509348287,0.030900707004860577,0.0,-0.007000000000000006
122.84988284111023,-52.76265243105161,-9.938358009241188,0.8664019547948488,1.9735379037323089,-0.07206053136994343,0.03076883938411485,0.0,-0.007000000000000006
122.89988279342651,-52.69582979454875,-9.866083607769745,0.8679303413367463,1.9733031712328313,-0.07501187953637778,0.030627667099405474,0.0,-0.007000000000000006
122.9498827457428,-52.628278827210934,-9.79289357084977,0.8694959621326459,1.973840253232411,-0.07676255004772632,0.030824101761464724,0.0,-0.007000000000000006
122.99988269805908,-52.561307465584505,-9.720200971962544,0.871060943416601,1.9730760076906684,-0.07133400302650789,0.03117935951095959,0.0,-0.007000000000000006
123.04988265037537,-52.49400958959102,-9.646921455702802,0.8726133872921523,1.9740355067344224,-0.06923692446114384,0.03128206849963551,0.0,-0.007000000000000006
123.09988260269165,-52.427105495499625,-9.574109295988569,0.8741814006924208,1.9728962544532487,-0.07470886049541284,0.031275036251352036,0.0,-0.007000000000000006
123.14988255500793,-52.3609769611199,-9.501896234710358,0.8757305161759323,1.9731971545695497,-0.07519708089343238,0.03136237050545592,0.0,-0.007000000000000006
123.19988250732422,-52.29297690979147,-9.427408337752754,0.8773339984607941,1.9736007400175024,-0.07472269542612654,0.03151195262625765,0.0,-0.007000000000000006
123.2498824596405,-52.22632696988902,-9.354320297564737,0.8789259340628375,1.9736046797079339,-0.08107039187372428,0.03170106221932569,0.0,-0.007000000000000006
123.29988241195679,-52.16010062045345,-9.281576989214614,0.8805172074883351,1.9731795238943695,-0.07399300321945372,0.03215466344136432,0.0,-0.007000000000000006
123.34988236427307,-52.092441782971555,-9.207080104982563,0.8821839686273032,1.9727663720788204,-0.07897438925121963,0.032546931008034435,0.0,-0.007000000000000006
123.39988231658936,-52.026893393691815,-9.134387202474002,0.883754628226633,1.9732687505559976,-0.07642184208579748,0.03244669880882933,0.0,-0.007000000000000006
123.44988226890564,-51.96040435460104,-9.060547572245369,0.8853935059786578,1.974103746907207,-0.07905687187757458,0.032469043451133925,0.0,-0.007000000000000006
123.49988222122192,-51.89477978071795,-8.987142456579607,0.8870231712070614,1.9738080838007799,-0.07193948914101085,0.03274739873441826,0.0,-0.007000000000000006
123.54988217353821,-51.82938885682492,-8.913932966165284,0.8886891630927451,1.973613623893065,-0.07821660312458553,0.03303721711068134,0.0,-0.007000000000000006
123.59988212585449,-51.76464476954737,-8.8411912801093,0.8903340176544938,1.9741614635866727,-0.07789086192539399,0.033297624516805964,0.0,-0.007000000000000006
123.64988207817078,-51.698985146635536,-8.767123961904963,0.8919907669360787,1.9739459827808687,-0.07763948065119448,0.033163475236211236,0.0,-0.007000000000000006
123.69988203048706,-51.63422294165589,-8.693724783137304,0.8936526545844156,1.974331450140742,-0.0784990716171044,0.033125955609740125,0.0,-0.007000000000000006
123.74988198280334,-51.5697372950488,-8.620537542418093,0.895332535166503,1.973575369491208,-0.08168462602928213,0.03333085601486053,0.0,-0.007000000000000006
123.79988193511963,-51.505013930959336,-8.54680904861045,0.896998066874428,1.9729789684719945,-0.08165120126296721,0.03345320527488503,0.0,-0.007000000000000006
123.84988188743591,-51.44110808701116,-8.473532882798969,0.8986054948130172,1.973224677218972,-0.07912307813713747,0.03296503671390357,0.0,-0.007000000000000006
123.8998818397522,-51.37649743118008,-8.399152542789194,0.9002350182511478,1.9729893020685556,-0.07459786151426469,0.03257066814448072,0.0,-0.007000000000000006
123.94988179206848,-51.31147345920585,-8.324163934590066,0.901879794330826,1.9722672527695801,-0.07963076832493313,0.03243236325955218,0.0,-0.007000000000000006
123.99988174438477,-51.24790926031941,-8.250863395335452,0.9035150335317512,1.9726193905524938,-0.08038433803291975,0.0327461857712791,0.0,-0.007000000000000006
124.04988169670105,-51.18306617585069,-8.175668287792078,0.9051416587076743,1.9722389670340799,-0.07954630247644076,0.032620294343436135,0.0,-0.007000000000000006
124.09988164901733,-51.11873310522023,-8.10073831979605,0.9067452486359125,1.9724165903483273,-0.07946822475406125,0.032298959888152914,0.0,-0.007000000000000006
124.14988160133362,-51.0548308805264,-8.026064584018984,0.9083256741231489,1.9722629578380153,-0.0807800452250533,0.031762629532744543,0.0,-0.007000000000000006
124.1998815536499,-50.990652940785324,-7.951097300773756,0.9099643994788816,1.9729487962095678,-0.08473273181746181,0.0321462126993728,0.0,-0.007000000000000006
124.24988150596619,-50.92572887135932,-7.87502241062126,0.9116362378152131,1.9732074968346687,-0.08791668448734394,0.03261666222629565,0.0,-0.007000000000000006
124.29988145828247,-50.86108620414709,-7.7990290078401445,0.9133298365840021,1.9738642738883079,-0.08863761839504922,0.033257217564402565,0.0,-0.007000000000000006
124.34988141059875,-50.79685831153136,-7.723585716924746,0.9150753201303883,1.9740008495501038,-0.09068584628790785,0.034156522241185136,0.0,-0.007000000000000006
124.39988136291504,-50.732373893381855,-7.64760397155999,0.9168369046797935,1.9757062106235408,-0.08662230578673806,0.03487655666025206,0.0,-0.007000000000000006
124.44988131523132,-50.66865926808862,-7.572433604159616,0.9186127488263792,1.9756599792327467,-0.08829399474994301,0.03536386801912534,0.0,-0.007000000000000006
124.49988126754761,-50.60501934201682,-7.49739331785637,0.9204025373364286,1.975017738761206,-0.08920164704142139,0.03573363454780439,0.0,-0.007000000000000006
124.54988121986389,-50.54088953236978,-7.421631846240899,0.9222314227748989,1.9751072847991173,-0.0923693639584875,0.03599580113365524,0.0,-0.007000000000000006
124.59988117218018,-50.47700616494039,-7.345941761239596,0.9240620297815914,1.974888380460712,-0.09404936939282253,0.03619598955568589,0.0,-0.007000000000000006
124.64988112449646,-50.41362303297784,-7.270583483580835,0.9258717314873443,1.974108043466665,-0.09790972050671465,0.03625555796257036,0.0,-0.007000000000000006
124.69988107681274,-50.351108565067,-7.195840729443909,0.9276517793874205,1.9727980410412074,-0.09389532665372725,0.036153321001875016,0.0,-0.007000000000000006
124.74988102912903,-50.287779590994475,-7.11989540859147,0.9294434950538659,1.972665748008352,-0.09566202880703557,0.03587484041199891,0.0,-0.007000000000000006
124.79988098144531,-50.22464211917903,-7.043970987813114,0.9312205262604125,1.9722566388574712,-0.09297242612318056,0.03555615687956523,0.0,-0.007000000000000006
124.8498809337616,-50.162008695774404,-6.968574682035607,0.9329875555693176,1.9718685042650155,-0.09007020627770417,0.03555034095239342,0.0,-0.007000000000000006
124.89988088607788,-50.098622270318735,-6.892168057351973,0.9347660519355069,1.9720087593909963,-0.09433783344858813,0.035416466261706775,0.0,-0.007000000000000006
124.94988083839417,-50.03619276588163,-6.816587818330432,0.9364976032510998,1.9712688157370561,-0.08909001941209854,0.0352222430390238,0.0,-0.007000000000000006
124.99988079071045,-49.97310774995225,-6.740027572192231,0.9382582356936767,1.9714897983264328,-0.09309107901102726,0.03505863289163762,0.0,-0.007000000000000006
125.04988074302673,-49.90976889270056,-6.663136064563212,0.9400230573423954,1.9718262609399968,-0.09425391047492257,0.03510805751209682,0.0,-0.007000000000000006
125.09988069534302,-49.84721430639068,-6.587319284594713,0.9417747529248589,1.9721163860536297,-0.1048148946767413,0.03507438548578501,0.0,-0.007000000000000006
125.1498806476593,-49.78449964700856,-6.51096248813594,0.9435180427796783,1.9724869060192636,-0.10458844272846561,0.035005315263065204,0.0,-0.007000000000000006
125.19988059997559,-49.72133745091812,-6.433834719478294,0.9452885408135245,1.9727993561565598,-0.10123946806480727,0.03517086157901883,0.0,-0.007000000000000006
125.24988055229187,-49.65888731621372,-6.357252579549084,0.9470123166151714,1.9727913753234687,-0.10070984862565495,0.03489769823007764,0.0,-0.007000000000000006
125.29988050460815,-49.59650705699017,-6.280697714063592,0.9487469696690459,1.9737646800129531,-0.09853541149353298,0.03483602865378458,0.0,-0.007000000000000006
125.34988045692444,-49.53435482625413,-6.204268551637641,0.9505064885363151,1.9735103788731632,-0.09876114641255024,0.03503266697186993,0.0,-0.007000000000000006
125.39988040924072,-49.47176305445151,-6.1269443922272435,0.9522639514786159,1.9732499619977555,-0.10083265616336586,0.03518070513887354,0.0,-0.007000000000000006
125.449880361557,-49.40914309847844,-6.049414160164268,0.9540429179389927,1.9728595146138919,-0.10123121373067134,0.03529592821166004,0.0,-0.007000000000000006
125.49988031387329,-49.348690443547085,-5.974081462466073,0.9557875796235353,1.9725078283051891,-0.10609671705366208,0.03507128400501388,0.0,-0.007000000000000006
125.54988026618958,-49.287109258925945,-5.8969259445643925,0.9575272668816311,1.9712995783860925,-0.10677348806284302,0.03485346842253598,0.0,-0.007000000000000006
125.59988021850586,-49.22601881704194,-5.820372632076426,0.9592989686587378,1.969945723262983,-0.10752226194711476,0.03505856442054734,0.0,-0.007000000000000006
125.64988017082214,-49.16515269110941,-5.743868885174575,0.9610797251391747,1.9697289779401639,-0.11127585911635143,0.03534173100418658,0.0,-0.007000000000000006
125.69988012313843,-49.10431947038134,-5.666950235095972,0.9628824766735458,1.9690004630701237,-0.10579964404687282,0.035633143773427724,0.0,-0.007000000000000006
125.74988007545471,-49.043964686491236,-5.590336198269658,0.9646701434786873,1.9687397880588615,-0.10077446239516824,0.03574270173394123,0.0,-0.007000000000000006
125.799880027771,-48.98441814005853,-5.514713699838264,0.9664823015793961,1.9682765731918808,-0.11216053966585428,0.0359473204544429,0.0,-0.007000000000000006
125.84987998008728,-48.92265805208259,-5.435612892340685,0.9683469907272056,1.9677178894195895,-0.1086789194522058,0.03625330725121266,0.0,-0.007000000000000006
125.89987993240356,-48.86304875965441,-5.358699410974811,0.9701745974149258,1.9673875598946258,-0.11528898568238208,0.03636966116579074,0.0,-0.007000000000000006
125.94987988471985,-48.802683195459686,-5.280499287905575,0.9720149649496425,1.9675013347210955,-0.11494823044685627,0.036465863008486955,0.0,-0.007000000000000006
125.99987983703613,-48.74244720144561,-5.202097082560942,0.9738362508606099,1.9670962793255964,-0.1029650780842677,0.03639645676778628,0.0,-0.007000000000000006
126.04987978935242,-48.682650506076406,-5.123909826972973,0.9756694590857933,1.9667984939036924,-0.10392985509039998,0.036250622959394886,0.0,-0.007000000000000006
126.0998797416687,-48.62376171391249,-5.046437212527206,0.9774905625933848,1.9664079552017577,-0.1019153324295847,0.03644100293738795,0.0,-0.007000000000000006
126.14987969398499,-48.563772400775676,-4.967233260262449,0.9793477209925491,1.9669060666881673,-0.10115305442061046,0.03659787807167829,0.0,-0.007000000000000006
126.19987964630127,-48.50411984616177,-4.888195400043867,0.9811924139710715,1.9659165764404136,-0.10500326592296882,0.03649059057924182,0.0,-0.007000000000000006
126.24987959861755,-48.44489624886041,-4.809265269034643,0.983054015379326,1.9655675453066572,-0.10800919340843126,0.03665671429548547,0.0,-0.007000000000000006
126.29987955093384,-48.385695991122695,-4.729655961301875,0.9849206019481587,1.9647577411576866,-0.10459489958890733,0.036856844685786753,0.0,-0.007000000000000006
126.34987950325012,-48.326472231323756,-4.649907300355143,0.9868031543159484,1.9637945729896837,-0.10761105914665581,0.03699612069670479,0.0,-0.007000000000000006
126.3998794555664,-48.26840489856961,-4.57163931845482,0.9886625315217359,1.963761370840199,-0.10489576004385787,0.03736693675162468,0.0,-0.007000000000000006
126.44987940788269,-48.20912683112184,-4.491617083361302,0.9905646830159316,1.963636382360723,-0.10789324750101474,0.037412218643127035,0.0,-0.007000000000000006
126.49987936019897,-48.15139642140193,-4.412953476223581,0.9924442340669635,1.963676200709527,-0.1041413055373678,0.037396211579095985,0.0,-0.007000000000000006
126.54987931251526,-48.09335005762133,-4.3338835772775965,0.9943643716768005,1.9644156631943952,-0.09860614499592377,0.03775243783850147,0.0,-0.007000000000000006
126.59987926483154,-48.03555933985473,-4.254957705461916,0.9962674314710209,1.9648244231807392,-0.10303683302544955,0.03787931514190262,0.0,-0.007000000000000006
126.64987921714783,-47.97664804647871,-4.174491786163907,0.9982375041879368,1.9651900160900286,-0.10775815116769921,0.038242072443287325,0.0,-0.007000000000000006
126.69987916946411,-47.91985466691147,-4.095978996251106,1.0001549558113974,1.9640665640392079,-0.11054767943137747,0.038209222008819536,0.0,-0.007000000000000006
126.7498791217804,-47.86275333933311,-4.017029443291831,1.0020827678204882,1.9638623604418766,-0.11498288046320226,0.03826109975306753,0.0,-0.007000000000000006
126.79987907409668,-47.8052514229112,-3.937521743531749,1.0040268579051548,1.964009568945913,-0.11562407199142279,0.03836797887208201,0.0,-0.007000000000000006
126.84987902641296,-47.747984655041094,-3.8583047464136575,1.0059695489312686,1.9632184507228263,-0.11535019434384436,0.038405803060918856,0.0,-0.007000000000000006
126.89987897872925,-47.691744414614995,-3.7805112511178076,1.007893040537,1.9641595179040738,-0.11378411164330295,0.03865358373407455,0.0,-0.007000000000000006
126.94987893104553,-47.63300623911467,-3.6991854962469097,1.0099030734064764,1.964417452475844,-0.11608092775344146,0.03899970214200108,0.0,-0.007000000000000006
126.99987888336182,-47.575531559142284,-3.6195210038666836,1.0118821858252591,1.9647949454467228,-0.12229388645939063,0.03910771189914035,0.0,-0.007000000000000006
127.0498788356781,-47.518179315372656,-3.539637719768763,1.0138488038824962,1.9646129554914573,-0.12322834612490983,0.03906643715003585,0.0,-0.007000000000000006
127.09987878799438,-47.460983514271774,-3.4593959139940518,1.0157855873721842,1.9645425906452039,-0.12117895137184002,0.038749607996960624,0.0,-0.007000000000000006
127.14987874031067,-47.40428450790392,-3.3798587204198123,1.0177256356120632,1.9649855064688633,-0.11996413155502743,0.03864239945967764,0.0,-0.007000000000000006
127.19987869262695,-47.34727154153136,-3.2995545727562132,1.019644581349204,1.9650142929158767,-0.12095239978673603,0.038351732235344695,0.0,-0.007000000000000006
127.24987864494324,-47.29001620672445,-3.21872413973963,1.021619102645474,1.9647415470263292,-0.12161395917809316,0.03840223386857362,0.0,-0.007000000000000006
127.29987859725952,-47.23335054421033,-3.1381167091199234,1.0235713298412055,1.964687523943715,-0.1252583744129197,0.038690177021157394,0.0,-0.007000000000000006
127.3498785495758,-47.176520874678175,-3.057066121770418,1.0255204051020073,1.9647802773688663,-0.1217363355171106,0.038686710343158105,0.0,-0.007000000000000006
127.39987850189209,-47.119761784612905,-2.975897981491578,1.0274672075732683,1.9649594401545671,-0.12118323584820648,0.03859392261409395,0.0,-0.007000000000000006
127.44987845420837,-47.063475297901725,-2.895236879505523,1.029414595525191,1.9639554945917566,-0.12340659860254212,0.03868447237022936,0.0,-0.007000000000000006
127.49987840652466,-47.008213161242224,-2.815776712090107,1.0313698214738243,1.9643354329390494,-0.12728596830788663,0.038902069731379815,0.0,-0.007000000000000006
127.54987835884094,-46.95258625015894,-2.7355342810957888,1.033341767768981,1.9640292387238156,-0.1258581000388654,0.03931339292477363,0.0,-0.007000000000000006
127.59987831115723,-46.89604224717341,-2.6537875564862707,1.0353757509290757,1.9637143773282475,-0.1237779138658967,0.0396204092037046,0.0,-0.007000000000000006
127.64987826347351,-46.840430811782554,-2.5731576090736623,1.0373963014141883,1.962811589471279,-0.12407379763816997,0.039984964577149756,0.0,-0.007000000000000006
127.6998782157898,-46.78594070252326,-2.4937261227805503,1.0394094815864392,1.9631961132952267,-0.11952756681214595,0.0403684816251425,0.0,-0.007000000000000006
127.74987816810608,-46.73016771131339,-2.4121750697625473,1.0414789265911917,1.9625300317261316,-0.12270576419335737,0.040515486591613484,0.0,-0.007000000000000006
127.79987812042236,-46.67587820161586,-2.332478396989378,1.0434936880222196,1.9620469021671423,-0.12727775264866012,0.04051255068986973,0.0,-0.007000000000000006
127.84987807273865,-46.62083035942487,-2.2511747488022262,1.0455314495112071,1.9620469277003927,-0.12449989506441625,0.040530865330183144,0.0,-0.007000000000000006
127.89987802505493,-46.56596426542687,-2.1697397249744017,1.0475743433862934,1.9618492784202355,-0.12546465192861397,0.04041752612404552,0.0,-0.007000000000000006
127.94987797737122,-46.511878067793084,-2.088851512102855,1.0495279818412642,1.9612936236162715,-0.11854632065182251,0.03998323560085084,0.0,-0.007000000000000006
127.9998779296875,-46.457116889554406,-2.0067819440533405,1.0515304375023058,1.961884824963383,-0.11951066465699857,0.03960143616277054,0.0,-0.007000000000000006
128.04987788200378,-46.40246699773339,-1.9246819083848627,1.0535410647634016,1.9618545183648775,-0.11626633312100534,0.039619785929199326,0.0,-0.007000000000000006
128.09987783432007,-46.34874060557574,-1.8438178675505126,1.0555271144104985,1.9613638987378847,-0.11573450359129511,0.039806665924754216,0.0,-0.007000000000000006
128.14987778663635,-46.29488195723254,-1.7622274854166677,1.057461830028842,1.9614123925943976,-0.12132952300139467,0.0391955265805435,0.0,-0.007000000000000006
128.19987773895264,-46.24050308639871,-1.679751281885527,1.0594409305468075,1.9622228913756312,-0.12495473091491777,0.0389646610953566,0.0,-0.007000000000000006
128.24987769126892,-46.18663588051484,-1.597481289954386,1.0613737760364665,1.9621436488248682,-0.12764922071634352,0.03859315885378866,0.0,-0.007000000000000006
128.2998776435852,-46.133032848345124,-1.5151566478813498,1.0633013799364726,1.9611844788309647,-0.12287282834669398,0.03847514606228202,0.0,-0.007000000000000006
128.3498775959015,-46.079006139152604,-1.431738936097646,1.0652166198784134,1.9621202460062674,-0.1228768268364796,0.0380328162536696,0.0,-0.007000000000000006
128.39987754821777,-46.02603248888924,-1.3497680335423998,1.0671171815003972,1.9619586760573178,-0.12380191283319152,0.03786408307926533,0.0,-0.007000000000000006
128.44987750053406,-45.97268507468991,-1.267000914186966,1.0690522610960067,1.9626000869952596,-0.12453321204995553,0.038222388085886475,0.0,-0.007000000000000006
128.49987745285034,-45.92027502776045,-1.1844262929013858,1.0710134305575179,1.9619624644683031,-0.12108955976260706,0.03865463947516199,0.0,-0.007000000000000006
128.54987740516663,-45.86821546730117,-1.102149649467408,1.0729641683672109,1.9612225577408158,-0.12149952429306211,0.03875561532486463,0.0,-0.007000000000000006
128.5998773574829,-45.816285214557986,-1.019873422388867,1.0749129499072767,1.960140992517892,-0.12309229975713495,0.038873837559171905,0.0,-0.007000000000000006
128.6498773097992,-45.76392603118837,-0.9361970717051433,1.076912105466949,1.9603410637355834,-0.1256931320356451,0.039137113626342736,0.0,-0.007000000000000006
128.69987726211548,-45.71269600085565,-0.8535008608280612,1.0789203594616,1.9609793099058985,-0.12817655936630878,0.03962636875541064,0.0,-0.007000000000000006
128.74987721443176,-45.66127433910392,-0.7703839247475904,1.0809334643815391,1.9602514185889879,-0.12495062332628122,0.040129387836607126,0.0,-0.007000000000000006
128.79987716674805,-45.61014666569635,-0.6874451879960856,1.0829027246001472,1.9602782180943663,-0.12170809428746604,0.03996267882079572,0.0,-0.007000000000000006
128.84987711906433,-45.55787689787049,-0.6022496026175875,1.0849589226949667,1.9598555716833816,-0.12235844945025597,0.03983793102190348,0.0,-0.007000000000000006
128.89987707138062,-45.50681932654849,-0.5180278213907862,1.0869589293614836,1.9595224872953823,-0.12670548203066745,0.03985002357082628,0.0,-0.007000000000000006
128.9498770236969,-45.455975458033734,-0.43406205913789236,1.0889640023166733,1.9599998442409818,-0.1242223045535798,0.03991885559838463,0.0,-0.007000000000000006
128.99987697601318,-45.404672196048764,-0.34936174383049895,1.0910180924408466,1.9589345738615347,-0.12485301207065091,0.04041038619721046,0.0,-0.007000000000000006
129.04987692832947,-45.35407615773169,-0.2651648795763831,1.093064668307815,1.959529426563117,-0.12611093720259825,0.040665724142025385,0.0,-0.007000000000000006
129.09987688064575,-45.30430511686548,-0.18140501633926137,1.0950908445392658,1.9595125773255655,-0.1247703770619884,0.040798019340991,0.0,-0.007000000000000006
129.14987683296204,-45.253193992393015,-0.0953955087725149,1.097177176165138,1.9590966120854012,-0.12548883726444326,0.040850834670479584,0.0,-0.007000000000000006
129.19987678527832,-45.20308146951438,-0.010994913980004361,1.0992315434476985,1.9591765748236554,-0.12892146840729446,0.040960637372613344,0.0,-0.007000000000000006
129.2498767375946,-45.15315719572212,0.0736805488645122,1.1012884280769757,1.959344846706533,-0.12617193662306397,0.041125087207727284,0.0,-0.007000000000000006
129.2998766899109,-45.10384479703256,0.15809838710417257,1.1033193479666588,1.9591759972503386,-0.13099045142807128,0.0408506519772151,0.0,-0.007000000000000006
129.34987664222717,-45.053773330912186,0.2435641924321148,1.1054173808780718,1.9595399513659468,-0.1357766187697318,0.040948110229346,0.0,-0.007000000000000006
129.39987659454346,-45.004394960338864,0.32806681987679565,1.1074529155660784,1.9583086183998841,-0.1343599388484586,0.04110482800180652,0.0,-0.007000000000000006
129.44987654685974,-44.95425457671217,0.41411895344007416,1.1095021987536076,1.95868884896959,-0.12588017221500805,0.04074097857251853,0.0,-0.007000000000000006
129.49987649917603,-44.9065383733672,0.4970799393780675,1.1115441282958354,1.9573241628309965,-0.12894374438163922,0.040873801998944456,0.0,-0.007000000000000006
129.5498764514923,-44.8580093824577,0.5816897085527197,1.1136074658886557,1.9563594811961156,-0.13296250675754007,0.04104405907677947,0.0,-0.007000000000000006
129.5998764038086,-44.80920552301958,0.6669196345326959,1.1156940500236487,1.9551552380571073,-0.1201947954052434,0.04140084131392226,0.0,-0.007000000000000006
129.64987635612488,-44.76089705160615,0.751347951336804,1.1178045544599835,1.9558496836351753,-0.1274875328302365,0.04168224110172862,0.0,-0.007000000000000006
129.69987630844116,-44.71303749974468,0.8353954203251968,1.1199230811219127,1.9546013955441417,-0.1283901010668529,0.042145760650035356,0.0,-0.007000000000000006
129.74987626075745,-44.66492123361393,0.9201490804460021,1.1220644109768565,1.9543028308393569,-0.12346645049452787,0.042434031536301896,0.0,-0.007000000000000006
129.79987621307373,-44.61729379126091,1.004284303565753,1.1242000995786579,1.9532822898504139,-0.1281077571477369,0.042580137988701805,0.0,-0.007000000000000006
129.84987616539001,-44.569448708792514,1.088839726961256,1.1263825168955033,1.953803342086131,-0.13070315925452322,0.043012925638370544,0.0,-0.007000000000000006
129.8998761177063,-44.521419293852404,1.174310806393785,1.1285232209191165,1.9538429492164109,-0.11911745424322115,0.042981552714603674,0.0,-0.007000000000000006
129.94987607002258,-44.47457331369159,1.2576290658780656,1.1306540960109466,1.9537319063396819,-0.1300232738155897,0.042786033705726915,0.0,-0.007000000000000006
129.99987602233887,-44.42648566189738,1.3435076755158268,1.1328242482748965,1.952848885190527,-0.1254733080342432,0.042881531949918505,0.0,-0.007000000000000006
130.04987597465515,-44.37844732116374,1.429663267706512,1.1349711735213805,1.9537376290865947,-0.12886747906322465,0.04267982763091073,0.0,-0.007000000000000006
130.09987592697144,-44.33112648072566,1.514660057202714,1.137084126904296,1.9533514754717372,-0.1318379842487659,0.04228453284368545,0.0,-0.007000000000000006
130.14987587928772,-44.28362845526513,1.600177234296696,1.1391992911026743,1.9527583225098284,-0.13679862892952516,0.04201485640725607,0.0,-0.007000000000000006
130.199875831604,-44.236075059160264,1.686151917072884,1.1412907782853106,1.9520507017738955,-0.12989695603528642,0.04192092139962835,0.0,-0.007000000000000006
130.2498757839203,-44.18871035761388,1.7719950353309633,1.1433840301958007,1.9522140307576465,-0.1340571685458387,0.04156751872083871,0.0,-0.007000000000000006
130.29987573623657,-44.14184055118561,1.857309189979837,1.1454393994664493,1.9513557309682419,-0.1326758108916843,0.04142486763760645,0.0,-0.007000000000000006
130.34987568855286,-44.09436751547857,1.9440574990235298,1.1475138313456643,1.9507218247819158,-0.13101762450490717,0.041112490088951445,0.0,-0.007000000000000006
130.39987564086914,-44.047709977547804,2.029538933364143,1.1495660295141834,1.9500193829004584,-0.1320691586074812,0.04102556641253185,0.0,-0.007000000000000006
130.44987559318542,-44.00115922028134,2.114965296519546,1.1516395346407884,1.9497720808894095,-0.1332225440141435,0.04131218629125,0.0,-0.007000000000000006
130.4998755455017,-43.95443690090796,2.201471651208717,1.1537347218248764,1.9482189309558884,-0.1392527157406052,0.04125877466790315,0.0,-0.007000000000000006
130.549875497818,-43.90875936265524,2.2865922218975165,1.1557543834020307,1.9476919556096741,-0.1385409794722561,0.04087065283953892,0.0,-0.007000000000000006
130.59987545013428,-43.86328761827836,2.3717563752542627,1.1577627102423598,1.947221187400688,-0.1334988839995796,0.04053054570616037,0.0,-0.007000000000000006
130.64987540245056,-43.81781465354731,2.4574266914943452,1.1597662259594588,1.9461152991969286,-0.1305621653577249,0.04025072331298388,0.0,-0.007000000000000006
130.69987535476685,-43.77198510762569,2.544033401430022,1.1618298394211086,1.9460526894823145,-0.13152709612169872,0.04043526350215795,0.0,-0.007000000000000006
130.74987530708313,-43.72667753520899,2.630278876011767,1.1638554986328609,1.9455970292579878,-0.13225570132790815,0.040625786281524405,0.0,-0.007000000000000006
130.7998752593994,-43.68158652790782,2.7164988813562494,1.1658911005759387,1.9455836052716378,-0.130277738839301,0.04053211956155618,0.0,-0.007000000000000006
130.8498752117157,-43.63640422162639,2.803434128452145,1.167973354778992,1.9464026465657926,-0.1335220887488551,0.04088653350919644,0.0,-0.007000000000000006
130.89987516403198,-43.59197141882472,2.8897469710894117,1.170035561484805,1.9462068848892926,-0.1318594277057368,0.04128375081094015,0.0,-0.007000000000000006
130.94987511634827,-43.547502174049555,2.976562336630076,1.1721035473245407,1.9468616165177413,-0.13439906382507272,0.04126580285493328,0.0,-0.007000000000000006
130.99987506866455,-43.502799806765445,3.0644222002295223,1.1741702140147827,1.94712202778771,-0.1336838638050696,0.04104085148472677,0.0,-0.007000000000000006
131.04987502098083,-43.45878621490114,3.1511753283871773,1.1762482320463474,1.947857092450482,-0.13509290477413102,0.041160853643419856,0.0,0.0
131.09987497329712,-43.4149494123931,3.238051466901999,1.178333889843441,1.948746112819583,-0.13434784435171185,0.04135255512693842,0.0,0.0
131.1498749256134,-43.37080064949021,3.3259540401186425,1.180437290800079,1.9491744383646117,-0.12554070781244225,0.041720930655514916,0.0,0.006000000000000005
131.1998748779297,-43.32749885364823,3.412760986526498,1.1824738227000875,1.9494885069775736,-0.1217703171785572,0.04132552399919028,0.0,0.006000000000000005
131.24987483024597,-43.28435720681526,3.499743793632153,1.184520982263552,1.9497167687297239,-0.1344581985574416,0.040911344312703705,0.0,0.01200000000000001
131.29987478256226,-43.24070720629307,3.5884461229344886,1.1865968894846093,1.9498374204812237,-0.13443056695773012,0.040642469279626045,0.0,0.01200000000000001
131.34987473487854,-43.19801390050005,3.6756459768827057,1.1886078294815807,1.9503704009964609,-0.13227221294860397,0.0404648645279818,0.0,0.018000000000000016
131.39987468719482,-43.155230639135844,3.7632635221529873,1.190631619155117,1.950216726072508,-0.13701547251316193,0.040204636376845806,0.0,0.018000000000000016
131.4498746395111,-43.11251711965427,3.8509591145219955,1.192660684134976,1.9499849869162682,-0.13127085112809994,0.04032794743772001,0.0,0.02400000000000002
131.4998745918274,-43.07052549861299,3.9377288321972164,1.1946815930097154,1.9486719901712308,-0.13446256025374168,0.040231832232836495,0.0,0.02400000000000002
131.54987454414368,-43.02851351393551,4.024746282529498,1.1967163278468722,1.9466832272957335,-0.12992936398958785,0.040374743374820714,0.0010000000000000009,0.030000000000000027
131.59987449645996,-42.98657355881365,4.111928807902236,1.1987434372786516,1.944553872608345,-0.12823865720859046,0.04034230033401315,0.0010000000000000009,0.030000000000000027
131.64987444877625,-42.9452896785081,4.198133588497585,1.2007404921296883,1.942687260639238,-0.13375017344826204,0.04022321838282136,0.0020000000000000018,0.03600000000000003
131.69987440109253,-42.90344544745893,4.285945145075986,1.2028270030055876,1.9393007203008257,-0.13458921655323797,0.04039272394429259,0.0020000000000000018,0.03600000000000003
131.7498743534088,-42.861735164004365,4.373917400581203,1.204892773492119,1.9353076415902113,-0.13569337336414924,0.04061397790009834,0.0040000000000000036,0.04200000000000004
131.7998743057251,-42.82103788706742,4.460420432561554,1.2068691988106692,1.9317434220440834,-0.1375311401856365,0.04006859090326168,0.0040000000000000036,0.04200000000000004
131.84987425804138,-42.78033259332939,4.5472771297122305,1.2088773738424634,1.9284411513926536,-0.13468669589181997,0.03978284573899427,0.0050000000000000044,0.04800000000000004
131.89987421035767,-42.73963809548876,4.634936616036517,1.2108592974071626,1.9252855715318709,-0.12876323410637835,0.03942156144728293,0.0050000000000000044,0.04800000000000004
131.94987416267395,-42.69934327222551,4.721794438225935,1.212856510349757,1.9227480409635351,-0.130757500884558,0.039387564689331536,0.006000000000000005,0.05400000000000005
131.99987411499023,-42.65941413718755,4.808486705697726,1.2148056270062608,1.9199693243090725,-0.12928072797343612,0.03934818037262916,0.006000000000000005,0.05400000000000005
132.04987406730652,-42.61953665007541,4.8956527994062,1.2167731044705108,1.916572955978856,-0.12927832802795677,0.039166578611002104,0.008000000000000007,0.06000000000000005
132.0998740196228,-42.57973960875091,4.983334472104679,1.2187633872018708,1.9144726567041788,-0.13028978829629687,0.039172194151805985,0.008000000000000007,0.06000000000000005
132.1498739719391,-42.54047268280396,5.070431225073755,1.22070690582769,1.9096759106831698,-0.13333179410821303,0.03888433358664152,0.009000000000000008,0.06599999999999995
132.19987392425537,-42.50147807974661,5.157155391890757,1.2226637821107762,1.9049122693566056,-0.13347219340383334,0.03883645787224524,0.009000000000000008,0.06599999999999995
132.24987387657166,-42.46244555541439,5.244570317497297,1.2246246960277352,1.9011048771080261,-0.1293475371520397,0.038931461130689696,0.01100000000000001,0.07199999999999995
132.29987382888794,-42.42445836480466,5.330255480811197,1.2265482517821413,1.8979116311516513,-0.12115701736040593,0.03881618314355155,0.01100000000000001,0.07199999999999995
132.34987378120422,-42.38567135768418,5.4181804099474515,1.2285245488718486,1.8925953624889678,-0.12539720509644434,0.03857736469625018,0.01200000000000001,0.07799999999999996
132.3998737335205,-42.34712141100429,5.505790203043821,1.2305222269191158,1.8879876846837453,-0.12765106089621106,0.03886099378884794,0.01200000000000001,0.07799999999999996
132.4498736858368,-42.310076369674746,5.59043478850532,1.2324467709341873,1.884605291137997,-0.12981808477743442,0.03903453125686153,0.014000000000000012,0.08399999999999996
132.49987363815308,-42.272349803829115,5.677902893888333,1.2344565698838306,1.8799871447369565,-0.1266582833607345,0.03908178743567385,0.014000000000000012,0.08399999999999996
132.54987359046936,-42.2351822234614,5.764365599071822,1.2364393994382328,1.8750269973505178,-0.1313693569811854,0.03894439207772977,0.015000000000000013,0.08999999999999997
132.59987354278564,-42.198602127375636,5.84982520610743,1.2383764615102162,1.8714614628378698,-0.12355415652100712,0.03879216365531321,0.015000000000000013,0.08999999999999997
132.64987349510193,-42.16277014742427,5.933740242847809,1.2402664126611203,1.8679633078482505,-0.1276096434616663,0.038427137752787506,0.016000000000000014,0.09599999999999997
132.6998734474182,-42.126550794724864,6.019831764129019,1.2421849528222315,1.8640778514515142,-0.12246456629235668,0.03787932746306822,0.016000000000000014,0.09599999999999997
132.7498733997345,-42.090761742775314,6.105099827118611,1.2440361686818167,1.8587352707299651,-0.1258683921489517,0.037071151304590585,0.018000000000000016,0.10199999999999998
132.79987335205078,-42.055870422015694,6.188050508504887,1.2458316727169076,1.8553710447885898,-0.12749663289167062,0.03657181567711975,0.018000000000000016,0.10199999999999998
132.84987330436707,-42.019334467454755,6.275281564919731,1.2476492102686432,1.8523579934161352,-0.13031464261048928,0.0357387812697093,0.019000000000000017,0.10799999999999998
132.89987325668335,-41.98397185818801,6.3599897667335705,1.2493658488617188,1.8492195856567686,-0.12061736505279873,0.03488136986430378,0.019000000000000017,0.10799999999999998
132.94987320899963,-41.94836612872704,6.445389236004469,1.2510524044125448,1.846984801569977,-0.13205579409566914,0.033718420569194635,0.02100000000000002,0.11399999999999999
132.99987316131592,-41.91276732542005,6.530960879518388,1.2527011929475762,1.8438292748111402,-0.1344594659943562,0.032857345958634654,0.02100000000000002,0.11399999999999999
133.0498731136322,-41.878422817077265,6.613969071319877,1.2542534411740618,1.841322150343559,-0.13139391744861956,0.03215085647792022,0.02200000000000002,0.121
133.0998730659485,-41.84365266470142,6.6984276066165,1.2558021416848266,1.8388022525658894,-0.12987489290246873,0.03131992206996631,0.02200000000000002,0.121
133.14987301826477,-41.80841668922331,6.784208029793299,1.2573464476144356,1.836576718497274,-0.12530262614880597,0.030673642337867207,0.02200000000000002,0.121
133.19987297058105,-41.773534206834256,6.869357597474736,1.2588544455701338,1.834768723892908,-0.12416099519380194,0.03018945451792267,0.02200000000000002,0.121
133.24987292289734,-41.73876202205463,6.954391064011083,1.260336628927212,1.8337855568125123,-0.1251640023115704,0.0297051744793715,0.02200000000000002,0.121
133.29987287521362,-41.70357548148473,7.040719877081679,1.2617932773277254,1.8327238545433844,-0.12765290571864776,0.028919365567044962,0.02200000000000002,0.121
133.3498728275299,-41.66965089597796,7.124215857845767,1.2631662376051862,1.8319987024195132,-0.1294864739435511,0.028110419951761514,0.02200000000000002,0.121
133.3998727798462,-41.6351420787976,7.209324899198707,1.2645368780840898,1.8321199994859287,-0.12687504538260794,0.027612509147644997,0.02200000000000002,0.121
133.44987273216248,-41.59974164147583,7.296835129866514,1.2659092814039505,1.832754072743733,-0.12792870646977603,0.026838705041703766,0.02200000000000002,0.121
133.49987268447876,-41.56604043775601,7.380919083322886,1.2672076746475056,1.8325043948444257,-0.1286215531219057,0.026191029840587337,0.02200000000000002,0.121
133.54987263679504,-41.533317267987904,7.462805628738102,1.2684358861188478,1.8326181559029697,-0.1296914528861774,0.025443799334655643,0.02200000000000002,0.121
133.59987258911133,-41.49944008187464,7.547524042886152,1.2697165103166135,1.8326609309860675,-0.12936879147387836,0.025230339933498415,0.02200000000000002,0.121
133.6498725414276,-41.46571441300438,7.632388228414157,1.2709389230093224,1.8324721977606022,-0.1276274335739811,0.02471360611775058,0.02200000000000002,0.121
133.6998724937439,-41.43219626016932,7.717179226547249,1.2721925899350002,1.8316673596485995,-0.12620697119222274,0.024500497267562066,0.02200000000000002,0.121
133.74987244606018,-41.39978538682538,7.799851299046077,1.2733353107521634,1.8304288185651112,-0.12463714252125176,0.02384532666331644,0.02200000000000002,0.121
133.79987239837646,-41.36704779164819,7.883778145384602,1.274446376906681,1.830393132787405,-0.12582186378233226,0.022725249548575775,0.02200000000000002,0.121
133.84987235069275,-41.33430826845725,7.967701004622152,1.2755501434213912,1.8301370982512435,-0.12753457580111247,0.02212593697095793,0.02200000000000002,0.121
133.89987230300903,-41.30150146488061,8.051938671552296,1.2766209752389102,1.8297269546035415,-0.12452746088458658,0.021452442185512274,0.02200000000000002,0.121
133.94987225532532,-41.26793211025899,8.13850476608596,1.2776836684865716,1.8289186838813651,-0.12117857211797797,0.021005734082509102,0.02200000000000002,0.121
133.9998722076416,-41.23612802524166,8.220811248352438,1.278676391282436,1.828554948632487,-0.11941592036126494,0.020583859187311832,0.02200000000000002,0.121
134.04987215995789,-41.20342666947808,8.305486854638104,1.2796550426786641,1.8282514340452856,-0.1162980182923427,0.01996061760256824,0.02200000000000002,0.121
134.09987211227417,-41.1702260556008,8.391047164767228,1.280638065440171,1.828124103556401,-0.11593177416205395,0.01939215424811328,0.02200000000000002,0.121
134.14987206459045,-41.13701744000619,8.477119827925133,1.281589880174906,1.8274384627727422,-0.11999280176700824,0.018773036217753322,0.02200000000000002,0.121
134.19987201690674,-41.10509581108616,8.560245163473365,1.2824735678893473,1.8272817853529932,-0.12023337209803876,0.01820221882543131,0.02200000000000002,0.121
134.24987196922302,-41.0720916845473,8.645771940851255,1.2833844254144104,1.8260016964531987,-0.12284186013737446,0.017985675576253118,0.02200000000000002,0.121
134.2998719215393,-41.03972013133615,8.729594129455634,1.2841981368281647,1.8251509414935243,-0.12520658665698747,0.016960086944025187,0.02200000000000002,0.121
134.3498718738556,-41.00713584830326,8.814447200075431,1.284985282686839,1.8244911349103192,-0.12229995826332603,0.01602056106809879,0.02200000000000002,0.121
134.39987182617188,-40.97448954692446,8.899729675070612,1.2857564426633692,1.823414660340286,-0.12079984409967344,0.015377782440147718,0.02200000000000002,0.121
134.44987177848816,-40.94214655749206,8.984557465732118,1.2864886855197426,1.823021351231937,-0.11062615790929592,0.014967807490234346,0.02200000000000002,0.121
134.49987173080444,-40.909971514406344,9.067826855542103,1.2872059940361988,1.820911895230194,-0.11701935804705157,0.01439459603716369,0.02200000000000002,0.121
134.54987168312073,-40.87700606693997,9.153915475590438,1.2878837425194378,1.819378481556397,-0.11989948096559196,0.01343944740608118,0.02200000000000002,0.121
134.599871635437,-40.84577540896652,9.235652234157774,1.2885314718653649,1.8181655956573957,-0.12410230151616135,0.013038935470209864,0.02200000000000002,0.121
134.6498715877533,-40.81385607378701,9.319812081579737,1.2891541449976645,1.8163541742880567,-0.11553443847190079,0.012701068336628634,0.02200000000000002,0.121
134.69987154006958,-40.781585728747245,9.403368496680855,1.2897726333227715,1.8137772326235273,-0.12633958094769338,0.012103232609808954,0.02200000000000002,0.121
134.74987149238586,-40.74969607528487,9.486358576225264,1.2903789911463535,1.8118123899285516,-0.1194297516796843,0.011961058874594147,0.02200000000000002,0.121
134.79987144470215,-40.71803579215623,9.569493881457193,1.2909384870554685,1.8101244209915084,-0.12337446393797612,0.011507448988520703,0.02200000000000002,0.121
134.84987139701843,-40.68575463330134,9.654681175334845,1.2914667159327973,1.8080217308468929,-0.11552342445382323,0.010731637017983412,0.02200000000000002,0.121
134.89987134933472,-40.65466184009546,9.736381476630882,1.2919934042455423,1.8069048772542493,-0.11558512524024844,0.010509100759852194,0.02200000000000002,0.121
134.949871301651,-40.6230789945074,9.820126766395637,1.2924706595435689,1.8049952177227613,-0.11397659702837959,0.009970032764679998,0.02200000000000002,0.121
134.99987125396729,-40.59135676012457,9.904984442293879,1.2928918092120396,1.8039060936915616,-0.10991115527131892,0.008955406616063671,0.02200000000000002,0.121
135.04987120628357,-40.55997002952962,9.989019083111149,1.2932970726744184,1.8026156414675587,-0.11416842689004085,0.00802295777740812,0.02200000000000002,0.121
135.09987115859985,-40.52892592819164,10.072200997922556,1.2936838378478843,1.802332282932786,-0.11445662411688819,0.007548165460038805,0.02200000000000002,0.121
135.14987111091614,-40.49669589022894,10.15919011151058,1.2940501455891336,1.8014505557045313,-0.11619253803841482,0.007114300356776151,0.02200000000000002,0.121
135.19987106323242,-40.46647472423146,10.241262125474345,1.2943734238843756,1.800912609692417,-0.1221360706464469,0.006493835961345597,0.02200000000000002,0.121
135.2498710155487,-40.43524180380924,10.326001242032254,1.2946997663795683,1.8008921434551393,-0.11699209352427943,0.006262052900148379,0.02200000000000002,0.121
135.299870967865,-40.40399183527576,10.410638070907012,1.2950101493476849,1.8008591740545414,-0.1109569502807115,0.006069441509086497,0.02200000000000002,0.121
135.34987092018127,-40.372741411690306,10.495516446848722,1.2953273302520971,1.8001083247697593,-0.11455552359015643,0.00584653027274512,0.02200000000000002,0.121
135.39987087249756,-40.34187539202328,10.579651147318183,1.295643186274514,1.8005739744589908,-0.10823959004092944,0.0060708361592198634,0.02200000000000002,0.121
135.44987082481384,-40.31076566800673,10.664857945314445,1.295941631424789,1.7999723577378381,-0.11150777816340529,0.005738508520398811,0.02200000000000002,0.121
135.49987077713013,-40.28011517557829,10.748504482271017,1.296232269765468,1.7986157540654897,-0.11095964043779706,0.005460729376533173,0.02200000000000002,0.121
135.5498707294464,-40.24870925037697,10.834222269863524,1.2965458701801946,1.797752779353685,-0.11782431077983253,0.005398461476998891,0.02200000000000002,0.121
135.5998706817627,-40.218893435628615,10.916189508186285,1.2967861982943243,1.796889548144485,-0.1128819114742417,0.0052316105710869965,0.02200000000000002,0.121
135.64987063407898,-40.18794247349787,11.000950592172261,1.2970825243591175,1.796008047926245,-0.11782761322188577,0.005209713997688525,0.02200000000000002,0.121
135.69987058639526,-40.15721296996092,11.084347417727466,1.297362848700965,1.7943299018439816,-0.1237057776425054,0.005186848953713505,0.02200000000000002,0.121
135.74987053871155,-40.126960448309156,11.166956646178356,1.297587691262994,1.7935026692222595,-0.11749885715760082,0.004895750066661045,0.02200000000000002,0.121
135.79987049102783,-40.09604728315161,11.251917530354223,1.297760798383318,1.792438160804513,-0.11382486094000205,0.003859475839482535,0.02200000000000002,0.121
135.84987044334412,-40.064945029707275,11.336794190516908,1.2979239896798516,1.7908635229194372,-0.11270357127496605,0.003092017056494785,0.02200000000000002,0.121
135.8998703956604,-40.03442732708359,11.41935709098661,1.298055033823372,1.7900170479032562,-0.11114875822341455,0.0025021310871504833,0.02200000000000002,0.121
135.94987034797668,-40.00334610359646,11.503599582131866,1.298200032216986,1.7891255473182224,-0.11072852537352137,0.0024111331451387003,0.02200000000000002,0.121
135.99987030029297,-39.97263693930706,11.587431876875574,1.298296298846227,1.7888223493085469,-0.11262028556521861,0.002020533423595996,0.02200000000000002,0.121
136.04987025260925,-39.941659122027374,11.671742722360587,1.2983694650917235,1.7888467719092103,-0.10721611655066783,0.0017088637225686285,0.02200000000000002,0.121
136.09987020492554,-39.91021500218882,11.756927606287059,1.298414184468855,1.7885827881277856,-0.11506360357397953,0.0008271540811393453,0.02200000000000002,0.121
136.14987015724182,-39.878698200230154,11.84309978959217,1.2984237289773637,1.789755694739305,-0.10646132358087358,0.00036394156716017874,0.02200000000000002,0.121
136.1998701095581,-39.84870688252391,11.925534716299525,1.2984336982234064,1.7890376811310638,-0.11114197993235739,-1.5051564438750637e-05,0.02200000000000002,0.121
136.2498700618744,-39.817578977874405,12.010881235964346,1.2984514878572853,1.7892972907414213,-0.10064504545011846,0.00012788456306913714,0.02200000000000002,0.121
136.29987001419067,-39.78664946336343,12.095196658516722,1.2984655361557866,1.7889016323069757,-0.10215301845083752,2.5808596671647882e-05,0.02200000000000002,0.121
136.34986996650696,-39.754989640319316,12.182006608787622,1.2984907874141147,1.7895864028691717,-0.10108766750818801,9.46413591417185e-05,0.02200000000000002,0.121
136.39986991882324,-39.72471862559506,12.26566768250544,1.2984977369521908,1.790107636775607,-0.10089020741596187,5.4600286065056455e-05,0.02200000000000002,0.121
136.44986987113953,-39.694188580004685,12.350327647472431,1.2985207570180834,1.7904112291564536,-0.09854876357891965,0.00011625445618068938,0.02200000000000002,0.121
136.4998698234558,-39.663858656672645,12.433346322320883,1.2985498846482386,1.7901025617085535,-0.10044842104598553,0.00010626167579635006,0.02200000000000002,0.121
136.5498697757721,-39.6325670066677,12.519711008771711,1.2985485320001018,1.7904091400971092,-0.10334062483092071,-0.00010011700526622253,0.02200000000000002,0.121
136.59986972808838,-39.60295857728171,12.601745365291057,1.2985328606795075,1.790252168433645,-0.11069328558773549,-0.0004330942391385586,0.02200000000000002,0.121
136.64986968040466,-39.572257818298255,12.687226378784842,1.298485898659825,1.7902621227528026,-0.10575899312708605,-0.0008023280648098962,0.02200000000000002,0.121
136.69986963272095,-39.54212760796137,12.76971336297585,1.2983967908616099,1.7904748072780954,-0.10629617897380089,-0.0014699377700890784,0.02200000000000002,0.121
136.74986958503723,-39.51142371287611,12.85441672430827,1.2982491628099762,1.7906654310172638,-0.1015487803186973,-0.0024378797123774665,0.02200000000000002,0.121
136.79986953735352,-39.48157088287859,12.937027452273805,1.2980881520980654,1.7905454973099009,-0.09932825854165574,-0.0031798733928452665,0.02200000000000002,0.121
136.8498694896698,-39.450952504689326,13.021363942413007,1.2979071820543977,1.7911158687144577,-0.10194524743782998,-0.0037528849545331463,0.02200000000000002,0.121
136.89986944198608,-39.42032883397537,13.105055123975871,1.2976983715083121,1.7914132832425183,-0.10038911079492743,-0.004118438393578103,0.02200000000000002,0.121
136.94986939430237,-39.38954579483653,13.189484671549257,1.2974795314891263,1.7922325055144783,-0.10393535706842667,-0.0046159546930436834,0.02200000000000002,0.121
136.99986934661865,-39.358749054952305,13.274326486092914,1.297243378468807,1.7928877237530692,-0.10018072629545835,-0.004747064789729957,0.02200000000000002,0.121
137.04986929893494,-39.328096583175544,13.358449007966591,1.296997681842886,1.7938267496407583,-0.10791615442795727,-0.005104946565808887,0.02200000000000002,0.121
137.09986925125122,-39.29726435656356,13.442413697611117,1.2967529833137768,1.7940061313471602,-0.10814588220360817,-0.005295021370652041,0.02200000000000002,0.121
137.1498692035675,-39.26627347902606,13.527314085179666,1.2964902793889743,1.795660876043118,-0.10374012707884565,-0.005308024227125971,0.02200000000000002,0.121
137.1998691558838,-39.235368447008334,13.612211345406807,1.2962440276684009,1.7960826819559481,-0.1021646094122972,-0.005304213209986209,0.02200000000000002,0.121
137.24986910820007,-39.204424261037225,13.69705831080384,1.2960016104714436,1.79702891234676,-0.1045147155372498,-0.005230327086153073,0.02200000000000002,0.121
137.29986906051636,-39.1735015452754,13.781263940844584,1.2957891395582601,1.797830530891163,-0.10236268747008526,-0.0049602695810082986,0.02200000000000002,0.121
137.34986901283264,-39.14233430375971,13.8666448143401,1.2955616144401065,1.7981997343673453,-0.10580016487189219,-0.0048605223901125845,0.02200000000000002,0.121
137.39986896514893,-39.111369990969266,13.95181105602609,1.2953297282486906,1.7981244692431166,-0.10460977318564509,-0.004813914071788282,0.02200000000000002,0.121
137.4498689174652,-39.080727817074234,14.03612675931158,1.2951243690182834,1.798281293098021,-0.10576694011701998,-0.00462615900784773,0.02200000000000002,0.121
137.4998688697815,-39.049377866680224,14.121331860644585,1.2948967636370963,1.7974221029525923,-0.10397287616493839,-0.00465395238614331,0.02200000000000002,0.121
137.54986882209778,-39.01869384481662,14.204911227428365,1.2946784125068436,1.7969405348302738,-0.10507440117599658,-0.004696246914510295,0.02200000000000002,0.121
137.59986877441406,-38.98790522337708,14.289052075465696,1.2944479902556578,1.7964569424338908,-0.10836375477915634,-0.004721336474706664,0.02200000000000002,0.121
137.64986872673035,-38.95693411930856,14.374013332390888,1.2941965201283323,1.7961205514198775,-0.1083809549143249,-0.0049176782504411235,0.02200000000000002,0.121
137.69986867904663,-38.92577950927613,14.457794730668033,1.2939037224862353,1.7957398725125533,-0.09938181419332848,-0.005451206291836522,0.02200000000000002,0.121
137.74986863136292,-38.894248135463066,14.54284176258781,1.2936031790501161,1.7954664229818427,-0.10507002964205021,-0.005907306931408176,0.02200000000000002,0.121
137.7998685836792,-38.86356168799178,14.626102424334569,1.2932770234058737,1.7955484243011772,-0.1030181726670662,-0.006450132509492394,0.02200000000000002,0.121
137.84986853599548,-38.832467973309036,14.710208109993786,1.2929123142431287,1.795226483264447,-0.1019961021589477,-0.007043775261518993,0.02200000000000002,0.121
137.89986848831177,-38.80105544358885,14.794477159293852,1.2925338125199508,1.7953930929054376,-0.09602809038426295,-0.007519837608779872,0.02200000000000002,0.121
137.94986844062805,-38.76954431759846,14.879386219579922,1.2921436091569154,1.7952310395622173,-0.10408809887959809,-0.007974029761605965,0.02200000000000002,0.121
137.99986839294434,-38.73795441009493,14.965154830708576,1.2916988607925401,1.7956785275476155,-0.09860302252344777,-0.008319351926642756,0.02200000000000002,0.121
138.04986834526062,-38.70669389865607,15.04981117487548,1.2912718289543075,1.795887768869579,-0.1027725434337661,-0.008833234291864266,0.02200000000000002,0.121
138.0998682975769,-38.67600327505076,15.133008295395587,1.290818090075612,1.7962733863285363,-0.103712424165566,-0.009119173839401933,0.02200000000000002,0.121
138.1498682498932,-38.6451312424455,15.217203650249491,1.2903334335180683,1.7962985650003371,-0.09546814311998544,-0.009558935441051908,0.02200000000000002,0.121
138.19986820220947,-38.61432312416759,15.301715963682586,1.2898314535788071,1.7968168154605544,-0.09544742742647525,-0.01005461594698339,0.02200000000000002,0.121
138.24986815452576,-38.58287081063564,15.388198236508707,1.289308144729436,1.7966780812288823,-0.09261849003655281,-0.010348809510213712,0.02200000000000002,0.121
138.29986810684204,-38.55243637221058,15.47138217101736,1.2888631683881853,1.7978107853137535,-0.09891768043788066,-0.010084136947496254,0.02200000000000002,0.121
138.34986805915833,-38.52139228682432,15.556644139500536,1.2884140800314636,1.7978200077066795,-0.09573348682060868,-0.009458453555562834,0.02200000000000002,0.121
138.3998680114746,-38.49042879762505,15.64167492619738,1.2880155377430071,1.7973687254572484,-0.09491330629233019,-0.008689721281488474,0.02200000000000002,0.121
138.4498679637909,-38.459554916911145,15.726932842856959,1.287601439142917,1.7978569883254685,-0.0928859200629324,-0.008365100688817934,0.02200000000000002,0.121
138.49986791610718,-38.42893463990715,15.811039129278079,1.2872014969474468,1.7974556601373202,-0.09578266140055249,-0.008352271730982219,0.02200000000000002,0.121
138.54986786842346,-38.39768811772379,15.896827541614613,1.2868335560527893,1.7974717351608835,-0.0946778257312204,-0.007938992722261918,0.02200000000000002,0.121
138.59986782073975,-38.36746637416561,15.980002079257819,1.2864734724292928,1.7972001941294495,-0.0972941259465407,-0.007561544560426207,0.02200000000000002,0.121
138.64986777305603,-38.33696057065475,16.064124215996923,1.286098774792693,1.7965761479732067,-0.09558136052079001,-0.007590396262541407,0.02200000000000002,0.121
138.69986772537231,-38.30610834571414,16.148818763669112,1.2857458758944746,1.796170227580658,-0.09571182797535485,-0.0074655996728452065,0.02200000000000002,0.121
138.7498676776886,-38.27532328394171,16.23368022698454,1.28534678639596,1.7959020411483597,-0.09350847594171788,-0.0076939263678455815,0.02200000000000002,0.121
138.79986763000488,-38.24485577048541,16.31792838218384,1.2849047121830384,1.7954216298312913,-0.09257286300031092,-0.008394526368941085,0.02200000000000002,0.121
138.84986758232117,-38.21369228043525,16.403855165656143,1.284459726380671,1.7957770237208122,-0.08866401095057946,-0.008764023889913436,0.02200000000000002,0.121
138.89986753463745,-38.183187565060436,16.48772474847075,1.2840242316306416,1.7955609848049063,-0.09564302008527406,-0.00914813485133048,0.02200000000000002,0.121
138.94986748695374,-38.15179551717598,16.574136733490672,1.2835330751912202,1.7959549025474546,-0.09370511995218195,-0.009488586417913903,0.02200000000000002,0.121
138.99986743927002,-38.121685355924484,16.656894670177543,1.2830437627283096,1.795843369522299,-0.09566936710926624,-0.009913302423781804,0.02200000000000002,0.121
139.0498673915863,-38.09046079784533,16.742424128362853,1.2825051462771426,1.7962636791341289,-0.09364633350001814,-0.010519393860415513,0.02200000000000002,0.121
139.0998673439026,-38.059295153056695,16.827315923076704,1.2819374589725303,1.7965195327983252,-0.09033306078289277,-0.011186513823373202,0.02200000000000002,0.121
139.14986729621887,-38.02804533022169,16.912538971898957,1.2813448138626689,1.7969650683681402,-0.09200343258990783,-0.01180462441323854,0.02200000000000002,0.121
139.19986724853516,-37.996931201522145,16.99789927282254,1.280677085574341,1.7972686252436723,-0.09095749728238244,-0.012796465762504582,0.02200000000000002,0.121
139.24986720085144,-37.965744590020314,17.083309218455533,1.280004905795779,1.7975818462720827,-0.08790436492331889,-0.013503090677453342,0.02200000000000002,0.121
139.29986715316772,-37.93471095592838,17.16794626038798,1.2793642198283024,1.7979700929897644,-0.0860091222974617,-0.013517757415956318,0.02200000000000002,0.121
139.349867105484,-37.90303969161149,17.254267286548973,1.2787082262581644,1.7985333711914053,-0.09033039038238463,-0.013466389202388221,0.02200000000000002,0.121
139.3998670578003,-37.871965839638825,17.33891636472244,1.278066024729235,1.7987192975427828,-0.09024952097752872,-0.013173042901776007,0.02200000000000002,0.121
139.44986701011658,-37.8407736686405,17.424274248063153,1.277367704462429,1.7988660510152341,-0.09059626423241533,-0.013544082945282053,0.02200000000000002,0.121
139.49986696243286,-37.8096286903612,17.508441790203488,1.2767059672523338,1.7986324880353157,-0.09274856475893445,-0.013808221789415522,0.02200000000000002,0.121
139.54986691474915,-37.77809485223951,17.593544584596085,1.276055735158953,1.7983934649322184,-0.0925653460687381,-0.013459626139656598,0.02200000000000002,0.121
139.59986686706543,-37.746979380034205,17.677562452103583,1.2754152321641166,1.7977010359823558,-0.08843550722160072,-0.013110015105498654,0.02200000000000002,0.121
139.6498668193817,-37.716018291147186,17.761194131063466,1.2747736728335037,1.7976905259810227,-0.08886092788416539,-0.013122423392760745,0.02200000000000002,0.121
139.699866771698,-37.68363404412086,17.846341439044348,1.274136156325059,1.7966886004548643,-0.08465936981065618,-0.01292151936928914,0.02200000000000002,0.121
139.74986672401428,-37.65196481099021,17.929835416150794,1.2734977840849466,1.7966184010606887,-0.0839350256639892,-0.013011212331758542,0.02200000000000002,0.121
139.79986667633057,-37.61979435100683,18.014781430601644,1.2728359427693527,1.7958004048322174,-0.08898724219633221,-0.013080545733570054,0.02200000000000002,0.121
139.84986662864685,-37.588481526577674,18.096823877302427,1.2721975099183354,1.795628548340272,-0.09110182878600051,-0.013274526869440997,0.02200000000000002,0.121
139.89986658096313,-37.55552724382687,18.18208128017602,1.2715250848753785,1.796006496763976,-0.09065794384150216,-0.013347043382899122,0.02200000000000002,0.121
139.94986653327942,-37.52316043596882,18.265956612730974,1.2708534759605494,1.7959469597677105,-0.09544252026395214,-0.013653937434499684,0.02200000000000002,0.121
139.9998664855957,-37.49056363293505,18.350969815191636,1.2701087564273235,1.796270365437143,-0.09440405406537186,-0.014208856556048798,0.02200000000000002,0.121
140.049866437912,-37.45851239361336,18.43425121066285,1.269333555737336,1.7965497014265657,-0.08920052747458122,-0.015048051758848453,0.02200000000000002,0.121
140.09986639022827,-37.42576195738486,18.518646086544557,1.2685161366300068,1.7974296549602269,-0.08950697807036136,-0.01603007030077576,0.02200000000000002,0.121
140.14986634254456,-37.39271323273489,18.60450893145184,1.2676092217044528,1.7978326122425121,-0.08587489447607959,-0.01723689830364187,0.02200000000000002,0.121
140.19986629486084,-37.36025504478707,18.689046246345587,1.266686540178906,1.7990696663824044,-0.080303643712707,-0.018110281523977496,0.02200000000000002,0.121
140.24986624717712,-37.32769335724493,18.773006759314356,1.2657917431896086,1.8004079531118746,-0.08485446591608536,-0.018538687270297803,0.02200000000000002,0.121
140.2998661994934,-37.294467126703246,18.85797468265186,1.2648670976082346,1.7997412799624877,-0.08179844479104265,-0.018467619608121565,0.02200000000000002,0.121
140.3498661518097,-37.261614657880095,18.942548185856165,1.2639134832264671,1.8012904938882675,-0.08348151020914679,-0.018935333920400768,0.02200000000000002,0.121
140.39986610412598,-37.22908393093726,19.026542394081268,1.2629714560617304,1.8007715495250205,-0.08295419308191126,-0.01910514094179678,0.02200000000000002,0.121
140.44986605644226,-37.195977581798886,19.11232539450508,1.262015334950066,1.8021382869724087,-0.0869208301528058,-0.019216334856851564,0.02200000000000002,0.121
140.49986600875854,-37.16320973894773,19.19613399816526,1.2611062880798756,1.8017726705098462,-0.08286837539593847,-0.01865786159414857,0.02200000000000002,0.121
140.54986596107483,-37.13066097536025,19.279660208574974,1.260215231085465,1.8015256186054693,-0.08296428916655008,-0.018309864597471845,0.02200000000000002,0.121
140.5998659133911,-37.09794390691779,19.363769891352444,1.259337764368824,1.8014085738399244,-0.07505939243942172,-0.017791340825374796,0.02200000000000002,0.121
140.6498658657074,-37.06523407817724,19.447873377967493,1.2584840468699487,1.8012162351257377,-0.08077827658874737,-0.017505976395731666,0.02200000000000002,0.121
140.69986581802368,-37.032596563965136,19.530948265518035,1.2576637438867087,1.8005499853340141,-0.08044457677707516,-0.01698353074722602,0.02200000000000002,0.121
140.74986577033997,-36.99984643119806,19.61399141282109,1.2568911950605346,1.7995452306031552,-0.08410161034628776,-0.016322894948816048,0.02200000000000002,0.121
140.79986572265625,-36.96662056141661,19.698129125598445,1.2561277604860364,1.7996442315428798,-0.08928775857305872,-0.015775578854720185,0.02200000000000002,0.121
140.84986567497253,-36.93376091343599,19.781620120236262,1.2553375214929454,1.7993698067346469,-0.0893515392217475,-0.01562567746226908,0.02200000000000002,0.121
140.89986562728882,-36.90075806857196,19.865291300145,1.2545745451559285,1.7988502966525306,-0.09119057842058123,-0.015725752618504323,0.02200000000000002,0.121
140.9498655796051,-36.867682999479555,19.949585433046632,1.253740619241253,1.7987737231860628,-0.08664639540969386,-0.016234159224090623,0.02200000000000002,0.121
140.9998655319214,-36.83474610119087,20.033625040489976,1.2528848169352786,1.798497891486428,-0.0842962087271567,-0.016786520845117087,0.02200000000000002,0.121
141.04986548423767,-36.80149605313313,20.118157714065774,1.2520327712542747,1.797426040736627,-0.08194071281555627,-0.017143148134580035,0.02200000000000002,0.121
141.09986543655396,-36.76817949294335,20.20274607137158,1.2511600318732479,1.7977773517479383,-0.07758184182867055,-0.017362094321556585,0.02200000000000002,0.121
141.14986538887024,-36.735069448973015,20.28699710644887,1.2502658004137805,1.7978337609632435,-0.08165512809147353,-0.01785080739508195,0.02200000000000002,0.121
141.19986534118652,-36.70182332985166,20.37164622365182,1.2493502865063342,1.7976086620513019,-0.07385725699597344,-0.018030467855806826,0.02200000000000002,0.121
141.2498652935028,-36.6685086764162,20.45610242521531,1.2484729591510595,1.7972518518109015,-0.0778894879405551,-0.018118970219013167,0.02200000000000002,0.121
141.2998652458191,-36.63524511662205,20.540593903397426,1.247571429048362,1.7970534871596682,-0.07635139154151067,-0.01813020940876482,0.02200000000000002,0.121
141.34986519813538,-36.60209289252735,20.62495078587614,1.2466643283446284,1.7976580084794491,-0.07572532909517476,-0.01811016405044799,0.02200000000000002,0.121
141.39986515045166,-36.568862261083126,20.709667632687026,1.2457398883041604,1.797644124881882,-0.07751071326063139,-0.018371520846857926,0.02200000000000002,0.121
141.44986510276794,-36.5358600415797,20.793760201776106,1.2448268195138223,1.7976986379877993,-0.07384475066037702,-0.01848967131940103,0.02200000000000002,0.121
141.49986505508423,-36.50290202072408,20.87699384131121,1.2439480094807327,1.797332374586835,-0.07707468965622685,-0.01812696595110386,0.02200000000000002,0.121
141.5498650074005,-36.46960331166855,20.961470958645393,1.243002794344413,1.7971062376038618,-0.07144488344550139,-0.01832103416416165,0.02200000000000002,0.121
141.5998649597168,-36.436950083702236,21.044061579584145,1.2420908740620504,1.7977643553885965,-0.06975074891756566,-0.018551138327838758,0.02200000000000002,0.121
141.64986491203308,-36.403911479108665,21.127165530580267,1.2412151799233535,1.7985481039648799,-0.06827971255764284,-0.018193502065726938,0.02200000000000002,0.121
141.69986486434937,-36.370284864780025,21.211079647331587,1.240339762272593,1.797724350646514,-0.07710469886454598,-0.01796899970063776,0.02200000000000002,0.121
141.74986481666565,-36.336904336828496,21.29432178999759,1.2394619649799212,1.7986599720923016,-0.07261178655691664,-0.01771923804210976,0.02200000000000002,0.121
141.79986476898193,-36.30330996792639,21.37770616263803,1.2386114968153215,1.7985039677648287,-0.07433338008049056,-0.017497011511077597,0.02200000000000002,0.121
141.84986472129822,-36.26957952429957,21.461207511134013,1.237739974798112,1.7987024210753824,-0.07709035113999436,-0.01750224112937869,0.02200000000000002,0.121
141.8998646736145,-36.23529881297018,21.545350244578785,1.2368784787791451,1.79919612183557,-0.07522471808102943,-0.01739847639999423,0.02200000000000002,0.121
141.9498646259308,-36.20141441049034,21.628677801934725,1.2359785984167455,1.7985001593131136,-0.07499088568814426,-0.017863119078181586,0.02200000000000002,0.121
141.99986457824707,-36.16690968091096,21.713047266167546,1.2350921507555117,1.798413995375239,-0.07599682991546948,-0.017944839689080613,0.02200000000000002,0.121
142.04986453056335,-36.132769529722964,21.796282997489747,1.234174450168228,1.798200737290509,-0.07763482559859954,-0.018377112143535466,0.02200000000000002,0.121
142.09986448287964,-36.098048642142786,21.88040641313477,1.2332367072019912,1.7978346836623162,-0.07295821777147495,-0.01871920518145206,0.02200000000000002,0.121
142.14986443519592,-36.06360650863309,21.963964450831273,1.2322775332681055,1.796885066037175,-0.07047730917686838,-0.01927488537861187,0.02200000000000002,0.121
142.1998643875122,-36.02885052457574,22.04837912395419,1.2312870559421656,1.7970204995469614,-0.06839655654949377,-0.019601599481378754,0.02200000000000002,0.121
142.2498643398285,-35.994277208482686,22.132502477917882,1.230253935453302,1.7973691539640337,-0.0650755212780977,-0.020289541739190658,0.02200000000000002,0.121
142.29986429214478,-35.95965423387921,22.216364580736347,1.2292343410788429,1.7971820302927117,-0.06773799189019086,-0.020827680494885738,0.02200000000000002,0.121
142.34986424446106,-35.92459088151553,22.301295650165354,1.2281959440362133,1.7971624028961526,-0.06400673665350755,-0.02074183515440541,0.02200000000000002,0.121
142.39986419677734,-35.8900837273142,22.385105601942858,1.2271539318258688,1.7978968970659899,-0.06669036689068665,-0.020896035266497807,0.02200000000000002,0.121
142.44986414909363,-35.855664700565676,22.46849480323704,1.226145906469088,1.7980215996452824,-0.06811588351425961,-0.02089932074235301,0.02200000000000002,0.121
142.4998641014099,-35.8204776528672,22.552721092388218,1.2250845966004347,1.7975973889813497,-0.0631699056237317,-0.0207694312339516,0.02200000000000002,0.121
142.5498640537262,-35.78568787374321,22.63592640948476,1.2240523316021432,1.7976048323135403,-0.06197742904978576,-0.020879219220561514,0.02200000000000002,0.121
142.59986400604248,-35.75118961233568,22.718271295425478,1.223058073805172,1.7973426653832552,-0.06224032849362366,-0.02055419900148929,0.02200000000000002,0.121
142.64986395835876,-35.71594962007207,22.80264079539608,1.2220184973000765,1.796836062144664,-0.06451735718282006,-0.020467843044138644,0.02200000000000002,0.121
142.69986391067505,-35.68084057232694,22.88528943763578,1.221020783144165,1.7961883488692338,-0.05840986741051376,-0.02039433205995561,0.02200000000000002,0.121
142.74986386299133,-35.64585377003731,22.967879538125338,1.2200074721259275,1.7959413149071315,-0.061588775226491844,-0.020376318407156205,0.02200000000000002,0.121
142.79986381530762,-35.610447535011524,23.05151938626534,1.218991001491943,1.7965490434183,-0.062479866330235584,-0.0203567023359823,0.02200000000000002,0.121
142.8498637676239,-35.5750942237097,23.134393972407985,1.2180260398212013,1.7961045767035972,-0.062221405043133324,-0.019931695170669946,0.02200000000000002,0.121
142.89986371994019,-35.539402747892325,23.217504168950164,1.217066199290123,1.796041663341252,-0.06318536590319294,-0.019624149302150545,0.02200000000000002,0.121
142.94986367225647,-35.503269476384865,23.301580721565895,1.2161297846523191,1.7967471361459786,-0.06537512271118007,-0.019067279994678343,0.02200000000000002,0.121
142.99986362457275,-35.46778924494591,23.384326724872952,1.2151990417865524,1.7969673444324825,-0.06965683280647085,-0.018916086821093768,0.02200000000000002,0.121
143.04986357688904,-35.43189589708719,23.467548533606347,1.2143094885685772,1.797354013175865,-0.062367921222022005,-0.018330472934694843,0.02200000000000002,0.121
143.09986352920532,-35.39567217743752,23.551554335353888,1.2133850431496083,1.7977938739350119,-0.06636194713612278,-0.018447330208157593,0.02200000000000002,0.121
143.1498634815216,-35.35965089126135,23.635025081630435,1.2124828145642121,1.7982554191467024,-0.058281173478016424,-0.018225891478584087,0.02200000000000002,0.121
143.1998634338379,-35.32371118902127,23.718364052627702,1.2115862006479259,1.7981897895440573,-0.06806102232513228,-0.01834040306514329,0.02200000000000002,0.121
143.24986338615417,-35.287984192826364,23.80112282556432,1.2106963352878997,1.7990169065452837,-0.05732840518153383,-0.018019243506074863,0.02200000000000002,0.121
143.29986333847046,-35.25141739733627,23.885938688305803,1.2097520336124592,1.798800396301426,-0.06424689508710796,-0.01861038809449992,0.02200000000000002,0.121
143.34986329078674,-35.21553021408975,23.96909145119709,1.2088428212869706,1.7988711393635848,-0.06635083112956636,-0.018665563449228352,0.02200000000000002,0.121
143.39986324310303,-35.179538702183606,24.052609500605325,1.2079123629802009,1.7993669064356275,-0.06149532455411037,-0.018574893256466548,0.02200000000000002,0.121
143.4498631954193,-35.1431859629409,24.13680155054926,1.2069843263489302,1.7992005707054783,-0.05717314650120587,-0.018517114403337784,0.02200000000000002,0.121
143.4998631477356,-35.10741763970019,24.21968026899779,1.2060299278956246,1.7994164163924626,-0.058882344722632804,-0.01894280335485918,0.02200000000000002,0.121
143.54986310005188,-35.07208563516769,24.30178838351744,1.2050348129516908,1.798861976010304,-0.05625323157755798,-0.01966018789093004,0.02200000000000002,0.121
143.59986305236816,-35.03614186758947,24.385128207610727,1.2040208072096399,1.798512336150346,-0.05159513167974183,-0.0201668585058347,0.02200000000000002,0.121
143.64986300468445,-35.00018958952505,24.467892408301292,1.2030738026341323,1.7988001983216995,-0.05417747403492696,-0.019922788466947925,0.02200000000000002,0.121
143.69986295700073,-34.9644320041972,24.550506286907915,1.2020568104352225,1.7985016772986546,-0.05289921284030035,-0.01999596862360499,0.02200000000000002,0.121
143.74986290931702,-34.928378508713514,24.633691072982472,1.2010102439272208,1.7976445966553294,-0.05649994203396398,-0.02073782067485928,0.02200000000000002,0.121
143.7998628616333,-34.89326974614458,24.714294664967433,1.200014032262222,1.7970677556794366,-0.05464660496013026,-0.02079604355792335,0.02200000000000002,0.121
143.84986281394958,-34.857137312505856,24.797537472349628,1.1989200113612963,1.7969329477353706,-0.055812367294452325,-0.021299505950282245,0.02200000000000002,0.121
143.89986276626587,-34.82040228717751,24.88208300853395,1.1978098967178132,1.7963021762125981,-0.058196532443626284,-0.02190705301181509,0.02200000000000002,0.121
143.94986271858215,-34.78446643941395,24.9643213689219,1.1967617043114325,1.7962441442650185,-0.05771925912925717,-0.0218106749664601,0.02200000000000002,0.121
143.99986267089844,-34.748167681189905,25.047505365576086,1.1956528420268624,1.7965738320553586,-0.05425572091856646,-0.02186837959044432,0.02200000000000002,0.121
144.04986262321472,-34.711919353242514,25.130704816952303,1.1945268953897168,1.796584988972949,-0.05072644773822647,-0.022296433550013928,0.02200000000000002,0.121
144.099862575531,-34.675956773406455,25.21324125847594,1.1934316037142194,1.797336605542033,-0.05476658721802137,-0.022568707690054795,0.02200000000000002,0.121
144.1498625278473,-34.63929920207526,25.297054758860597,1.1923258257479352,1.798015285699394,-0.048164952240358,-0.022256585017212352,0.02200000000000002,0.121
144.19986248016357,-34.60270380286127,25.38053169775073,1.1912174138992204,1.7983233097590392,-0.050758134817199325,-0.022185090999362875,0.02200000000000002,0.121
144.24986243247986,-34.5662556118837,25.463553861016898,1.1900987571888866,1.7991769598614606,-0.053279740888530915,-0.022435263186837914,0.02200000000000002,0.121
144.29986238479614,-34.529649769771865,25.54648692494309,1.18900820684923,1.7995350881794292,-0.049400721871595575,-0.02233060679259014,0.02200000000000002,0.121
144.34986233711243,-34.492912375445066,25.629696089049368,1.1878748495798894,1.8005667003280543,-0.04879283893277297,-0.02249264691624313,0.02200000000000002,0.121
144.3998622894287,-34.45582919443599,25.713378153040978,1.186735912547307,1.8020026377890928,-0.05704503892514141,-0.022856373447660047,0.02200000000000002,0.121
144.449862241745,-34.4191514208735,25.79590761606796,1.1855895240638739,1.8020642061394878,-0.05295358521761902,-0.02297386092059417,0.02200000000000002,0.121
144.49986219406128,-34.382340174022396,25.878367606475354,1.1844445914822905,1.8023381331059376,-0.050942825718581525,-0.023194000468553588,0.02200000000000002,0.121
144.54986214637756,-34.34513774242669,25.96143802661757,1.1832638737860905,1.8019079680154186,-0.04935494364794924,-0.02339557851311223,0.02200000000000002,0.121
144.59986209869385,-34.308353561650556,26.043331773190328,1.1820915694168341,1.8017457471410925,-0.0455528199642984,-0.02358341696802356,0.02200000000000002,0.121
144.64986205101013,-34.271272922947304,26.125800700401136,1.1808799964933312,1.8023634382965306,-0.048836594182617495,-0.024119598839102318,0.02200000000000002,0.121
144.69986200332642,-34.23394310573506,26.208410854594227,1.1796837116376744,1.8018744991317774,-0.04740008712763837,-0.024268564104409484,0.02200000000000002,0.121
144.7498619556427,-34.19707353657394,26.28967053864331,1.178546297986832,1.80206776271135,-0.051138141429147445,-0.023993366721206017,0.02200000000000002,0.121
144.79986190795898,-34.15965178809814,26.372080013535545,1.1774087313085047,1.8019388381185317,-0.04855522716014675,-0.02322319296780478,0.02200000000000002,0.121
144.84986186027527,-34.121857891203454,26.45509724951748,1.1762901088828577,1.8021331375802732,-0.050324607953653164,-0.0226912705958926,0.02200000000000002,0.121
144.89986181259155,-34.084236906763095,26.537355086449313,1.1752260261029954,1.801674787004178,-0.049822237309523884,-0.02215534324556432,0.02200000000000002,0.121
144.94986176490784,-34.0466046969134,26.619797237055273,1.1741586686368926,1.8020228936439537,-0.04595502883179279,-0.021737922380561592,0.02200000000000002,0.121
144.99986171722412,-34.0085207381461,26.703019843204537,1.1731273500958923,1.8014390705278776,-0.03837852287642969,-0.02105603378919853,0.02200000000000002,0.121
145.0498616695404,-33.97098936506242,26.78509106055772,1.1721315027338643,1.801746254870979,-0.03999765090800593,-0.020521473709594205,0.02200000000000002,0.121
145.0998616218567,-33.933262370046506,26.86751206029545,1.1711646039348123,1.8015646787711999,-0.03372179641546039,-0.02006643741383902,0.02200000000000002,0.121
145.14986157417297,-33.89476692349342,26.95170753058392,1.1701518256821415,1.8019194744448617,-0.03581468913016975,-0.019987899127253426,0.02200000000000002,0.121
145.19986152648926,-33.85700857308772,27.034120093054767,1.1691650487086418,1.802279617675199,-0.03710904998187105,-0.01998542162382135,0.02200000000000002,0.121
145.24986147880554,-33.81924551039581,27.116505012361493,1.1681613113245544,1.8026915019393799,-0.03096789298930617,-0.020085537449624498,0.02200000000000002,0.121
145.29986143112183,-33.780769751869,27.200698734188823,1.1670843336046963,1.8035517227900897,-0.031331321905379524,-0.020896750662230318,0.02200000000000002,0.121
145.3498613834381,-33.74311098059232,27.282703580677445,1.1660431093206196,1.8030076802099586,-0.03677315720321789,-0.02134748687564705,0.02200000000000002,0.121
145.3998613357544,-33.705054998725906,27.36558855861771,1.164942310056419,1.803816875463936,-0.037555568698869404,-0.021802825829977543,0.02200000000000002,0.121
145.44986128807068,-33.6663888954081,27.449676113380736,1.1638091600367044,1.8044139515975985,-0.03360985617727382,-0.022247026711702346,0.02200000000000002,0.121
145.49986124038696,-33.62865096668049,27.530826408072702,1.1627239352818,1.804772099479653,-0.034484461203102085,-0.022380981211242157,0.02200000000000002,0.121
145.54986119270325,-33.59048650475245,27.613031667820213,1.1615790166504634,1.8044521800942368,-0.030395099876918182,-0.022615037766264612,0.02200000000000002,0.121
145.59986114501953,-33.55259034635208,27.694503879996624,1.1604453671258597,1.805103857220362,-0.02761157168003526,-0.022966948167109345,0.02200000000000002,0.121
145.64986109733582,-33.51359212957386,27.778010491838906,1.1593235615313873,1.8059478290740427,-0.02689418996279612,-0.02269971611196504,0.02200000000000002,0.121
145.6998610496521,-33.475112536545524,27.859685864368135,1.1582106202064173,1.8063619217307734,-0.025704993311762864,-0.02252138574972509,0.02200000000000002,0.121
145.74986100196838,-33.43652434767111,27.941489571272143,1.1571079838939609,1.8061189034588465,-0.02873797171654991,-0.02239194320945139,0.02200000000000002,0.121
145.79986095428467,-33.39768300013614,28.023916687707423,1.155977035545608,1.8059300537788068,-0.02900298323354632,-0.02256192859891418,0.02200000000000002,0.121
145.84986090660095,-33.35917405061264,28.105860329630524,1.154793507765601,1.8048941554835416,-0.018330359110669905,-0.02296809447295931,0.02200000000000002,0.121
145.89986085891724,-33.3214966417035,28.18820197730975,1.1532592932942196,1.801722327263902,0.012187703943487062,-0.026298568122764956,0.02200000000000002,0.121
145.94986081123352,-33.2843175006926,28.27215908202915,1.1513104349708463,1.8004425565096014,0.014729576541317966,-0.03372380898991011,0.02200000000000002,0.121
145.9998607635498,-33.24707451078895,28.35345474152275,1.149800757345475,1.8049625978277923,-0.005773948063772666,-0.03515356762413992,0.02200000000000002,0.121
146.0498607158661,-33.20792191504118,28.435585110939375,1.1486729787051875,1.8068926549177817,-0.02181846420733902,-0.029054017734322753,0.02200000000000002,0.121
146.09986066818237,-33.167811105096895,28.518825227773007,1.1475484868893966,1.8073105570019963,-0.01711310048413675,-0.02361889975379705,0.02200000000000002,0.121
146.14986062049866,-33.127218683826754,28.60159567287395,1.1466433865730838,1.8089118077331177,-0.0371103698852858,-0.020465423919943743,0.02200000000000002,0.121
146.19986057281494,-33.08822114847133,28.684087996222086,1.1452998181322185,1.814212970467266,0.03788347584097328,-0.020657340067579456,0.02200000000000002,0.121
146.24986052513123,-33.05057098645771,28.76880529045894,1.1431712585629485,1.822127250904244,-0.004643904799538093,-0.034025190684919396,0.02200000000000002,0.121
146.2998604774475,-33.0109950947336,28.851426389460535,1.1419375144012678,1.8034909037412499,-0.011550599786818118,-0.03360344105070346,0.02200000000000002,0.121
146.3498604297638,-32.97171236311833,28.933572466443138,1.140602595270487,1.809243061619766,-0.02607202072712769,-0.028719663591580225,0.02200000000000002,0.121
146.39986038208008,-32.93149339941733,29.01625783167967,1.1394902602099708,1.80891193239804,-0.020464887815855714,-0.024458372452877585,0.02200000000000002,0.121
146.44986033439636,-32.89155213465136,29.098102183764528,1.1383580197525636,1.8092155967012742,-0.020075719714464993,-0.02259195362737171,0.02200000000000002,0.121
146.49986028671265,-32.851270572874455,29.17919086605053,1.1372751100287501,1.8101321643309212,-0.022662509480023,-0.022283703181292153,0.02200000000000002,0.121
146.54986023902893,-32.81066753837829,29.261167813645603,1.1361042823089174,1.8109818226953307,-0.016831607369168524,-0.022678383048929596,0.02200000000000002,0.121
146.59986019134521,-32.77024577358002,29.3419718315371,1.1350716115401964,1.8115879089292286,-0.022948384461481994,-0.022227551172544036,0.02200000000000002,0.121
146.6498601436615,-32.72979579087447,29.423247517404725,1.1339459768954845,1.8120678742756609,-0.01901140342782965,-0.0222151249748661,0.02200000000000002,0.121
146.69986009597778,-32.688832901949844,29.50441122935294,1.1328847020265431,1.8128002367398237,-0.02534749813311711,-0.022074663003707987,0.02200000000000002,0.121
146.74986004829407,-32.648237829265646,29.585039910748712,1.1317923650274901,1.8142313566811432,-0.030374344976146998,-0.022161680348749217,0.02200000000000002,0.121
146.79986000061035,-32.60839188133004,29.66389156847647,1.130759657594465,1.8147871512823668,-0.030888206065399968,-0.02188064461688644,0.02200000000000002,0.121
146.84985995292664,-32.56631539010614,29.74615238414587,1.1298401032048602,1.815248246237583,-0.03946324861369455,-0.020413950108004317,0.02200000000000002,0.121
146.89985990524292,-32.52511624773314,29.8282001563565,1.1287002908093884,1.8137673250572468,-0.020263690301920965,-0.020355160269277254,0.02200000000000002,0.121
146.9498598575592,-32.48483112195764,29.90887977618654,1.1274949585435374,1.8153523197367634,-0.01741312569718262,-0.023195721594873216,0.02200000000000002,0.121
146.9998598098755,-32.443878345304384,29.99066831803972,1.1262788629721814,1.8146682277985404,-0.014846529596640479,-0.024454441267650603,0.02200000000000002,0.121
147.04985976219177,-32.40280336469581,30.07308056393957,1.1249868104166452,1.815612500843684,-0.01157158363741332,-0.02553867454814059,0.02200000000000002,0.121
147.09985971450806,-32.36184386338793,30.154832356884484,1.1237554990874192,1.8156040885743268,-0.013485041682409988,-0.0255949319449856,0.02200000000000002,0.121
147.14985966682434,-32.32088850156666,30.23661487741414,1.1225042770266638,1.8149449020085318,-0.015789625567312594,-0.025494987025192165,0.02200000000000002,0.121
147.19985961914062,-32.27988079275323,30.318461069213694,1.1212323870548546,1.8140917212406782,-0.014771180068393855,-0.025606957305988196,0.02200000000000002,0.121
147.2498595714569,-32.238962253469,30.39972474865993,1.1199670170170701,1.8141565370900983,-0.01693054078826609,-0.025761840174932993,0.02200000000000002,0.121
147.2998595237732,-32.1974538199851,30.481470041855836,1.1187135519279425,1.8133248573504939,-0.005969598584567167,-0.025568529843773825,0.02200000000000002,0.121
147.34985947608948,-32.15546475492473,30.56403964594761,1.11746967090833,1.8134164439492921,-0.01531370585637459,-0.025247174092653174,0.02200000000000002,0.121
147.39985942840576,-32.114328204785664,30.644951024316658,1.1162504603179149,1.8125287661349707,-0.016306598126471016,-0.024949179648782696,0.02200000000000002,0.121
147.44985938072205,-32.07299169197676,30.72605563979155,1.1150570322646518,1.8128140384798686,-0.009837062793978401,-0.024456316946579373,0.02200000000000002,0.121
147.49985933303833,-32.03141876153567,30.80645851585409,1.1138881473487878,1.8123142644977392,-0.009113641707176393,-0.024013738017377953,0.02200000000000002,0.121
147.54985928535461,-31.989641358320632,30.88735601881172,1.1127023582227322,1.8107165506835117,-0.00484282882540427,-0.02393042288384337,0.02200000000000002,0.121
147.5998592376709,-31.948467285365016,30.967095027038162,1.111532637506981,1.810648578524023,-0.004874774738267445,-0.02384742636649604,0.02200000000000002,0.121
147.64985918998718,-31.906471935962248,31.048695406083766,1.1102910796019612,1.8092751331492345,-0.009785894037111002,-0.024405747585303752,0.02200000000000002,0.121
147.69985914230347,-31.865126408149013,31.127998148991256,1.1090956467713815,1.8086674814089956,-0.007455306405664606,-0.024510491106432327,0.02200000000000002,0.121
147.74985909461975,-31.82334149959756,31.208316711108978,1.107857497465115,1.8074608850142124,-0.006017682356318249,-0.02470240305588395,0.02200000000000002,0.121
147.79985904693604,-31.782362758322442,31.287128368696933,1.1066237832707473,1.8070791269315227,-0.004839181141224072,-0.02499726668636043,0.02200000000000002,0.121
147.84985899925232,-31.740639804336872,31.367067807834978,1.105379530484535,1.8066031446926116,-0.0012567631519741606,-0.02517463465413937,0.02200000000000002,0.121
147.8998589515686,-31.6977432047349,31.448921416094244,1.1040965316636437,1.8077141509185422,-0.003572412317013279,-0.02550764693569231,0.02200000000000002,0.121
147.9498589038849,-31.65527677937701,31.529108370341152,1.1029489870850828,1.806350011617685,-0.014748019844680455,-0.024753739381992376,0.02200000000000002,0.121
147.99985885620117,-31.613144926706248,31.609320981274777,1.1016781095944874,1.8044781029874182,-0.0018398723387811318,-0.024579354347419435,0.02200000000000002,0.121
148.04985880851746,-31.57067587159992,31.69003961301922,1.1003696217147878,1.8046636820208277,-0.0047433755745790365,-0.025661674111200558,0.02200000000000002,0.121
148.09985876083374,-31.528197700418495,31.770186393923574,1.0991066681177426,1.8030665173360871,-0.0028167560178517115,-0.026008896570571132,0.02200000000000002,0.121
148.14985871315002,-31.485100262194084,31.85121587428555,1.0978674453595725,1.8053345608254758,-0.017179561081984367,-0.025793488321371908,0.02200000000000002,0.121
148.1998586654663,-31.441863036443337,31.930595519665722,1.0969394418496436,1.8067665756473337,-0.026665134683592086,-0.02268541369589121,0.02200000000000002,0.121
148.2498586177826,-31.398429556527187,32.01083399128944,1.0959070414854164,1.8044355769724623,-0.011523872151178803,-0.020123862548256613,0.02200000000000002,0.121
148.29985857009888,-31.355102547222874,32.09160130121962,1.0947310609663172,1.803918191974103,-0.013742758878898007,-0.02175431132839472,0.02200000000000002,0.121
148.34985852241516,-31.3122082275815,32.17182227054056,1.093503909835373,1.8024132481694817,-0.004390066089612758,-0.02371054947474001,0.02200000000000002,0.121
148.39985847473145,-31.269749264167892,32.25134453783844,1.0922501145710726,1.8015571371491934,-0.004149707803437491,-0.02510975827914093,0.02200000000000002,0.121
148.44985842704773,-31.226544699126695,32.33238608282346,1.0909306075266638,1.801372291069894,-0.0023066225514587844,-0.025951523645838057,0.02200000000000002,0.121
148.499858379364,-31.184341722212768,32.41155190349821,1.089644004603765,1.800593594385109,0.0009576318694655616,-0.026245916112423683,0.02200000000000002,0.121
148.5498583316803,-31.142293259327946,32.49034278251879,1.0883454520310278,1.8003547887627904,-0.0027789291973564457,-0.026471430058891632,0.02200000000000002,0.121
148.59985828399658,-31.099610407395055,32.57013701900727,1.087022054896103,1.7993425247877457,-0.003240686030968309,-0.026510951219008375,0.02200000000000002,0.121
148.64985823631287,-31.05695903754365,32.649789296950196,1.0856904994740482,1.7996610136260043,-0.0007316607216243626,-0.026616203057169458,0.02200000000000002,0.121
148.69985818862915,-31.01428351165555,32.72933088803122,1.0843692616781995,1.7998080038219768,-0.0024639826046862524,-0.026738357810414913,0.02200000000000002,0.121
148.74985814094543,-30.970874458074224,32.810110947277174,1.0829986774112548,1.7989031348297966,-0.0007935022402963581,-0.027002881014017384,0.02200000000000002,0.121
148.79985809326172,-30.92815058523721,32.88952815944232,1.0816231194160044,1.7991427395776638,0.0032892256836419605,-0.02734612126690985,0.02200000000000002,0.121
148.849858045578,-30.885115776422108,32.96938576246903,1.0802123168950366,1.799477151063146,0.003515460498709064,-0.02807661338082787,0.02200000000000002,0.121
148.8998579978943,-30.84254810569819,33.04801782212965,1.0788307931837895,1.798933011069292,0.005931667360339879,-0.028343835893980044,0.02200000000000002,0.121
148.94985795021057,-30.79855995991493,33.129074382858704,1.077400975563898,1.7993456676142083,0.010693966373009178,-0.0284088363223623,0.02200000000000002,0.121
148.99985790252686,-30.755692160700868,33.20787721855393,1.0760102028277518,1.799127556438542,0.00868460620401484,-0.028403200003258328,0.02200000000000002,0.121
149.04985785484314,-30.711628634938183,33.28780264571398,1.0747458426924759,1.8032110550517764,-0.01696433642169351,-0.027612718475962566,0.02200000000000002,0.121
149.09985780715942,-30.666113465342026,33.36719908912942,1.0739969076034586,1.809455381396004,-0.017070207935366268,-0.02119049266967947,0.02200000000000002,0.121
149.1498577594757,-30.621917609841617,33.44710788610078,1.0727386651275597,1.7956449955601044,0.00472789083662996,-0.020329577718454447,0.02200000000000002,0.121
149.199857711792,-30.578633803850032,33.5263494273311,1.0712950141962683,1.8000938350282982,0.008294433397383017,-0.025282532863817885,0.02200000000000002,0.121
149.24985766410828,-30.53486675611542,33.60613727482106,1.0698899705599034,1.799677027881846,0.004650303459938489,-0.028329053183348996,0.02200000000000002,0.121
149.29985761642456,-30.490685235586955,33.68635800401612,1.068510976211938,1.8007636700242797,0.004847639676435746,-0.028546945428815876,0.02200000000000002,0.121
149.34985756874084,-30.446711620308427,33.766008190617484,1.0671495661298125,1.8010872709020167,0.009407062886989871,-0.027895853922720898,0.02200000000000002,0.121
149.39985752105713,-30.402365385755115,33.84601587271871,1.0657754160945345,1.801881776883671,0.011148674897250912,-0.02753867147589658,0.02200000000000002,0.121
149.4498574733734,-30.358270416208224,33.925449912435795,1.0644142205783504,1.802423623031192,0.009185792896562014,-0.02749839956397113,0.02200000000000002,0.121
149.4998574256897,-30.31475771493406,34.00357320923256,1.0630410297391064,1.8024719372827727,0.012213767032160316,-0.02762004887762648,0.02200000000000002,0.121
149.54985737800598,-30.269938773865213,34.08381043077328,1.061645031404343,1.8027720009364192,0.009779095435042112,-0.027822862871016363,0.02200000000000002,0.121
149.59985733032227,-30.22678273611424,34.16095767023384,1.0602825096366233,1.8029862330289856,0.00880467204773966,-0.027893916842972755,0.02200000000000002,0.121
149.64985728263855,-30.181586269454964,34.241380897846156,1.0588868816328714,1.8033507437392222,0.008003175597734294,-0.02769106490885438,0.02200000000000002,0.121
149.69985723495483,-30.137016765129964,34.31956945745566,1.0575052459436842,1.8030125721907986,0.005866061836529744,-0.027703918146235348,0.02200000000000002,0.121
149.74985718727112,-30.092195066926703,34.39797147820611,1.0561303390204737,1.8019358895967041,0.011829053555173682,-0.027595621765466555,0.02200000000000002,0.121
149.7998571395874,-30.04755021348143,34.47591326261938,1.054759891015906,1.80176206834865,0.009887247468040202,-0.027624891700231274,0.02200000000000002,0.121
149.8498570919037,-30.001960733977093,34.554951498785165,1.0533596405383256,1.8011756436425412,0.012047708103259447,-0.027736271038805795,0.02200000000000002,0.121
149.89985704421997,-29.956500517902743,34.63312572474185,1.0519546132036632,1.8013067918546024,0.014910213274560059,-0.027981357201229344,0.02200000000000002,0.121
149.94985699653625,-29.91095692957413,34.71134058169393,1.0505387631287335,1.8016935409019406,0.01107503440695005,-0.02835941946522361,0.02200000000000002,0.121
149.99985694885254,-29.865534183444545,34.78927540046442,1.0491023995529642,1.80144733518649,0.010173423901700809,-0.028773162951153383,0.02200000000000002,0.121
150.04985690116882,-29.81993670408502,34.8671765801151,1.0476548678025892,1.8014174503423486,0.00781035320192386,-0.02893710031576461,0.02200000000000002,0.121
150.0998568534851,-29.774020069083292,34.9450384453939,1.0462135178011402,1.801630526232557,0.00838361287980299,-0.028983156865922826,0.02200000000000002,0.121
150.1498568058014,-29.727784938640422,35.02359351242543,1.0447225971844238,1.8016491509618344,0.010324043313826189,-0.02928882089374902,0.02200000000000002,0.121
150.19985675811768,-29.68155930212814,35.10194140233731,1.0432598572381275,1.8020943676633026,0.009883954856301643,-0.02923617333321505,0.02200000000000002,0.121
150.24985671043396,-29.635709040440712,35.17926320810162,1.041784096178055,1.8019518309860234,0.013108059378616185,-0.029449733475649546,0.02200000000000002,0.121
150.29985666275024,-29.589410428211206,35.25668061116493,1.0402992806444635,1.80294969024591,0.016549912802794452,-0.029631957932650627,0.02200000000000002,0.121
150.34985661506653,-29.542587985853885,35.334962917540324,1.0388054468769041,1.8026969462604103,0.015790681011666294,-0.0297564373159506,0.02200000000000002,0.121
150.3998565673828,-29.496230453520532,35.41233887316199,1.0373402320268044,1.8021293553832758,0.01054492764892331,-0.029643167758285783,0.02200000000000002,0.121
150.4498565196991,-29.44993385465929,35.4896313240631,1.035856691646055,1.8023799261010596,0.01815319578929824,-0.029530473241037004,0.02200000000000002,0.121
150.49985647201538,-29.403145553277373,35.56720979347573,1.0343346897340053,1.80244604949601,0.019969878450775427,-0.02987709165273264,0.02200000000000002,0.121
150.54985642433167,-29.356714907160832,35.644225355717744,1.0328000111512936,1.8018796697776347,0.015951204445874268,-0.030580600015781445,0.02200000000000002,0.121
150.59985637664795,-29.310705474271572,35.72042980713615,1.0312767706268735,1.8013123411271759,0.01224988252567422,-0.030755533468337887,0.02200000000000002,0.121
150.64985632896423,-29.264257234716087,35.79735266952357,1.029730946156468,1.8003898526674726,0.012532671153490306,-0.030857577631149286,0.02200000000000002,0.121
150.69985628128052,-29.2174162955962,35.874719852425514,1.0281561258796394,1.7998985106995498,0.020016400878165242,-0.03113623104802965,0.02200000000000002,0.121
150.7498562335968,-29.17090062684046,35.951472644544126,1.0265941580905522,1.7990860725537445,0.019311395184003044,-0.03127992859743975,0.02200000000000002,0.121
150.7998561859131,-29.123792920741778,36.02919250199414,1.0250041991651182,1.7987085173275374,0.020097385177821545,-0.031364369405585305,0.02200000000000002,0.121
150.84985613822937,-29.07731693899798,36.10557890324662,1.02346299191043,1.798519685246851,0.020482720545604644,-0.031318696383489636,0.02200000000000002,0.121
150.89985609054565,-29.030625190239952,36.182281977406774,1.0218984104001791,1.79812579775069,0.025407451454918895,-0.03127244837172546,0.02200000000000002,0.121
150.94985604286194,-28.983112772801032,36.260156021125866,1.020313419348434,1.7982740056194428,0.021040361867853435,-0.03144998028193962,0.02200000000000002,0.121
150.99985599517822,-28.936626556874916,36.33642212038483,1.0187068610494743,1.7985664515399122,0.02207948567253809,-0.03182381178657754,0.02200000000000002,0.121
151.0498559474945,-28.889384278758683,36.41351456235156,1.0171041340088436,1.7981154009407863,0.019899234251393165,-0.03216831615992207,0.02200000000000002,0.121
151.0998558998108,-28.842399280135826,36.490240475558345,1.015445041244223,1.7981155436479899,0.024250122563131044,-0.03254606241393841,0.02200000000000002,0.121
151.14985585212708,-28.79428170636583,36.568140278529675,1.013805229406842,1.7975053806094639,0.019370498333845132,-0.032897668044877655,0.02200000000000002,0.121
151.19985580444336,-28.74688253243532,36.644597349041355,1.0121680850545214,1.7967906726101048,0.011044146810264034,-0.03297310533668611,0.02200000000000002,0.121
151.24985575675964,-28.69919839703628,36.72128498546755,1.0104763825183247,1.7964833477860314,0.01976830571703283,-0.03331906411713976,0.02200000000000002,0.121
151.29985570907593,-28.65107469115183,36.79827394260903,1.0087548049064807,1.7961446627600086,0.01874361359075631,-0.03400507805910917,0.02200000000000002,0.121
151.3498556613922,-28.602450209154828,36.87572619992656,1.0069978859111115,1.7961264721893857,0.018868196279105843,-0.03448626019028148,0.02200000000000002,0.121
151.3998556137085,-28.554519016140635,36.951691717619966,1.005250278510305,1.7961852824380529,0.01580922903871935,-0.03508955787887304,0.02200000000000002,0.121
151.44985556602478,-28.505750814497357,37.02894465351464,1.0033873780721672,1.7957981355846335,0.015401288843132164,-0.03596684577012258,0.02200000000000002,0.121
151.49985551834106,-28.45762490578701,37.104406687351,1.00156233692554,1.794966810321031,0.017507056657922734,-0.03667456167429479,0.02200000000000002,0.121
151.54985547065735,-28.40903746673609,37.18021345835864,0.9997232948584078,1.7950264605041786,0.013945712904692929,-0.036779073157073294,0.02200000000000002,0.121
151.59985542297363,-28.36044677643816,37.25596860877104,0.9978338827034602,1.7944770490896764,0.018064967217428,-0.03732958007378735,0.02200000000000002,0.121
151.64985537528992,-28.31162047796226,37.33182086054172,0.9959353828341441,1.794831817678426,0.01864830359224061,-0.03765785591608183,0.02200000000000002,0.121
151.6998553276062,-28.262714418667944,37.40676299807956,0.9940602817563167,1.7943549324573187,0.012451894347824519,-0.03768878060018329,0.02200000000000002,0.121
151.74985527992249,-28.213680667979194,37.48184217021215,0.9921687949106086,1.7941886084420426,0.01962754186436519,-0.03761120305501203,0.02200000000000002,0.121
151.79985523223877,-28.164777405352122,37.5563754893568,0.9903347251189859,1.7927432875794571,0.01987934339779385,-0.03731127327512347,0.02200000000000002,0.121
151.84985518455505,-28.11532739171435,37.63151012377579,0.9884856053489417,1.7933570351113228,0.023690514526089224,-0.037118069650307436,0.02200000000000002,0.121
151.89985513687134,-28.064802100111315,37.70787417527837,0.98662990952233,1.794127058348586,0.017953001690141634,-0.03678305898062516,0.02200000000000002,0.121
151.94985508918762,-28.015197661590577,37.7829250453949,0.9847710282426089,1.79358806532459,0.020135067974787625,-0.03687772613875568,0.02200000000000002,0.121
151.9998550415039,-27.965608941259195,37.85777416355324,0.9829231637188169,1.794301877393262,0.027267849586815707,-0.037021924259195614,0.02200000000000002,0.121
152.0498549938202,-27.91508113050411,37.93373616428521,0.9810437981636931,1.7940111590902417,0.019588790708396538,-0.03725487224753207,0.02200000000000002,0.121
152.09985494613647,-27.865153161333772,38.00840464799881,0.9791856825535097,1.7943697254499518,0.02056404890420798,-0.03725333384356344,0.02200000000000002,0.121
152.14985489845276,-27.81488889371602,38.083328662942776,0.9773454031708235,1.794546814257948,0.026247215101589942,-0.03703275018387495,0.02200000000000002,0.121
152.19985485076904,-27.764271070628048,38.15857905576704,0.9755026533836992,1.7944758164576784,0.026007185434714065,-0.036745414603402644,0.02200000000000002,0.121
152.24985480308533,-27.713277808272647,38.23415970172581,0.9736371660609098,1.7944259687062223,0.021272185011677158,-0.03690373564157522,0.02200000000000002,0.121
152.2998547554016,-27.662698603330256,38.30883968334543,0.9717938833233042,1.7937876752895396,0.023540626642841764,-0.03679021794442923,0.02200000000000002,0.121
152.3498547077179,-27.61184906027976,38.383717915811026,0.9699355972916458,1.7942941100704928,0.024271093360732247,-0.037064822368662174,0.02200000000000002,0.121
152.39985466003418,-27.560942511378016,38.45845890702811,0.968084133256329,1.7933543453373322,0.028062882105887595,-0.036847037691849285,0.02200000000000002,0.121
152.44985461235046,-27.510189065113927,38.5327304697905,0.9662475037853611,1.7929458630787467,0.02541598988109006,-0.0368149460638544,0.02200000000000002,0.121
152.49985456466675,-27.45960968385506,38.60672431685185,0.9644090062767572,1.7925050172029058,0.024905465706015623,-0.036702891775548495,0.02200000000000002,0.121
152.54985451698303,-27.408049428162165,38.68182807976949,0.9625518379847018,1.7916693369727517,0.021785149343993858,-0.036501366898300774,0.02200000000000002,0.121
152.59985446929932,-27.357369787691713,38.75535233308145,0.9607389670751612,1.791328840414634,0.01515304053923911,-0.036528743930616156,0.02200000000000002,0.121
152.6498544216156,-27.306476583896153,38.82894469568969,0.9589148023116408,1.7906531399488734,0.0223333881734745,-0.03629604144431999,0.02200000000000002,0.121
152.69985437393188,-27.255051834642984,38.90283864466069,0.9570401806972794,1.7897737468501345,0.025304819777425984,-0.03642119914396938,0.02200000000000002,0.121
152.74985432624817,-27.204100846513665,38.97577329212847,0.9551845087767923,1.7885222998992896,0.026104005725454477,-0.036677177932657554,0.02200000000000002,0.121
152.79985427856445,-27.153478117676666,39.047943441965074,0.9533299315549569,1.788496835996072,0.02716077076854559,-0.03698235707212267,0.02200000000000002,0.121
152.84985423088074,-27.10133301669746,39.12232752867166,0.9513882896513943,1.7876717192763623,0.028646654828808474,-0.03752443265408127,0.02200000000000002,0.121
152.89985418319702,-27.04980284696351,39.19578292043357,0.9494666427962031,1.7877520493275818,0.02635726244416977,-0.03807133017972742,0.02200000000000002,0.121
152.9498541355133,-26.998346509439063,39.26881717164596,0.9475407434221926,1.7872315797661344,0.02936925321075762,-0.03832122305299985,0.02200000000000002,0.121
152.9998540878296,-26.946278490361973,39.34251482706879,0.945576550425032,1.7867245877073226,0.028071147272211636,-0.03856979656370057,0.02200000000000002,0.121
153.04985404014587,-26.894817679051858,39.41520877853333,0.943636854339925,1.7866570333650624,0.02673251364885061,-0.038811150329758924,0.02200000000000002,0.121
153.09985399246216,-26.842921658853193,39.488631618169364,0.9416492612202693,1.7857627226670287,0.02531705867515993,-0.03909979578954005,0.02200000000000002,0.121
153.14985394477844,-26.790154994680247,39.56304643451698,0.9396164458057491,1.7849567679853604,0.03389333134464046,-0.039502440039584995,0.02200000000000002,0.121
153.19985389709473,-26.738307472964713,39.63585863009868,0.9376314497392382,1.784109525635176,0.03527667132054106,-0.039599354678702424,0.02200000000000002,0.121
153.249853849411,-26.686074554157475,39.70888901972587,0.9356491441797565,1.78397716313589,0.03136054393562201,-0.03960417728070428,0.02200000000000002,0.121
153.2998538017273,-26.634254918651116,39.781028441327805,0.9337125874608959,1.78297368339514,0.033170634605824534,-0.03924829724723624,0.02200000000000002,0.121
153.34985375404358,-26.58077275623881,39.855309139358454,0.9316983814876891,1.782390223515497,0.0376454022160085,-0.039211252889971474,0.02200000000000002,0.121
153.39985370635986,-26.52840129259795,39.9278301564711,0.9297237948148732,1.782577895860341,0.03395039845322641,-0.039383306600884155,0.02200000000000002,0.121
153.44985365867615,-26.47517475123523,40.00107846765395,0.9277651478533664,1.7824041554545236,0.03573507828693456,-0.038946112065838354,0.02200000000000002,0.121
153.49985361099243,-26.423173677713557,40.072962061758055,0.9257977322107498,1.7820492445374938,0.03614971253698839,-0.03896051833923153,0.02200000000000002,0.121
153.54985356330872,-26.370733777159025,40.14499301272907,0.9238461297623263,1.7818588091144203,0.03465936139056125,-0.0388820248778386,0.02200000000000002,0.121
153.599853515625,-26.31796535914054,40.21735304902437,0.9218252585213665,1.7817627936629499,0.03885371310333905,-0.0392831918285846,0.02200000000000002,0.121
153.64985346794128,-26.265117962783798,40.28942251900443,0.9198181741722884,1.78175492457558,0.03594691616201537,-0.03972792232125433,0.02200000000000002,0.121
153.69985342025757,-26.21184652813263,40.36151402953128,0.9178483057065425,1.7814834159506676,0.030594108286406428,-0.039539285230961875,0.02200000000000002,0.121
153.74985337257385,-26.158035056607563,40.434127367849385,0.91581009316737,1.78128946931851,0.030196210685377922,-0.03973643526518428,0.02200000000000002,0.121
153.79985332489014,-26.104874773701514,40.50550974464497,0.9137926184882823,1.781337126490664,0.03841166180852797,-0.04004081241419383,0.02200000000000002,0.121
153.84985327720642,-26.051415694761957,40.577059685485054,0.9117618242892861,1.7815933266837891,0.04200808290457035,-0.040441046553934205,0.02200000000000002,0.121
153.8998532295227,-25.996407903297055,40.650439417195365,0.9096921444434268,1.7810466642502163,0.03564161503997211,-0.040525365558506665,0.02200000000000002,0.121
153.949853181839,-25.94263695224226,40.72189137848897,0.9076517813364255,1.78195169483332,0.036932593219550995,-0.0406570712841493,0.02200000000000002,0.121
153.99985313415527,-25.88806332457379,40.79394989102221,0.9056186598014997,1.7816550573329724,0.03618889797675959,-0.04058478565572565,0.02200000000000002,0.121
154.04985308647156,-25.833232312717783,40.86606365190705,0.903572530135284,1.782293261462094,0.03679574186249435,-0.040377525764407535,0.02200000000000002,0.121
154.09985303878784,-25.77870792166838,40.937407055740834,0.9015629965656728,1.782281258424304,0.032422622084119085,-0.040376473646441764,0.02200000000000002,0.121
154.14985299110413,-25.724358569015724,41.008278839053574,0.8995545683420948,1.783063447285508,0.03384257443704625,-0.04028612438056926,0.02200000000000002,0.121
154.1998529434204,-25.668390035736145,41.08103282060087,0.8974689692052686,1.784108575082941,0.03614354968149315,-0.04055716539675436,0.02200000000000002,0.121
154.2498528957367,-25.612755981130103,41.152595789100076,0.8954701485202499,1.7834879841898112,0.035536352070715496,-0.03997483306399805,0.02200000000000002,0.121
154.29985284805298,-25.557452071003404,41.22330815196988,0.8934653309934515,1.7844731074504863,0.04251378284956634,-0.039923663201629156,0.02200000000000002,0.121
154.34985280036926,-25.50146239919261,41.2946653519101,0.8914311450728266,1.7841589049843571,0.042463318665441833,-0.04002970106887903,0.02200000000000002,0.121
154.39985275268555,-25.44529331905741,41.36601071755522,0.8893882417630555,1.783874075966321,0.042394254271111244,-0.04039623407507769,0.02200000000000002,0.121
154.44985270500183,-25.389618893188942,41.43658552686086,0.8873333458027656,1.7837287117226113,0.04303921846551805,-0.04066619704848903,0.02200000000000002,0.121
154.49985265731812,-25.33405526806873,41.50648851162693,0.8853007801305466,1.7831733140193056,0.043078007497544514,-0.04053541499448858,0.02200000000000002,0.121
154.5498526096344,-25.278013475509333,41.57680841014591,0.883230042547562,1.7828885662455927,0.03999664772914336,-0.04060674496501771,0.02200000000000002,0.121
154.59985256195068,-25.22221062924963,41.646592150251394,0.8811534995816671,1.7825299142952071,0.03826662912539083,-0.04101045755733936,0.02200000000000002,0.121
154.64985251426697,-25.16626710034959,41.7161235259499,0.8790953352327703,1.7821337509011983,0.03919854197666247,-0.04109633677673853,0.02200000000000002,0.121
154.69985246658325,-25.110156895929162,41.785494955969966,0.8770172460017801,1.7818028510420008,0.035413351571717266,-0.041162475481754696,0.02200000000000002,0.121
154.74985241889954,-25.054320597308077,41.85439370748422,0.8749147083222724,1.7809713059992425,0.03639040664256478,-0.04122709607819683,0.02200000000000002,0.121
154.79985237121582,-24.998279363492944,41.923175128527284,0.8728282426776349,1.7814923818058919,0.03958241937891093,-0.04150016398199801,0.02200000000000002,0.121
154.8498523235321,-24.941231525077125,41.993074394046616,0.8706930335548736,1.7804270816202086,0.03844953527523693,-0.041808481075159824,0.02200000000000002,0.121
154.8998522758484,-24.885767358754833,42.06064520858367,0.8686599566959606,1.7814254541141732,0.04063154172075511,-0.041688997043902595,0.02200000000000002,0.121
154.94985222816467,-24.82930879621585,42.12928208408683,0.866574002355056,1.7818613879573815,0.04486335133590505,-0.041471007019162724,0.02200000000000002,0.121
154.99985218048096,-24.770897285979355,42.199951554641785,0.8644340515244061,1.7820940976326405,0.0408128572610045,-0.04159000327598589,0.02200000000000002,0.121
155.04985213279724,-24.713402870779902,42.26948081535619,0.8623060069032666,1.7817558850144428,0.03576831404045751,-0.04184192774036348,0.02200000000000002,0.121
155.09985208511353,-24.657191409930043,42.337574952276555,0.8601888307638732,1.7825618034259718,0.044074775334807526,-0.04201684385480425,0.02200000000000002,0.121
155.1498520374298,-24.59963826836137,42.40709680823063,0.8579991576040212,1.7835691452207911,0.044970867647489934,-0.04262948977314283,0.02200000000000002,0.121
155.1998519897461,-24.54214829152026,42.47608166829438,0.8558610901507112,1.7838491297298422,0.04523449084874612,-0.04260995735203578,0.02200000000000002,0.121
155.24985194206238,-24.484835185322883,42.54460553133053,0.8537213558465813,1.7841203869425677,0.043919530580366205,-0.042549739060140875,0.02200000000000002,0.121
155.29985189437866,-24.426194526641666,42.61436623542219,0.8515434174878646,1.7843873407542354,0.045871327593591416,-0.04243831752009021,0.02200000000000002,0.121
155.34985184669495,-24.368723821664265,42.68247880830298,0.8494030447557303,1.7845067259751113,0.04929693516065383,-0.04244308389981975,0.02200000000000002,0.121
155.39985179901123,-24.311672565438453,42.74991871680534,0.8472570673251313,1.7846994906874944,0.05332179941617983,-0.04282612573196332,0.02200000000000002,0.121
155.44985175132751,-24.253560993227385,42.81825905269407,0.8450798450888625,1.7853809773913474,0.04735670560830754,-0.04310439933189957,0.02200000000000002,0.121
155.4998517036438,-24.194870422583065,42.88752063691352,0.8428429103272912,1.7856087152400035,0.04403700051497509,-0.04324950049673479,0.02200000000000002,0.121
155.54985165596008,-24.137602468936926,42.95484322406724,0.8406355283433982,1.7857606626846305,0.04927648887887376,-0.04349717678601493,0.02200000000000002,0.121
155.59985160827637,-24.079575634396846,43.02259939021939,0.8384052181654631,1.7858498467150945,0.04308614732211259,-0.04387643044603285,0.02200000000000002,0.121
155.64985156059265,-24.021319138090362,43.09024193469574,0.8361687468992585,1.7853247311510985,0.04769355331325146,-0.04397005946476064,0.02200000000000002,0.121
155.69985151290894,-23.96402188234315,43.156834027492685,0.8339142478933599,1.7854267546989702,0.04953157405794983,-0.04444382963785325,0.02200000000000002,0.121
155.74985146522522,-23.905516124474154,43.224442059949105,0.8316114838057842,1.785367750436999,0.050497614924574795,-0.04487779016351341,0.02200000000000002,0.121
155.7998514175415,-23.84695335089205,43.29170555981566,0.8293170692947023,1.7849187097666261,0.05332012777503821,-0.045007167201103516,0.02200000000000002,0.121
155.8498513698578,-23.78991177416495,43.3573161267587,0.8270137018519377,1.7845161033744603,0.05373554771086342,-0.045874235448659276,0.02200000000000002,0.121
155.89985132217407,-23.7302920455751,43.42570276671508,0.8246284229978545,1.7846069482788154,0.05599802693777021,-0.0464222606451809,0.02200000000000002,0.121
155.94985127449036,-23.671137815229994,43.49306477529353,0.82227789412734,1.784553461115606,0.046322999760127784,-0.046485662274715074,0.02100000000000002,0.11399999999999999
155.99985122680664,-23.61227450262154,43.559631949538925,0.8199646193828167,1.7843015347398052,0.04845299944800507,-0.046290142195397684,0.02100000000000002,0.11399999999999999
156.04985117912292,-23.55302012422937,43.62673170420334,0.8176251544337934,1.7843729807099535,0.04986651403398137,-0.04614682962635918,0.019000000000000017,0.10799999999999998
156.0998511314392,-23.493345652905393,43.69445015678787,0.8152785373478716,1.7844717542878468,0.04572790058127498,-0.046299998245245076,0.019000000000000017,0.10799999999999998
156.1498510837555,-23.43385806943471,43.76143919227711,0.8129587681098196,1.784001517246337,0.04953705280635168,-0.04605077776116741,0.018000000000000016,0.10199999999999998
156.19985103607178,-23.374655126772417,43.827783877340565,0.8106245532766906,1.7833437551277422,0.05119282909638479,-0.04614309040485227,0.018000000000000016,0.10199999999999998
156.24985098838806,-23.314297700348927,43.89497973256809,0.8082567933389476,1.7831969673834842,0.053400567176027355,-0.046535568085765734,0.016000000000000014,0.09599999999999997
156.29985094070435,-23.254360848905645,43.96136364784294,0.8058999132888185,1.7833161808103302,0.05475250045894156,-0.046678917718240384,0.016000000000000014,0.09599999999999997
156.34985089302063,-23.19412613276004,44.027716049808255,0.8035306286207599,1.783459688041662,0.059544345653067376,-0.04671358798072502,0.015000000000000013,0.08999999999999997
156.3998508453369,-23.133469055044994,44.09422013539965,0.8011319839643534,1.783649998552445,0.060630121059465185,-0.04707970487741226,0.015000000000000013,0.08999999999999997
156.4498507976532,-23.07408324843077,44.15889225247582,0.7988026010231681,1.7837783591511458,0.053386761014342844,-0.0473087280950671,0.014000000000000012,0.08399999999999996
156.49985074996948,-23.014476914076578,44.22407445850555,0.7964197137926154,1.7832500079130404,0.05663189254439213,-0.04734377200077598,0.014000000000000012,0.08399999999999996
156.54985070228577,-22.95226758390541,44.29149899772487,0.7939655133192762,1.7826827606726732,0.049133368141130646,-0.04741171325574728,0.01200000000000001,0.07799999999999996
156.59985065460205,-22.892161878691667,44.35638587118333,0.7915632530169221,1.7789403522226628,0.05913810446027126,-0.04743417972266232,0.01200000000000001,0.07799999999999996
156.64985060691833,-22.831922496185097,44.42084811021074,0.7892173391715844,1.776452862769297,0.05385137636225411,-0.04729992242947413,0.01100000000000001,0.07199999999999995
156.69985055923462,-22.7716464121841,44.48528627776154,0.786834364897773,1.7740321397591823,0.05763716020338234,-0.047098152342755766,0.01100000000000001,0.07199999999999995
156.7498505115509,-22.711182631524945,44.54970936994435,0.784425442132361,1.7703649734785105,0.06202397653823207,-0.04726268705257799,0.009000000000000008,0.06599999999999995
156.7998504638672,-22.650543012701515,44.61405260032896,0.7820142238005632,1.7658053695174445,0.06327312080430593,-0.04755747035640896,0.009000000000000008,0.06599999999999995
156.84985041618347,-22.59056161933866,44.67742048489038,0.7796563176247121,1.7627276202701125,0.06414912710466068,-0.04725613016024657,0.008000000000000007,0.06000000000000005
156.89985036849976,-22.529345760424125,44.7417193753801,0.7773128276408161,1.76055731503052,0.06579646321007615,-0.04691582277955584,0.008000000000000007,0.06000000000000005
156.94985032081604,-22.46842598991542,44.80556168378001,0.7749755494349311,1.7585358596966985,0.07375718492717542,-0.04652910108983819,0.006000000000000005,0.05400000000000005
156.99985027313232,-22.407781106403895,44.86870407921927,0.7727081520661411,1.756521865433339,0.06760193275319881,-0.04593941771957491,0.006000000000000005,0.05400000000000005
157.0498502254486,-22.345968330674847,44.932589823633265,0.770414853133261,1.7544226603167292,0.06070246774400513,-0.045558485933485174,0.0050000000000000044,0.04800000000000004
157.0998501777649,-22.2840806657697,44.99604606628418,0.768119872743328,1.7520287286503455,0.06254307576037714,-0.04518430720047661,0.0050000000000000044,0.04800000000000004
157.14985013008118,-22.22279050193085,45.058620991523846,0.7658650372465592,1.7494159667092846,0.06233391967468133,-0.04480947050752198,0.0040000000000000036,0.04200000000000004
157.19985008239746,-22.160918514352367,45.121612766612586,0.763581086246375,1.7455338805792613,0.067520335014746,-0.0448728896370458,0.0040000000000000036,0.04200000000000004
157.24985003471375,-22.099680791440218,45.18358207579429,0.7613462603666895,1.7435562657899835,0.06599100394281894,-0.04483863388455432,0.0020000000000000018,0.03600000000000003
157.29984998703003,-22.03775312444215,45.24581339190083,0.7591308272757772,1.7413450450781043,0.06731115136596998,-0.04434542061821107,0.0020000000000000018,0.03600000000000003
157.3498499393463,-21.975274554326088,45.308312010751315,0.756921840784198,1.7376345940632094,0.07344351427879064,-0.043756968366943726,0.0010000000000000009,0.030000000000000027
157.3998498916626,-21.913917128228515,45.369430506409074,0.7547877756942178,1.7340144550752872,0.06497233884602,-0.04319853744415498,0.0010000000000000009,0.030000000000000027
157.44984984397888,-21.852828384233632,45.42996007419377,0.7527180154904203,1.7303640386234664,0.06492700376823672,-0.042244590288673174,0.0,0.02400000000000002
157.49984979629517,-21.7900253643986,45.491668510009035,0.7506387868964991,1.7276550947389975,0.058082489933120714,-0.04114149846401269,0.0,0.02400000000000002
157.54984974861145,-21.728691320174875,45.551528421811724,0.748695197889781,1.7254700067032087,0.05448280197879683,-0.03967765097590083,0.0,0.018000000000000016
157.59984970092773,-21.66699282281539,45.611560874826765,0.7467658825078343,1.7220420223152728,0.05205134340814836,-0.038725241665344905,0.0,0.018000000000000016
157.64984965324402,-21.60450941047704,45.67193379061078,0.744838068519358,1.719298375490313,0.04740227145476089,-0.0378638017342695,0.0,0.01200000000000001
157.6998496055603,-21.542577393231614,45.73118322340819,0.7429862880492655,1.7166897983181173,0.05337760493715009,-0.037158117198428854,0.0,0.01200000000000001
157.7498495578766,-21.480278351487442,45.79056124416431,0.7411579558557113,1.7137341707588483,0.05727176380532894,-0.036336301776247325,0.0,0.006000000000000005
157.79984951019287,-21.417794947951,45.84980924582027,0.7393786784598829,1.7108241782543534,0.05270008997092539,-0.03561991805669361,0.0,0.006000000000000005
157.84984946250916,-21.35545304903489,45.90882942048459,0.7376034438670489,1.7089803734854094,0.05771588878947602,-0.035044874701917535,0.0,0.0
157.89984941482544,-21.293234470296767,45.967551958451956,0.735860012272855,1.7092732317447639,0.05649999056377236,-0.03474923337310756,0.0,0.0
157.94984936714172,-21.230022260782015,46.026864229751205,0.7341680865890609,1.7092446428482573,0.05187870687841996,-0.03398183650778269,0.0,-0.007000000000000006
157.999849319458,-21.167935503061805,46.08491909482829,0.7325445054098176,1.7091750116946876,0.05446561131734278,-0.03278152476033917,0.0,-0.007000000000000006
158.0498492717743,-21.105050027817136,46.14376295543712,0.7309008657268566,1.709132226785475,0.05143735332824331,-0.032390760186064876,0.0,-0.007000000000000006
158.09984922409058,-21.041933618859847,46.20268942989718,0.7293215643850072,1.7118522015034354,0.044711191827319315,-0.031653290334046416,0.0,-0.007000000000000006
158.14984917640686,-20.97927833027391,46.261107935320005,0.7277738071572986,1.7146471436503126,0.05050111792807294,-0.030982380866259908,0.0,-0.007000000000000006
158.19984912872314,-20.916511375798837,46.31955502785309,0.7262407781435554,1.7164684387306932,0.05093136821778497,-0.03052353435240343,0.0,-0.007000000000000006
158.24984908103943,-20.853082805869818,46.37828568233394,0.724739492225882,1.7186024246143983,0.04995721793217546,-0.029901239464106933,0.0,-0.007000000000000006
158.2998490333557,-20.79004396317753,46.436469728645854,0.7232514376565821,1.7210915709416663,0.05661353530977494,-0.029391334151645243,0.0,-0.007000000000000006
158.349848985672,-20.727260064740552,46.49430459854451,0.7218091098010407,1.722916699585781,0.057110272706403814,-0.028958073238320385,0.0,-0.007000000000000006
158.39984893798828,-20.663460027716845,46.5530170573524,0.7203667374311152,1.7256525339868671,0.05740586689641308,-0.028545748469800236,0.0,-0.007000000000000006
158.44984889030457,-20.600975020125105,46.610384603716874,0.7189853950235393,1.7276970570588375,0.05589281495059215,-0.02808606294828492,0.0,-0.007000000000000006
158.49984884262085,-20.53718287164071,46.66883932719184,0.7175847841783509,1.7291679814997993,0.055741724425430676,-0.027426328601189945,0.0,-0.007000000000000006
158.54984879493713,-20.47364212526822,46.72698694379209,0.716200893870759,1.730533408071223,0.05262067736741301,-0.027218845335197275,0.0,-0.007000000000000006
158.59984874725342,-20.410588050193724,46.78450120727517,0.7148594491933491,1.7319861897408773,0.053630568168629864,-0.026785391054771204,0.0,-0.007000000000000006
158.6498486995697,-20.347111936336738,46.842287167245146,0.7135515303074337,1.7336384859813976,0.053019599212546634,-0.026172007295442293,0.0,-0.007000000000000006
158.699848651886,-20.284879742162385,46.89890935347965,0.7122957843301038,1.734255421206373,0.05311285367801818,-0.025547026083647645,0.0,-0.007000000000000006
158.74984860420227,-20.219439807180326,46.95808467910261,0.7110428285237622,1.735690262670589,0.05277311373177356,-0.024612970954501507,0.0,-0.007000000000000006
158.79984855651855,-20.155527674073465,47.01574625744293,0.7098232846857369,1.73659151842645,0.05561481034284396,-0.024034911763953563,0.0,-0.007000000000000006
158.84984850883484,-20.092735351735765,47.072424547491586,0.7086011997323786,1.7377793403343238,0.057637268192775724,-0.024133343901094374,0.0,-0.007000000000000006
158.89984846115112,-20.02661357756754,47.132113301437634,0.7073118379768882,1.7382272609199974,0.05767429719463882,-0.024535553395508662,0.0,-0.007000000000000006
158.9498484134674,-19.96268457411448,47.19022511662205,0.7059402767479324,1.7389887911371265,0.06403120359355549,-0.025684401025707047,0.0,-0.007000000000000006
158.9998483657837,-19.898904568322017,47.2483873382223,0.7045151559701301,1.7359791879305186,0.0725102757326356,-0.027118055333072034,0.0,-0.007000000000000006
159.04984831809998,-19.834973828225518,47.3079225213833,0.7027945992612393,1.7350902818064862,0.08835179020175184,-0.03041146225070122,0.0,-0.007000000000000006
159.09984827041626,-19.771575259025962,47.36612077284547,0.7013534016062449,1.7392500678789569,0.06036934700098236,-0.03141526050631091,0.0,-0.007000000000000006
159.14984822273254,-19.707859213400432,47.42321395975339,0.7002408991464631,1.740894178930436,0.053230954321384284,-0.02681049102232395,0.0,-0.007000000000000006
159.19984817504883,-19.64152330132959,47.482710573425194,0.6990325535587562,1.7404364533705712,0.05689481714942006,-0.02331963498045582,0.0,-0.007000000000000006
159.2498481273651,-19.57657415354255,47.540493086523924,0.6979879901172444,1.7433592763832837,0.05538968696516278,-0.02174972063726409,0.0,-0.007000000000000006
159.2998480796814,-19.51236002566073,47.59758523418776,0.696998297049416,1.7428020698302147,0.05930003820378172,-0.02020740610336993,0.0,-0.007000000000000006
159.34984803199768,-19.447691623900017,47.65507548164941,0.6959780801875177,1.7426219521665525,0.06805471458590827,-0.019684151629409688,0.0,-0.007000000000000006
159.39984798431396,-19.383586705808998,47.7134926178567,0.6945635207175237,1.741739436007176,0.09308351923119162,-0.023287694526200223,0.0,-0.007000000000000006
159.44984793663025,-19.319239060943694,47.77259870907264,0.6929995755157031,1.7441379982892922,0.08695953435431186,-0.02869284755303809,0.0,-0.007000000000000006
159.49984788894653,-19.252306713805552,47.83218309861033,0.6918533835955616,1.7506717568264984,0.04220708603464195,-0.027907360523745973,0.0,-0.007000000000000006
159.54984784126282,-19.186657812331678,47.88859140710941,0.6912493069848651,1.751036008691538,0.04404051823477648,-0.018956839325640774,0.0,-0.007000000000000006
159.5998477935791,-19.12083539518207,47.94480314702075,0.6907217464295157,1.752806410484464,0.03198590066674354,-0.012437261523336693,0.0,-0.007000000000000006
159.64984774589539,-19.055353718845183,48.00123202274039,0.6900800286211749,1.7513547485831824,0.050581527750133,-0.010786786074146848,0.0,-0.007000000000000006
159.69984769821167,-18.988856149292975,48.05947883092505,0.6893747111458152,1.7523625896341728,0.05070180204308883,-0.012620544487649448,0.0,-0.007000000000000006
159.74984765052795,-18.923933647156662,48.11638973959072,0.688640167517463,1.750548868225846,0.057547794377790694,-0.013903059880696796,0.0,-0.007000000000000006
159.79984760284424,-18.85853255806318,48.174585774021146,0.6876199522603075,1.7509004027912973,0.08171365913863322,-0.016739400278681895,0.0,-0.007000000000000006
159.84984755516052,-18.794595402315764,48.23160478324782,0.6866483219829134,1.7531405565039837,0.06359834380843965,-0.019937419449121162,0.0,-0.007000000000000006
159.8998475074768,-18.7286978274619,48.28913804631869,0.6860687104893269,1.7573478165995844,0.044348463560325985,-0.017018159009173178,0.0,-0.007000000000000006
159.9498474597931,-18.662098344490303,48.34757456755597,0.6853657271248261,1.758206353073815,0.07059625231368732,-0.013173662128646915,0.0,-0.007000000000000006
159.99984741210938,-18.601293452184567,48.413166219935405,0.6814896577668816,1.785800461262503,0.36666373061368085,-0.03441015927861813,0.0,-0.007000000000000006
160.04984736442566,-18.533517444302888,48.472884756960674,0.6807513367175104,1.7648350321537176,-0.10047183841301914,-0.05366340779861154,0.0,-0.007000000000000006
160.09984731674194,-18.46551900990147,48.53095537032884,0.6805769277797687,1.7632693392221332,0.04868958462937142,-0.017321267001279513,0.0,-0.007000000000000006
160.14984726905823,-18.399529520563163,48.58820419759254,0.6801506786944057,1.7615388510278611,0.05082955126866418,-0.005879976451665247,0.0,-0.007000000000000006
160.1998472213745,-18.332738660428966,48.64622133673114,0.6797047469278656,1.7635553961718504,0.057854082369233284,-0.005724609112561084,0.0,-0.007000000000000006
160.2498471736908,-18.26584568869826,48.70427790924328,0.6792661576820322,1.764751797545673,0.06013153238648359,-0.007799308106531416,0.0,-0.007000000000000006
160.29984712600708,-18.197477188634082,48.763285563335124,0.6789130702696486,1.7670139720870575,0.06768287856169322,-0.007890796508118317,0.0,-0.007000000000000006
160.34984707832336,-18.129142125950764,48.82230756050489,0.6785363892629372,1.7690113835429093,0.06944221824288974,-0.007905889237741581,0.0,-0.007000000000000006
160.39984703063965,-18.062766409395778,48.87941184679998,0.6782094485036475,1.7707296823660799,0.06435961219743958,-0.007490118583196258,0.0,-0.007000000000000006
160.44984698295593,-17.994252594334075,48.93820645218927,0.6778953150223623,1.7706106248547153,0.06716475547314832,-0.006848015354594688,0.0,-0.007000000000000006
160.49984693527222,-17.927878969829596,48.99588135208989,0.6775566397802101,1.7734066745340273,0.06094794720886236,-0.006852401306872575,0.0,-0.007000000000000006
160.5498468875885,-17.860094108456483,49.054442144856104,0.6772627260879209,1.7741028553915192,0.05534018595821191,-0.006796726743973884,0.0,-0.007000000000000006
160.59984683990479,-17.792522999452206,49.11271048325759,0.676922047273119,1.7768383297651267,0.05916869757064343,-0.006604224352965716,0.0,-0.007000000000000006
